date,blood_group,opening_inventory,units_received,units_issued,units_discarded,closing_inventory
2006-01-01,A,1259,152,143,12,1256
2006-01-01,AB,302,40,38,4,300
2006-01-01,B,1367,139,145,8,1353
2006-01-01,O,2118,194,203,16,2093
2006-01-02,A,1256,53,100,8,1201
2006-01-02,AB,300,19,33,3,283
2006-01-02,B,1353,43,106,5,1285
2006-01-02,O,2093,112,146,17,2042
2006-01-03,A,1201,29,77,9,1144
2006-01-03,AB,283,6,11,2,276
2006-01-03,B,1285,21,70,9,1227
2006-01-03,O,2042,56,105,14,1979
2006-01-04,A,1144,92,64,4,1168
2006-01-04,AB,276,36,30,2,280
2006-01-04,B,1227,98,80,8,1237
2006-01-04,O,1979,165,139,14,1991
2006-01-05,A,1168,149,94,4,1219
2006-01-05,AB,280,42,20,4,298
2006-01-05,B,1237,198,102,8,1325
2006-01-05,O,1991,193,153,8,2023
2006-01-06,A,1219,94,92,9,1212
2006-01-06,AB,298,27,20,3,302
2006-01-06,B,1325,77,80,10,1312
2006-01-06,O,2023,126,445,13,1691
2006-01-07,A,1212,29,85,6,1150
2006-01-07,AB,302,13,30,1,284
2006-01-07,B,1312,28,79,6,1255
2006-01-07,O,1691,48,94,13,1632
2006-01-08,A,1150,218,100,8,1260
2006-01-08,AB,284,51,32,3,300
2006-01-08,B,1255,212,91,14,1362
2006-01-08,O,1632,314,148,14,1784
2006-01-09,A,1260,83,100,5,1238
2006-01-09,AB,300,17,35,0,282
2006-01-09,B,1362,97,91,7,1361
2006-01-09,O,1784,149,149,3,1781
2006-01-10,A,1238,1,75,7,1157
2006-01-10,AB,282,0,28,1,253
2006-01-10,B,1361,0,90,10,1261
2006-01-10,O,1781,1,133,16,1633
2006-01-11,A,1157,127,107,6,1171
2006-01-11,AB,253,30,29,0,254
2006-01-11,B,1261,111,82,8,1282
2006-01-11,O,1633,180,141,11,1661
2006-01-12,A,1171,211,94,9,1279
2006-01-12,AB,254,42,25,1,270
2006-01-12,B,1282,236,100,5,1413
2006-01-12,O,1661,316,137,11,1829
2006-01-13,A,1279,100,94,10,1275
2006-01-13,AB,270,39,22,5,282
2006-01-13,B,1413,108,122,10,1389
2006-01-13,O,1829,171,128,10,1862
2006-01-14,A,1275,73,93,8,1247
2006-01-14,AB,282,21,26,4,273
2006-01-14,B,1389,93,100,6,1376
2006-01-14,O,1862,128,138,8,1844
2006-01-15,A,1247,151,87,6,1305
2006-01-15,AB,273,34,34,3,270
2006-01-15,B,1376,142,96,13,1409
2006-01-15,O,1844,235,146,7,1926
2006-01-16,A,1305,158,97,6,1360
2006-01-16,AB,270,34,33,1,270
2006-01-16,B,1409,160,106,10,1453
2006-01-16,O,1926,232,165,7,1986
2006-01-17,A,1360,307,115,11,1541
2006-01-17,AB,270,78,34,0,314
2006-01-17,B,1453,327,129,13,1638
2006-01-17,O,1986,507,153,17,2323
2006-01-18,A,1541,217,123,9,1626
2006-01-18,AB,314,46,35,1,324
2006-01-18,B,1638,236,134,8,1732
2006-01-18,O,2323,363,178,17,2491
2006-01-19,A,1626,264,143,6,1741
2006-01-19,AB,324,58,28,5,349
2006-01-19,B,1732,260,169,12,1811
2006-01-19,O,2491,393,200,19,2665
2006-01-20,A,1741,170,132,13,1766
2006-01-20,AB,349,47,23,2,371
2006-01-20,B,1811,214,139,9,1877
2006-01-20,O,2665,273,205,11,2722
2006-01-21,A,1766,114,102,10,1768
2006-01-21,AB,371,39,32,1,377
2006-01-21,B,1877,130,124,14,1869
2006-01-21,O,2722,198,165,6,2749
2006-01-22,A,1768,90,100,8,1750
2006-01-22,AB,377,22,29,2,368
2006-01-22,B,1869,112,120,15,1846
2006-01-22,O,2749,173,156,19,2747
2006-01-23,A,1750,96,117,5,1724
2006-01-23,AB,368,30,28,2,368
2006-01-23,B,1846,107,124,10,1819
2006-01-23,O,2747,163,166,8,2736
2006-01-24,A,1724,257,129,9,1843
2006-01-24,AB,368,70,34,2,402
2006-01-24,B,1819,299,151,12,1955
2006-01-24,O,2736,428,172,22,2970
2006-01-25,A,1843,197,142,7,1891
2006-01-25,AB,402,49,38,2,411
2006-01-25,B,1955,217,146,11,2015
2006-01-25,O,2970,322,179,28,3085
2006-01-26,A,1891,318,148,17,2044
2006-01-26,AB,411,80,33,4,454
2006-01-26,B,2015,349,182,16,2166
2006-01-26,O,3085,449,187,25,3322
2006-01-27,A,2044,24,125,7,1936
2006-01-27,AB,454,4,32,7,419
2006-01-27,B,2166,31,146,19,2032
2006-01-27,O,3322,48,368,15,2987
2006-01-28,A,1936,63,115,11,1873
2006-01-28,AB,419,8,30,3,394
2006-01-28,B,2032,34,106,11,1949
2006-01-28,O,2987,65,176,24,2852
2006-01-29,A,1873,0,113,9,1751
2006-01-29,AB,394,0,30,3,361
2006-01-29,B,1949,0,132,12,1805
2006-01-29,O,2852,0,184,14,2654
2006-01-30,A,1751,10,115,7,1639
2006-01-30,AB,361,2,24,1,338
2006-01-30,B,1805,14,139,11,1669
2006-01-30,O,2654,16,170,14,2486
2006-01-31,A,1639,23,113,9,1540
2006-01-31,AB,338,4,25,0,317
2006-01-31,B,1669,24,112,9,1572
2006-01-31,O,2486,34,148,20,2352
2006-02-01,A,1540,49,126,8,1455
2006-02-01,AB,317,28,26,0,319
2006-02-01,B,1572,83,171,7,1477
2006-02-01,O,2352,116,154,15,2299
2006-02-02,A,1455,100,112,4,1439
2006-02-02,AB,319,23,28,5,309
2006-02-02,B,1477,94,125,8,1438
2006-02-02,O,2299,194,149,18,2326
2006-02-03,A,1439,61,111,11,1378
2006-02-03,AB,309,9,29,2,287
2006-02-03,B,1438,45,122,9,1352
2006-02-03,O,2326,84,191,10,2209
2006-02-04,A,1378,70,117,6,1325
2006-02-04,AB,287,18,70,0,235
2006-02-04,B,1352,103,119,7,1329
2006-02-04,O,2209,137,183,12,2151
2006-02-05,A,1325,103,96,5,1327
2006-02-05,AB,235,34,24,2,243
2006-02-05,B,1329,118,102,5,1340
2006-02-05,O,2151,170,151,8,2162
2006-02-06,A,1327,151,95,9,1374
2006-02-06,AB,243,31,23,1,250
2006-02-06,B,1340,183,139,6,1378
2006-02-06,O,2162,251,164,12,2237
2006-02-07,A,1374,216,114,5,1471
2006-02-07,AB,250,58,18,1,289
2006-02-07,B,1378,195,142,11,1420
2006-02-07,O,2237,290,172,9,2346
2006-02-08,A,1471,347,147,9,1662
2006-02-08,AB,289,92,33,2,346
2006-02-08,B,1420,442,129,13,1720
2006-02-08,O,2346,575,181,16,2724
2006-02-09,A,1662,273,125,10,1800
2006-02-09,AB,346,62,30,1,377
2006-02-09,B,1720,287,136,11,1860
2006-02-09,O,2724,420,176,15,2953
2006-02-10,A,1800,239,138,11,1890
2006-02-10,AB,377,87,27,2,435
2006-02-10,B,1860,353,146,8,2059
2006-02-10,O,2953,457,206,19,3185
2006-02-11,A,1890,462,107,27,2218
2006-02-11,AB,435,158,19,5,569
2006-02-11,B,2059,670,147,17,2565
2006-02-11,O,3185,857,195,34,3813
2006-02-12,A,2218,161,149,20,2210
2006-02-12,AB,569,36,35,5,565
2006-02-12,B,2565,148,161,20,2532
2006-02-12,O,3813,248,192,39,3830
2006-02-13,A,2210,41,160,13,2078
2006-02-13,AB,565,20,36,5,544
2006-02-13,B,2532,56,165,23,2400
2006-02-13,O,3830,102,245,31,3656
2006-02-14,A,2078,121,150,19,2030
2006-02-14,AB,544,38,46,4,532
2006-02-14,B,2400,132,156,15,2361
2006-02-14,O,3656,156,223,19,3570
2006-02-15,A,2030,174,148,17,2039
2006-02-15,AB,532,86,26,4,588
2006-02-15,B,2361,238,181,13,2405
2006-02-15,O,3570,301,233,28,3610
2006-02-16,A,2039,124,133,11,2019
2006-02-16,AB,588,47,31,6,598
2006-02-16,B,2405,183,165,21,2402
2006-02-16,O,3610,276,206,42,3638
2006-02-17,A,2019,64,149,10,1924
2006-02-17,AB,598,13,38,4,569
2006-02-17,B,2402,69,169,14,2288
2006-02-17,O,3638,92,199,19,3512
2006-02-18,A,1924,336,114,11,2135
2006-02-18,AB,569,84,36,3,614
2006-02-18,B,2288,322,164,23,2423
2006-02-18,O,3512,469,180,23,3778
2006-02-19,A,2135,79,102,14,2098
2006-02-19,AB,614,20,33,4,597
2006-02-19,B,2423,57,147,20,2313
2006-02-19,O,3778,136,161,29,3724
2006-02-20,A,2098,93,140,20,2031
2006-02-20,AB,597,27,28,5,591
2006-02-20,B,2313,92,132,15,2258
2006-02-20,O,3724,121,201,29,3615
2006-02-21,A,2031,366,124,17,2256
2006-02-21,AB,591,99,39,5,646
2006-02-21,B,2258,415,182,19,2472
2006-02-21,O,3615,581,212,33,3951
2006-02-22,A,2256,214,147,18,2305
2006-02-22,AB,646,43,32,6,651
2006-02-22,B,2472,247,178,22,2519
2006-02-22,O,3951,353,208,36,4060
2006-02-23,A,2305,150,143,25,2287
2006-02-23,AB,651,42,29,6,658
2006-02-23,B,2519,226,179,21,2545
2006-02-23,O,4060,284,193,33,4118
2006-02-24,A,2287,145,142,26,2264
2006-02-24,AB,658,36,30,4,660
2006-02-24,B,2545,149,138,26,2530
2006-02-24,O,4118,222,196,33,4111
2006-02-25,A,2264,178,125,16,2301
2006-02-25,AB,660,56,38,8,670
2006-02-25,B,2530,223,141,24,2588
2006-02-25,O,4111,303,168,41,4205
2006-02-26,A,2301,130,107,22,2302
2006-02-26,AB,670,33,38,5,660
2006-02-26,B,2588,117,169,20,2516
2006-02-26,O,4205,187,229,35,4128
2006-02-27,A,2302,172,159,12,2303
2006-02-27,AB,660,63,43,8,672
2006-02-27,B,2516,222,155,17,2566
2006-02-27,O,4128,264,214,38,4140
2006-02-28,A,2303,124,134,14,2279
2006-02-28,AB,672,30,38,6,658
2006-02-28,B,2566,148,212,26,2476
2006-02-28,O,4140,221,202,29,4130
2006-03-01,A,2279,202,171,19,2291
2006-03-01,AB,658,52,40,7,663
2006-03-01,B,2476,236,178,32,2502
2006-03-01,O,4130,337,229,37,4201
2006-03-02,A,2291,216,159,21,2327
2006-03-02,AB,663,65,43,5,680
2006-03-02,B,2502,224,197,23,2506
2006-03-02,O,4201,346,245,38,4264
2006-03-03,A,2327,148,138,17,2320
2006-03-03,AB,680,43,48,9,666
2006-03-03,B,2506,177,162,21,2500
2006-03-03,O,4264,255,211,45,4263
2006-03-04,A,2320,104,131,14,2279
2006-03-04,AB,666,44,40,9,661
2006-03-04,B,2500,144,170,18,2456
2006-03-04,O,4263,201,200,34,4230
2006-03-05,A,2279,256,132,18,2385
2006-03-05,AB,661,80,43,9,689
2006-03-05,B,2456,271,171,22,2534
2006-03-05,O,4230,387,513,43,4061
2006-03-06,A,2385,152,141,26,2370
2006-03-06,AB,689,42,51,7,673
2006-03-06,B,2534,159,167,30,2496
2006-03-06,O,4061,260,245,41,4035
2006-03-07,A,2370,142,157,22,2333
2006-03-07,AB,673,40,62,7,644
2006-03-07,B,2496,166,185,15,2462
2006-03-07,O,4035,233,237,29,4002
2006-03-08,A,2333,243,171,36,2369
2006-03-08,AB,644,64,48,7,653
2006-03-08,B,2462,242,211,23,2470
2006-03-08,O,4002,396,277,22,4099
2006-03-09,A,2369,155,157,18,2349
2006-03-09,AB,653,38,36,6,649
2006-03-09,B,2470,174,230,16,2398
2006-03-09,O,4099,236,259,38,4038
2006-03-10,A,2349,91,170,18,2252
2006-03-10,AB,649,25,37,5,632
2006-03-10,B,2398,126,212,18,2294
2006-03-10,O,4038,182,234,31,3955
2006-03-11,A,2252,116,134,22,2212
2006-03-11,AB,632,36,65,6,597
2006-03-11,B,2294,182,170,18,2288
2006-03-11,O,3955,205,237,45,3878
2006-03-12,A,2212,169,141,19,2221
2006-03-12,AB,597,33,39,8,583
2006-03-12,B,2288,172,174,13,2273
2006-03-12,O,3878,235,200,29,3884
2006-03-13,A,2221,106,124,15,2188
2006-03-13,AB,583,30,49,5,559
2006-03-13,B,2273,83,190,11,2155
2006-03-13,O,3884,180,212,31,3821
2006-03-14,A,2188,192,132,18,2230
2006-03-14,AB,559,47,36,2,568
2006-03-14,B,2155,166,190,7,2124
2006-03-14,O,3821,312,215,26,3892
2006-03-15,A,2230,184,141,13,2260
2006-03-15,AB,568,61,46,6,577
2006-03-15,B,2124,248,173,10,2189
2006-03-15,O,3892,323,214,28,3973
2006-03-16,A,2260,334,156,26,2412
2006-03-16,AB,577,93,42,7,621
2006-03-16,B,2189,358,180,20,2347
2006-03-16,O,3973,484,245,42,4170
2006-03-17,A,2412,110,173,16,2333
2006-03-17,AB,621,29,39,5,606
2006-03-17,B,2347,125,184,21,2267
2006-03-17,O,4170,159,197,40,4092
2006-03-18,A,2333,135,123,20,2325
2006-03-18,AB,606,32,46,5,587
2006-03-18,B,2267,133,128,15,2257
2006-03-18,O,4092,175,199,39,4029
2006-03-19,A,2325,175,131,20,2349
2006-03-19,AB,587,51,38,8,592
2006-03-19,B,2257,187,164,12,2268
2006-03-19,O,4029,350,210,40,4129
2006-03-20,A,2349,134,168,16,2299
2006-03-20,AB,592,17,37,6,566
2006-03-20,B,2268,116,151,15,2218
2006-03-20,O,4129,181,212,43,4055
2006-03-21,A,2299,232,148,27,2356
2006-03-21,AB,566,69,48,7,580
2006-03-21,B,2218,212,169,13,2248
2006-03-21,O,4055,343,209,28,4161
2006-03-22,A,2356,154,148,19,2343
2006-03-22,AB,580,33,31,2,580
2006-03-22,B,2248,184,174,18,2240
2006-03-22,O,4161,231,248,36,4108
2006-03-23,A,2343,126,138,27,2304
2006-03-23,AB,580,38,43,5,570
2006-03-23,B,2240,168,162,13,2233
2006-03-23,O,4108,230,206,42,4090
2006-03-24,A,2304,98,151,21,2230
2006-03-24,AB,570,53,40,6,577
2006-03-24,B,2233,106,160,12,2167
2006-03-24,O,4090,183,230,33,4010
2006-03-25,A,2230,170,133,18,2249
2006-03-25,AB,577,40,35,9,573
2006-03-25,B,2167,215,137,14,2231
2006-03-25,O,4010,285,189,34,4072
2006-03-26,A,2249,115,116,9,2239
2006-03-26,AB,573,33,41,6,559
2006-03-26,B,2231,93,161,21,2142
2006-03-26,O,4072,193,204,32,4029
2006-03-27,A,2239,166,160,11,2234
2006-03-27,AB,559,29,33,4,551
2006-03-27,B,2142,157,170,14,2115
2006-03-27,O,4029,241,242,56,3972
2006-03-28,A,2234,188,157,22,2243
2006-03-28,AB,551,44,36,8,551
2006-03-28,B,2115,204,173,14,2132
2006-03-28,O,3972,320,240,32,4020
2006-03-29,A,2243,312,167,19,2369
2006-03-29,AB,551,86,36,5,596
2006-03-29,B,2132,378,161,15,2334
2006-03-29,O,4020,553,253,34,4286
2006-03-30,A,2369,257,163,15,2448
2006-03-30,AB,596,58,34,5,615
2006-03-30,B,2334,285,188,23,2408
2006-03-30,O,4286,487,244,45,4484
2006-03-31,A,2448,193,150,20,2471
2006-03-31,AB,615,53,44,11,613
2006-03-31,B,2408,204,163,21,2428
2006-03-31,O,4484,292,220,37,4519
2006-04-01,A,2471,176,136,20,2491
2006-04-01,AB,613,49,39,7,616
2006-04-01,B,2428,181,174,18,2417
2006-04-01,O,4519,267,220,54,4512
2006-04-02,A,2491,106,145,30,2422
2006-04-02,AB,616,24,31,4,605
2006-04-02,B,2417,107,159,19,2346
2006-04-02,O,4512,166,238,41,4399
2006-04-03,A,2422,67,149,25,2315
2006-04-03,AB,605,23,42,8,578
2006-04-03,B,2346,91,324,19,2094
2006-04-03,O,4399,111,245,27,4238
2006-04-04,A,2315,191,158,16,2332
2006-04-04,AB,578,63,32,5,604
2006-04-04,B,2094,238,167,14,2151
2006-04-04,O,4238,281,234,38,4247
2006-04-05,A,2332,125,153,13,2291
2006-04-05,AB,604,34,35,8,595
2006-04-05,B,2151,111,177,13,2072
2006-04-05,O,4247,201,246,43,4159
2006-04-06,A,2291,101,179,18,2195
2006-04-06,AB,595,27,36,7,579
2006-04-06,B,2072,112,178,11,1995
2006-04-06,O,4159,165,225,32,4067
2006-04-07,A,2195,38,141,17,2075
2006-04-07,AB,579,7,45,3,538
2006-04-07,B,1995,43,183,10,1845
2006-04-07,O,4067,65,203,35,3894
2006-04-08,A,2075,189,148,16,2100
2006-04-08,AB,538,59,32,4,561
2006-04-08,B,1845,200,168,10,1867
2006-04-08,O,3894,294,215,29,3944
2006-04-09,A,2100,305,115,24,2266
2006-04-09,AB,561,67,36,2,590
2006-04-09,B,1867,328,139,13,2043
2006-04-09,O,3944,530,206,37,4231
2006-04-10,A,2266,142,159,24,2225
2006-04-10,AB,590,56,43,10,593
2006-04-10,B,2043,151,153,8,2033
2006-04-10,O,4231,217,272,43,4133
2006-04-11,A,2225,93,151,17,2150
2006-04-11,AB,593,11,43,3,558
2006-04-11,B,2033,111,183,14,1947
2006-04-11,O,4133,134,232,39,3996
2006-04-12,A,2150,82,146,19,2067
2006-04-12,AB,558,30,43,6,539
2006-04-12,B,1947,106,164,12,1877
2006-04-12,O,3996,135,238,33,3860
2006-04-13,A,2067,155,153,12,2057
2006-04-13,AB,539,36,35,6,534
2006-04-13,B,1877,145,150,14,1858
2006-04-13,O,3860,303,228,34,3901
2006-04-14,A,2057,170,147,17,2063
2006-04-14,AB,534,60,33,7,554
2006-04-14,B,1858,187,173,11,1861
2006-04-14,O,3901,264,205,38,3922
2006-04-15,A,2063,63,133,10,1983
2006-04-15,AB,554,27,41,5,535
2006-04-15,B,1861,78,141,11,1787
2006-04-15,O,3922,150,202,43,3827
2006-04-16,A,1983,179,102,12,2048
2006-04-16,AB,535,39,39,6,529
2006-04-16,B,1787,159,146,9,1791
2006-04-16,O,3827,282,172,26,3911
2006-04-17,A,2048,98,122,11,2013
2006-04-17,AB,529,28,44,3,510
2006-04-17,B,1791,99,157,11,1722
2006-04-17,O,3911,154,208,26,3831
2006-04-18,A,2013,108,133,10,1978
2006-04-18,AB,510,38,41,3,504
2006-04-18,B,1722,149,133,14,1724
2006-04-18,O,3831,224,198,30,3827
2006-04-19,A,1978,202,173,6,2001
2006-04-19,AB,504,47,43,3,505
2006-04-19,B,1724,212,176,7,1753
2006-04-19,O,3827,347,207,35,3932
2006-04-20,A,2001,146,161,14,1972
2006-04-20,AB,505,39,38,1,505
2006-04-20,B,1753,156,168,6,1735
2006-04-20,O,3932,216,197,36,3915
2006-04-21,A,1972,130,163,16,1923
2006-04-21,AB,505,43,39,6,503
2006-04-21,B,1735,134,153,12,1704
2006-04-21,O,3915,211,168,30,3928
2006-04-22,A,1923,161,121,10,1953
2006-04-22,AB,503,61,32,3,529
2006-04-22,B,1704,203,153,11,1743
2006-04-22,O,3928,282,178,24,4008
2006-04-23,A,1953,225,124,18,2036
2006-04-23,AB,529,58,34,5,548
2006-04-23,B,1743,264,150,15,1842
2006-04-23,O,4008,351,198,31,4130
2006-04-24,A,2036,67,137,12,1954
2006-04-24,AB,548,16,32,5,527
2006-04-24,B,1842,68,160,20,1730
2006-04-24,O,4130,96,216,27,3983
2006-04-25,A,1954,63,118,8,1891
2006-04-25,AB,527,26,33,2,518
2006-04-25,B,1730,56,163,8,1615
2006-04-25,O,3983,90,205,39,3829
2006-04-26,A,1891,338,143,9,2077
2006-04-26,AB,518,74,37,4,551
2006-04-26,B,1615,396,143,10,1858
2006-04-26,O,3829,494,256,41,4026
2006-04-27,A,2077,143,144,14,2062
2006-04-27,AB,551,32,34,7,542
2006-04-27,B,1858,178,167,14,1855
2006-04-27,O,4026,239,230,41,3994
2006-04-28,A,2062,104,111,16,2039
2006-04-28,AB,542,42,33,3,548
2006-04-28,B,1855,109,158,13,1793
2006-04-28,O,3994,185,183,30,3966
2006-04-29,A,2039,63,140,12,1950
2006-04-29,AB,548,22,26,2,542
2006-04-29,B,1793,71,128,9,1727
2006-04-29,O,3966,121,170,34,3883
2006-04-30,A,1950,99,87,14,1948
2006-04-30,AB,542,20,25,4,533
2006-04-30,B,1727,110,134,6,1697
2006-04-30,O,3883,159,170,32,3840
2006-05-01,A,1948,499,139,25,2283
2006-05-01,AB,533,133,39,8,619
2006-05-01,B,1697,459,167,16,1973
2006-05-01,O,3840,837,200,44,4433
2006-05-02,A,2283,78,111,17,2233
2006-05-02,AB,619,25,29,10,605
2006-05-02,B,1973,102,172,9,1894
2006-05-02,O,4433,132,208,45,4312
2006-05-03,A,2233,165,145,17,2236
2006-05-03,AB,605,39,42,4,598
2006-05-03,B,1894,131,157,12,1856
2006-05-03,O,4312,231,211,42,4290
2006-05-04,A,2236,104,137,15,2188
2006-05-04,AB,598,36,26,10,598
2006-05-04,B,1856,93,144,9,1796
2006-05-04,O,4290,168,186,45,4227
2006-05-05,A,2188,68,149,21,2086
2006-05-05,AB,598,24,25,6,591
2006-05-05,B,1796,108,139,11,1754
2006-05-05,O,4227,141,208,41,4119
2006-05-06,A,2086,238,138,9,2177
2006-05-06,AB,591,72,18,5,640
2006-05-06,B,1754,258,123,14,1875
2006-05-06,O,4119,416,191,48,4296
2006-05-07,A,2177,221,136,15,2247
2006-05-07,AB,640,64,35,6,663
2006-05-07,B,1875,228,149,13,1941
2006-05-07,O,4296,423,190,49,4480
2006-05-08,A,2247,89,143,11,2182
2006-05-08,AB,663,26,43,8,638
2006-05-08,B,1941,118,169,7,1883
2006-05-08,O,4480,146,239,39,4348
2006-05-09,A,2182,79,144,16,2101
2006-05-09,AB,638,16,36,11,607
2006-05-09,B,1883,73,138,9,1809
2006-05-09,O,4348,104,209,45,4198
2006-05-10,A,2101,118,127,13,2079
2006-05-10,AB,607,33,35,11,594
2006-05-10,B,1809,128,154,9,1774
2006-05-10,O,4198,175,202,38,4133
2006-05-11,A,2079,224,138,18,2147
2006-05-11,AB,594,61,43,9,603
2006-05-11,B,1774,241,147,11,1857
2006-05-11,O,4133,440,176,57,4340
2006-05-12,A,2147,342,154,14,2321
2006-05-12,AB,603,62,48,7,610
2006-05-12,B,1857,351,166,13,2029
2006-05-12,O,4340,501,210,60,4571
2006-05-13,A,2321,121,113,11,2318
2006-05-13,AB,610,51,29,6,626
2006-05-13,B,2029,183,147,16,2049
2006-05-13,O,4571,227,191,48,4559
2006-05-14,A,2318,342,140,26,2494
2006-05-14,AB,626,58,46,4,634
2006-05-14,B,2049,349,131,8,2259
2006-05-14,O,4559,565,196,56,4872
2006-05-15,A,2494,126,143,26,2451
2006-05-15,AB,634,36,36,6,628
2006-05-15,B,2259,105,158,10,2196
2006-05-15,O,4872,169,202,56,4783
2006-05-16,A,2451,114,128,20,2417
2006-05-16,AB,628,30,45,3,610
2006-05-16,B,2196,129,146,14,2165
2006-05-16,O,4783,181,235,45,4684
2006-05-17,A,2417,194,160,19,2432
2006-05-17,AB,610,54,38,5,621
2006-05-17,B,2165,239,167,15,2222
2006-05-17,O,4684,299,219,57,4707
2006-05-18,A,2432,121,175,17,2361
2006-05-18,AB,621,27,48,5,595
2006-05-18,B,2222,124,176,18,2152
2006-05-18,O,4707,151,222,37,4599
2006-05-19,A,2361,99,172,18,2270
2006-05-19,AB,595,27,48,3,571
2006-05-19,B,2152,74,167,9,2050
2006-05-19,O,4599,139,198,59,4481
2006-05-20,A,2270,181,158,16,2277
2006-05-20,AB,571,44,42,4,569
2006-05-20,B,2050,222,138,13,2121
2006-05-20,O,4481,280,203,50,4508
2006-05-21,A,2277,254,143,23,2365
2006-05-21,AB,569,65,35,4,595
2006-05-21,B,2121,243,139,19,2206
2006-05-21,O,4508,354,202,45,4615
2006-05-22,A,2365,65,173,19,2238
2006-05-22,AB,595,12,36,6,565
2006-05-22,B,2206,60,151,11,2104
2006-05-22,O,4615,102,199,47,4471
2006-05-23,A,2238,215,156,12,2285
2006-05-23,AB,565,43,25,8,575
2006-05-23,B,2104,210,146,14,2154
2006-05-23,O,4471,341,224,54,4534
2006-05-24,A,2285,165,167,14,2269
2006-05-24,AB,575,47,39,10,573
2006-05-24,B,2154,167,206,23,2092
2006-05-24,O,4534,287,214,50,4557
2006-05-25,A,2269,235,180,28,2296
2006-05-25,AB,573,51,40,4,580
2006-05-25,B,2092,213,183,15,2107
2006-05-25,O,4557,418,200,49,4726
2006-05-26,A,2296,137,153,18,2262
2006-05-26,AB,580,46,50,3,573
2006-05-26,B,2107,187,172,23,2099
2006-05-26,O,4726,232,250,60,4648
2006-05-27,A,2262,94,159,19,2178
2006-05-27,AB,573,24,32,5,560
2006-05-27,B,2099,115,158,15,2041
2006-05-27,O,4648,147,185,48,4562
2006-05-28,A,2178,225,155,14,2234
2006-05-28,AB,560,53,42,4,567
2006-05-28,B,2041,196,145,18,2074
2006-05-28,O,4562,330,199,47,4646
2006-05-29,A,2234,87,159,17,2145
2006-05-29,AB,567,17,43,2,539
2006-05-29,B,2074,94,153,9,2006
2006-05-29,O,4646,112,242,53,4463
2006-05-30,A,2145,88,169,19,2045
2006-05-30,AB,539,23,44,4,514
2006-05-30,B,2006,115,162,14,1945
2006-05-30,O,4463,157,190,34,4396
2006-05-31,A,2045,81,151,7,1968
2006-05-31,AB,514,19,36,3,494
2006-05-31,B,1945,73,157,15,1846
2006-05-31,O,4396,183,217,49,4313
2006-06-01,A,1968,117,172,9,1904
2006-06-01,AB,494,34,33,4,491
2006-06-01,B,1846,152,146,16,1836
2006-06-01,O,4313,228,162,30,4349
2006-06-02,A,1904,121,439,8,1578
2006-06-02,AB,491,32,34,7,482
2006-06-02,B,1836,170,131,6,1869
2006-06-02,O,4349,227,184,42,4350
2006-06-03,A,1578,67,136,7,1502
2006-06-03,AB,482,15,31,5,461
2006-06-03,B,1869,93,147,11,1804
2006-06-03,O,4350,135,175,50,4260
2006-06-04,A,1502,160,126,8,1528
2006-06-04,AB,461,40,33,4,464
2006-06-04,B,1804,170,147,10,1817
2006-06-04,O,4260,229,163,27,4299
2006-06-05,A,1528,46,142,9,1423
2006-06-05,AB,464,10,38,4,432
2006-06-05,B,1817,45,155,8,1699
2006-06-05,O,4299,74,196,31,4146
2006-06-06,A,1423,54,155,17,1305
2006-06-06,AB,432,12,38,1,405
2006-06-06,B,1699,63,168,13,1581
2006-06-06,O,4146,93,189,33,4017
2006-06-07,A,1305,123,164,6,1258
2006-06-07,AB,405,33,56,3,379
2006-06-07,B,1581,118,147,4,1548
2006-06-07,O,4017,207,187,41,3996
2006-06-08,A,1258,87,149,2,1194
2006-06-08,AB,379,22,35,1,365
2006-06-08,B,1548,77,156,9,1460
2006-06-08,O,3996,137,163,33,3937
2006-06-09,A,1194,54,161,3,1084
2006-06-09,AB,365,16,30,5,346
2006-06-09,B,1460,68,158,9,1361
2006-06-09,O,3937,110,185,27,3835
2006-06-10,A,1084,76,138,5,1017
2006-06-10,AB,346,22,26,3,339
2006-06-10,B,1361,81,123,10,1309
2006-06-10,O,3835,140,134,28,3813
2006-06-11,A,1017,187,108,7,1089
2006-06-11,AB,339,52,23,1,367
2006-06-11,B,1309,167,148,13,1315
2006-06-11,O,3813,303,143,40,3933
2006-06-12,A,1089,90,166,9,1004
2006-06-12,AB,367,19,25,1,360
2006-06-12,B,1315,84,126,16,1257
2006-06-12,O,3933,196,193,34,3902
2006-06-13,A,1004,78,134,3,945
2006-06-13,AB,360,14,33,1,340
2006-06-13,B,1257,57,115,8,1191
2006-06-13,O,3902,130,185,27,3820
2006-06-14,A,945,58,116,4,883
2006-06-14,AB,340,20,32,1,327
2006-06-14,B,1191,62,117,8,1128
2006-06-14,O,3820,93,137,28,3748
2006-06-15,A,883,178,155,6,900
2006-06-15,AB,327,55,33,1,348
2006-06-15,B,1128,195,121,6,1196
2006-06-15,O,3748,335,159,34,3890
2006-06-16,A,900,188,119,8,961
2006-06-16,AB,348,56,22,4,378
2006-06-16,B,1196,167,123,9,1231
2006-06-16,O,3890,266,154,39,3963
2006-06-17,A,961,246,122,7,1078
2006-06-17,AB,378,57,33,3,399
2006-06-17,B,1231,208,133,10,1296
2006-06-17,O,3963,336,139,44,4116
2006-06-18,A,1078,181,115,14,1130
2006-06-18,AB,399,58,30,2,425
2006-06-18,B,1296,180,134,12,1330
2006-06-18,O,4116,267,156,39,4188
2006-06-19,A,1130,101,110,8,1113
2006-06-19,AB,425,22,29,1,417
2006-06-19,B,1330,126,117,18,1321
2006-06-19,O,4188,159,176,35,4136
2006-06-20,A,1113,105,136,2,1080
2006-06-20,AB,417,28,18,2,425
2006-06-20,B,1321,140,133,5,1323
2006-06-20,O,4136,194,153,42,4135
2006-06-21,A,1080,148,108,11,1109
2006-06-21,AB,425,47,39,1,432
2006-06-21,B,1323,168,124,7,1360
2006-06-21,O,4135,254,154,35,4200
2006-06-22,A,1109,131,129,12,1099
2006-06-22,AB,432,28,29,2,429
2006-06-22,B,1360,141,147,10,1344
2006-06-22,O,4200,235,147,37,4251
2006-06-23,A,1099,118,154,5,1058
2006-06-23,AB,429,44,32,2,439
2006-06-23,B,1344,147,145,6,1340
2006-06-23,O,4251,167,170,37,4211
2006-06-24,A,1058,220,84,8,1186
2006-06-24,AB,439,71,18,2,490
2006-06-24,B,1340,278,107,11,1500
2006-06-24,O,4211,378,142,41,4406
2006-06-25,A,1186,153,109,8,1222
2006-06-25,AB,490,37,23,5,499
2006-06-25,B,1500,156,147,15,1494
2006-06-25,O,4406,279,148,40,4497
2006-06-26,A,1222,106,137,11,1180
2006-06-26,AB,499,25,25,4,495
2006-06-26,B,1494,94,145,6,1437
2006-06-26,O,4497,116,148,36,4429
2006-06-27,A,1180,222,248,9,1145
2006-06-27,AB,495,63,25,3,530
2006-06-27,B,1437,244,152,11,1518
2006-06-27,O,4429,327,158,46,4552
2006-06-28,A,1145,90,108,10,1117
2006-06-28,AB,530,24,26,4,524
2006-06-28,B,1518,134,134,13,1505
2006-06-28,O,4552,166,172,46,4500
2006-06-29,A,1117,123,126,10,1104
2006-06-29,AB,524,31,29,5,521
2006-06-29,B,1505,118,141,9,1473
2006-06-29,O,4500,190,157,49,4484
2006-06-30,A,1104,118,128,6,1088
2006-06-30,AB,521,24,44,3,498
2006-06-30,B,1473,98,140,7,1424
2006-06-30,O,4484,148,146,54,4432
2006-07-01,A,1088,36,112,7,1005
2006-07-01,AB,498,15,29,7,477
2006-07-01,B,1424,57,96,11,1374
2006-07-01,O,4432,108,134,39,4367
2006-07-02,A,1005,161,115,11,1040
2006-07-02,AB,477,45,22,3,497
2006-07-02,B,1374,141,131,10,1374
2006-07-02,O,4367,235,148,33,4421
2006-07-03,A,1040,94,102,5,1027
2006-07-03,AB,497,45,25,7,510
2006-07-03,B,1374,111,118,9,1358
2006-07-03,O,4421,157,152,43,4383
2006-07-04,A,1027,130,120,6,1031
2006-07-04,AB,510,40,23,2,525
2006-07-04,B,1358,152,143,8,1359
2006-07-04,O,4383,184,160,58,4349
2006-07-05,A,1031,122,134,4,1015
2006-07-05,AB,525,24,33,4,512
2006-07-05,B,1359,132,123,10,1358
2006-07-05,O,4349,174,153,46,4324
2006-07-06,A,1015,55,147,6,917
2006-07-06,AB,512,10,34,3,485
2006-07-06,B,1358,52,136,6,1268
2006-07-06,O,4324,124,185,51,4212
2006-07-07,A,917,117,138,4,892
2006-07-07,AB,485,22,27,4,476
2006-07-07,B,1268,75,147,12,1184
2006-07-07,O,4212,150,157,31,4174
2006-07-08,A,892,137,129,4,896
2006-07-08,AB,476,43,26,3,490
2006-07-08,B,1184,182,136,8,1222
2006-07-08,O,4174,249,132,37,4254
2006-07-09,A,896,109,137,3,865
2006-07-09,AB,490,20,30,3,477
2006-07-09,B,1222,87,123,7,1179
2006-07-09,O,4254,125,138,34,4207
2006-07-10,A,865,93,131,4,823
2006-07-10,AB,477,23,37,3,460
2006-07-10,B,1179,114,137,6,1150
2006-07-10,O,4207,154,176,35,4150
2006-07-11,A,823,233,126,3,927
2006-07-11,AB,460,62,24,3,495
2006-07-11,B,1150,199,155,5,1189
2006-07-11,O,4150,407,176,45,4336
2006-07-12,A,927,238,143,12,1010
2006-07-12,AB,495,49,39,3,502
2006-07-12,B,1189,219,167,6,1235
2006-07-12,O,4336,395,188,51,4492
2006-07-13,A,1010,247,143,6,1108
2006-07-13,AB,502,73,32,5,538
2006-07-13,B,1235,258,158,14,1321
2006-07-13,O,4492,434,181,36,4709
2006-07-14,A,1108,219,154,7,1166
2006-07-14,AB,538,50,41,8,539
2006-07-14,B,1321,245,170,7,1389
2006-07-14,O,4709,404,191,76,4846
2006-07-15,A,1166,155,126,9,1186
2006-07-15,AB,539,49,30,3,555
2006-07-15,B,1389,170,157,5,1397
2006-07-15,O,4846,289,165,59,4911
2006-07-16,A,1186,132,137,11,1170
2006-07-16,AB,555,44,37,5,557
2006-07-16,B,1397,132,140,8,1381
2006-07-16,O,4911,235,158,50,4938
2006-07-17,A,1170,83,135,8,1110
2006-07-17,AB,557,26,41,2,540
2006-07-17,B,1381,121,156,10,1336
2006-07-17,O,4938,174,211,55,4846
2006-07-18,A,1110,127,139,3,1095
2006-07-18,AB,540,40,42,2,536
2006-07-18,B,1336,116,173,7,1272
2006-07-18,O,4846,239,192,51,4842
2006-07-19,A,1095,196,248,8,1035
2006-07-19,AB,536,83,41,8,570
2006-07-19,B,1272,219,157,13,1321
2006-07-19,O,4842,309,175,58,4918
2006-07-20,A,1035,170,139,7,1059
2006-07-20,AB,570,61,37,4,590
2006-07-20,B,1321,230,145,8,1398
2006-07-20,O,4918,295,199,64,4950
2006-07-21,A,1059,126,162,6,1017
2006-07-21,AB,590,35,28,9,588
2006-07-21,B,1398,128,175,4,1347
2006-07-21,O,4950,213,186,56,4921
2006-07-22,A,1017,147,137,10,1017
2006-07-22,AB,588,66,39,10,605
2006-07-22,B,1347,191,148,16,1374
2006-07-22,O,4921,257,172,55,4951
2006-07-23,A,1017,223,166,5,1069
2006-07-23,AB,605,61,51,8,607
2006-07-23,B,1374,249,152,9,1462
2006-07-23,O,4951,412,172,64,5127
2006-07-24,A,1069,132,139,10,1052
2006-07-24,AB,607,27,34,4,596
2006-07-24,B,1462,152,176,7,1431
2006-07-24,O,5127,193,204,68,5048
2006-07-25,A,1052,226,181,5,1092
2006-07-25,AB,596,61,33,9,615
2006-07-25,B,1431,276,174,5,1528
2006-07-25,O,5048,364,201,56,5155
2006-07-26,A,1092,348,158,11,1271
2006-07-26,AB,615,92,44,6,657
2006-07-26,B,1528,351,178,17,1684
2006-07-26,O,5155,560,213,79,5423
2006-07-27,A,1271,222,158,8,1327
2006-07-27,AB,657,61,53,5,660
2006-07-27,B,1684,246,231,8,1691
2006-07-27,O,5423,381,199,65,5540
2006-07-28,A,1327,218,180,9,1356
2006-07-28,AB,660,67,45,7,675
2006-07-28,B,1691,209,212,13,1675
2006-07-28,O,5540,373,238,64,5611
2006-07-29,A,1356,174,154,8,1368
2006-07-29,AB,675,46,32,9,680
2006-07-29,B,1675,201,200,6,1670
2006-07-29,O,5611,282,195,87,5611
2006-07-30,A,1368,203,137,8,1426
2006-07-30,AB,680,54,46,12,676
2006-07-30,B,1670,179,180,5,1664
2006-07-30,O,5611,347,220,98,5640
2006-07-31,A,1426,44,175,11,1284
2006-07-31,AB,676,5,54,8,619
2006-07-31,B,1664,44,199,14,1495
2006-07-31,O,5640,74,258,73,5383
2006-08-01,A,1284,180,155,10,1299
2006-08-01,AB,619,54,48,11,614
2006-08-01,B,1495,213,207,13,1488
2006-08-01,O,5383,250,234,52,5347
2006-08-02,A,1299,140,188,5,1246
2006-08-02,AB,614,36,41,6,603
2006-08-02,B,1488,125,215,8,1390
2006-08-02,O,5347,225,261,76,5235
2006-08-03,A,1246,148,198,7,1189
2006-08-03,AB,603,51,48,5,601
2006-08-03,B,1390,176,204,11,1351
2006-08-03,O,5235,243,242,69,5167
2006-08-04,A,1189,72,170,7,1084
2006-08-04,AB,601,17,54,5,559
2006-08-04,B,1351,57,207,5,1196
2006-08-04,O,5167,117,230,54,5000
2006-08-05,A,1084,52,152,7,977
2006-08-05,AB,559,13,42,3,527
2006-08-05,B,1196,71,169,7,1091
2006-08-05,O,5000,85,227,57,4801
2006-08-06,A,977,180,146,6,1005
2006-08-06,AB,527,61,55,3,530
2006-08-06,B,1091,214,230,3,1072
2006-08-06,O,4801,346,240,67,4840
2006-08-07,A,1005,110,431,0,684
2006-08-07,AB,530,31,34,6,521
2006-08-07,B,1072,142,195,5,1014
2006-08-07,O,4840,219,264,56,4739
2006-08-08,A,684,99,137,5,641
2006-08-08,AB,521,29,46,5,499
2006-08-08,B,1014,135,208,5,936
2006-08-08,O,4739,170,260,57,4592
2006-08-09,A,641,233,193,2,679
2006-08-09,AB,499,48,55,1,491
2006-08-09,B,936,204,207,7,926
2006-08-09,O,4592,328,249,44,4627
2006-08-10,A,679,178,190,8,659
2006-08-10,AB,491,58,95,4,450
2006-08-10,B,926,225,202,8,941
2006-08-10,O,4627,271,254,45,4599
2006-08-11,A,659,75,149,2,583
2006-08-11,AB,450,16,49,3,414
2006-08-11,B,941,80,196,9,816
2006-08-11,O,4599,120,247,34,4438
2006-08-12,A,583,180,135,7,621
2006-08-12,AB,414,44,49,1,408
2006-08-12,B,816,182,192,4,802
2006-08-12,O,4438,346,213,52,4519
2006-08-13,A,621,190,145,4,662
2006-08-13,AB,408,47,47,6,402
2006-08-13,B,802,223,160,6,859
2006-08-13,O,4519,366,204,55,4626
2006-08-14,A,662,223,159,7,719
2006-08-14,AB,402,57,41,6,412
2006-08-14,B,859,199,192,6,860
2006-08-14,O,4626,334,241,62,4657
2006-08-15,A,719,325,181,6,857
2006-08-15,AB,412,88,47,0,453
2006-08-15,B,860,390,213,1,1036
2006-08-15,O,4657,491,248,58,4842
2006-08-16,A,857,169,173,10,843
2006-08-16,AB,453,49,54,3,445
2006-08-16,B,1036,170,200,4,1002
2006-08-16,O,4842,273,269,57,4789
2006-08-17,A,843,231,175,1,898
2006-08-17,AB,445,69,61,2,451
2006-08-17,B,1002,275,214,9,1054
2006-08-17,O,4789,370,252,59,4848
2006-08-18,A,898,167,163,5,897
2006-08-18,AB,451,56,49,4,454
2006-08-18,B,1054,183,210,3,1024
2006-08-18,O,4848,252,257,69,4774
2006-08-19,A,897,119,170,5,841
2006-08-19,AB,454,28,33,1,448
2006-08-19,B,1024,133,188,8,961
2006-08-19,O,4774,194,246,61,4661
2006-08-20,A,841,261,164,4,934
2006-08-20,AB,448,67,37,1,477
2006-08-20,B,961,238,183,4,1012
2006-08-20,O,4661,382,239,54,4750
2006-08-21,A,934,58,160,6,826
2006-08-21,AB,477,27,44,2,458
2006-08-21,B,1012,87,180,11,908
2006-08-21,O,4750,146,251,42,4603
2006-08-22,A,826,178,150,2,852
2006-08-22,AB,458,53,43,5,463
2006-08-22,B,908,199,200,2,905
2006-08-22,O,4603,296,247,40,4612
2006-08-23,A,852,277,205,4,920
2006-08-23,AB,463,94,58,5,494
2006-08-23,B,905,312,218,11,988
2006-08-23,O,4612,401,271,49,4693
2006-08-24,A,920,300,174,6,1040
2006-08-24,AB,494,67,49,1,511
2006-08-24,B,988,304,200,8,1084
2006-08-24,O,4693,422,272,49,4794
2006-08-25,A,1040,254,233,0,1061
2006-08-25,AB,511,73,50,5,529
2006-08-25,B,1084,272,222,8,1126
2006-08-25,O,4794,362,246,45,4865
2006-08-26,A,1061,79,148,8,984
2006-08-26,AB,529,18,48,5,494
2006-08-26,B,1126,89,179,7,1029
2006-08-26,O,4865,161,238,54,4734
2006-08-27,A,984,172,156,8,992
2006-08-27,AB,494,40,41,4,489
2006-08-27,B,1029,187,179,3,1034
2006-08-27,O,4734,288,214,58,4750
2006-08-28,A,992,89,162,4,915
2006-08-28,AB,489,23,43,2,467
2006-08-28,B,1034,103,212,5,920
2006-08-28,O,4750,130,246,58,4576
2006-08-29,A,915,198,200,4,909
2006-08-29,AB,467,56,60,0,463
2006-08-29,B,920,242,212,5,945
2006-08-29,O,4576,301,251,50,4576
2006-08-30,A,909,121,180,6,844
2006-08-30,AB,463,41,49,1,454
2006-08-30,B,945,135,219,4,857
2006-08-30,O,4576,212,246,58,4484
2006-08-31,A,844,203,186,7,854
2006-08-31,AB,454,58,49,6,457
2006-08-31,B,857,192,184,6,859
2006-08-31,O,4484,322,266,64,4476
2006-09-01,A,854,29,185,6,692
2006-09-01,AB,457,10,55,1,411
2006-09-01,B,859,38,193,4,700
2006-09-01,O,4476,57,254,32,4247
2006-09-02,A,692,242,175,4,755
2006-09-02,AB,411,71,41,5,436
2006-09-02,B,700,276,165,4,807
2006-09-02,O,4247,417,282,44,4338
2006-09-03,A,755,591,183,4,1159
2006-09-03,AB,436,142,60,6,512
2006-09-03,B,807,581,211,9,1168
2006-09-03,O,4338,952,267,57,4966
2006-09-04,A,1159,67,195,3,1028
2006-09-04,AB,512,21,66,5,462
2006-09-04,B,1168,80,225,4,1019
2006-09-04,O,4966,140,286,54,4766
2006-09-05,A,1028,298,240,11,1075
2006-09-05,AB,462,53,44,2,469
2006-09-05,B,1019,279,248,5,1045
2006-09-05,O,4766,424,310,57,4823
2006-09-06,A,1075,223,223,4,1071
2006-09-06,AB,469,63,63,3,466
2006-09-06,B,1045,241,239,5,1042
2006-09-06,O,4823,376,308,63,4828
2006-09-07,A,1071,241,210,6,1096
2006-09-07,AB,466,53,49,2,468
2006-09-07,B,1042,239,240,14,1027
2006-09-07,O,4828,309,300,55,4782
2006-09-08,A,1096,141,210,7,1020
2006-09-08,AB,468,35,50,4,449
2006-09-08,B,1027,180,219,4,984
2006-09-08,O,4782,220,308,54,4640
2006-09-09,A,1020,93,187,1,925
2006-09-09,AB,449,43,43,4,445
2006-09-09,B,984,98,215,5,862
2006-09-09,O,4640,136,282,69,4425
2006-09-10,A,925,225,199,7,944
2006-09-10,AB,445,77,64,3,455
2006-09-10,B,862,244,217,6,883
2006-09-10,O,4425,346,321,40,4410
2006-09-11,A,944,167,215,4,892
2006-09-11,AB,455,59,61,7,446
2006-09-11,B,883,186,252,3,814
2006-09-11,O,4410,248,306,38,4314
2006-09-12,A,892,218,232,2,876
2006-09-12,AB,446,54,62,3,435
2006-09-12,B,814,286,262,2,836
2006-09-12,O,4314,397,315,41,4355
2006-09-13,A,876,197,230,3,840
2006-09-13,AB,435,60,58,3,434
2006-09-13,B,836,231,237,3,827
2006-09-13,O,4355,365,341,41,4338
2006-09-14,A,840,293,229,4,900
2006-09-14,AB,434,67,62,4,435
2006-09-14,B,827,280,223,3,881
2006-09-14,O,4338,444,343,37,4402
2006-09-15,A,900,205,232,5,868
2006-09-15,AB,435,35,68,0,402
2006-09-15,B,881,206,263,14,810
2006-09-15,O,4402,274,320,41,4315
2006-09-16,A,868,178,239,5,802
2006-09-16,AB,402,52,56,4,394
2006-09-16,B,810,174,227,3,754
2006-09-16,O,4315,300,284,59,4272
2006-09-17,A,802,195,208,8,781
2006-09-17,AB,394,46,46,2,392
2006-09-17,B,754,224,227,5,746
2006-09-17,O,4272,288,290,32,4238
2006-09-18,A,781,123,230,3,671
2006-09-18,AB,392,35,67,3,357
2006-09-18,B,746,144,230,6,654
2006-09-18,O,4238,259,311,48,4138
2006-09-19,A,671,243,243,3,668
2006-09-19,AB,357,54,58,3,350
2006-09-19,B,654,227,246,8,627
2006-09-19,O,4138,334,312,48,4112
2006-09-20,A,668,292,279,2,679
2006-09-20,AB,350,92,71,5,366
2006-09-20,B,627,367,227,8,759
2006-09-20,O,4112,538,312,39,4299
2006-09-21,A,679,429,285,4,819
2006-09-21,AB,366,106,72,1,399
2006-09-21,B,759,417,249,3,924
2006-09-21,O,4299,634,326,46,4561
2006-09-22,A,819,291,248,7,855
2006-09-22,AB,399,68,52,3,412
2006-09-22,B,924,325,261,6,982
2006-09-22,O,4561,403,352,50,4562
2006-09-23,A,855,93,217,2,729
2006-09-23,AB,412,25,61,1,375
2006-09-23,B,982,113,220,4,871
2006-09-23,O,4562,137,292,37,4370
2006-09-24,A,729,70,222,2,575
2006-09-24,AB,375,13,52,4,332
2006-09-24,B,871,69,240,5,695
2006-09-24,O,4370,104,323,42,4109
2006-09-25,A,575,14,204,2,383
2006-09-25,AB,332,2,57,5,272
2006-09-25,B,695,13,247,2,459
2006-09-25,O,4109,35,308,28,3808
2006-09-26,A,383,20,214,3,186
2006-09-26,AB,272,3,70,2,203
2006-09-26,B,459,13,243,0,229
2006-09-26,O,3808,29,357,25,3455
2006-09-27,A,186,41,204,0,23
2006-09-27,AB,203,12,74,0,141
2006-09-27,B,229,61,240,1,49
2006-09-27,O,3455,61,307,21,3188
2006-09-28,A,23,75,98,0,0
2006-09-28,AB,141,21,50,0,112
2006-09-28,B,49,105,154,0,0
2006-09-28,O,3188,127,318,16,2981
2006-09-29,A,0,173,173,0,0
2006-09-29,AB,112,44,115,1,40
2006-09-29,B,0,175,175,0,0
2006-09-29,O,2981,245,308,21,2897
2006-09-30,A,0,24,24,0,0
2006-09-30,AB,40,17,57,0,0
2006-09-30,B,0,20,20,0,0
2006-09-30,O,2897,63,281,11,2668
2006-10-01,A,0,193,193,0,0
2006-10-01,AB,0,51,51,0,0
2006-10-01,B,0,185,185,0,0
2006-10-01,O,2668,296,281,27,2656
2006-10-02,A,0,71,71,0,0
2006-10-02,AB,0,12,12,0,0
2006-10-02,B,0,72,72,0,0
2006-10-02,O,2656,115,329,13,2429
2006-10-03,A,0,49,49,0,0
2006-10-03,AB,0,6,6,0,0
2006-10-03,B,0,48,48,0,0
2006-10-03,O,2429,88,298,16,2203
2006-10-04,A,0,62,62,0,0
2006-10-04,AB,0,22,22,0,0
2006-10-04,B,0,66,66,0,0
2006-10-04,O,2203,134,292,15,2030
2006-10-05,A,0,86,86,0,0
2006-10-05,AB,0,33,33,0,0
2006-10-05,B,0,96,96,0,0
2006-10-05,O,2030,155,268,8,1909
2006-10-06,A,0,125,125,0,0
2006-10-06,AB,0,36,36,0,0
2006-10-06,B,0,155,155,0,0
2006-10-06,O,1909,218,261,17,1849
2006-10-07,A,0,20,20,0,0
2006-10-07,AB,0,6,6,0,0
2006-10-07,B,0,11,11,0,0
2006-10-07,O,1849,20,211,11,1647
2006-10-08,A,0,196,181,0,15
2006-10-08,AB,0,43,38,0,5
2006-10-08,B,0,176,176,0,0
2006-10-08,O,1647,298,247,12,1686
2006-10-09,A,15,76,91,0,0
2006-10-09,AB,5,25,30,0,0
2006-10-09,B,0,53,53,0,0
2006-10-09,O,1686,116,228,8,1566
2006-10-10,A,0,49,49,0,0
2006-10-10,AB,0,8,8,0,0
2006-10-10,B,0,55,55,0,0
2006-10-10,O,1566,68,270,6,1358
2006-10-11,A,0,47,47,0,0
2006-10-11,AB,0,14,14,0,0
2006-10-11,B,0,84,84,0,0
2006-10-11,O,1358,142,260,10,1230
2006-10-12,A,0,107,107,0,0
2006-10-12,AB,0,21,21,0,0
2006-10-12,B,0,102,102,0,0
2006-10-12,O,1230,183,260,7,1146
2006-10-13,A,0,173,155,1,17
2006-10-13,AB,0,43,34,0,9
2006-10-13,B,0,148,148,0,0
2006-10-13,O,1146,246,199,11,1182
2006-10-14,A,17,85,102,0,0
2006-10-14,AB,9,21,29,0,1
2006-10-14,B,0,98,98,0,0
2006-10-14,O,1182,133,180,4,1131
2006-10-15,A,0,344,132,1,211
2006-10-15,AB,1,82,37,2,44
2006-10-15,B,0,316,150,0,166
2006-10-15,O,1131,543,195,5,1474
2006-10-16,A,211,169,146,0,234
2006-10-16,AB,44,42,43,0,43
2006-10-16,B,166,200,163,1,202
2006-10-16,O,1474,283,240,11,1506
2006-10-17,A,234,99,148,2,183
2006-10-17,AB,43,32,44,0,31
2006-10-17,B,202,137,134,1,204
2006-10-17,O,1506,170,216,6,1454
2006-10-18,A,183,61,122,2,120
2006-10-18,AB,31,18,31,0,18
2006-10-18,B,204,86,124,1,165
2006-10-18,O,1454,123,209,5,1363
2006-10-19,A,120,163,151,0,132
2006-10-19,AB,18,45,39,0,24
2006-10-19,B,165,210,131,0,244
2006-10-19,O,1363,296,206,8,1445
2006-10-20,A,132,95,144,0,83
2006-10-20,AB,24,15,30,0,9
2006-10-20,B,244,112,120,2,234
2006-10-20,O,1445,156,204,8,1389
2006-10-21,A,83,13,92,0,4
2006-10-21,AB,9,3,12,0,0
2006-10-21,B,234,9,86,0,157
2006-10-21,O,1389,17,159,7,1240
2006-10-22,A,4,51,55,0,0
2006-10-22,AB,0,9,9,0,0
2006-10-22,B,157,55,101,0,111
2006-10-22,O,1240,104,169,4,1171
2006-10-23,A,0,10,10,0,0
2006-10-23,AB,0,2,2,0,0
2006-10-23,B,111,15,103,0,23
2006-10-23,O,1171,45,166,7,1043
2006-10-24,A,0,4,4,0,0
2006-10-24,AB,0,2,2,0,0
2006-10-24,B,23,3,26,0,0
2006-10-24,O,1043,9,170,8,874
2006-10-25,A,0,11,11,0,0
2006-10-25,AB,0,4,4,0,0
2006-10-25,B,0,11,11,0,0
2006-10-25,O,874,21,169,7,719
2006-10-26,A,0,49,49,0,0
2006-10-26,AB,0,7,7,0,0
2006-10-26,B,0,47,47,0,0
2006-10-26,O,719,66,173,6,606
2006-10-27,A,0,54,54,0,0
2006-10-27,AB,0,17,17,0,0
2006-10-27,B,0,77,77,0,0
2006-10-27,O,606,113,154,4,561
2006-10-28,A,0,71,71,0,0
2006-10-28,AB,0,21,21,0,0
2006-10-28,B,0,78,78,0,0
2006-10-28,O,561,137,154,3,541
2006-10-29,A,0,206,105,1,100
2006-10-29,AB,0,46,24,0,22
2006-10-29,B,0,177,86,0,91
2006-10-29,O,541,363,169,2,733
2006-10-30,A,100,78,93,1,84
2006-10-30,AB,22,24,29,0,17
2006-10-30,B,91,92,99,0,84
2006-10-30,O,733,154,186,7,694
2006-10-31,A,84,89,95,0,78
2006-10-31,AB,17,11,24,0,4
2006-10-31,B,84,94,110,1,67
2006-10-31,O,694,139,194,5,634
2006-11-01,A,78,147,103,1,121
2006-11-01,AB,4,39,22,0,21
2006-11-01,B,67,164,103,0,128
2006-11-01,O,634,196,172,11,647
2006-11-02,A,121,118,102,1,136
2006-11-02,AB,21,31,26,0,26
2006-11-02,B,128,142,89,0,181
2006-11-02,O,647,207,181,7,666
2006-11-03,A,136,194,107,1,222
2006-11-03,AB,26,59,32,1,52
2006-11-03,B,181,207,104,1,283
2006-11-03,O,666,331,203,2,792
2006-11-04,A,222,62,110,1,173
2006-11-04,AB,52,17,33,1,35
2006-11-04,B,283,97,102,2,276
2006-11-04,O,792,116,168,2,738
2006-11-05,A,173,187,99,2,259
2006-11-05,AB,35,45,29,1,50
2006-11-05,B,276,171,90,3,354
2006-11-05,O,738,269,156,2,849
2006-11-06,A,259,101,116,4,240
2006-11-06,AB,50,24,27,0,47
2006-11-06,B,354,139,104,3,386
2006-11-06,O,849,173,189,6,827
2006-11-07,A,240,174,129,1,284
2006-11-07,AB,47,52,24,0,75
2006-11-07,B,386,209,117,1,477
2006-11-07,O,827,314,160,3,978
2006-11-08,A,284,164,96,1,351
2006-11-08,AB,75,37,20,0,92
2006-11-08,B,477,215,125,2,565
2006-11-08,O,978,276,193,8,1053
2006-11-09,A,351,280,111,1,519
2006-11-09,AB,92,54,22,0,124
2006-11-09,B,565,238,122,4,677
2006-11-09,O,1053,390,201,11,1231
2006-11-10,A,519,134,130,2,521
2006-11-10,AB,124,41,41,2,122
2006-11-10,B,677,152,113,4,712
2006-11-10,O,1231,232,206,8,1249
2006-11-11,A,521,60,107,2,472
2006-11-11,AB,122,13,51,1,83
2006-11-11,B,712,79,113,3,675
2006-11-11,O,1249,122,204,9,1158
2006-11-12,A,472,234,99,2,605
2006-11-12,AB,83,64,38,1,108
2006-11-12,B,675,221,132,5,759
2006-11-12,O,1158,370,180,6,1342
2006-11-13,A,605,96,120,1,580
2006-11-13,AB,108,21,35,1,93
2006-11-13,B,759,92,148,1,702
2006-11-13,O,1342,177,200,7,1312
2006-11-14,A,580,229,119,1,689
2006-11-14,AB,93,61,30,0,124
2006-11-14,B,702,252,138,4,812
2006-11-14,O,1312,282,180,7,1407
2006-11-15,A,689,122,99,5,707
2006-11-15,AB,124,32,32,1,123
2006-11-15,B,812,140,146,2,804
2006-11-15,O,1407,185,192,13,1387
2006-11-16,A,707,228,113,4,818
2006-11-16,AB,123,65,28,1,159
2006-11-16,B,804,217,141,3,877
2006-11-16,O,1387,329,172,7,1537
2006-11-17,A,818,152,120,2,848
2006-11-17,AB,159,39,32,0,166
2006-11-17,B,877,167,129,6,909
2006-11-17,O,1537,260,172,7,1618
2006-11-18,A,848,60,113,2,793
2006-11-18,AB,166,12,29,0,149
2006-11-18,B,909,79,141,5,842
2006-11-18,O,1618,96,177,9,1528
2006-11-19,A,793,184,109,8,860
2006-11-19,AB,149,48,36,0,161
2006-11-19,B,842,165,102,4,901
2006-11-19,O,1528,248,205,11,1560
2006-11-20,A,860,215,118,10,947
2006-11-20,AB,161,51,44,2,166
2006-11-20,B,901,222,109,6,1008
2006-11-20,O,1560,359,203,8,1708
2006-11-21,A,947,221,156,4,1008
2006-11-21,AB,166,62,35,2,191
2006-11-21,B,1008,201,122,6,1081
2006-11-21,O,1708,437,229,19,1897
2006-11-22,A,1008,376,149,5,1230
2006-11-22,AB,191,85,41,0,235
2006-11-22,B,1081,350,145,6,1280
2006-11-22,O,1897,603,225,16,2259
2006-11-23,A,1230,439,167,4,1498
2006-11-23,AB,235,113,32,4,312
2006-11-23,B,1280,493,155,10,1608
2006-11-23,O,2259,709,259,16,2693
2006-11-24,A,1498,272,207,5,1558
2006-11-24,AB,312,78,37,2,351
2006-11-24,B,1608,262,139,8,1723
2006-11-24,O,2693,467,286,10,2864
2006-11-25,A,1558,91,170,6,1473
2006-11-25,AB,351,25,38,0,338
2006-11-25,B,1723,94,153,11,1653
2006-11-25,O,2864,147,263,14,2734
2006-11-26,A,1473,169,188,7,1447
2006-11-26,AB,338,46,53,1,330
2006-11-26,B,1653,195,151,5,1692
2006-11-26,O,2734,309,261,17,2765
2006-11-27,A,1447,109,190,8,1358
2006-11-27,AB,330,32,32,0,330
2006-11-27,B,1692,133,167,8,1650
2006-11-27,O,2765,163,268,13,2647
2006-11-28,A,1358,106,180,6,1278
2006-11-28,AB,330,28,45,7,306
2006-11-28,B,1650,175,177,3,1645
2006-11-28,O,2647,205,251,10,2591
2006-11-29,A,1278,102,175,7,1198
2006-11-29,AB,306,24,56,0,274
2006-11-29,B,1645,101,161,11,1574
2006-11-29,O,2591,149,285,11,2444
2006-11-30,A,1198,216,176,6,1232
2006-11-30,AB,274,66,58,3,279
2006-11-30,B,1574,232,185,13,1608
2006-11-30,O,2444,363,298,10,2499
2006-12-01,A,1232,142,168,9,1197
2006-12-01,AB,279,41,43,3,274
2006-12-01,B,1608,156,178,12,1574
2006-12-01,O,2499,258,315,9,2433
2006-12-02,A,1197,112,166,4,1139
2006-12-02,AB,274,30,41,2,261
2006-12-02,B,1574,127,157,12,1532
2006-12-02,O,2433,195,260,15,2353
2006-12-03,A,1139,329,181,11,1276
2006-12-03,AB,261,83,39,4,301
2006-12-03,B,1532,326,188,13,1657
2006-12-03,O,2353,529,240,13,2629
2006-12-04,A,1276,53,192,7,1130
2006-12-04,AB,301,10,43,4,264
2006-12-04,B,1657,67,178,10,1536
2006-12-04,O,2629,95,292,19,2413
2006-12-05,A,1130,103,182,5,1046
2006-12-05,AB,264,39,31,1,271
2006-12-05,B,1536,125,185,12,1464
2006-12-05,O,2413,188,296,13,2292
2006-12-06,A,1046,140,200,4,982
2006-12-06,AB,271,31,58,1,243
2006-12-06,B,1464,128,178,8,1406
2006-12-06,O,2292,192,293,16,2175
2006-12-07,A,982,108,177,6,907
2006-12-07,AB,243,33,46,1,229
2006-12-07,B,1406,139,189,14,1342
2006-12-07,O,2175,178,300,18,2035
2006-12-08,A,907,97,174,5,825
2006-12-08,AB,229,30,45,2,212
2006-12-08,B,1342,101,176,9,1258
2006-12-08,O,2035,146,321,10,1850
2006-12-09,A,825,97,258,3,661
2006-12-09,AB,212,25,49,2,186
2006-12-09,B,1258,97,162,9,1184
2006-12-09,O,1850,160,283,14,1713
2006-12-10,A,661,176,275,8,554
2006-12-10,AB,186,46,44,2,186
2006-12-10,B,1184,160,173,9,1162
2006-12-10,O,1713,285,275,10,1713
2006-12-11,A,554,96,305,1,344
2006-12-11,AB,186,22,50,0,158
2006-12-11,B,1162,88,167,2,1081
2006-12-11,O,1713,154,287,6,1574
2006-12-12,A,344,170,277,1,236
2006-12-12,AB,158,40,55,1,142
2006-12-12,B,1081,171,159,8,1085
2006-12-12,O,1574,287,254,10,1597
2006-12-13,A,236,208,288,0,156
2006-12-13,AB,142,34,40,1,135
2006-12-13,B,1085,203,169,8,1111
2006-12-13,O,1597,283,303,7,1570
2006-12-14,A,156,183,260,0,79
2006-12-14,AB,135,42,52,1,124
2006-12-14,B,1111,219,158,5,1167
2006-12-14,O,1570,361,303,13,1615
2006-12-15,A,79,100,179,0,0
2006-12-15,AB,124,20,44,3,97
2006-12-15,B,1167,84,183,4,1064
2006-12-15,O,1615,128,306,10,1427
2006-12-16,A,0,81,81,0,0
2006-12-16,AB,97,23,39,0,81
2006-12-16,B,1064,96,171,5,984
2006-12-16,O,1427,137,283,13,1268
2006-12-17,A,0,183,183,0,0
2006-12-17,AB,81,51,41,0,91
2006-12-17,B,984,221,144,4,1057
2006-12-17,O,1268,323,303,12,1276
2006-12-18,A,0,41,41,0,0
2006-12-18,AB,91,10,38,0,63
2006-12-18,B,1057,72,168,2,959
2006-12-18,O,1276,77,268,6,1079
2006-12-19,A,0,152,152,0,0
2006-12-19,AB,63,52,45,0,70
2006-12-19,B,959,155,179,3,932
2006-12-19,O,1079,220,313,4,982
2006-12-20,A,0,246,181,0,65
2006-12-20,AB,70,64,35,1,98
2006-12-20,B,932,254,189,5,992
2006-12-20,O,982,324,292,2,1012
2006-12-21,A,65,249,212,0,102
2006-12-21,AB,98,57,43,1,111
2006-12-21,B,992,280,169,8,1095
2006-12-21,O,1012,386,282,8,1108
2006-12-22,A,102,109,188,1,22
2006-12-22,AB,111,38,33,0,116
2006-12-22,B,1095,129,156,6,1062
2006-12-22,O,1108,181,266,8,1015
2006-12-23,A,22,92,114,0,0
2006-12-23,AB,116,33,30,0,119
2006-12-23,B,1062,122,154,5,1025
2006-12-23,O,1015,163,217,6,955
2006-12-24,A,0,130,130,0,0
2006-12-24,AB,119,35,36,0,118
2006-12-24,B,1025,110,141,5,989
2006-12-24,O,955,168,244,4,875
2006-12-25,A,0,18,18,0,0
2006-12-25,AB,118,1,31,0,88
2006-12-25,B,989,25,151,2,861
2006-12-25,O,875,47,265,2,655
2006-12-26,A,0,89,89,0,0
2006-12-26,AB,88,27,36,0,79
2006-12-26,B,861,113,151,7,816
2006-12-26,O,655,146,220,2,579
2006-12-27,A,0,144,134,0,10
2006-12-27,AB,79,36,43,0,72
2006-12-27,B,816,149,146,4,815
2006-12-27,O,579,224,239,6,558
2006-12-28,A,10,142,136,0,16
2006-12-28,AB,72,32,29,0,75
2006-12-28,B,815,138,140,5,808
2006-12-28,O,558,237,220,3,572
2006-12-29,A,16,266,151,0,131
2006-12-29,AB,75,59,28,1,105
2006-12-29,B,808,318,140,3,983
2006-12-29,O,572,471,258,4,781
2006-12-30,A,131,87,127,2,89
2006-12-30,AB,105,21,29,0,97
2006-12-30,B,983,87,123,7,940
2006-12-30,O,781,150,230,7,694
2006-12-31,A,89,38,127,0,0
2006-12-31,AB,97,4,24,0,77
2006-12-31,B,940,15,148,2,805
2006-12-31,O,694,26,205,2,513
2007-01-01,A,0,59,59,0,0
2007-01-01,AB,77,9,36,0,50
2007-01-01,B,805,47,135,3,714
2007-01-01,O,513,77,233,2,355
2007-01-02,A,0,129,118,0,11
2007-01-02,AB,50,45,36,1,58
2007-01-02,B,714,164,129,6,743
2007-01-02,O,355,207,199,3,360
2007-01-03,A,11,116,127,0,0
2007-01-03,AB,58,24,47,0,35
2007-01-03,B,743,100,136,4,703
2007-01-03,O,360,158,210,0,308
2007-01-04,A,0,188,139,0,49
2007-01-04,AB,35,51,34,0,52
2007-01-04,B,703,208,135,3,773
2007-01-04,O,308,342,220,4,426
2007-01-05,A,49,48,97,0,0
2007-01-05,AB,52,20,49,0,23
2007-01-05,B,773,58,139,4,688
2007-01-05,O,426,113,210,1,328
2007-01-06,A,0,125,114,0,11
2007-01-06,AB,23,44,42,0,25
2007-01-06,B,688,148,135,3,698
2007-01-06,O,328,223,208,1,342
2007-01-07,A,11,211,115,0,107
2007-01-07,AB,25,62,47,0,40
2007-01-07,B,698,238,133,4,799
2007-01-07,O,342,377,202,4,513
2007-01-08,A,107,246,125,0,228
2007-01-08,AB,40,62,51,1,50
2007-01-08,B,799,259,156,4,898
2007-01-08,O,513,381,719,0,175
2007-01-09,A,228,251,144,0,335
2007-01-09,AB,50,59,58,0,51
2007-01-09,B,898,268,147,13,1006
2007-01-09,O,175,455,245,2,383
2007-01-10,A,335,366,163,5,533
2007-01-10,AB,51,103,55,0,99
2007-01-10,B,1006,387,148,5,1240
2007-01-10,O,383,621,247,5,752
2007-01-11,A,533,293,147,4,675
2007-01-11,AB,99,93,65,1,126
2007-01-11,B,1240,305,168,5,1372
2007-01-11,O,752,504,305,4,947
2007-01-12,A,675,108,164,4,615
2007-01-12,AB,126,27,58,1,94
2007-01-12,B,1372,96,148,12,1308
2007-01-12,O,947,147,276,5,813
2007-01-13,A,615,142,143,1,613
2007-01-13,AB,94,34,48,0,80
2007-01-13,B,1308,170,164,7,1307
2007-01-13,O,813,249,248,5,809
2007-01-14,A,613,161,148,3,623
2007-01-14,AB,80,38,56,0,62
2007-01-14,B,1307,160,153,7,1307
2007-01-14,O,809,238,208,4,835
2007-01-15,A,623,204,167,4,656
2007-01-15,AB,62,51,61,0,52
2007-01-15,B,1307,193,195,6,1299
2007-01-15,O,835,278,281,5,827
2007-01-16,A,656,330,174,7,805
2007-01-16,AB,52,80,63,1,68
2007-01-16,B,1299,356,192,8,1455
2007-01-16,O,827,449,281,3,992
2007-01-17,A,805,231,176,5,855
2007-01-17,AB,68,67,75,1,59
2007-01-17,B,1455,257,161,10,1541
2007-01-17,O,992,385,279,4,1094
2007-01-18,A,855,233,175,3,910
2007-01-18,AB,59,52,61,0,50
2007-01-18,B,1541,240,182,9,1590
2007-01-18,O,1094,353,272,8,1167
2007-01-19,A,910,136,171,4,871
2007-01-19,AB,50,37,60,0,27
2007-01-19,B,1590,129,178,15,1526
2007-01-19,O,1167,218,269,8,1108
2007-01-20,A,871,108,166,6,807
2007-01-20,AB,27,31,58,0,0
2007-01-20,B,1526,149,179,8,1488
2007-01-20,O,1108,216,257,9,1058
2007-01-21,A,807,222,173,2,854
2007-01-21,AB,0,43,43,0,0
2007-01-21,B,1488,263,176,8,1567
2007-01-21,O,1058,400,304,5,1149
2007-01-22,A,854,170,173,5,846
2007-01-22,AB,0,35,35,0,0
2007-01-22,B,1567,212,168,8,1603
2007-01-22,O,1149,254,285,9,1109
2007-01-23,A,846,278,192,8,924
2007-01-23,AB,0,60,60,0,0
2007-01-23,B,1603,293,184,5,1707
2007-01-23,O,1109,443,298,7,1247
2007-01-24,A,924,292,179,6,1031
2007-01-24,AB,0,90,74,0,16
2007-01-24,B,1707,374,187,11,1883
2007-01-24,O,1247,528,306,11,1458
2007-01-25,A,1031,272,201,8,1094
2007-01-25,AB,16,79,65,2,28
2007-01-25,B,1883,346,179,16,2034
2007-01-25,O,1458,450,315,8,1585
2007-01-26,A,1094,260,193,12,1149
2007-01-26,AB,28,61,82,0,7
2007-01-26,B,2034,311,227,11,2107
2007-01-26,O,1585,352,331,11,1595
2007-01-27,A,1149,125,177,11,1086
2007-01-27,AB,7,38,45,0,0
2007-01-27,B,2107,127,218,11,2005
2007-01-27,O,1595,217,289,9,1514
2007-01-28,A,1086,244,188,4,1138
2007-01-28,AB,0,64,56,0,8
2007-01-28,B,2005,242,192,15,2040
2007-01-28,O,1514,364,264,9,1605
2007-01-29,A,1138,73,171,10,1030
2007-01-29,AB,8,11,19,0,0
2007-01-29,B,2040,76,187,11,1918
2007-01-29,O,1605,121,315,10,1401
2007-01-30,A,1030,268,200,7,1091
2007-01-30,AB,0,57,52,0,5
2007-01-30,B,1918,309,219,17,1991
2007-01-30,O,1401,407,318,10,1480
2007-01-31,A,1091,381,232,8,1232
2007-01-31,AB,5,127,58,1,73
2007-01-31,B,1991,467,233,11,2214
2007-01-31,O,1480,636,328,14,1774
2007-02-01,A,1232,494,229,8,1489
2007-02-01,AB,73,143,55,2,159
2007-02-01,B,2214,707,213,26,2682
2007-02-01,O,1774,838,349,8,2255
2007-02-02,A,1489,76,218,7,1340
2007-02-02,AB,159,18,59,0,118
2007-02-02,B,2682,65,239,17,2491
2007-02-02,O,2255,109,384,7,1973
2007-02-03,A,1340,312,190,7,1455
2007-02-03,AB,118,72,40,2,148
2007-02-03,B,2491,327,223,21,2574
2007-02-03,O,1973,462,349,19,2067
2007-02-04,A,1455,159,216,7,1391
2007-02-04,AB,148,41,54,1,134
2007-02-04,B,2574,197,247,25,2499
2007-02-04,O,2067,292,351,11,1997
2007-02-05,A,1391,127,246,11,1261
2007-02-05,AB,134,26,68,1,91
2007-02-05,B,2499,120,260,15,2344
2007-02-05,O,1997,198,359,13,1823
2007-02-06,A,1261,217,236,5,1237
2007-02-06,AB,91,61,53,0,99
2007-02-06,B,2344,275,269,17,2333
2007-02-06,O,1823,387,367,10,1833
2007-02-07,A,1237,282,243,8,1268
2007-02-07,AB,99,83,64,1,117
2007-02-07,B,2333,302,282,19,2334
2007-02-07,O,1833,457,386,11,1893
2007-02-08,A,1268,229,261,9,1227
2007-02-08,AB,117,70,55,2,130
2007-02-08,B,2334,257,220,17,2354
2007-02-08,O,1893,359,379,7,1866
2007-02-09,A,1227,271,226,8,1264
2007-02-09,AB,130,80,40,1,169
2007-02-09,B,2354,412,278,23,2465
2007-02-09,O,1866,463,364,10,1955
2007-02-10,A,1264,416,246,12,1422
2007-02-10,AB,169,127,55,1,240
2007-02-10,B,2465,591,228,27,2801
2007-02-10,O,1955,835,309,15,2466
2007-02-11,A,1422,725,218,11,1918
2007-02-11,AB,240,221,54,1,406
2007-02-11,B,2801,1008,264,51,3494
2007-02-11,O,2466,1261,350,22,3355
2007-02-12,A,1918,265,273,12,1898
2007-02-12,AB,406,81,61,1,425
2007-02-12,B,3494,272,275,49,3442
2007-02-12,O,3355,398,382,21,3350
2007-02-13,A,1898,203,260,6,1835
2007-02-13,AB,425,63,70,3,415
2007-02-13,B,3442,277,316,55,3348
2007-02-13,O,3350,343,389,29,3275
2007-02-14,A,1835,386,263,8,1950
2007-02-14,AB,415,91,76,2,428
2007-02-14,B,3348,378,323,50,3353
2007-02-14,O,3275,587,441,22,3399
2007-02-15,A,1950,243,252,10,1931
2007-02-15,AB,428,66,73,8,413
2007-02-15,B,3353,303,339,39,3278
2007-02-15,O,3399,410,424,29,3356
2007-02-16,A,1931,190,265,9,1847
2007-02-16,AB,413,34,80,2,365
2007-02-16,B,3278,181,301,33,3125
2007-02-16,O,3356,288,423,25,3196
2007-02-17,A,1847,66,225,17,1671
2007-02-17,AB,365,22,60,4,323
2007-02-17,B,3125,47,262,30,2880
2007-02-17,O,3196,86,364,20,2898
2007-02-18,A,1671,38,201,11,1497
2007-02-18,AB,323,14,55,0,282
2007-02-18,B,2880,59,244,27,2668
2007-02-18,O,2898,56,357,14,2583
2007-02-19,A,1497,56,265,8,1280
2007-02-19,AB,282,8,65,0,225
2007-02-19,B,2668,62,280,25,2425
2007-02-19,O,2583,84,388,9,2270
2007-02-20,A,1280,45,234,6,1085
2007-02-20,AB,225,22,70,1,176
2007-02-20,B,2425,60,263,19,2203
2007-02-20,O,2270,65,388,19,1928
2007-02-21,A,1085,119,235,4,965
2007-02-21,AB,176,39,58,1,156
2007-02-21,B,2203,130,268,13,2052
2007-02-21,O,1928,209,355,9,1773
2007-02-22,A,965,108,212,4,857
2007-02-22,AB,156,30,60,0,126
2007-02-22,B,2052,102,252,10,1892
2007-02-22,O,1773,216,346,5,1638
2007-02-23,A,857,112,231,5,733
2007-02-23,AB,126,20,71,0,75
2007-02-23,B,1892,98,248,9,1733
2007-02-23,O,1638,188,368,6,1452
2007-02-24,A,733,357,201,10,879
2007-02-24,AB,75,102,53,1,123
2007-02-24,B,1733,433,269,11,1886
2007-02-24,O,1452,526,320,9,1649
2007-02-25,A,879,92,204,4,763
2007-02-25,AB,123,31,62,2,90
2007-02-25,B,1886,113,255,12,1732
2007-02-25,O,1649,149,349,5,1444
2007-02-26,A,763,165,198,2,728
2007-02-26,AB,90,46,66,2,68
2007-02-26,B,1732,171,257,16,1630
2007-02-26,O,1444,261,341,8,1356
2007-02-27,A,728,171,247,5,647
2007-02-27,AB,68,38,61,0,45
2007-02-27,B,1630,170,267,9,1524
2007-02-27,O,1356,289,338,9,1298
2007-02-28,A,647,408,214,7,834
2007-02-28,AB,45,102,58,0,89
2007-02-28,B,1524,456,286,12,1682
2007-02-28,O,1298,616,370,11,1533
2007-03-01,A,834,209,200,9,834
2007-03-01,AB,89,49,73,0,65
2007-03-01,B,1682,255,272,7,1658
2007-03-01,O,1533,373,333,9,1564
2007-03-02,A,834,114,206,5,737
2007-03-02,AB,65,30,62,0,33
2007-03-02,B,1658,124,265,6,1511
2007-03-02,O,1564,172,366,10,1360
2007-03-03,A,737,73,199,6,605
2007-03-03,AB,33,21,52,0,2
2007-03-03,B,1511,65,241,11,1324
2007-03-03,O,1360,114,293,7,1174
2007-03-04,A,605,70,173,1,501
2007-03-04,AB,2,18,20,0,0
2007-03-04,B,1324,105,208,6,1215
2007-03-04,O,1174,134,290,8,1010
2007-03-05,A,501,173,223,2,449
2007-03-05,AB,0,44,44,0,0
2007-03-05,B,1215,200,258,5,1152
2007-03-05,O,1010,288,301,4,993
2007-03-06,A,449,312,201,3,557
2007-03-06,AB,0,86,64,0,22
2007-03-06,B,1152,368,240,9,1271
2007-03-06,O,993,561,305,8,1241
2007-03-07,A,557,234,228,2,561
2007-03-07,AB,22,52,66,0,8
2007-03-07,B,1271,223,238,11,1245
2007-03-07,O,1241,371,335,9,1268
2007-03-08,A,561,256,227,5,585
2007-03-08,AB,8,70,64,0,14
2007-03-08,B,1245,259,232,12,1260
2007-03-08,O,1268,409,319,6,1352
2007-03-09,A,585,194,192,1,586
2007-03-09,AB,14,51,45,0,20
2007-03-09,B,1260,239,267,5,1227
2007-03-09,O,1352,332,286,10,1388
2007-03-10,A,586,181,197,5,565
2007-03-10,AB,20,41,43,1,17
2007-03-10,B,1227,145,240,6,1126
2007-03-10,O,1388,206,274,9,1311
2007-03-11,A,565,195,182,7,571
2007-03-11,AB,17,33,50,0,0
2007-03-11,B,1126,181,355,7,945
2007-03-11,O,1311,283,266,7,1321
2007-03-12,A,571,160,203,2,526
2007-03-12,AB,0,42,37,0,5
2007-03-12,B,945,170,221,5,889
2007-03-12,O,1321,256,327,7,1243
2007-03-13,A,526,188,184,2,528
2007-03-13,AB,5,46,48,0,3
2007-03-13,B,889,192,162,6,913
2007-03-13,O,1243,296,267,2,1270
2007-03-14,A,528,209,176,3,558
2007-03-14,AB,3,55,50,0,8
2007-03-14,B,913,238,202,5,944
2007-03-14,O,1270,321,263,8,1320
2007-03-15,A,558,186,167,4,573
2007-03-15,AB,8,52,53,0,7
2007-03-15,B,944,193,189,3,945
2007-03-15,O,1320,298,258,4,1356
2007-03-16,A,573,75,142,4,502
2007-03-16,AB,7,23,30,0,0
2007-03-16,B,945,95,151,5,884
2007-03-16,O,1356,123,274,11,1194
2007-03-17,A,502,107,144,3,462
2007-03-17,AB,0,26,26,0,0
2007-03-17,B,884,103,157,6,824
2007-03-17,O,1194,165,222,6,1131
2007-03-18,A,462,217,154,2,523
2007-03-18,AB,0,49,32,0,17
2007-03-18,B,824,209,152,9,872
2007-03-18,O,1131,317,213,7,1228
2007-03-19,A,523,80,181,2,420
2007-03-19,AB,17,21,38,0,0
2007-03-19,B,872,103,176,5,794
2007-03-19,O,1228,144,253,6,1113
2007-03-20,A,420,110,141,0,389
2007-03-20,AB,0,17,17,0,0
2007-03-20,B,794,106,158,5,737
2007-03-20,O,1113,168,245,5,1031
2007-03-21,A,389,176,172,2,391
2007-03-21,AB,0,49,49,0,0
2007-03-21,B,737,166,181,8,714
2007-03-21,O,1031,305,264,5,1067
2007-03-22,A,391,326,148,1,568
2007-03-22,AB,0,75,32,0,43
2007-03-22,B,714,338,161,5,886
2007-03-22,O,1067,470,256,5,1276
2007-03-23,A,568,197,175,3,587
2007-03-23,AB,43,61,45,1,58
2007-03-23,B,886,216,169,6,927
2007-03-23,O,1276,288,241,11,1312
2007-03-24,A,587,239,151,2,673
2007-03-24,AB,58,67,27,1,97
2007-03-24,B,927,244,184,11,976
2007-03-24,O,1312,354,251,10,1405
2007-03-25,A,673,351,136,10,878
2007-03-25,AB,97,84,36,0,145
2007-03-25,B,976,358,185,11,1138
2007-03-25,O,1405,572,283,13,1681
2007-03-26,A,878,117,167,6,822
2007-03-26,AB,145,39,48,0,136
2007-03-26,B,1138,147,168,2,1115
2007-03-26,O,1681,219,280,8,1612
2007-03-27,A,822,234,155,3,898
2007-03-27,AB,136,50,40,0,146
2007-03-27,B,1115,245,181,9,1170
2007-03-27,O,1612,390,279,14,1709
2007-03-28,A,898,343,168,6,1067
2007-03-28,AB,146,95,46,1,194
2007-03-28,B,1170,360,183,17,1330
2007-03-28,O,1709,509,251,12,1955
2007-03-29,A,1067,314,162,5,1214
2007-03-29,AB,194,70,48,1,215
2007-03-29,B,1330,315,201,12,1432
2007-03-29,O,1955,489,277,10,2157
2007-03-30,A,1214,211,155,4,1266
2007-03-30,AB,215,47,41,1,220
2007-03-30,B,1432,215,180,8,1459
2007-03-30,O,2157,332,279,15,2195
2007-03-31,A,1266,59,140,7,1178
2007-03-31,AB,220,17,32,1,204
2007-03-31,B,1459,71,146,6,1378
2007-03-31,O,2195,115,253,15,2042
2007-04-01,A,1178,134,138,7,1167
2007-04-01,AB,204,26,47,1,182
2007-04-01,B,1378,170,169,9,1370
2007-04-01,O,2042,227,253,9,2007
2007-04-02,A,1167,53,162,9,1049
2007-04-02,AB,182,18,33,1,166
2007-04-02,B,1370,67,178,2,1257
2007-04-02,O,2007,102,253,9,1847
2007-04-03,A,1049,168,163,7,1047
2007-04-03,AB,166,49,43,3,169
2007-04-03,B,1257,187,145,17,1282
2007-04-03,O,1847,302,265,8,1876
2007-04-04,A,1047,247,196,6,1092
2007-04-04,AB,169,56,56,2,167
2007-04-04,B,1282,221,185,5,1313
2007-04-04,O,1876,377,272,12,1969
2007-04-05,A,1092,240,165,8,1159
2007-04-05,AB,167,62,38,1,190
2007-04-05,B,1313,286,175,7,1417
2007-04-05,O,1969,394,291,8,2064
2007-04-06,A,1159,126,166,8,1111
2007-04-06,AB,190,26,55,1,160
2007-04-06,B,1417,131,193,7,1348
2007-04-06,O,2064,199,254,12,1997
2007-04-07,A,1111,223,149,8,1177
2007-04-07,AB,160,62,34,1,187
2007-04-07,B,1348,236,149,15,1420
2007-04-07,O,1997,334,235,7,2089
2007-04-08,A,1177,278,146,7,1302
2007-04-08,AB,187,86,35,5,233
2007-04-08,B,1420,317,156,11,1570
2007-04-08,O,2089,495,223,13,2348
2007-04-09,A,1302,107,172,9,1228
2007-04-09,AB,233,36,43,1,225
2007-04-09,B,1570,91,168,9,1484
2007-04-09,O,2348,147,268,18,2209
2007-04-10,A,1228,194,158,5,1259
2007-04-10,AB,225,68,48,0,245
2007-04-10,B,1484,255,188,12,1539
2007-04-10,O,2209,304,269,20,2224
2007-04-11,A,1259,102,163,8,1190
2007-04-11,AB,245,23,55,1,212
2007-04-11,B,1539,98,178,12,1447
2007-04-11,O,2224,154,235,7,2136
2007-04-12,A,1190,120,170,5,1135
2007-04-12,AB,212,34,39,2,205
2007-04-12,B,1447,129,152,14,1410
2007-04-12,O,2136,223,248,10,2101
2007-04-13,A,1135,113,172,5,1071
2007-04-13,AB,205,38,44,2,197
2007-04-13,B,1410,120,180,6,1344
2007-04-13,O,2101,191,271,15,2006
2007-04-14,A,1071,153,143,13,1068
2007-04-14,AB,197,34,32,2,197
2007-04-14,B,1344,154,168,10,1320
2007-04-14,O,2006,240,233,5,2008
2007-04-15,A,1068,218,149,7,1130
2007-04-15,AB,197,52,36,1,212
2007-04-15,B,1320,207,184,12,1331
2007-04-15,O,2008,410,208,15,2195
2007-04-16,A,1130,75,174,8,1023
2007-04-16,AB,212,19,51,1,179
2007-04-16,B,1331,88,178,8,1233
2007-04-16,O,2195,148,254,15,2074
2007-04-17,A,1023,205,171,8,1049
2007-04-17,AB,179,45,41,0,183
2007-04-17,B,1233,189,196,4,1222
2007-04-17,O,2074,313,280,11,2096
2007-04-18,A,1049,204,418,7,828
2007-04-18,AB,183,58,47,1,193
2007-04-18,B,1222,250,177,9,1286
2007-04-18,O,2096,343,254,13,2172
2007-04-19,A,828,247,176,5,894
2007-04-19,AB,193,56,53,2,194
2007-04-19,B,1286,257,174,11,1358
2007-04-19,O,2172,420,287,21,2284
2007-04-20,A,894,79,171,7,795
2007-04-20,AB,194,20,45,0,169
2007-04-20,B,1358,88,191,3,1252
2007-04-20,O,2284,119,274,17,2112
2007-04-21,A,795,109,145,2,757
2007-04-21,AB,169,30,46,0,153
2007-04-21,B,1252,105,158,4,1195
2007-04-21,O,2112,214,236,18,2072
2007-04-22,A,757,358,145,5,965
2007-04-22,AB,153,91,30,0,214
2007-04-22,B,1195,374,158,6,1405
2007-04-22,O,2072,568,218,7,2415
2007-04-23,A,965,124,161,2,926
2007-04-23,AB,214,29,47,1,195
2007-04-23,B,1405,125,143,4,1383
2007-04-23,O,2415,220,243,11,2381
2007-04-24,A,926,124,186,5,859
2007-04-24,AB,195,36,45,1,185
2007-04-24,B,1383,143,166,4,1356
2007-04-24,O,2381,164,275,14,2256
2007-04-25,A,859,282,163,4,974
2007-04-25,AB,185,82,39,2,226
2007-04-25,B,1356,306,178,8,1476
2007-04-25,O,2256,432,253,15,2420
2007-04-26,A,974,9,157,4,822
2007-04-26,AB,226,1,43,0,184
2007-04-26,B,1476,18,168,9,1317
2007-04-26,O,2420,19,252,13,2174
2007-04-27,A,822,83,142,6,757
2007-04-27,AB,184,21,47,0,158
2007-04-27,B,1317,82,160,12,1227
2007-04-27,O,2174,127,237,8,2056
2007-04-28,A,757,165,109,2,811
2007-04-28,AB,158,57,39,0,176
2007-04-28,B,1227,193,134,13,1273
2007-04-28,O,2056,288,216,14,2114
2007-04-29,A,811,381,134,3,1055
2007-04-29,AB,176,91,37,1,229
2007-04-29,B,1273,400,146,9,1518
2007-04-29,O,2114,695,239,20,2550
2007-04-30,A,1055,132,377,8,802
2007-04-30,AB,229,21,35,1,214
2007-04-30,B,1518,136,165,17,1472
2007-04-30,O,2550,217,243,17,2507
2007-05-01,A,802,442,170,8,1066
2007-05-01,AB,214,130,39,2,303
2007-05-01,B,1472,473,159,13,1773
2007-05-01,O,2507,728,289,19,2927
2007-05-02,A,1066,5,155,4,912
2007-05-02,AB,303,1,53,1,250
2007-05-02,B,1773,9,147,11,1624
2007-05-02,O,2927,4,276,16,2639
2007-05-03,A,912,75,155,3,829
2007-05-03,AB,250,17,40,1,226
2007-05-03,B,1624,103,164,13,1550
2007-05-03,O,2639,109,263,18,2467
2007-05-04,A,829,119,161,6,781
2007-05-04,AB,226,29,30,0,225
2007-05-04,B,1550,115,153,8,1504
2007-05-04,O,2467,170,249,14,2374
2007-05-05,A,781,209,148,3,839
2007-05-05,AB,225,57,50,2,230
2007-05-05,B,1504,225,145,11,1573
2007-05-05,O,2374,324,231,20,2447
2007-05-06,A,839,189,122,10,896
2007-05-06,AB,230,43,37,4,232
2007-05-06,B,1573,201,156,10,1608
2007-05-06,O,2447,345,243,16,2533
2007-05-07,A,896,104,138,7,855
2007-05-07,AB,232,30,40,2,220
2007-05-07,B,1608,121,175,10,1544
2007-05-07,O,2533,166,262,16,2421
2007-05-08,A,855,118,144,7,822
2007-05-08,AB,220,37,55,0,202
2007-05-08,B,1544,146,160,8,1522
2007-05-08,O,2421,199,232,20,2368
2007-05-09,A,822,224,138,6,902
2007-05-09,AB,202,58,41,0,219
2007-05-09,B,1522,229,183,13,1555
2007-05-09,O,2368,362,267,18,2445
2007-05-10,A,902,305,156,4,1047
2007-05-10,AB,219,80,45,0,254
2007-05-10,B,1555,337,155,5,1732
2007-05-10,O,2445,440,245,6,2634
2007-05-11,A,1047,74,143,4,974
2007-05-11,AB,254,18,45,0,227
2007-05-11,B,1732,114,181,14,1651
2007-05-11,O,2634,127,238,9,2514
2007-05-12,A,974,105,132,7,940
2007-05-12,AB,227,50,38,1,238
2007-05-12,B,1651,150,165,12,1624
2007-05-12,O,2514,237,241,11,2499
2007-05-13,A,940,480,143,6,1271
2007-05-13,AB,238,99,39,0,298
2007-05-13,B,1624,411,191,15,1829
2007-05-13,O,2499,715,235,16,2963
2007-05-14,A,1271,157,151,7,1270
2007-05-14,AB,298,35,41,1,291
2007-05-14,B,1829,155,161,8,1815
2007-05-14,O,2963,253,269,15,2932
2007-05-15,A,1270,180,148,11,1291
2007-05-15,AB,291,42,42,0,291
2007-05-15,B,1815,184,173,12,1814
2007-05-15,O,2932,259,270,21,2900
2007-05-16,A,1291,108,164,9,1226
2007-05-16,AB,291,26,49,1,267
2007-05-16,B,1814,131,227,9,1709
2007-05-16,O,2900,179,311,18,2750
2007-05-17,A,1226,152,144,10,1224
2007-05-17,AB,267,40,51,4,252
2007-05-17,B,1709,172,170,6,1705
2007-05-17,O,2750,224,302,19,2653
2007-05-18,A,1224,136,151,9,1200
2007-05-18,AB,252,31,50,5,228
2007-05-18,B,1705,125,168,12,1650
2007-05-18,O,2653,228,254,25,2602
2007-05-19,A,1200,193,117,10,1266
2007-05-19,AB,228,52,39,2,239
2007-05-19,B,1650,213,147,9,1707
2007-05-19,O,2602,355,246,20,2691
2007-05-20,A,1266,242,133,7,1368
2007-05-20,AB,239,78,37,0,280
2007-05-20,B,1707,265,174,20,1778
2007-05-20,O,2691,420,275,14,2822
2007-05-21,A,1368,92,163,6,1291
2007-05-21,AB,280,32,39,1,272
2007-05-21,B,1778,118,197,7,1692
2007-05-21,O,2822,200,282,18,2722
2007-05-22,A,1291,121,153,7,1252
2007-05-22,AB,272,28,41,0,259
2007-05-22,B,1692,135,161,9,1657
2007-05-22,O,2722,190,269,22,2621
2007-05-23,A,1252,179,162,11,1258
2007-05-23,AB,259,57,40,1,275
2007-05-23,B,1657,210,168,9,1690
2007-05-23,O,2621,303,263,14,2647
2007-05-24,A,1258,157,160,7,1248
2007-05-24,AB,275,36,50,2,259
2007-05-24,B,1690,148,165,9,1664
2007-05-24,O,2647,272,266,10,2643
2007-05-25,A,1248,198,171,5,1270
2007-05-25,AB,259,72,36,0,295
2007-05-25,B,1664,259,165,12,1746
2007-05-25,O,2643,325,257,14,2697
2007-05-26,A,1270,183,142,7,1304
2007-05-26,AB,295,56,48,4,299
2007-05-26,B,1746,184,163,13,1754
2007-05-26,O,2697,214,284,11,2616
2007-05-27,A,1304,150,154,9,1291
2007-05-27,AB,299,49,45,1,302
2007-05-27,B,1754,171,148,11,1766
2007-05-27,O,2616,244,224,15,2621
2007-05-28,A,1291,103,162,6,1226
2007-05-28,AB,302,19,44,2,275
2007-05-28,B,1766,115,173,11,1697
2007-05-28,O,2621,160,264,17,2500
2007-05-29,A,1226,123,154,3,1192
2007-05-29,AB,275,34,43,1,265
2007-05-29,B,1697,122,143,15,1661
2007-05-29,O,2500,190,234,11,2445
2007-05-30,A,1192,101,140,7,1146
2007-05-30,AB,265,26,38,1,252
2007-05-30,B,1661,116,141,14,1622
2007-05-30,O,2445,180,253,13,2359
2007-05-31,A,1146,189,150,11,1174
2007-05-31,AB,252,48,25,0,275
2007-05-31,B,1622,200,156,6,1660
2007-05-31,O,2359,299,609,10,2039
2007-06-01,A,1174,130,148,3,1153
2007-06-01,AB,275,28,43,1,259
2007-06-01,B,1660,107,167,8,1592
2007-06-01,O,2039,172,250,11,1950
2007-06-02,A,1153,95,145,8,1095
2007-06-02,AB,259,36,43,2,250
2007-06-02,B,1592,140,142,6,1584
2007-06-02,O,1950,188,219,13,1906
2007-06-03,A,1095,177,118,8,1146
2007-06-03,AB,250,49,29,2,268
2007-06-03,B,1584,166,154,10,1586
2007-06-03,O,1906,260,212,18,1936
2007-06-04,A,1146,68,142,4,1068
2007-06-04,AB,268,21,34,1,254
2007-06-04,B,1586,122,169,3,1536
2007-06-04,O,1936,170,234,8,1864
2007-06-05,A,1068,159,150,4,1073
2007-06-05,AB,254,42,28,4,264
2007-06-05,B,1536,180,171,11,1534
2007-06-05,O,1864,267,245,16,1870
2007-06-06,A,1073,172,148,8,1089
2007-06-06,AB,264,49,39,2,272
2007-06-06,B,1534,184,151,8,1559
2007-06-06,O,1870,348,242,12,1964
2007-06-07,A,1089,266,179,4,1172
2007-06-07,AB,272,75,35,3,309
2007-06-07,B,1559,267,152,4,1670
2007-06-07,O,1964,443,241,12,2154
2007-06-08,A,1172,193,153,11,1201
2007-06-08,AB,309,49,38,1,319
2007-06-08,B,1670,230,185,9,1706
2007-06-08,O,2154,318,250,12,2210
2007-06-09,A,1201,153,147,5,1202
2007-06-09,AB,319,44,30,3,330
2007-06-09,B,1706,182,143,10,1735
2007-06-09,O,2210,243,208,11,2234
2007-06-10,A,1202,384,133,7,1446
2007-06-10,AB,330,99,43,2,384
2007-06-10,B,1735,401,174,10,1952
2007-06-10,O,2234,593,211,16,2600
2007-06-11,A,1446,135,163,7,1411
2007-06-11,AB,384,38,41,0,381
2007-06-11,B,1952,156,191,12,1905
2007-06-11,O,2600,229,250,13,2566
2007-06-12,A,1411,133,162,8,1374
2007-06-12,AB,381,41,41,1,380
2007-06-12,B,1905,170,173,12,1890
2007-06-12,O,2566,231,266,16,2515
2007-06-13,A,1374,219,159,16,1418
2007-06-13,AB,380,66,52,2,392
2007-06-13,B,1890,251,153,9,1979
2007-06-13,O,2515,343,255,13,2590
2007-06-14,A,1418,140,157,8,1393
2007-06-14,AB,392,31,48,1,374
2007-06-14,B,1979,172,191,11,1949
2007-06-14,O,2590,229,235,18,2566
2007-06-15,A,1393,139,153,8,1371
2007-06-15,AB,374,47,49,0,372
2007-06-15,B,1949,162,157,15,1939
2007-06-15,O,2566,262,231,12,2585
2007-06-16,A,1371,150,145,10,1366
2007-06-16,AB,372,35,28,6,373
2007-06-16,B,1939,168,147,16,1944
2007-06-16,O,2585,261,239,16,2591
2007-06-17,A,1366,339,153,3,1549
2007-06-17,AB,373,86,43,2,414
2007-06-17,B,1944,327,163,16,2092
2007-06-17,O,2591,555,208,18,2920
2007-06-18,A,1549,113,162,9,1491
2007-06-18,AB,414,40,32,4,418
2007-06-18,B,2092,141,184,17,2032
2007-06-18,O,2920,189,249,19,2841
2007-06-19,A,1491,98,133,6,1450
2007-06-19,AB,418,19,37,0,400
2007-06-19,B,2032,122,185,14,1955
2007-06-19,O,2841,182,225,20,2778
2007-06-20,A,1450,204,125,13,1516
2007-06-20,AB,400,48,41,6,401
2007-06-20,B,1955,243,216,12,1970
2007-06-20,O,2778,305,262,17,2804
2007-06-21,A,1516,184,150,7,1543
2007-06-21,AB,401,44,38,1,406
2007-06-21,B,1970,178,159,13,1976
2007-06-21,O,2804,321,258,20,2847
2007-06-22,A,1543,137,129,13,1538
2007-06-22,AB,406,61,35,4,428
2007-06-22,B,1976,155,172,16,1943
2007-06-22,O,2847,226,231,22,2820
2007-06-23,A,1538,183,128,10,1583
2007-06-23,AB,428,49,31,0,446
2007-06-23,B,1943,166,162,12,1935
2007-06-23,O,2820,297,228,16,2873
2007-06-24,A,1583,240,140,11,1672
2007-06-24,AB,446,58,44,4,456
2007-06-24,B,1935,287,195,17,2010
2007-06-24,O,2873,433,262,19,3025
2007-06-25,A,1672,92,146,4,1614
2007-06-25,AB,456,29,37,3,445
2007-06-25,B,2010,106,186,13,1917
2007-06-25,O,3025,179,244,13,2947
2007-06-26,A,1614,137,145,8,1598
2007-06-26,AB,445,40,39,4,442
2007-06-26,B,1917,181,178,11,1909
2007-06-26,O,2947,240,225,10,2952
2007-06-27,A,1598,150,131,8,1609
2007-06-27,AB,442,46,34,4,450
2007-06-27,B,1909,181,169,11,1910
2007-06-27,O,2952,271,257,17,2949
2007-06-28,A,1609,140,123,13,1613
2007-06-28,AB,450,36,32,3,451
2007-06-28,B,1910,165,160,7,1908
2007-06-28,O,2949,236,251,19,2915
2007-06-29,A,1613,110,143,10,1570
2007-06-29,AB,451,30,34,1,446
2007-06-29,B,1908,105,204,11,1798
2007-06-29,O,2915,153,305,13,2750
2007-06-30,A,1570,80,132,10,1508
2007-06-30,AB,446,23,41,4,424
2007-06-30,B,1798,92,144,14,1732
2007-06-30,O,2750,141,258,21,2612
2007-07-01,A,1508,219,118,7,1602
2007-07-01,AB,424,51,106,5,364
2007-07-01,B,1732,252,185,7,1792
2007-07-01,O,2612,363,261,11,2703
2007-07-02,A,1602,122,157,5,1562
2007-07-02,AB,364,39,49,1,353
2007-07-02,B,1792,148,198,12,1730
2007-07-02,O,2703,190,274,16,2603
2007-07-03,A,1562,116,148,8,1522
2007-07-03,AB,353,23,46,3,327
2007-07-03,B,1730,119,180,6,1663
2007-07-03,O,2603,204,279,18,2510
2007-07-04,A,1522,231,162,8,1583
2007-07-04,AB,327,58,44,5,336
2007-07-04,B,1663,235,205,16,1677
2007-07-04,O,2510,345,303,13,2539
2007-07-05,A,1583,174,148,10,1599
2007-07-05,AB,336,56,46,3,343
2007-07-05,B,1677,184,226,9,1626
2007-07-05,O,2539,297,269,19,2548
2007-07-06,A,1599,320,165,12,1742
2007-07-06,AB,343,73,47,2,367
2007-07-06,B,1626,340,209,11,1746
2007-07-06,O,2548,492,298,16,2726
2007-07-07,A,1742,333,138,12,1925
2007-07-07,AB,367,84,35,3,413
2007-07-07,B,1746,355,168,8,1925
2007-07-07,O,2726,539,267,15,2983
2007-07-08,A,1925,290,144,11,2060
2007-07-08,AB,413,69,37,0,445
2007-07-08,B,1925,363,180,13,2095
2007-07-08,O,2983,535,311,18,3189
2007-07-09,A,2060,126,127,16,2043
2007-07-09,AB,445,26,39,2,430
2007-07-09,B,2095,159,199,16,2039
2007-07-09,O,3189,227,306,20,3090
2007-07-10,A,2043,314,166,13,2178
2007-07-10,AB,430,68,38,2,458
2007-07-10,B,2039,298,195,17,2125
2007-07-10,O,3090,455,311,19,3215
2007-07-11,A,2178,332,169,15,2326
2007-07-11,AB,458,92,55,5,490
2007-07-11,B,2125,344,237,15,2217
2007-07-11,O,3215,564,310,29,3440
2007-07-12,A,2326,327,175,20,2458
2007-07-12,AB,490,101,45,5,541
2007-07-12,B,2217,383,223,21,2356
2007-07-12,O,3440,563,314,30,3659
2007-07-13,A,2458,283,160,25,2556
2007-07-13,AB,541,67,48,3,557
2007-07-13,B,2356,287,191,24,2428
2007-07-13,O,3659,527,316,33,3837
2007-07-14,A,2556,161,170,24,2523
2007-07-14,AB,557,37,36,7,551
2007-07-14,B,2428,161,207,15,2367
2007-07-14,O,3837,248,295,26,3764
2007-07-15,A,2523,223,155,25,2566
2007-07-15,AB,551,51,37,4,561
2007-07-15,B,2367,240,190,23,2394
2007-07-15,O,3764,376,294,29,3817
2007-07-16,A,2566,98,155,21,2488
2007-07-16,AB,561,35,43,5,548
2007-07-16,B,2394,128,216,16,2290
2007-07-16,O,3817,202,326,26,3667
2007-07-17,A,2488,344,178,34,2620
2007-07-17,AB,548,90,38,5,595
2007-07-17,B,2290,369,226,23,2410
2007-07-17,O,3667,513,315,27,3838
2007-07-18,A,2620,194,202,27,2585
2007-07-18,AB,595,55,43,2,605
2007-07-18,B,2410,209,230,18,2371
2007-07-18,O,3838,343,317,37,3827
2007-07-19,A,2585,223,186,28,2594
2007-07-19,AB,605,51,50,5,601
2007-07-19,B,2371,278,230,16,2403
2007-07-19,O,3827,392,350,31,3838
2007-07-20,A,2594,163,182,34,2541
2007-07-20,AB,601,55,55,5,596
2007-07-20,B,2403,182,268,23,2294
2007-07-20,O,3838,279,390,31,3696
2007-07-21,A,2541,224,154,22,2589
2007-07-21,AB,596,67,53,7,603
2007-07-21,B,2294,247,195,22,2324
2007-07-21,O,3696,382,296,38,3744
2007-07-22,A,2589,216,169,28,2608
2007-07-22,AB,603,59,42,13,607
2007-07-22,B,2324,258,206,15,2361
2007-07-22,O,3744,375,318,35,3766
2007-07-23,A,2608,151,188,24,2547
2007-07-23,AB,607,48,59,5,591
2007-07-23,B,2361,181,226,19,2297
2007-07-23,O,3766,285,402,23,3626
2007-07-24,A,2547,306,187,26,2640
2007-07-24,AB,591,73,59,7,598
2007-07-24,B,2297,331,238,19,2371
2007-07-24,O,3626,497,981,18,3124
2007-07-25,A,2640,196,167,26,2643
2007-07-25,AB,598,55,56,9,588
2007-07-25,B,2371,226,226,19,2352
2007-07-25,O,3124,354,377,22,3079
2007-07-26,A,2643,330,188,28,2757
2007-07-26,AB,588,87,58,5,612
2007-07-26,B,2352,321,262,18,2393
2007-07-26,O,3079,496,362,18,3195
2007-07-27,A,2757,158,212,31,2672
2007-07-27,AB,612,37,63,5,581
2007-07-27,B,2393,206,227,18,2354
2007-07-27,O,3195,256,403,19,3029
2007-07-28,A,2672,315,179,35,2773
2007-07-28,AB,581,85,62,4,600
2007-07-28,B,2354,374,234,19,2475
2007-07-28,O,3029,547,371,22,3183
2007-07-29,A,2773,164,169,25,2743
2007-07-29,AB,600,37,58,4,575
2007-07-29,B,2475,203,242,18,2418
2007-07-29,O,3183,245,399,16,3013
2007-07-30,A,2743,128,200,36,2635
2007-07-30,AB,575,30,49,4,552
2007-07-30,B,2418,138,228,16,2312
2007-07-30,O,3013,203,430,16,2770
2007-07-31,A,2635,161,225,23,2548
2007-07-31,AB,552,57,57,7,545
2007-07-31,B,2312,236,257,22,2269
2007-07-31,O,2770,313,428,18,2637
2007-08-01,A,2548,254,180,26,2596
2007-08-01,AB,545,71,52,6,558
2007-08-01,B,2269,267,285,15,2236
2007-08-01,O,2637,395,373,13,2646
2007-08-02,A,2596,204,229,26,2545
2007-08-02,AB,558,54,56,3,553
2007-08-02,B,2236,214,262,13,2175
2007-08-02,O,2646,300,405,14,2527
2007-08-03,A,2545,115,243,20,2397
2007-08-03,AB,553,32,53,3,529
2007-08-03,B,2175,121,290,5,2001
2007-08-03,O,2527,191,380,11,2327
2007-08-04,A,2397,245,201,23,2418
2007-08-04,AB,529,51,37,6,537
2007-08-04,B,2001,279,279,10,1991
2007-08-04,O,2327,429,355,20,2381
2007-08-05,A,2418,321,219,14,2506
2007-08-05,AB,537,88,43,2,580
2007-08-05,B,1991,300,276,6,2009
2007-08-05,O,2381,454,386,14,2435
2007-08-06,A,2506,114,227,19,2374
2007-08-06,AB,580,23,66,2,535
2007-08-06,B,2009,130,266,15,1858
2007-08-06,O,2435,207,379,16,2247
2007-08-07,A,2374,268,213,25,2404
2007-08-07,AB,535,69,61,7,536
2007-08-07,B,1858,307,246,15,1904
2007-08-07,O,2247,453,362,10,2328
2007-08-08,A,2404,187,213,22,2356
2007-08-08,AB,536,52,47,4,537
2007-08-08,B,1904,209,281,17,1815
2007-08-08,O,2328,298,405,13,2208
2007-08-09,A,2356,197,247,16,2290
2007-08-09,AB,537,58,48,6,541
2007-08-09,B,1815,234,287,14,1748
2007-08-09,O,2208,328,400,10,2126
2007-08-10,A,2290,118,226,14,2168
2007-08-10,AB,541,42,64,7,512
2007-08-10,B,1748,139,276,6,1605
2007-08-10,O,2126,201,352,7,1968
2007-08-11,A,2168,175,189,15,2139
2007-08-11,AB,512,53,44,6,515
2007-08-11,B,1605,209,220,8,1586
2007-08-11,O,1968,311,342,11,1926
2007-08-12,A,2139,321,230,16,2214
2007-08-12,AB,515,78,51,2,540
2007-08-12,B,1586,286,255,7,1610
2007-08-12,O,1926,510,315,11,2110
2007-08-13,A,2214,105,218,14,2087
2007-08-13,AB,540,31,58,4,509
2007-08-13,B,1610,128,265,7,1466
2007-08-13,O,2110,209,388,9,1922
2007-08-14,A,2087,159,206,20,2020
2007-08-14,AB,509,54,41,6,516
2007-08-14,B,1466,187,266,9,1378
2007-08-14,O,1922,276,340,12,1846
2007-08-15,A,2020,270,214,10,2066
2007-08-15,AB,516,68,43,6,535
2007-08-15,B,1378,308,281,13,1392
2007-08-15,O,1846,436,344,14,1924
2007-08-16,A,2066,244,229,16,2065
2007-08-16,AB,535,80,59,6,550
2007-08-16,B,1392,322,246,9,1459
2007-08-16,O,1924,451,352,10,2013
2007-08-17,A,2065,175,199,13,2028
2007-08-17,AB,550,51,56,1,544
2007-08-17,B,1459,174,244,13,1376
2007-08-17,O,2013,323,346,11,1979
2007-08-18,A,2028,213,204,20,2017
2007-08-18,AB,544,64,51,4,553
2007-08-18,B,1376,274,237,6,1407
2007-08-18,O,1979,378,325,12,2020
2007-08-19,A,2017,276,219,17,2057
2007-08-19,AB,553,56,51,4,554
2007-08-19,B,1407,266,236,7,1430
2007-08-19,O,2020,443,335,12,2116
2007-08-20,A,2057,130,216,13,1958
2007-08-20,AB,554,42,54,7,535
2007-08-20,B,1430,137,270,7,1290
2007-08-20,O,2116,211,350,15,1962
2007-08-21,A,1958,360,212,10,2096
2007-08-21,AB,535,105,59,9,572
2007-08-21,B,1290,379,245,7,1417
2007-08-21,O,1962,568,385,15,2130
2007-08-22,A,2096,298,239,16,2139
2007-08-22,AB,572,69,53,4,584
2007-08-22,B,1417,346,249,12,1502
2007-08-22,O,2130,567,364,13,2320
2007-08-23,A,2139,294,222,20,2191
2007-08-23,AB,584,63,42,9,596
2007-08-23,B,1502,270,264,7,1501
2007-08-23,O,2320,355,366,15,2294
2007-08-24,A,2191,134,233,14,2078
2007-08-24,AB,596,51,56,5,586
2007-08-24,B,1501,175,265,11,1400
2007-08-24,O,2294,222,367,13,2136
2007-08-25,A,2078,160,212,17,2009
2007-08-25,AB,586,48,59,3,572
2007-08-25,B,1400,207,197,5,1405
2007-08-25,O,2136,274,355,15,2040
2007-08-26,A,2009,340,217,19,2113
2007-08-26,AB,572,93,43,5,617
2007-08-26,B,1405,353,236,10,1512
2007-08-26,O,2040,564,333,6,2265
2007-08-27,A,2113,78,209,12,1970
2007-08-27,AB,617,26,65,5,573
2007-08-27,B,1512,88,241,6,1353
2007-08-27,O,2265,177,337,15,2090
2007-08-28,A,1970,253,218,21,1984
2007-08-28,AB,573,69,60,3,579
2007-08-28,B,1353,294,198,10,1439
2007-08-28,O,2090,390,359,12,2109
2007-08-29,A,1984,271,218,16,2021
2007-08-29,AB,579,76,60,6,589
2007-08-29,B,1439,290,265,5,1459
2007-08-29,O,2109,496,402,15,2188
2007-08-30,A,2021,161,248,13,1921
2007-08-30,AB,589,47,67,5,564
2007-08-30,B,1459,163,246,8,1368
2007-08-30,O,2188,220,379,7,2022
2007-08-31,A,1921,202,233,12,1878
2007-08-31,AB,564,48,68,3,541
2007-08-31,B,1368,219,246,8,1333
2007-08-31,O,2022,292,356,9,1949
2007-09-01,A,1878,104,178,8,1796
2007-09-01,AB,541,12,59,1,493
2007-09-01,B,1333,103,241,3,1192
2007-09-01,O,1949,157,326,10,1770
2007-09-02,A,1796,292,223,7,1858
2007-09-02,AB,493,79,65,6,501
2007-09-02,B,1192,284,240,13,1223
2007-09-02,O,1770,507,372,10,1895
2007-09-03,A,1858,137,246,10,1739
2007-09-03,AB,501,45,78,3,465
2007-09-03,B,1223,140,273,8,1082
2007-09-03,O,1895,201,376,15,1705
2007-09-04,A,1739,294,247,14,1772
2007-09-04,AB,465,80,56,2,487
2007-09-04,B,1082,359,274,6,1161
2007-09-04,O,1705,513,378,9,1831
2007-09-05,A,1772,287,248,15,1796
2007-09-05,AB,487,72,70,2,487
2007-09-05,B,1161,295,307,8,1141
2007-09-05,O,1831,421,438,13,1801
2007-09-06,A,1796,272,228,14,1826
2007-09-06,AB,487,88,69,0,506
2007-09-06,B,1141,311,268,9,1175
2007-09-06,O,1801,488,384,14,1891
2007-09-07,A,1826,283,222,10,1877
2007-09-07,AB,506,65,68,3,500
2007-09-07,B,1175,320,284,10,1201
2007-09-07,O,1891,433,411,10,1903
2007-09-08,A,1877,389,239,16,2011
2007-09-08,AB,500,115,77,8,530
2007-09-08,B,1201,493,270,11,1413
2007-09-08,O,1903,686,378,14,2197
2007-09-09,A,2011,416,291,17,2119
2007-09-09,AB,530,94,63,4,557
2007-09-09,B,1413,419,278,11,1543
2007-09-09,O,2197,652,418,13,2418
2007-09-10,A,2119,299,222,19,2177
2007-09-10,AB,557,80,70,4,563
2007-09-10,B,1543,311,292,8,1554
2007-09-10,O,2418,491,448,21,2440
2007-09-11,A,2177,360,245,24,2268
2007-09-11,AB,563,96,68,2,589
2007-09-11,B,1554,404,350,4,1604
2007-09-11,O,2440,577,464,13,2540
2007-09-12,A,2268,248,264,17,2235
2007-09-12,AB,589,60,66,7,576
2007-09-12,B,1604,242,287,8,1551
2007-09-12,O,2540,383,435,14,2474
2007-09-13,A,2235,39,257,17,2000
2007-09-13,AB,576,10,80,2,504
2007-09-13,B,1551,37,330,4,1254
2007-09-13,O,2474,66,443,13,2084
2007-09-14,A,2000,44,272,19,1753
2007-09-14,AB,504,23,87,2,438
2007-09-14,B,1254,38,317,7,968
2007-09-14,O,2084,57,421,14,1706
2007-09-15,A,1753,76,236,12,1581
2007-09-15,AB,438,13,52,3,396
2007-09-15,B,968,66,299,3,732
2007-09-15,O,1706,114,399,5,1416
2007-09-16,A,1581,293,260,6,1608
2007-09-16,AB,396,56,50,2,400
2007-09-16,B,732,284,260,6,750
2007-09-16,O,1416,462,372,11,1495
2007-09-17,A,1608,44,280,5,1367
2007-09-17,AB,400,12,58,1,353
2007-09-17,B,750,63,254,3,556
2007-09-17,O,1495,77,410,9,1153
2007-09-18,A,1367,73,252,10,1178
2007-09-18,AB,353,24,80,0,297
2007-09-18,B,556,75,269,3,359
2007-09-18,O,1153,131,403,5,876
2007-09-19,A,1178,99,273,7,997
2007-09-19,AB,297,17,68,1,245
2007-09-19,B,359,98,268,1,188
2007-09-19,O,876,185,428,1,632
2007-09-20,A,997,86,250,9,824
2007-09-20,AB,245,15,62,2,196
2007-09-20,B,188,107,237,0,58
2007-09-20,O,632,155,394,2,391
2007-09-21,A,824,87,230,2,679
2007-09-21,AB,196,19,86,0,129
2007-09-21,B,58,83,141,0,0
2007-09-21,O,391,159,344,0,206
2007-09-22,A,679,67,234,3,509
2007-09-22,AB,129,14,40,1,102
2007-09-22,B,0,55,55,0,0
2007-09-22,O,206,104,310,0,0
2007-09-23,A,509,383,224,3,665
2007-09-23,AB,102,67,59,1,109
2007-09-23,B,0,376,219,0,157
2007-09-23,O,0,621,360,2,259
2007-09-24,A,665,70,240,3,492
2007-09-24,AB,109,24,64,0,69
2007-09-24,B,157,80,222,0,15
2007-09-24,O,259,125,371,0,13
2007-09-25,A,492,68,242,1,317
2007-09-25,AB,69,14,62,0,21
2007-09-25,B,15,75,90,0,0
2007-09-25,O,13,131,144,0,0
2007-09-26,A,317,129,230,0,216
2007-09-26,AB,21,34,51,0,4
2007-09-26,B,0,161,161,0,0
2007-09-26,O,0,222,222,0,0
2007-09-27,A,216,144,241,1,118
2007-09-27,AB,4,60,61,0,3
2007-09-27,B,0,193,193,0,0
2007-09-27,O,0,286,286,0,0
2007-09-28,A,118,171,251,0,38
2007-09-28,AB,3,37,40,0,0
2007-09-28,B,0,157,157,0,0
2007-09-28,O,0,233,233,0,0
2007-09-29,A,38,42,80,0,0
2007-09-29,AB,0,23,23,0,0
2007-09-29,B,0,39,39,0,0
2007-09-29,O,0,83,83,0,0
2007-09-30,A,0,381,220,0,161
2007-09-30,AB,0,79,69,0,10
2007-09-30,B,0,357,260,1,96
2007-09-30,O,0,609,353,3,253
2007-10-01,A,161,54,215,0,0
2007-10-01,AB,10,18,28,0,0
2007-10-01,B,96,60,156,0,0
2007-10-01,O,253,117,366,0,4
2007-10-02,A,0,91,91,0,0
2007-10-02,AB,0,24,24,0,0
2007-10-02,B,0,99,99,0,0
2007-10-02,O,4,148,152,0,0
2007-10-03,A,0,87,87,0,0
2007-10-03,AB,0,27,27,0,0
2007-10-03,B,0,104,104,0,0
2007-10-03,O,0,132,132,0,0
2007-10-04,A,0,125,125,0,0
2007-10-04,AB,0,39,39,0,0
2007-10-04,B,0,153,153,0,0
2007-10-04,O,0,220,220,0,0
2007-10-05,A,0,148,148,0,0
2007-10-05,AB,0,43,43,0,0
2007-10-05,B,0,181,181,0,0
2007-10-05,O,0,306,306,0,0
2007-10-06,A,0,113,113,0,0
2007-10-06,AB,0,33,33,0,0
2007-10-06,B,0,140,140,0,0
2007-10-06,O,0,214,214,0,0
2007-10-07,A,0,298,197,1,100
2007-10-07,AB,0,80,40,0,40
2007-10-07,B,0,313,189,0,124
2007-10-07,O,0,528,265,2,261
2007-10-08,A,100,139,194,0,45
2007-10-08,AB,40,33,49,0,24
2007-10-08,B,124,177,205,0,96
2007-10-08,O,261,265,275,4,247
2007-10-09,A,45,165,158,0,52
2007-10-09,AB,24,44,44,1,23
2007-10-09,B,96,160,180,0,76
2007-10-09,O,247,278,264,0,261
2007-10-10,A,52,127,166,0,13
2007-10-10,AB,23,22,43,0,2
2007-10-10,B,76,148,174,1,49
2007-10-10,O,261,236,250,1,246
2007-10-11,A,13,143,156,0,0
2007-10-11,AB,2,34,36,0,0
2007-10-11,B,49,149,174,2,22
2007-10-11,O,246,236,245,2,235
2007-10-12,A,0,40,40,0,0
2007-10-12,AB,0,10,10,0,0
2007-10-12,B,22,50,72,0,0
2007-10-12,O,235,78,260,0,53
2007-10-13,A,0,16,16,0,0
2007-10-13,AB,0,3,3,0,0
2007-10-13,B,0,10,10,0,0
2007-10-13,O,53,12,65,0,0
2007-10-14,A,0,24,24,0,0
2007-10-14,AB,0,9,9,0,0
2007-10-14,B,0,19,19,0,0
2007-10-14,O,0,48,48,0,0
2007-10-15,A,0,43,43,0,0
2007-10-15,AB,0,3,3,0,0
2007-10-15,B,0,35,35,0,0
2007-10-15,O,0,72,72,0,0
2007-10-16,A,0,79,79,0,0
2007-10-16,AB,0,19,19,0,0
2007-10-16,B,0,90,90,0,0
2007-10-16,O,0,112,112,0,0
2007-10-17,A,0,101,101,0,0
2007-10-17,AB,0,23,23,0,0
2007-10-17,B,0,111,111,0,0
2007-10-17,O,0,199,199,0,0
2007-10-18,A,0,152,152,0,0
2007-10-18,AB,0,33,33,0,0
2007-10-18,B,0,162,144,0,18
2007-10-18,O,0,228,228,0,0
2007-10-19,A,0,81,81,0,0
2007-10-19,AB,0,26,26,0,0
2007-10-19,B,18,118,134,0,2
2007-10-19,O,0,147,147,0,0
2007-10-20,A,0,121,121,0,0
2007-10-20,AB,0,29,29,0,0
2007-10-20,B,2,151,141,0,12
2007-10-20,O,0,273,210,0,63
2007-10-21,A,0,330,139,1,190
2007-10-21,AB,0,92,36,2,54
2007-10-21,B,12,305,150,2,165
2007-10-21,O,63,537,218,2,380
2007-10-22,A,190,106,177,1,118
2007-10-22,AB,54,35,43,1,45
2007-10-22,B,165,157,186,1,135
2007-10-22,O,380,253,247,0,386
2007-10-23,A,118,243,174,3,184
2007-10-23,AB,45,52,38,0,59
2007-10-23,B,135,238,170,0,203
2007-10-23,O,386,387,209,3,561
2007-10-24,A,184,288,166,3,303
2007-10-24,AB,59,75,36,0,98
2007-10-24,B,203,301,195,1,308
2007-10-24,O,561,403,264,5,695
2007-10-25,A,303,398,198,2,501
2007-10-25,AB,98,97,95,0,100
2007-10-25,B,308,427,188,4,543
2007-10-25,O,695,648,269,6,1068
2007-10-26,A,501,196,179,3,515
2007-10-26,AB,100,40,22,1,117
2007-10-26,B,543,218,175,7,579
2007-10-26,O,1068,300,284,9,1075
2007-10-27,A,515,193,186,7,515
2007-10-27,AB,117,47,43,1,120
2007-10-27,B,579,235,157,5,652
2007-10-27,O,1075,338,241,7,1165
2007-10-28,A,515,508,164,3,856
2007-10-28,AB,120,140,50,1,209
2007-10-28,B,652,488,186,7,947
2007-10-28,O,1165,757,277,15,1630
2007-10-29,A,856,148,202,7,795
2007-10-29,AB,209,37,46,1,199
2007-10-29,B,947,156,215,5,883
2007-10-29,O,1630,251,282,12,1587
2007-10-30,A,795,218,208,7,798
2007-10-30,AB,199,59,41,1,216
2007-10-30,B,883,256,191,8,940
2007-10-30,O,1587,398,298,12,1675
2007-10-31,A,798,162,205,3,752
2007-10-31,AB,216,48,39,0,225
2007-10-31,B,940,166,178,13,915
2007-10-31,O,1675,251,295,12,1619
2007-11-01,A,752,172,210,2,712
2007-11-01,AB,225,32,45,1,211
2007-11-01,B,915,130,210,8,827
2007-11-01,O,1619,261,311,4,1565
2007-11-02,A,712,208,226,5,689
2007-11-02,AB,211,62,40,1,232
2007-11-02,B,827,224,206,3,842
2007-11-02,O,1565,323,336,6,1546
2007-11-03,A,689,111,222,1,577
2007-11-03,AB,232,41,49,1,223
2007-11-03,B,842,136,184,4,790
2007-11-03,O,1546,215,303,10,1448
2007-11-04,A,577,327,210,4,690
2007-11-04,AB,223,91,47,3,264
2007-11-04,B,790,366,189,5,962
2007-11-04,O,1448,526,315,9,1650
2007-11-05,A,690,129,206,4,609
2007-11-05,AB,264,39,44,1,258
2007-11-05,B,962,155,212,5,900
2007-11-05,O,1650,169,329,13,1477
2007-11-06,A,609,171,199,5,576
2007-11-06,AB,258,71,52,2,275
2007-11-06,B,900,219,194,7,918
2007-11-06,O,1477,332,289,6,1514
2007-11-07,A,576,253,227,4,598
2007-11-07,AB,275,57,46,2,284
2007-11-07,B,918,271,209,6,974
2007-11-07,O,1514,440,308,12,1634
2007-11-08,A,598,79,199,2,476
2007-11-08,AB,284,10,47,1,246
2007-11-08,B,974,89,206,2,855
2007-11-08,O,1634,110,280,13,1451
2007-11-09,A,476,106,226,4,352
2007-11-09,AB,246,41,56,1,230
2007-11-09,B,855,117,203,3,766
2007-11-09,O,1451,179,290,10,1330
2007-11-10,A,352,104,200,3,253
2007-11-10,AB,230,34,45,3,216
2007-11-10,B,766,128,200,3,691
2007-11-10,O,1330,154,265,12,1207
2007-11-11,A,253,279,185,3,344
2007-11-11,AB,216,67,42,0,241
2007-11-11,B,691,278,193,1,775
2007-11-11,O,1207,446,290,13,1350
2007-11-12,A,344,84,239,0,189
2007-11-12,AB,241,54,40,1,254
2007-11-12,B,775,96,194,9,668
2007-11-12,O,1350,189,330,5,1204
2007-11-13,A,189,177,224,0,142
2007-11-13,AB,254,55,58,2,249
2007-11-13,B,668,181,229,4,616
2007-11-13,O,1204,258,344,6,1112
2007-11-14,A,142,141,214,0,69
2007-11-14,AB,249,34,42,1,240
2007-11-14,B,616,168,239,4,541
2007-11-14,O,1112,275,348,13,1026
2007-11-15,A,69,232,236,0,65
2007-11-15,AB,240,71,41,1,269
2007-11-15,B,541,264,219,1,585
2007-11-15,O,1026,431,382,3,1072
2007-11-16,A,65,135,200,0,0
2007-11-16,AB,269,35,127,0,177
2007-11-16,B,585,157,234,1,507
2007-11-16,O,1072,282,367,9,978
2007-11-17,A,0,133,133,0,0
2007-11-17,AB,177,37,64,0,150
2007-11-17,B,507,141,199,2,447
2007-11-17,O,978,251,340,2,887
2007-11-18,A,0,270,270,0,0
2007-11-18,AB,150,62,54,0,158
2007-11-18,B,447,272,209,2,508
2007-11-18,O,887,442,341,4,984
2007-11-19,A,0,254,254,0,0
2007-11-19,AB,158,61,56,0,163
2007-11-19,B,508,325,235,3,595
2007-11-19,O,984,455,372,6,1061
2007-11-20,A,0,340,242,0,98
2007-11-20,AB,163,89,52,2,198
2007-11-20,B,595,358,263,4,686
2007-11-20,O,1061,546,398,6,1203
2007-11-21,A,98,257,258,0,97
2007-11-21,AB,198,66,54,0,210
2007-11-21,B,686,263,293,5,651
2007-11-21,O,1203,439,384,6,1252
2007-11-22,A,97,374,278,1,192
2007-11-22,AB,210,97,47,2,258
2007-11-22,B,651,435,266,7,813
2007-11-22,O,1252,677,383,9,1537
2007-11-23,A,192,372,258,3,303
2007-11-23,AB,258,102,56,1,303
2007-11-23,B,813,403,268,3,945
2007-11-23,O,1537,685,397,10,1815
2007-11-24,A,303,197,238,1,261
2007-11-24,AB,303,71,61,2,311
2007-11-24,B,945,243,238,9,941
2007-11-24,O,1815,301,323,15,1778
2007-11-25,A,261,341,239,2,361
2007-11-25,AB,311,85,57,4,335
2007-11-25,B,941,298,240,4,995
2007-11-25,O,1778,526,336,22,1946
2007-11-26,A,361,120,254,1,226
2007-11-26,AB,335,30,59,2,304
2007-11-26,B,995,124,247,6,866
2007-11-26,O,1946,218,364,12,1788
2007-11-27,A,226,126,246,0,106
2007-11-27,AB,304,34,70,1,267
2007-11-27,B,866,151,268,7,742
2007-11-27,O,1788,252,349,10,1681
2007-11-28,A,106,201,231,0,76
2007-11-28,AB,267,52,68,4,247
2007-11-28,B,742,220,255,6,701
2007-11-28,O,1681,368,334,9,1706
2007-11-29,A,76,230,232,0,74
2007-11-29,AB,247,59,59,1,246
2007-11-29,B,701,209,254,7,649
2007-11-29,O,1706,333,313,11,1715
2007-11-30,A,74,130,204,0,0
2007-11-30,AB,246,45,50,2,239
2007-11-30,B,649,138,271,3,513
2007-11-30,O,1715,203,348,12,1558
2007-12-01,A,0,236,220,0,16
2007-12-01,AB,239,81,45,2,273
2007-12-01,B,513,307,241,3,576
2007-12-01,O,1558,419,311,5,1661
2007-12-02,A,16,339,230,1,124
2007-12-02,AB,273,95,59,1,308
2007-12-02,B,576,328,234,4,666
2007-12-02,O,1661,604,320,12,1933
2007-12-03,A,124,148,245,0,27
2007-12-03,AB,308,40,64,2,282
2007-12-03,B,666,164,276,1,553
2007-12-03,O,1933,253,343,9,1834
2007-12-04,A,27,220,207,0,40
2007-12-04,AB,282,66,60,1,287
2007-12-04,B,553,282,284,4,547
2007-12-04,O,1834,366,340,12,1848
2007-12-05,A,40,246,257,0,29
2007-12-05,AB,287,46,62,1,270
2007-12-05,B,547,213,262,8,490
2007-12-05,O,1848,362,366,10,1834
2007-12-06,A,29,262,252,0,39
2007-12-06,AB,270,66,53,2,281
2007-12-06,B,490,338,233,4,591
2007-12-06,O,1834,451,368,11,1906
2007-12-07,A,39,191,230,0,0
2007-12-07,AB,281,39,60,3,257
2007-12-07,B,591,191,272,2,508
2007-12-07,O,1906,304,352,11,1847
2007-12-08,A,0,80,80,0,0
2007-12-08,AB,257,33,45,0,245
2007-12-08,B,508,100,244,4,360
2007-12-08,O,1847,139,351,17,1618
2007-12-09,A,0,288,210,0,78
2007-12-09,AB,245,62,64,1,242
2007-12-09,B,360,305,206,0,459
2007-12-09,O,1618,538,295,10,1851
2007-12-10,A,78,131,209,0,0
2007-12-10,AB,242,42,54,2,228
2007-12-10,B,459,147,273,2,331
2007-12-10,O,1851,251,346,9,1747
2007-12-11,A,0,126,126,0,0
2007-12-11,AB,228,32,61,1,198
2007-12-11,B,331,164,282,0,213
2007-12-11,O,1747,202,360,5,1584
2007-12-12,A,0,221,221,0,0
2007-12-12,AB,198,72,71,1,198
2007-12-12,B,213,238,250,0,201
2007-12-12,O,1584,366,339,18,1593
2007-12-13,A,0,353,259,0,94
2007-12-13,AB,198,103,148,0,153
2007-12-13,B,201,380,251,0,330
2007-12-13,O,1593,564,388,10,1759
2007-12-14,A,94,182,246,0,30
2007-12-14,AB,153,51,84,0,120
2007-12-14,B,330,212,262,1,279
2007-12-14,O,1759,341,360,3,1737
2007-12-15,A,30,191,214,0,7
2007-12-15,AB,120,57,81,1,95
2007-12-15,B,279,211,252,4,234
2007-12-15,O,1737,307,324,8,1712
2007-12-16,A,7,348,220,1,134
2007-12-16,AB,95,74,81,1,87
2007-12-16,B,234,367,265,0,336
2007-12-16,O,1712,545,334,10,1913
2007-12-17,A,134,175,275,0,34
2007-12-17,AB,87,32,64,1,54
2007-12-17,B,336,169,281,0,224
2007-12-17,O,1913,242,348,7,1800
2007-12-18,A,34,142,176,0,0
2007-12-18,AB,54,39,72,0,21
2007-12-18,B,224,151,282,0,93
2007-12-18,O,1800,223,364,8,1651
2007-12-19,A,0,76,76,0,0
2007-12-19,AB,21,19,40,0,0
2007-12-19,B,93,87,180,0,0
2007-12-19,O,1651,133,301,12,1471
2007-12-20,A,0,1,1,0,0
2007-12-20,AB,0,0,0,0,0
2007-12-20,B,0,1,1,0,0
2007-12-20,O,1471,1,318,5,1149
2007-12-21,A,0,72,72,0,0
2007-12-21,AB,0,16,16,0,0
2007-12-21,B,0,78,78,0,0
2007-12-21,O,1149,159,318,4,986
2007-12-22,A,0,126,126,0,0
2007-12-22,AB,0,30,30,0,0
2007-12-22,B,0,131,131,0,0
2007-12-22,O,986,169,297,5,853
2007-12-23,A,0,318,212,0,106
2007-12-23,AB,0,77,57,0,20
2007-12-23,B,0,288,186,3,99
2007-12-23,O,853,563,301,4,1111
2007-12-24,A,106,80,186,0,0
2007-12-24,AB,20,16,36,0,0
2007-12-24,B,99,82,181,0,0
2007-12-24,O,1111,139,325,10,915
2007-12-25,A,0,64,64,0,0
2007-12-25,AB,0,15,15,0,0
2007-12-25,B,0,64,64,0,0
2007-12-25,O,915,111,285,8,733
2007-12-26,A,0,100,100,0,0
2007-12-26,AB,0,33,33,0,0
2007-12-26,B,0,99,99,0,0
2007-12-26,O,733,153,288,1,597
2007-12-27,A,0,236,211,0,25
2007-12-27,AB,0,54,54,0,0
2007-12-27,B,0,240,235,0,5
2007-12-27,O,597,349,257,9,680
2007-12-28,A,25,157,182,0,0
2007-12-28,AB,0,42,42,0,0
2007-12-28,B,5,227,171,2,59
2007-12-28,O,680,313,295,3,695
2007-12-29,A,0,146,146,0,0
2007-12-29,AB,0,48,48,0,0
2007-12-29,B,59,170,201,0,28
2007-12-29,O,695,256,242,6,703
2007-12-30,A,0,279,173,1,105
2007-12-30,AB,0,65,42,0,23
2007-12-30,B,28,216,203,1,40
2007-12-30,O,703,366,275,7,787
2007-12-31,A,105,101,193,0,13
2007-12-31,AB,23,24,47,0,0
2007-12-31,B,40,107,147,0,0
2007-12-31,O,787,144,284,6,641
2008-01-01,A,13,89,102,0,0
2008-01-01,AB,0,14,14,0,0
2008-01-01,B,0,76,76,0,0
2008-01-01,O,641,120,284,5,472
2008-01-02,A,0,116,116,0,0
2008-01-02,AB,0,40,40,0,0
2008-01-02,B,0,128,128,0,0
2008-01-02,O,472,195,225,3,439
2008-01-03,A,0,194,193,0,1
2008-01-03,AB,0,51,51,0,0
2008-01-03,B,0,226,184,0,42
2008-01-03,O,439,268,269,3,435
2008-01-04,A,1,107,108,0,0
2008-01-04,AB,0,32,32,0,0
2008-01-04,B,42,114,156,0,0
2008-01-04,O,435,220,237,2,416
2008-01-05,A,0,147,147,0,0
2008-01-05,AB,0,36,36,0,0
2008-01-05,B,0,153,153,0,0
2008-01-05,O,416,242,221,6,431
2008-01-06,A,0,179,176,0,3
2008-01-06,AB,0,44,39,0,5
2008-01-06,B,0,199,174,0,25
2008-01-06,O,431,315,195,8,543
2008-01-07,A,3,155,158,0,0
2008-01-07,AB,5,47,44,0,8
2008-01-07,B,25,200,191,0,34
2008-01-07,O,543,321,231,3,630
2008-01-08,A,0,195,186,0,9
2008-01-08,AB,8,63,44,0,27
2008-01-08,B,34,234,165,0,103
2008-01-08,O,630,361,247,8,736
2008-01-09,A,9,204,194,0,19
2008-01-09,AB,27,72,59,1,39
2008-01-09,B,103,225,162,1,165
2008-01-09,O,736,344,234,8,838
2008-01-10,A,19,119,138,0,0
2008-01-10,AB,39,32,42,0,29
2008-01-10,B,165,141,207,2,97
2008-01-10,O,838,184,228,7,787
2008-01-11,A,0,132,132,0,0
2008-01-11,AB,29,39,46,0,22
2008-01-11,B,97,167,169,1,94
2008-01-11,O,787,244,227,2,802
2008-01-12,A,0,255,144,1,110
2008-01-12,AB,22,69,42,0,49
2008-01-12,B,94,303,148,5,244
2008-01-12,O,802,423,207,9,1009
2008-01-13,A,110,338,176,1,271
2008-01-13,AB,49,79,33,1,94
2008-01-13,B,244,356,142,1,457
2008-01-13,O,1009,532,208,9,1324
2008-01-14,A,271,225,153,1,342
2008-01-14,AB,94,65,52,1,106
2008-01-14,B,457,258,173,4,538
2008-01-14,O,1324,397,224,10,1487
2008-01-15,A,342,363,183,4,518
2008-01-15,AB,106,82,44,0,144
2008-01-15,B,538,366,160,4,740
2008-01-15,O,1487,573,294,11,1755
2008-01-16,A,518,416,166,4,764
2008-01-16,AB,144,107,48,2,201
2008-01-16,B,740,494,182,3,1049
2008-01-16,O,1755,691,267,14,2165
2008-01-17,A,764,378,201,7,934
2008-01-17,AB,201,117,45,1,272
2008-01-17,B,1049,443,207,15,1270
2008-01-17,O,2165,633,267,16,2515
2008-01-18,A,934,209,213,4,926
2008-01-18,AB,272,56,63,1,264
2008-01-18,B,1270,219,197,8,1284
2008-01-18,O,2515,350,264,18,2583
2008-01-19,A,926,203,190,3,936
2008-01-19,AB,264,53,57,1,259
2008-01-19,B,1284,230,169,10,1335
2008-01-19,O,2583,330,652,11,2250
2008-01-20,A,936,381,173,8,1136
2008-01-20,AB,259,76,49,0,286
2008-01-20,B,1335,390,187,8,1530
2008-01-20,O,2250,605,287,10,2558
2008-01-21,A,1136,215,210,17,1124
2008-01-21,AB,286,64,90,1,259
2008-01-21,B,1530,274,208,9,1587
2008-01-21,O,2558,391,311,8,2630
2008-01-22,A,1124,243,210,7,1150
2008-01-22,AB,259,81,63,3,274
2008-01-22,B,1587,314,225,8,1668
2008-01-22,O,2630,401,317,7,2707
2008-01-23,A,1150,438,213,8,1367
2008-01-23,AB,274,137,58,1,352
2008-01-23,B,1668,587,219,15,2021
2008-01-23,O,2707,805,314,22,3176
2008-01-24,A,1367,366,258,6,1469
2008-01-24,AB,352,104,69,3,384
2008-01-24,B,2021,393,244,12,2158
2008-01-24,O,3176,649,337,30,3458
2008-01-25,A,1469,204,229,5,1439
2008-01-25,AB,384,56,72,0,368
2008-01-25,B,2158,238,261,20,2115
2008-01-25,O,3458,337,351,17,3427
2008-01-26,A,1439,248,232,6,1449
2008-01-26,AB,368,71,60,1,378
2008-01-26,B,2115,267,246,13,2123
2008-01-26,O,3427,432,323,21,3515
2008-01-27,A,1449,239,213,11,1464
2008-01-27,AB,378,58,48,1,387
2008-01-27,B,2123,286,224,15,2170
2008-01-27,O,3515,388,307,24,3572
2008-01-28,A,1464,247,238,10,1463
2008-01-28,AB,387,61,69,4,375
2008-01-28,B,2170,287,240,13,2204
2008-01-28,O,3572,453,373,21,3631
2008-01-29,A,1463,361,247,4,1573
2008-01-29,AB,375,122,71,4,422
2008-01-29,B,2204,426,277,21,2332
2008-01-29,O,3631,609,338,29,3873
2008-01-30,A,1573,363,253,12,1671
2008-01-30,AB,422,81,69,4,430
2008-01-30,B,2332,445,310,19,2448
2008-01-30,O,3873,620,397,42,4054
2008-01-31,A,1671,385,262,9,1785
2008-01-31,AB,430,88,56,3,459
2008-01-31,B,2448,465,292,13,2608
2008-01-31,O,4054,588,392,34,4216
2008-02-01,A,1785,205,275,8,1707
2008-02-01,AB,459,49,76,2,430
2008-02-01,B,2608,232,278,25,2537
2008-02-01,O,4216,309,392,35,4098
2008-02-02,A,1707,190,270,18,1609
2008-02-02,AB,430,45,120,1,354
2008-02-02,B,2537,176,264,12,2437
2008-02-02,O,4098,251,359,47,3943
2008-02-03,A,1609,98,217,13,1477
2008-02-03,AB,354,25,79,1,299
2008-02-03,B,2437,141,294,12,2272
2008-02-03,O,3943,192,355,28,3752
2008-02-04,A,1477,188,275,5,1385
2008-02-04,AB,299,46,67,2,276
2008-02-04,B,2272,187,342,18,2099
2008-02-04,O,3752,309,390,26,3645
2008-02-05,A,1385,239,257,11,1356
2008-02-05,AB,276,63,82,2,255
2008-02-05,B,2099,319,326,13,2079
2008-02-05,O,3645,370,399,21,3595
2008-02-06,A,1356,217,273,8,1292
2008-02-06,AB,255,53,77,1,230
2008-02-06,B,2079,288,260,14,2093
2008-02-06,O,3595,336,399,26,3506
2008-02-07,A,1292,53,269,3,1073
2008-02-07,AB,230,23,81,2,170
2008-02-07,B,2093,68,274,8,1879
2008-02-07,O,3506,123,389,17,3223
2008-02-08,A,1073,52,241,6,878
2008-02-08,AB,170,14,85,0,99
2008-02-08,B,1879,85,303,12,1649
2008-02-08,O,3223,100,353,14,2956
2008-02-09,A,878,255,241,7,885
2008-02-09,AB,99,82,51,0,130
2008-02-09,B,1649,296,253,8,1684
2008-02-09,O,2956,399,335,24,2996
2008-02-10,A,885,112,244,4,749
2008-02-10,AB,130,31,65,2,94
2008-02-10,B,1684,146,281,6,1543
2008-02-10,O,2996,169,386,14,2765
2008-02-11,A,749,171,244,4,672
2008-02-11,AB,94,50,72,0,72
2008-02-11,B,1543,169,282,4,1426
2008-02-11,O,2765,293,398,15,2645
2008-02-12,A,672,226,256,4,638
2008-02-12,AB,72,64,79,0,57
2008-02-12,B,1426,231,314,5,1338
2008-02-12,O,2645,361,370,19,2617
2008-02-13,A,638,386,243,0,781
2008-02-13,AB,57,102,68,1,90
2008-02-13,B,1338,511,314,14,1521
2008-02-13,O,2617,670,395,8,2884
2008-02-14,A,781,345,250,4,872
2008-02-14,AB,90,81,61,0,110
2008-02-14,B,1521,353,308,8,1558
2008-02-14,O,2884,518,364,28,3010
2008-02-15,A,872,167,231,2,806
2008-02-15,AB,110,38,55,0,93
2008-02-15,B,1558,170,259,8,1461
2008-02-15,O,3010,309,358,21,2940
2008-02-16,A,806,193,223,12,764
2008-02-16,AB,93,52,51,1,93
2008-02-16,B,1461,237,226,7,1465
2008-02-16,O,2940,358,295,13,2990
2008-02-17,A,764,209,227,2,744
2008-02-17,AB,93,78,64,2,105
2008-02-17,B,1465,257,266,7,1449
2008-02-17,O,2990,429,354,16,3049
2008-02-18,A,744,165,229,1,679
2008-02-18,AB,105,48,65,0,88
2008-02-18,B,1449,189,277,6,1355
2008-02-18,O,3049,299,389,13,2946
2008-02-19,A,679,329,228,4,776
2008-02-19,AB,88,91,60,0,119
2008-02-19,B,1355,390,290,11,1444
2008-02-19,O,2946,597,355,20,3168
2008-02-20,A,776,328,242,2,860
2008-02-20,AB,119,86,77,1,127
2008-02-20,B,1444,377,301,6,1514
2008-02-20,O,3168,460,383,22,3223
2008-02-21,A,860,404,249,7,1008
2008-02-21,AB,127,102,55,0,174
2008-02-21,B,1514,464,285,9,1684
2008-02-21,O,3223,671,352,33,3509
2008-02-22,A,1008,246,471,8,775
2008-02-22,AB,174,67,66,4,171
2008-02-22,B,1684,280,298,12,1654
2008-02-22,O,3509,382,345,32,3514
2008-02-23,A,775,533,236,2,1070
2008-02-23,AB,171,157,48,2,278
2008-02-23,B,1654,607,244,12,2005
2008-02-23,O,3514,873,345,40,4002
2008-02-24,A,1070,243,237,9,1067
2008-02-24,AB,278,66,55,1,288
2008-02-24,B,2005,247,233,14,2005
2008-02-24,O,4002,397,330,40,4029
2008-02-25,A,1067,105,217,5,950
2008-02-25,AB,288,27,60,0,255
2008-02-25,B,2005,122,274,10,1843
2008-02-25,O,4029,202,335,31,3865
2008-02-26,A,950,269,245,5,969
2008-02-26,AB,255,78,61,2,270
2008-02-26,B,1843,348,266,14,1911
2008-02-26,O,3865,477,361,28,3953
2008-02-27,A,969,280,247,7,995
2008-02-27,AB,270,80,58,1,291
2008-02-27,B,1911,325,282,13,1941
2008-02-27,O,3953,447,353,37,4010
2008-02-28,A,995,304,237,9,1053
2008-02-28,AB,291,73,70,3,291
2008-02-28,B,1941,369,259,14,2037
2008-02-28,O,4010,461,352,38,4081
2008-02-29,A,1053,159,225,4,983
2008-02-29,AB,291,46,60,1,276
2008-02-29,B,2037,195,260,14,1958
2008-02-29,O,4081,321,312,44,4046
2008-03-01,A,983,205,219,6,963
2008-03-01,AB,276,59,57,1,277
2008-03-01,B,1958,221,225,10,1944
2008-03-01,O,4046,294,259,34,4047
2008-03-02,A,963,294,223,5,1029
2008-03-02,AB,277,93,61,3,306
2008-03-02,B,1944,322,263,14,1989
2008-03-02,O,4047,480,281,36,4210
2008-03-03,A,1029,205,237,6,991
2008-03-03,AB,306,53,60,0,299
2008-03-03,B,1989,214,255,13,1935
2008-03-03,O,4210,298,343,28,4137
2008-03-04,A,991,224,259,3,953
2008-03-04,AB,299,72,55,3,313
2008-03-04,B,1935,300,271,13,1951
2008-03-04,O,4137,379,374,43,4099
2008-03-05,A,953,202,219,3,933
2008-03-05,AB,313,68,60,1,320
2008-03-05,B,1951,198,288,13,1848
2008-03-05,O,4099,352,346,44,4061
2008-03-06,A,933,169,219,9,874
2008-03-06,AB,320,47,68,3,296
2008-03-06,B,1848,171,248,7,1764
2008-03-06,O,4061,287,327,31,3990
2008-03-07,A,874,140,238,5,771
2008-03-07,AB,296,43,55,0,284
2008-03-07,B,1764,180,272,10,1662
2008-03-07,O,3990,242,336,37,3859
2008-03-08,A,771,7,204,0,574
2008-03-08,AB,284,5,58,3,228
2008-03-08,B,1662,13,204,9,1462
2008-03-08,O,3859,17,319,22,3535
2008-03-09,A,574,165,202,3,534
2008-03-09,AB,228,45,51,1,221
2008-03-09,B,1462,165,243,9,1375
2008-03-09,O,3535,270,337,16,3452
2008-03-10,A,534,115,213,4,432
2008-03-10,AB,221,38,52,0,207
2008-03-10,B,1375,145,260,7,1253
2008-03-10,O,3452,227,347,23,3309
2008-03-11,A,432,165,231,1,365
2008-03-11,AB,207,45,51,0,201
2008-03-11,B,1253,198,270,6,1175
2008-03-11,O,3309,242,355,15,3181
2008-03-12,A,365,284,243,2,404
2008-03-12,AB,201,67,46,1,221
2008-03-12,B,1175,313,255,13,1220
2008-03-12,O,3181,482,360,29,3274
2008-03-13,A,404,319,233,3,487
2008-03-13,AB,221,85,54,1,251
2008-03-13,B,1220,342,270,4,1288
2008-03-13,O,3274,527,363,22,3416
2008-03-14,A,487,133,241,5,374
2008-03-14,AB,251,33,63,0,221
2008-03-14,B,1288,118,239,8,1159
2008-03-14,O,3416,180,304,19,3273
2008-03-15,A,374,268,240,3,399
2008-03-15,AB,221,75,56,1,239
2008-03-15,B,1159,289,262,7,1179
2008-03-15,O,3273,416,284,21,3384
2008-03-16,A,399,420,209,7,603
2008-03-16,AB,239,119,55,1,302
2008-03-16,B,1179,462,242,7,1392
2008-03-16,O,3384,760,298,31,3815
2008-03-17,A,603,286,204,3,682
2008-03-17,AB,302,73,59,6,310
2008-03-17,B,1392,328,262,10,1448
2008-03-17,O,3815,464,339,34,3906
2008-03-18,A,682,326,240,3,765
2008-03-18,AB,310,80,58,2,330
2008-03-18,B,1448,339,301,11,1475
2008-03-18,O,3906,501,358,41,4008
2008-03-19,A,765,240,285,3,717
2008-03-19,AB,330,52,58,0,324
2008-03-19,B,1475,253,329,10,1389
2008-03-19,O,4008,391,825,23,3551
2008-03-20,A,717,57,220,3,551
2008-03-20,AB,324,10,62,3,269
2008-03-20,B,1389,61,249,11,1190
2008-03-20,O,3551,67,346,18,3254
2008-03-21,A,551,178,234,1,494
2008-03-21,AB,269,47,50,0,266
2008-03-21,B,1190,197,246,7,1134
2008-03-21,O,3254,252,306,19,3181
2008-03-22,A,494,144,222,3,413
2008-03-22,AB,266,38,50,1,253
2008-03-22,B,1134,164,207,6,1085
2008-03-22,O,3181,248,272,17,3140
2008-03-23,A,413,420,204,2,627
2008-03-23,AB,253,116,55,1,313
2008-03-23,B,1085,409,234,4,1256
2008-03-23,O,3140,709,315,24,3510
2008-03-24,A,627,215,361,2,479
2008-03-24,AB,313,68,62,1,318
2008-03-24,B,1256,237,265,3,1225
2008-03-24,O,3510,348,268,22,3568
2008-03-25,A,479,380,199,0,660
2008-03-25,AB,318,89,128,2,277
2008-03-25,B,1225,443,233,10,1425
2008-03-25,O,3568,657,292,33,3900
2008-03-26,A,660,344,224,5,775
2008-03-26,AB,277,95,74,0,298
2008-03-26,B,1425,379,273,12,1519
2008-03-26,O,3900,587,321,39,4127
2008-03-27,A,775,395,216,5,949
2008-03-27,AB,298,98,59,1,336
2008-03-27,B,1519,405,250,5,1669
2008-03-27,O,4127,604,306,51,4374
2008-03-28,A,949,242,215,4,972
2008-03-28,AB,336,66,63,2,337
2008-03-28,B,1669,285,270,12,1672
2008-03-28,O,4374,430,303,46,4455
2008-03-29,A,972,224,193,9,994
2008-03-29,AB,337,57,49,3,342
2008-03-29,B,1672,258,256,10,1664
2008-03-29,O,4455,352,270,46,4491
2008-03-30,A,994,248,203,11,1028
2008-03-30,AB,342,59,44,2,355
2008-03-30,B,1664,300,217,10,1737
2008-03-30,O,4491,445,253,55,4628
2008-03-31,A,1028,127,225,5,925
2008-03-31,AB,355,31,51,2,333
2008-03-31,B,1737,155,253,8,1631
2008-03-31,O,4628,215,294,45,4504
2008-04-01,A,925,245,207,3,960
2008-04-01,AB,333,56,51,2,336
2008-04-01,B,1631,278,248,14,1647
2008-04-01,O,4504,357,319,49,4493
2008-04-02,A,960,477,219,7,1211
2008-04-02,AB,336,128,73,6,385
2008-04-02,B,1647,532,231,23,1925
2008-04-02,O,4493,800,303,64,4926
2008-04-03,A,1211,327,237,10,1291
2008-04-03,AB,385,79,48,5,411
2008-04-03,B,1925,342,272,8,1987
2008-04-03,O,4926,487,309,67,5037
2008-04-04,A,1291,132,218,5,1200
2008-04-04,AB,411,45,60,3,393
2008-04-04,B,1987,185,248,4,1920
2008-04-04,O,5037,264,338,65,4898
2008-04-05,A,1200,133,174,8,1151
2008-04-05,AB,393,32,62,0,363
2008-04-05,B,1920,150,235,7,1828
2008-04-05,O,4898,198,288,49,4759
2008-04-06,A,1151,312,209,4,1250
2008-04-06,AB,363,89,51,1,400
2008-04-06,B,1828,380,252,8,1948
2008-04-06,O,4759,525,303,56,4925
2008-04-07,A,1250,184,217,6,1211
2008-04-07,AB,400,51,54,2,395
2008-04-07,B,1948,232,271,15,1894
2008-04-07,O,4925,355,342,57,4881
2008-04-08,A,1211,264,241,9,1225
2008-04-08,AB,395,69,63,2,399
2008-04-08,B,1894,302,274,14,1908
2008-04-08,O,4881,469,367,57,4926
2008-04-09,A,1225,197,217,7,1198
2008-04-09,AB,399,49,66,2,380
2008-04-09,B,1908,209,268,6,1843
2008-04-09,O,4926,286,380,48,4784
2008-04-10,A,1198,174,243,8,1121
2008-04-10,AB,380,41,45,5,371
2008-04-10,B,1843,213,269,10,1777
2008-04-10,O,4784,316,386,43,4671
2008-04-11,A,1121,128,281,6,962
2008-04-11,AB,371,48,72,2,345
2008-04-11,B,1777,165,277,11,1654
2008-04-11,O,4671,253,322,38,4564
2008-04-12,A,962,140,207,5,890
2008-04-12,AB,345,41,48,2,336
2008-04-12,B,1654,167,239,11,1571
2008-04-12,O,4564,218,308,47,4427
2008-04-13,A,890,480,227,7,1136
2008-04-13,AB,336,118,55,2,397
2008-04-13,B,1571,459,281,15,1734
2008-04-13,O,4427,677,335,52,4717
2008-04-14,A,1136,221,244,5,1108
2008-04-14,AB,397,74,58,5,408
2008-04-14,B,1734,236,278,6,1686
2008-04-14,O,4717,323,813,36,4191
2008-04-15,A,1108,173,244,4,1033
2008-04-15,AB,408,43,57,1,393
2008-04-15,B,1686,212,271,9,1618
2008-04-15,O,4191,298,343,36,4110
2008-04-16,A,1033,452,253,5,1227
2008-04-16,AB,393,122,66,3,446
2008-04-16,B,1618,499,304,14,1799
2008-04-16,O,4110,741,363,43,4445
2008-04-17,A,1227,297,235,10,1279
2008-04-17,AB,446,80,43,5,478
2008-04-17,B,1799,327,285,15,1826
2008-04-17,O,4445,473,331,47,4540
2008-04-18,A,1279,184,222,10,1231
2008-04-18,AB,478,43,71,2,448
2008-04-18,B,1826,211,248,15,1774
2008-04-18,O,4540,353,354,57,4482
2008-04-19,A,1231,179,202,13,1195
2008-04-19,AB,448,48,45,0,451
2008-04-19,B,1774,204,244,10,1724
2008-04-19,O,4482,365,350,43,4454
2008-04-20,A,1195,407,235,10,1357
2008-04-20,AB,451,97,43,4,501
2008-04-20,B,1724,411,241,4,1890
2008-04-20,O,4454,655,317,63,4729
2008-04-21,A,1357,212,297,8,1264
2008-04-21,AB,501,63,64,6,494
2008-04-21,B,1890,269,294,11,1854
2008-04-21,O,4729,352,384,53,4644
2008-04-22,A,1264,241,262,9,1234
2008-04-22,AB,494,62,61,5,490
2008-04-22,B,1854,267,273,9,1839
2008-04-22,O,4644,410,315,50,4689
2008-04-23,A,1234,221,270,7,1178
2008-04-23,AB,490,57,74,5,468
2008-04-23,B,1839,237,276,9,1791
2008-04-23,O,4689,341,362,58,4610
2008-04-24,A,1178,145,251,7,1065
2008-04-24,AB,468,38,56,3,447
2008-04-24,B,1791,166,277,8,1672
2008-04-24,O,4610,248,338,54,4466
2008-04-25,A,1065,218,239,6,1038
2008-04-25,AB,447,52,62,2,435
2008-04-25,B,1672,206,256,9,1613
2008-04-25,O,4466,333,352,60,4387
2008-04-26,A,1038,176,438,3,773
2008-04-26,AB,435,60,53,1,441
2008-04-26,B,1613,190,236,12,1555
2008-04-26,O,4387,264,295,50,4306
2008-04-27,A,773,348,229,6,886
2008-04-27,AB,441,93,59,2,473
2008-04-27,B,1555,365,229,11,1680
2008-04-27,O,4306,566,300,50,4522
2008-04-28,A,886,153,243,7,789
2008-04-28,AB,473,40,51,0,462
2008-04-28,B,1680,181,263,7,1591
2008-04-28,O,4522,228,331,36,4383
2008-04-29,A,789,187,235,5,736
2008-04-29,AB,462,44,69,1,436
2008-04-29,B,1591,209,226,9,1565
2008-04-29,O,4383,313,356,42,4298
2008-04-30,A,736,217,239,7,707
2008-04-30,AB,436,51,62,3,422
2008-04-30,B,1565,252,261,10,1546
2008-04-30,O,4298,362,354,39,4267
2008-05-01,A,707,552,241,8,1010
2008-05-01,AB,422,139,57,1,503
2008-05-01,B,1546,465,266,15,1730
2008-05-01,O,4267,858,314,50,4761
2008-05-02,A,1010,55,223,7,835
2008-05-02,AB,503,9,52,5,455
2008-05-02,B,1730,73,252,10,1541
2008-05-02,O,4761,111,348,42,4482
2008-05-03,A,835,85,215,4,701
2008-05-03,AB,455,24,56,2,421
2008-05-03,B,1541,148,211,7,1471
2008-05-03,O,4482,190,293,46,4333
2008-05-04,A,701,437,231,3,904
2008-05-04,AB,421,107,46,3,479
2008-05-04,B,1471,445,218,11,1687
2008-05-04,O,4333,684,285,41,4691
2008-05-05,A,904,167,289,11,771
2008-05-05,AB,479,43,42,0,480
2008-05-05,B,1687,161,245,11,1592
2008-05-05,O,4691,247,349,49,4540
2008-05-06,A,771,195,237,6,723
2008-05-06,AB,480,48,43,3,482
2008-05-06,B,1592,238,257,7,1566
2008-05-06,O,4540,312,342,45,4465
2008-05-07,A,723,239,227,2,733
2008-05-07,AB,482,55,46,2,489
2008-05-07,B,1566,232,243,8,1547
2008-05-07,O,4465,394,347,48,4464
2008-05-08,A,733,287,258,5,757
2008-05-08,AB,489,86,43,5,527
2008-05-08,B,1547,345,245,10,1637
2008-05-08,O,4464,554,368,47,4603
2008-05-09,A,757,281,238,4,796
2008-05-09,AB,527,75,55,3,544
2008-05-09,B,1637,339,249,16,1711
2008-05-09,O,4603,469,358,56,4658
2008-05-10,A,796,168,212,3,749
2008-05-10,AB,544,38,62,7,513
2008-05-10,B,1711,223,220,7,1707
2008-05-10,O,4658,311,321,58,4590
2008-05-11,A,749,240,215,2,772
2008-05-11,AB,513,56,52,6,511
2008-05-11,B,1707,228,218,6,1711
2008-05-11,O,4590,358,321,37,4590
2008-05-12,A,772,150,248,8,666
2008-05-12,AB,511,62,64,2,507
2008-05-12,B,1711,184,242,9,1644
2008-05-12,O,4590,257,345,57,4445
2008-05-13,A,666,221,255,3,629
2008-05-13,AB,507,63,41,1,528
2008-05-13,B,1644,281,198,11,1716
2008-05-13,O,4445,397,336,28,4478
2008-05-14,A,629,257,242,3,641
2008-05-14,AB,528,76,46,5,553
2008-05-14,B,1716,312,219,13,1796
2008-05-14,O,4478,404,374,47,4461
2008-05-15,A,641,292,275,3,655
2008-05-15,AB,553,75,61,5,562
2008-05-15,B,1796,331,226,14,1887
2008-05-15,O,4461,513,354,48,4572
2008-05-16,A,655,206,228,2,631
2008-05-16,AB,562,44,45,4,557
2008-05-16,B,1887,242,201,17,1911
2008-05-16,O,4572,354,372,61,4493
2008-05-17,A,631,458,241,8,840
2008-05-17,AB,557,153,57,6,647
2008-05-17,B,1911,566,208,14,2255
2008-05-17,O,4493,788,309,58,4914
2008-05-18,A,840,390,233,3,994
2008-05-18,AB,647,110,48,6,703
2008-05-18,B,2255,452,241,24,2442
2008-05-18,O,4914,676,341,73,5176
2008-05-19,A,994,510,282,10,1212
2008-05-19,AB,703,132,64,11,760
2008-05-19,B,2442,544,278,20,2688
2008-05-19,O,5176,869,362,65,5618
2008-05-20,A,1212,129,275,4,1062
2008-05-20,AB,760,35,48,12,735
2008-05-20,B,2688,152,265,20,2555
2008-05-20,O,5618,248,359,86,5421
2008-05-21,A,1062,219,271,8,1002
2008-05-21,AB,735,57,60,6,726
2008-05-21,B,2555,244,236,24,2539
2008-05-21,O,5421,355,357,75,5344
2008-05-22,A,1002,233,259,5,971
2008-05-22,AB,726,76,49,15,738
2008-05-22,B,2539,333,253,19,2600
2008-05-22,O,5344,407,353,87,5311
2008-05-23,A,971,164,254,7,874
2008-05-23,AB,738,37,59,9,707
2008-05-23,B,2600,173,260,18,2495
2008-05-23,O,5311,241,337,62,5153
2008-05-24,A,874,159,255,5,773
2008-05-24,AB,707,44,53,7,691
2008-05-24,B,2495,200,263,27,2405
2008-05-24,O,5153,273,349,54,5023
2008-05-25,A,773,321,241,2,851
2008-05-25,AB,691,82,47,12,714
2008-05-25,B,2405,353,252,22,2484
2008-05-25,O,5023,551,326,63,5185
2008-05-26,A,851,145,232,3,761
2008-05-26,AB,714,34,46,11,691
2008-05-26,B,2484,186,291,16,2363
2008-05-26,O,5185,241,334,64,5028
2008-05-27,A,761,121,266,2,614
2008-05-27,AB,691,38,46,9,674
2008-05-27,B,2363,141,283,18,2203
2008-05-27,O,5028,184,359,69,4784
2008-05-28,A,614,297,268,4,639
2008-05-28,AB,674,96,61,8,701
2008-05-28,B,2203,344,287,15,2245
2008-05-28,O,4784,519,389,58,4856
2008-05-29,A,639,193,282,2,548
2008-05-29,AB,701,43,37,4,703
2008-05-29,B,2245,214,321,17,2121
2008-05-29,O,4856,330,379,52,4755
2008-05-30,A,548,170,283,1,434
2008-05-30,AB,703,43,64,9,673
2008-05-30,B,2121,161,282,14,1986
2008-05-30,O,4755,263,376,50,4592
2008-05-31,A,434,122,226,4,326
2008-05-31,AB,673,29,36,9,657
2008-05-31,B,1986,132,627,7,1484
2008-05-31,O,4592,187,311,38,4430
2008-06-01,A,326,132,200,2,256
2008-06-01,AB,657,31,57,7,624
2008-06-01,B,1484,124,226,9,1373
2008-06-01,O,4430,232,313,51,4298
2008-06-02,A,256,67,273,0,50
2008-06-02,AB,624,23,57,10,580
2008-06-02,B,1373,84,257,8,1192
2008-06-02,O,4298,134,321,38,4073
2008-06-03,A,50,180,230,0,0
2008-06-03,AB,580,45,51,3,571
2008-06-03,B,1192,196,246,6,1136
2008-06-03,O,4073,294,346,45,3976
2008-06-04,A,0,147,147,0,0
2008-06-04,AB,571,34,44,3,558
2008-06-04,B,1136,138,223,3,1048
2008-06-04,O,3976,225,356,28,3817
2008-06-05,A,0,143,143,0,0
2008-06-05,AB,558,33,53,4,534
2008-06-05,B,1048,148,258,6,932
2008-06-05,O,3817,257,366,31,3677
2008-06-06,A,0,168,168,0,0
2008-06-06,AB,534,34,46,4,518
2008-06-06,B,932,189,253,5,863
2008-06-06,O,3677,256,362,18,3553
2008-06-07,A,0,142,142,0,0
2008-06-07,AB,518,44,44,1,517
2008-06-07,B,863,180,217,4,822
2008-06-07,O,3553,263,301,27,3488
2008-06-08,A,0,294,204,1,89
2008-06-08,AB,517,60,43,1,533
2008-06-08,B,822,305,238,3,886
2008-06-08,O,3488,501,282,28,3679
2008-06-09,A,89,101,190,0,0
2008-06-09,AB,533,36,48,1,520
2008-06-09,B,886,121,266,3,738
2008-06-09,O,3679,154,337,29,3467
2008-06-10,A,0,180,180,0,0
2008-06-10,AB,520,45,56,3,506
2008-06-10,B,738,202,225,1,714
2008-06-10,O,3467,325,366,32,3394
2008-06-11,A,0,267,221,1,45
2008-06-11,AB,506,64,55,5,510
2008-06-11,B,714,273,240,4,743
2008-06-11,O,3394,418,335,24,3453
2008-06-12,A,45,300,239,1,105
2008-06-12,AB,510,94,42,5,557
2008-06-12,B,743,326,270,6,793
2008-06-12,O,3453,418,349,15,3507
2008-06-13,A,105,119,213,0,11
2008-06-13,AB,557,29,58,6,522
2008-06-13,B,793,124,243,4,670
2008-06-13,O,3507,182,338,24,3327
2008-06-14,A,11,249,212,0,48
2008-06-14,AB,522,55,43,8,526
2008-06-14,B,670,303,236,7,730
2008-06-14,O,3327,456,281,19,3483
2008-06-15,A,48,467,194,2,319
2008-06-15,AB,526,132,49,7,602
2008-06-15,B,730,548,236,6,1036
2008-06-15,O,3483,840,286,28,4009
2008-06-16,A,319,158,234,2,241
2008-06-16,AB,602,44,50,5,591
2008-06-16,B,1036,193,252,10,967
2008-06-16,O,4009,269,307,38,3933
2008-06-17,A,241,127,218,0,150
2008-06-17,AB,591,28,44,5,570
2008-06-17,B,967,130,232,2,863
2008-06-17,O,3933,208,293,28,3820
2008-06-18,A,150,186,181,1,154
2008-06-18,AB,570,55,43,4,578
2008-06-18,B,863,209,236,7,829
2008-06-18,O,3820,340,293,27,3840
2008-06-19,A,154,241,210,0,185
2008-06-19,AB,578,58,41,7,588
2008-06-19,B,829,270,271,8,820
2008-06-19,O,3840,402,299,32,3911
2008-06-20,A,185,199,219,2,163
2008-06-20,AB,588,52,48,5,587
2008-06-20,B,820,243,230,6,827
2008-06-20,O,3911,324,295,21,3919
2008-06-21,A,163,238,203,1,197
2008-06-21,AB,587,69,46,5,605
2008-06-21,B,827,294,213,6,902
2008-06-21,O,3919,441,280,37,4043
2008-06-22,A,197,519,200,6,510
2008-06-22,AB,605,139,55,5,684
2008-06-22,B,902,475,249,7,1121
2008-06-22,O,4043,869,303,48,4561
2008-06-23,A,510,104,226,1,387
2008-06-23,AB,684,26,42,6,662
2008-06-23,B,1121,130,247,3,1001
2008-06-23,O,4561,249,320,51,4439
2008-06-24,A,387,213,212,1,387
2008-06-24,AB,662,45,43,9,655
2008-06-24,B,1001,244,261,4,980
2008-06-24,O,4439,415,265,53,4536
2008-06-25,A,387,259,220,1,425
2008-06-25,AB,655,61,47,13,656
2008-06-25,B,980,250,239,4,987
2008-06-25,O,4536,385,310,56,4555
2008-06-26,A,425,256,235,3,443
2008-06-26,AB,656,68,49,5,670
2008-06-26,B,987,297,294,7,983
2008-06-26,O,4555,435,314,40,4636
2008-06-27,A,443,161,230,3,371
2008-06-27,AB,670,45,50,17,648
2008-06-27,B,983,209,251,1,940
2008-06-27,O,4636,308,314,57,4573
2008-06-28,A,371,245,216,3,397
2008-06-28,AB,648,57,58,6,641
2008-06-28,B,940,254,219,1,974
2008-06-28,O,4573,413,300,49,4637
2008-06-29,A,397,262,216,6,437
2008-06-29,AB,641,64,36,11,658
2008-06-29,B,974,281,238,6,1011
2008-06-29,O,4637,442,288,61,4730
2008-06-30,A,437,171,214,1,393
2008-06-30,AB,658,50,46,9,653
2008-06-30,B,1011,200,227,2,982
2008-06-30,O,4730,319,288,71,4690
2008-07-01,A,393,149,214,2,326
2008-07-01,AB,653,43,50,5,641
2008-07-01,B,982,144,257,6,863
2008-07-01,O,4690,236,337,48,4541
2008-07-02,A,326,150,233,3,240
2008-07-02,AB,641,44,57,3,625
2008-07-02,B,863,173,294,6,736
2008-07-02,O,4541,268,331,39,4439
2008-07-03,A,240,185,249,0,176
2008-07-03,AB,625,59,55,7,622
2008-07-03,B,736,206,278,5,659
2008-07-03,O,4439,274,346,47,4320
2008-07-04,A,176,153,212,0,117
2008-07-04,AB,622,49,58,6,607
2008-07-04,B,659,185,302,4,538
2008-07-04,O,4320,268,315,26,4247
2008-07-05,A,117,173,222,1,67
2008-07-05,AB,607,41,49,7,592
2008-07-05,B,538,160,247,1,450
2008-07-05,O,4247,273,279,48,4193
2008-07-06,A,67,367,197,1,236
2008-07-06,AB,592,111,45,5,653
2008-07-06,B,450,402,242,3,607
2008-07-06,O,4193,663,296,34,4526
2008-07-07,A,236,161,225,0,172
2008-07-07,AB,653,45,60,8,630
2008-07-07,B,607,172,268,2,509
2008-07-07,O,4526,302,279,54,4495
2008-07-08,A,172,284,216,1,239
2008-07-08,AB,630,83,39,4,670
2008-07-08,B,509,316,287,2,536
2008-07-08,O,4495,419,344,62,4508
2008-07-09,A,239,215,243,1,210
2008-07-09,AB,670,70,66,6,668
2008-07-09,B,536,239,279,2,494
2008-07-09,O,4508,358,319,62,4485
2008-07-10,A,210,219,243,3,183
2008-07-10,AB,668,41,50,6,653
2008-07-10,B,494,241,316,3,416
2008-07-10,O,4485,370,356,51,4448
2008-07-11,A,183,139,271,0,51
2008-07-11,AB,653,33,66,7,613
2008-07-11,B,416,145,278,0,283
2008-07-11,O,4448,216,342,39,4283
2008-07-12,A,51,226,224,0,53
2008-07-12,AB,613,55,54,6,608
2008-07-12,B,283,224,233,3,271
2008-07-12,O,4283,320,303,50,4250
2008-07-13,A,53,412,226,1,238
2008-07-13,AB,608,94,43,6,653
2008-07-13,B,271,422,245,7,441
2008-07-13,O,4250,676,323,51,4552
2008-07-14,A,238,187,241,2,182
2008-07-14,AB,653,48,60,7,634
2008-07-14,B,441,204,559,0,86
2008-07-14,O,4552,353,369,51,4485
2008-07-15,A,182,250,432,0,0
2008-07-15,AB,634,73,62,3,642
2008-07-15,B,86,282,279,1,88
2008-07-15,O,4485,371,368,52,4436
2008-07-16,A,0,294,229,1,64
2008-07-16,AB,642,87,71,9,649
2008-07-16,B,88,307,272,0,123
2008-07-16,O,4436,477,346,50,4517
2008-07-17,A,64,309,243,0,130
2008-07-17,AB,649,102,58,8,685
2008-07-17,B,123,380,304,2,197
2008-07-17,O,4517,566,331,63,4689
2008-07-18,A,130,187,243,0,74
2008-07-18,AB,685,36,73,2,646
2008-07-18,B,197,217,320,1,93
2008-07-18,O,4689,289,322,38,4618
2008-07-19,A,74,177,198,0,53
2008-07-19,AB,646,60,58,8,640
2008-07-19,B,93,185,267,0,11
2008-07-19,O,4618,315,334,47,4552
2008-07-20,A,53,344,231,1,165
2008-07-20,AB,640,84,59,7,658
2008-07-20,B,11,315,253,0,73
2008-07-20,O,4552,508,313,46,4701
2008-07-21,A,165,269,221,2,211
2008-07-21,AB,658,87,68,7,670
2008-07-21,B,73,331,299,0,105
2008-07-21,O,4701,456,369,64,4724
2008-07-22,A,211,264,224,2,249
2008-07-22,AB,670,70,58,8,674
2008-07-22,B,105,292,278,0,119
2008-07-22,O,4724,480,593,47,4564
2008-07-23,A,249,246,227,1,267
2008-07-23,AB,674,55,57,11,661
2008-07-23,B,119,269,294,0,94
2008-07-23,O,4564,424,380,42,4566
2008-07-24,A,267,319,200,2,384
2008-07-24,AB,661,88,90,6,653
2008-07-24,B,94,379,285,1,187
2008-07-24,O,4566,527,372,54,4667
2008-07-25,A,384,188,251,2,319
2008-07-25,AB,653,71,72,6,646
2008-07-25,B,187,264,264,1,186
2008-07-25,O,4667,342,359,44,4606
2008-07-26,A,319,393,224,4,484
2008-07-26,AB,646,83,65,7,657
2008-07-26,B,186,427,276,2,335
2008-07-26,O,4606,597,333,49,4821
2008-07-27,A,484,394,234,7,637
2008-07-27,AB,657,97,72,2,680
2008-07-27,B,335,448,234,1,548
2008-07-27,O,4821,607,323,60,5045
2008-07-28,A,637,239,259,4,613
2008-07-28,AB,680,75,67,7,681
2008-07-28,B,548,235,301,3,479
2008-07-28,O,5045,415,379,73,5008
2008-07-29,A,613,316,244,4,681
2008-07-29,AB,681,79,66,9,685
2008-07-29,B,479,342,314,2,505
2008-07-29,O,5008,537,328,76,5141
2008-07-30,A,681,492,286,6,881
2008-07-30,AB,685,148,72,12,749
2008-07-30,B,505,520,307,2,716
2008-07-30,O,5141,746,376,70,5441
2008-07-31,A,881,412,271,8,1014
2008-07-31,AB,749,78,79,4,744
2008-07-31,B,716,441,308,8,841
2008-07-31,O,5441,637,371,82,5625
2008-08-01,A,1014,237,254,8,989
2008-08-01,AB,744,68,74,5,733
2008-08-01,B,841,242,312,3,768
2008-08-01,O,5625,403,414,71,5543
2008-08-02,A,989,225,244,1,969
2008-08-02,AB,733,58,65,8,718
2008-08-02,B,768,229,294,3,700
2008-08-02,O,5543,322,385,57,5423
2008-08-03,A,969,381,265,8,1077
2008-08-03,AB,718,107,78,10,737
2008-08-03,B,700,417,313,3,801
2008-08-03,O,5423,636,398,80,5581
2008-08-04,A,1077,236,308,7,998
2008-08-04,AB,737,63,75,6,719
2008-08-04,B,801,249,329,5,716
2008-08-04,O,5581,366,500,73,5374
2008-08-05,A,998,451,293,7,1149
2008-08-05,AB,719,119,66,6,766
2008-08-05,B,716,558,323,3,948
2008-08-05,O,5374,772,439,96,5611
2008-08-06,A,1149,322,254,3,1214
2008-08-06,AB,766,69,95,9,731
2008-08-06,B,948,352,370,4,926
2008-08-06,O,5611,568,436,73,5670
2008-08-07,A,1214,358,280,7,1285
2008-08-07,AB,731,106,80,12,745
2008-08-07,B,926,402,362,3,963
2008-08-07,O,5670,673,498,78,5767
2008-08-08,A,1285,253,279,3,1256
2008-08-08,AB,745,49,84,5,705
2008-08-08,B,963,256,373,7,839
2008-08-08,O,5767,381,454,76,5618
2008-08-09,A,1256,265,259,9,1253
2008-08-09,AB,705,60,67,15,683
2008-08-09,B,839,265,343,4,757
2008-08-09,O,5618,387,404,57,5544
2008-08-10,A,1253,572,275,12,1538
2008-08-10,AB,683,140,61,10,752
2008-08-10,B,757,634,316,4,1071
2008-08-10,O,5544,982,421,102,6003
2008-08-11,A,1538,199,303,5,1429
2008-08-11,AB,752,47,93,10,696
2008-08-11,B,1071,241,401,8,903
2008-08-11,O,6003,327,416,78,5836
2008-08-12,A,1429,413,315,8,1519
2008-08-12,AB,696,110,82,10,714
2008-08-12,B,903,393,370,7,919
2008-08-12,O,5836,620,517,72,5867
2008-08-13,A,1519,337,299,10,1547
2008-08-13,AB,714,84,56,9,733
2008-08-13,B,919,396,381,4,930
2008-08-13,O,5867,607,473,92,5909
2008-08-14,A,1547,310,320,7,1530
2008-08-14,AB,733,106,65,9,765
2008-08-14,B,930,342,371,2,899
2008-08-14,O,5909,531,508,74,5858
2008-08-15,A,1530,104,308,5,1321
2008-08-15,AB,765,25,84,4,702
2008-08-15,B,899,127,385,3,638
2008-08-15,O,5858,167,484,82,5459
2008-08-16,A,1321,279,303,9,1288
2008-08-16,AB,702,69,70,8,693
2008-08-16,B,638,356,344,2,648
2008-08-16,O,5459,473,450,55,5427
2008-08-17,A,1288,448,315,12,1409
2008-08-17,AB,693,90,72,13,698
2008-08-17,B,648,402,370,3,677
2008-08-17,O,5427,684,453,78,5580
2008-08-18,A,1409,100,331,9,1169
2008-08-18,AB,698,31,73,7,649
2008-08-18,B,677,124,371,1,429
2008-08-18,O,5580,190,483,69,5218
2008-08-19,A,1169,181,324,6,1020
2008-08-19,AB,649,67,74,7,635
2008-08-19,B,429,214,355,2,286
2008-08-19,O,5218,311,477,60,4992
2008-08-20,A,1020,324,314,12,1018
2008-08-20,AB,635,69,77,3,624
2008-08-20,B,286,382,345,1,322
2008-08-20,O,4992,553,493,50,5002
2008-08-21,A,1018,476,335,10,1149
2008-08-21,AB,624,120,75,6,663
2008-08-21,B,322,550,401,2,469
2008-08-21,O,5002,743,541,78,5126
2008-08-22,A,1149,184,326,6,1001
2008-08-22,AB,663,50,74,7,632
2008-08-22,B,469,235,374,0,330
2008-08-22,O,5126,343,503,62,4904
2008-08-23,A,1001,311,277,9,1026
2008-08-23,AB,632,98,80,5,645
2008-08-23,B,330,313,359,1,283
2008-08-23,O,4904,480,466,56,4862
2008-08-24,A,1026,404,306,7,1117
2008-08-24,AB,645,93,77,6,655
2008-08-24,B,283,431,324,2,388
2008-08-24,O,4862,626,499,60,4929
2008-08-25,A,1117,371,321,6,1161
2008-08-25,AB,655,91,83,7,656
2008-08-25,B,388,411,377,2,420
2008-08-25,O,4929,599,549,74,4905
2008-08-26,A,1161,316,307,8,1162
2008-08-26,AB,656,101,81,9,667
2008-08-26,B,420,419,341,3,495
2008-08-26,O,4905,590,521,51,4923
2008-08-27,A,1162,459,314,10,1297
2008-08-27,AB,667,154,84,14,723
2008-08-27,B,495,523,389,6,623
2008-08-27,O,4923,758,519,60,5102
2008-08-28,A,1297,433,312,9,1409
2008-08-28,AB,723,111,81,7,746
2008-08-28,B,623,440,384,0,679
2008-08-28,O,5102,692,537,68,5189
2008-08-29,A,1409,305,307,11,1396
2008-08-29,AB,746,75,84,10,727
2008-08-29,B,679,325,383,5,616
2008-08-29,O,5189,524,509,67,5137
2008-08-30,A,1396,675,289,7,1775
2008-08-30,AB,727,154,74,6,801
2008-08-30,B,616,671,356,6,925
2008-08-30,O,5137,1144,481,77,5723
2008-08-31,A,1775,467,296,12,1934
2008-08-31,AB,801,126,89,13,825
2008-08-31,B,925,556,347,9,1125
2008-08-31,O,5723,790,514,100,5899
2008-09-01,A,1934,142,337,8,1731
2008-09-01,AB,825,25,86,10,754
2008-09-01,B,1125,123,415,5,828
2008-09-01,O,5899,210,543,80,5486
2008-09-02,A,1731,38,644,8,1117
2008-09-02,AB,754,6,99,7,654
2008-09-02,B,828,39,377,1,489
2008-09-02,O,5486,59,563,60,4922
2008-09-03,A,1117,45,340,4,818
2008-09-03,AB,654,10,79,6,579
2008-09-03,B,489,51,377,0,163
2008-09-03,O,4922,100,533,32,4457
2008-09-04,A,818,84,302,5,595
2008-09-04,AB,579,19,97,6,495
2008-09-04,B,163,65,228,0,0
2008-09-04,O,4457,145,542,21,4039
2008-09-05,A,595,120,291,0,424
2008-09-05,AB,495,39,78,7,449
2008-09-05,B,0,98,98,0,0
2008-09-05,O,4039,169,507,24,3677
2008-09-06,A,424,115,272,1,266
2008-09-06,AB,449,32,64,2,415
2008-09-06,B,0,118,118,0,0
2008-09-06,O,3677,174,464,20,3367
2008-09-07,A,266,387,279,3,371
2008-09-07,AB,415,74,70,0,419
2008-09-07,B,0,393,313,1,79
2008-09-07,O,3367,664,475,13,3543
2008-09-08,A,371,67,291,0,147
2008-09-08,AB,419,17,72,4,360
2008-09-08,B,79,79,158,0,0
2008-09-08,O,3543,114,489,20,3148
2008-09-09,A,147,157,262,1,41
2008-09-09,AB,360,46,85,2,319
2008-09-09,B,0,147,147,0,0
2008-09-09,O,3148,237,451,17,2917
2008-09-10,A,41,104,145,0,0
2008-09-10,AB,319,22,69,1,271
2008-09-10,B,0,116,116,0,0
2008-09-10,O,2917,174,478,16,2597
2008-09-11,A,0,52,52,0,0
2008-09-11,AB,271,15,71,1,214
2008-09-11,B,0,63,63,0,0
2008-09-11,O,2597,90,459,10,2218
2008-09-12,A,0,96,96,0,0
2008-09-12,AB,214,28,74,0,168
2008-09-12,B,0,115,115,0,0
2008-09-12,O,2218,149,405,9,1953
2008-09-13,A,0,132,132,0,0
2008-09-13,AB,168,23,64,0,127
2008-09-13,B,0,125,125,0,0
2008-09-13,O,1953,209,358,11,1793
2008-09-14,A,0,245,244,0,1
2008-09-14,AB,127,58,57,0,128
2008-09-14,B,0,253,253,0,0
2008-09-14,O,1793,383,334,18,1824
2008-09-15,A,1,141,142,0,0
2008-09-15,AB,128,37,46,0,119
2008-09-15,B,0,206,206,0,0
2008-09-15,O,1824,277,412,7,1682
2008-09-16,A,0,117,117,0,0
2008-09-16,AB,119,28,61,0,86
2008-09-16,B,0,122,122,0,0
2008-09-16,O,1682,189,379,11,1481
2008-09-17,A,0,96,96,0,0
2008-09-17,AB,86,17,63,1,39
2008-09-17,B,0,92,92,0,0
2008-09-17,O,1481,158,367,6,1266
2008-09-18,A,0,269,269,0,0
2008-09-18,AB,39,67,53,0,53
2008-09-18,B,0,288,288,0,0
2008-09-18,O,1266,419,392,9,1284
2008-09-19,A,0,156,156,0,0
2008-09-19,AB,53,44,71,0,26
2008-09-19,B,0,162,162,0,0
2008-09-19,O,1284,227,413,10,1088
2008-09-20,A,0,152,152,0,0
2008-09-20,AB,26,44,42,1,27
2008-09-20,B,0,157,157,0,0
2008-09-20,O,1088,221,346,7,956
2008-09-21,A,0,502,237,1,264
2008-09-21,AB,27,124,44,2,105
2008-09-21,B,0,496,250,0,246
2008-09-21,O,956,903,385,8,1466
2008-09-22,A,264,95,232,3,124
2008-09-22,AB,105,38,63,1,79
2008-09-22,B,246,99,261,0,84
2008-09-22,O,1466,164,381,5,1244
2008-09-23,A,124,180,252,0,52
2008-09-23,AB,79,46,57,1,67
2008-09-23,B,84,231,245,0,70
2008-09-23,O,1244,344,384,3,1201
2008-09-24,A,52,118,170,0,0
2008-09-24,AB,67,24,61,0,30
2008-09-24,B,70,122,192,0,0
2008-09-24,O,1201,201,375,5,1022
2008-09-25,A,0,119,119,0,0
2008-09-25,AB,30,36,53,0,13
2008-09-25,B,0,160,160,0,0
2008-09-25,O,1022,243,332,6,927
2008-09-26,A,0,117,117,0,0
2008-09-26,AB,13,40,45,0,8
2008-09-26,B,0,132,132,0,0
2008-09-26,O,927,206,357,6,770
2008-09-27,A,0,168,165,0,3
2008-09-27,AB,8,50,34,1,23
2008-09-27,B,0,164,164,0,0
2008-09-27,O,770,278,282,3,763
2008-09-28,A,3,452,208,4,243
2008-09-28,AB,23,101,41,2,81
2008-09-28,B,0,430,186,1,243
2008-09-28,O,763,757,303,5,1212
2008-09-29,A,243,64,192,0,115
2008-09-29,AB,81,13,57,0,37
2008-09-29,B,243,69,170,3,139
2008-09-29,O,1212,107,306,3,1010
2008-09-30,A,115,41,156,0,0
2008-09-30,AB,37,8,37,0,8
2008-09-30,B,139,43,167,0,15
2008-09-30,O,1010,61,262,5,804
2008-10-01,A,0,4,4,0,0
2008-10-01,AB,8,5,13,0,0
2008-10-01,B,15,6,21,0,0
2008-10-01,O,804,15,258,6,555
2008-10-02,A,0,28,28,0,0
2008-10-02,AB,0,4,4,0,0
2008-10-02,B,0,15,15,0,0
2008-10-02,O,555,36,272,1,318
2008-10-03,A,0,75,75,0,0
2008-10-03,AB,0,16,16,0,0
2008-10-03,B,0,81,81,0,0
2008-10-03,O,318,118,270,0,166
2008-10-04,A,0,91,91,0,0
2008-10-04,AB,0,15,15,0,0
2008-10-04,B,0,77,77,0,0
2008-10-04,O,166,127,243,0,50
2008-10-05,A,0,219,165,0,54
2008-10-05,AB,0,63,49,0,14
2008-10-05,B,0,231,150,0,81
2008-10-05,O,50,342,284,1,107
2008-10-06,A,54,96,150,0,0
2008-10-06,AB,14,24,34,0,4
2008-10-06,B,81,90,171,0,0
2008-10-06,O,107,161,268,0,0
2008-10-07,A,0,196,127,0,69
2008-10-07,AB,4,54,49,0,9
2008-10-07,B,0,215,126,0,89
2008-10-07,O,0,347,270,0,77
2008-10-08,A,69,273,147,0,195
2008-10-08,AB,9,83,52,0,40
2008-10-08,B,89,316,165,0,240
2008-10-08,O,77,474,301,1,249
2008-10-09,A,195,237,170,1,261
2008-10-09,AB,40,67,33,0,74
2008-10-09,B,240,264,172,4,328
2008-10-09,O,249,356,310,2,293
2008-10-10,A,261,205,176,2,288
2008-10-10,AB,74,53,40,1,86
2008-10-10,B,328,218,179,2,365
2008-10-10,O,293,285,280,1,297
2008-10-11,A,288,289,160,0,417
2008-10-11,AB,86,72,37,0,121
2008-10-11,B,365,305,155,6,509
2008-10-11,O,297,481,298,6,474
2008-10-12,A,417,498,187,6,722
2008-10-12,AB,121,129,48,0,202
2008-10-12,B,509,474,184,6,793
2008-10-12,O,474,766,303,6,931
2008-10-13,A,722,156,177,5,696
2008-10-13,AB,202,41,31,0,212
2008-10-13,B,793,174,200,7,760
2008-10-13,O,931,215,316,3,827
2008-10-14,A,696,235,181,6,744
2008-10-14,AB,212,45,39,0,218
2008-10-14,B,760,229,194,5,790
2008-10-14,O,827,330,348,4,805
2008-10-15,A,744,424,172,11,985
2008-10-15,AB,218,136,62,0,292
2008-10-15,B,790,540,192,5,1133
2008-10-15,O,805,754,340,10,1209
2008-10-16,A,985,356,187,6,1148
2008-10-16,AB,292,100,45,3,344
2008-10-16,B,1133,417,223,4,1323
2008-10-16,O,1209,576,354,9,1422
2008-10-17,A,1148,153,172,6,1123
2008-10-17,AB,344,30,63,1,310
2008-10-17,B,1323,146,206,10,1253
2008-10-17,O,1422,252,376,10,1288
2008-10-18,A,1123,315,199,10,1229
2008-10-18,AB,310,83,55,3,335
2008-10-18,B,1253,346,198,10,1391
2008-10-18,O,1288,529,345,8,1464
2008-10-19,A,1229,339,194,7,1367
2008-10-19,AB,335,82,51,1,365
2008-10-19,B,1391,328,204,3,1512
2008-10-19,O,1464,534,337,7,1654
2008-10-20,A,1367,267,224,4,1406
2008-10-20,AB,365,67,59,5,368
2008-10-20,B,1512,273,232,12,1541
2008-10-20,O,1654,439,375,8,1710
2008-10-21,A,1406,171,195,7,1375
2008-10-21,AB,368,54,60,1,361
2008-10-21,B,1541,165,200,8,1498
2008-10-21,O,1710,285,369,10,1616
2008-10-22,A,1375,361,214,18,1504
2008-10-22,AB,361,95,58,5,393
2008-10-22,B,1498,396,222,6,1666
2008-10-22,O,1616,567,369,10,1804
2008-10-23,A,1504,389,241,10,1642
2008-10-23,AB,393,98,64,1,426
2008-10-23,B,1666,420,233,13,1840
2008-10-23,O,1804,641,390,12,2043
2008-10-24,A,1642,130,208,4,1560
2008-10-24,AB,426,31,43,1,413
2008-10-24,B,1840,133,199,13,1761
2008-10-24,O,2043,201,414,11,1819
2008-10-25,A,1560,171,205,13,1513
2008-10-25,AB,413,44,60,2,395
2008-10-25,B,1761,184,237,14,1694
2008-10-25,O,1819,296,404,12,1699
2008-10-26,A,1513,324,210,6,1621
2008-10-26,AB,395,73,58,1,409
2008-10-26,B,1694,350,212,10,1822
2008-10-26,O,1699,558,396,9,1852
2008-10-27,A,1621,52,202,8,1463
2008-10-27,AB,409,13,59,5,358
2008-10-27,B,1822,40,222,13,1627
2008-10-27,O,1852,89,372,7,1562
2008-10-28,A,1463,132,211,11,1373
2008-10-28,AB,358,40,65,2,331
2008-10-28,B,1627,174,217,14,1570
2008-10-28,O,1562,246,378,8,1422
2008-10-29,A,1373,159,219,10,1303
2008-10-29,AB,331,51,57,3,322
2008-10-29,B,1570,150,197,14,1509
2008-10-29,O,1422,254,377,9,1290
2008-10-30,A,1303,192,206,13,1276
2008-10-30,AB,322,48,51,3,316
2008-10-30,B,1509,201,257,16,1437
2008-10-30,O,1290,278,392,3,1173
2008-10-31,A,1276,160,214,5,1217
2008-10-31,AB,316,49,49,1,315
2008-10-31,B,1437,178,237,12,1366
2008-10-31,O,1173,272,1031,0,414
2008-11-01,A,1217,139,166,7,1183
2008-11-01,AB,315,60,68,2,305
2008-11-01,B,1366,159,225,6,1294
2008-11-01,O,414,254,373,1,294
2008-11-02,A,1183,563,211,5,1530
2008-11-02,AB,305,156,68,1,392
2008-11-02,B,1294,527,218,11,1592
2008-11-02,O,294,1014,424,6,878
2008-11-03,A,1530,93,240,5,1378
2008-11-03,AB,392,26,62,4,352
2008-11-03,B,1592,96,273,8,1407
2008-11-03,O,878,129,386,2,619
2008-11-04,A,1378,232,229,8,1373
2008-11-04,AB,352,61,57,1,355
2008-11-04,B,1407,278,289,7,1389
2008-11-04,O,619,393,453,5,554
2008-11-05,A,1373,260,246,6,1381
2008-11-05,AB,355,70,67,2,356
2008-11-05,B,1389,310,299,13,1387
2008-11-05,O,554,424,410,5,563
2008-11-06,A,1381,299,243,10,1427
2008-11-06,AB,356,69,66,0,359
2008-11-06,B,1387,280,292,5,1370
2008-11-06,O,563,433,424,2,570
2008-11-07,A,1427,241,271,10,1387
2008-11-07,AB,359,61,68,5,347
2008-11-07,B,1370,237,260,7,1340
2008-11-07,O,570,394,416,3,545
2008-11-08,A,1387,248,241,5,1389
2008-11-08,AB,347,76,67,3,353
2008-11-08,B,1340,285,249,17,1359
2008-11-08,O,545,414,405,4,550
2008-11-09,A,1389,435,219,10,1595
2008-11-09,AB,353,83,63,4,369
2008-11-09,B,1359,439,245,11,1542
2008-11-09,O,550,672,393,4,825
2008-11-10,A,1595,107,258,6,1438
2008-11-10,AB,369,40,69,2,338
2008-11-10,B,1542,153,287,10,1398
2008-11-10,O,825,182,397,2,608
2008-11-11,A,1438,280,283,8,1427
2008-11-11,AB,338,76,52,0,362
2008-11-11,B,1398,310,311,8,1389
2008-11-11,O,608,444,413,0,639
2008-11-12,A,1427,197,247,7,1370
2008-11-12,AB,362,42,55,1,348
2008-11-12,B,1389,182,264,5,1302
2008-11-12,O,639,302,462,2,477
2008-11-13,A,1370,241,264,6,1341
2008-11-13,AB,348,70,66,5,347
2008-11-13,B,1302,268,265,8,1297
2008-11-13,O,477,407,422,2,460
2008-11-14,A,1341,186,240,11,1276
2008-11-14,AB,347,48,58,3,334
2008-11-14,B,1297,251,263,4,1281
2008-11-14,O,460,355,439,1,375
2008-11-15,A,1276,173,204,12,1233
2008-11-15,AB,334,42,75,1,300
2008-11-15,B,1281,175,223,6,1227
2008-11-15,O,375,283,346,0,312
2008-11-16,A,1233,432,196,14,1455
2008-11-16,AB,300,123,63,2,358
2008-11-16,B,1227,453,235,12,1433
2008-11-16,O,312,713,387,2,636
2008-11-17,A,1455,114,230,3,1336
2008-11-17,AB,358,26,53,3,328
2008-11-17,B,1433,121,219,9,1326
2008-11-17,O,636,195,400,2,429
2008-11-18,A,1336,239,242,5,1328
2008-11-18,AB,328,81,67,5,337
2008-11-18,B,1326,314,258,14,1368
2008-11-18,O,429,401,364,4,462
2008-11-19,A,1328,291,239,7,1373
2008-11-19,AB,337,88,55,1,369
2008-11-19,B,1368,306,233,10,1431
2008-11-19,O,462,446,419,2,487
2008-11-20,A,1373,246,213,10,1396
2008-11-20,AB,369,82,54,4,393
2008-11-20,B,1431,307,246,10,1482
2008-11-20,O,487,444,373,1,557
2008-11-21,A,1396,152,229,6,1313
2008-11-21,AB,393,44,73,2,362
2008-11-21,B,1482,173,230,14,1411
2008-11-21,O,557,271,419,1,408
2008-11-22,A,1313,201,210,7,1297
2008-11-22,AB,362,66,59,1,368
2008-11-22,B,1411,264,209,1,1465
2008-11-22,O,408,389,348,2,447
2008-11-23,A,1297,331,207,6,1415
2008-11-23,AB,368,104,40,3,429
2008-11-23,B,1465,384,205,11,1633
2008-11-23,O,447,599,371,4,671
2008-11-24,A,1415,164,269,7,1303
2008-11-24,AB,429,46,61,1,413
2008-11-24,B,1633,238,258,8,1605
2008-11-24,O,671,296,354,2,611
2008-11-25,A,1303,267,240,8,1322
2008-11-25,AB,413,79,62,0,430
2008-11-25,B,1605,311,228,11,1677
2008-11-25,O,611,484,379,1,715
2008-11-26,A,1322,317,228,10,1401
2008-11-26,AB,430,69,55,0,444
2008-11-26,B,1677,337,250,7,1757
2008-11-26,O,715,562,425,7,845
2008-11-27,A,1401,409,237,7,1566
2008-11-27,AB,444,91,59,4,472
2008-11-27,B,1757,438,259,11,1925
2008-11-27,O,845,682,418,9,1100
2008-11-28,A,1566,367,244,14,1675
2008-11-28,AB,472,78,51,2,497
2008-11-28,B,1925,358,274,12,1997
2008-11-28,O,1100,558,429,7,1222
2008-11-29,A,1675,138,235,5,1573
2008-11-29,AB,497,34,64,2,465
2008-11-29,B,1997,178,254,15,1906
2008-11-29,O,1222,266,395,1,1092
2008-11-30,A,1573,344,234,9,1674
2008-11-30,AB,465,67,65,6,461
2008-11-30,B,1906,346,216,17,2019
2008-11-30,O,1092,565,350,10,1297
2008-12-01,A,1674,135,276,8,1525
2008-12-01,AB,461,35,62,1,433
2008-12-01,B,2019,131,259,12,1879
2008-12-01,O,1297,217,421,7,1086
2008-12-02,A,1525,165,244,9,1437
2008-12-02,AB,433,53,54,4,428
2008-12-02,B,1879,184,251,11,1801
2008-12-02,O,1086,271,400,3,954
2008-12-03,A,1437,251,273,6,1409
2008-12-03,AB,428,77,52,7,446
2008-12-03,B,1801,269,241,14,1815
2008-12-03,O,954,422,371,7,998
2008-12-04,A,1409,324,303,14,1416
2008-12-04,AB,446,84,59,0,471
2008-12-04,B,1815,365,269,12,1899
2008-12-04,O,998,497,658,8,829
2008-12-05,A,1416,188,296,5,1303
2008-12-05,AB,471,46,56,5,456
2008-12-05,B,1899,216,254,12,1849
2008-12-05,O,829,263,386,5,701
2008-12-06,A,1303,209,275,8,1229
2008-12-06,AB,456,57,53,5,455
2008-12-06,B,1849,252,233,9,1859
2008-12-06,O,701,319,350,4,666
2008-12-07,A,1229,421,245,5,1400
2008-12-07,AB,455,78,61,2,470
2008-12-07,B,1859,415,247,12,2015
2008-12-07,O,666,705,390,2,979
2008-12-08,A,1400,13,255,8,1150
2008-12-08,AB,470,3,72,1,400
2008-12-08,B,2015,5,271,10,1739
2008-12-08,O,979,24,383,4,616
2008-12-09,A,1150,109,235,4,1020
2008-12-09,AB,400,22,51,3,368
2008-12-09,B,1739,142,302,15,1564
2008-12-09,O,616,191,393,5,409
2008-12-10,A,1020,130,246,8,896
2008-12-10,AB,368,26,59,2,333
2008-12-10,B,1564,155,240,7,1472
2008-12-10,O,409,221,372,2,256
2008-12-11,A,896,234,234,2,894
2008-12-11,AB,333,72,52,2,351
2008-12-11,B,1472,261,250,11,1472
2008-12-11,O,256,390,383,4,259
2008-12-12,A,894,170,235,5,824
2008-12-12,AB,351,53,50,1,353
2008-12-12,B,1472,158,249,6,1375
2008-12-12,O,259,303,362,1,199
2008-12-13,A,824,261,207,10,868
2008-12-13,AB,353,79,46,3,383
2008-12-13,B,1375,292,204,6,1457
2008-12-13,O,199,413,353,2,257
2008-12-14,A,868,384,233,10,1009
2008-12-14,AB,383,100,53,4,426
2008-12-14,B,1457,395,215,6,1631
2008-12-14,O,257,677,339,3,592
2008-12-15,A,1009,150,223,3,933
2008-12-15,AB,426,45,53,3,415
2008-12-15,B,1631,200,241,12,1578
2008-12-15,O,592,304,399,3,494
2008-12-16,A,933,284,242,4,971
2008-12-16,AB,415,65,66,2,412
2008-12-16,B,1578,299,237,7,1633
2008-12-16,O,494,465,426,3,530
2008-12-17,A,971,314,220,6,1059
2008-12-17,AB,412,87,56,4,439
2008-12-17,B,1633,364,258,2,1737
2008-12-17,O,530,468,364,4,630
2008-12-18,A,1059,372,228,7,1196
2008-12-18,AB,439,114,44,6,503
2008-12-18,B,1737,443,264,13,1903
2008-12-18,O,630,576,390,7,809
2008-12-19,A,1196,226,227,9,1186
2008-12-19,AB,503,64,126,4,437
2008-12-19,B,1903,271,253,12,1909
2008-12-19,O,809,366,423,3,749
2008-12-20,A,1186,157,219,9,1115
2008-12-20,AB,437,46,50,3,430
2008-12-20,B,1909,178,207,12,1868
2008-12-20,O,749,264,354,4,655
2008-12-21,A,1115,266,204,5,1172
2008-12-21,AB,430,80,58,3,449
2008-12-21,B,1868,305,257,6,1910
2008-12-21,O,655,441,360,4,732
2008-12-22,A,1172,187,237,9,1113
2008-12-22,AB,449,43,58,3,431
2008-12-22,B,1910,226,254,15,1867
2008-12-22,O,732,334,389,6,671
2008-12-23,A,1113,232,228,8,1109
2008-12-23,AB,431,82,59,3,451
2008-12-23,B,1867,299,239,17,1910
2008-12-23,O,671,392,363,9,691
2008-12-24,A,1109,169,245,6,1027
2008-12-24,AB,451,31,60,1,421
2008-12-24,B,1910,151,246,16,1799
2008-12-24,O,691,285,348,2,626
2008-12-25,A,1027,85,216,6,890
2008-12-25,AB,421,28,45,4,400
2008-12-25,B,1799,69,250,9,1609
2008-12-25,O,626,119,375,5,365
2008-12-26,A,890,103,415,2,576
2008-12-26,AB,400,27,46,3,378
2008-12-26,B,1609,120,195,12,1522
2008-12-26,O,365,176,364,0,177
2008-12-27,A,576,154,191,5,534
2008-12-27,AB,378,48,33,3,390
2008-12-27,B,1522,145,186,10,1471
2008-12-27,O,177,217,295,0,99
2008-12-28,A,534,339,202,6,665
2008-12-28,AB,390,92,29,5,448
2008-12-28,B,1471,323,186,10,1598
2008-12-28,O,99,485,309,3,272
2008-12-29,A,665,20,200,3,482
2008-12-29,AB,448,9,47,1,409
2008-12-29,B,1598,41,184,11,1444
2008-12-29,O,272,60,309,0,23
2008-12-30,A,482,124,217,2,387
2008-12-30,AB,409,24,51,4,378
2008-12-30,B,1444,132,188,9,1379
2008-12-30,O,23,199,222,0,0
2008-12-31,A,387,194,213,3,365
2008-12-31,AB,378,60,46,3,389
2008-12-31,B,1379,226,181,7,1417
2008-12-31,O,0,326,326,0,0
2009-01-01,A,365,160,221,1,303
2009-01-01,AB,389,36,46,1,378
2009-01-01,B,1417,139,191,5,1360
2009-01-01,O,0,198,198,0,0
2009-01-02,A,303,221,194,0,330
2009-01-02,AB,378,51,58,4,367
2009-01-02,B,1360,225,207,4,1374
2009-01-02,O,0,375,298,1,76
2009-01-03,A,330,78,188,0,220
2009-01-03,AB,367,20,37,2,348
2009-01-03,B,1374,58,161,8,1263
2009-01-03,O,76,103,179,0,0
2009-01-04,A,220,220,179,3,258
2009-01-04,AB,348,55,33,0,370
2009-01-04,B,1263,225,153,6,1329
2009-01-04,O,0,360,283,0,77
2009-01-05,A,258,145,201,1,201
2009-01-05,AB,370,29,53,4,342
2009-01-05,B,1329,129,171,9,1278
2009-01-05,O,77,261,304,0,34
2009-01-06,A,201,179,209,0,171
2009-01-06,AB,342,52,36,3,355
2009-01-06,B,1278,226,156,9,1339
2009-01-06,O,34,333,271,0,96
2009-01-07,A,171,277,208,2,238
2009-01-07,AB,355,63,46,1,371
2009-01-07,B,1339,304,197,9,1437
2009-01-07,O,96,472,319,3,246
2009-01-08,A,238,265,182,0,321
2009-01-08,AB,371,86,52,5,400
2009-01-08,B,1437,311,205,13,1530
2009-01-08,O,246,460,303,2,401
2009-01-09,A,321,321,208,3,431
2009-01-09,AB,400,103,51,3,449
2009-01-09,B,1530,396,186,12,1728
2009-01-09,O,401,583,308,3,673
2009-01-10,A,431,281,188,5,519
2009-01-10,AB,449,71,40,2,478
2009-01-10,B,1728,327,194,14,1847
2009-01-10,O,673,428,274,0,827
2009-01-11,A,519,369,199,6,683
2009-01-11,AB,478,99,42,4,531
2009-01-11,B,1847,407,178,10,2066
2009-01-11,O,827,600,307,9,1111
2009-01-12,A,683,311,222,7,765
2009-01-12,AB,531,88,46,6,567
2009-01-12,B,2066,331,200,10,2187
2009-01-12,O,1111,515,302,12,1312
2009-01-13,A,765,387,216,4,932
2009-01-13,AB,567,83,45,9,596
2009-01-13,B,2187,395,202,29,2351
2009-01-13,O,1312,602,337,9,1568
2009-01-14,A,932,490,211,7,1204
2009-01-14,AB,596,122,51,14,653
2009-01-14,B,2351,494,207,24,2614
2009-01-14,O,1568,747,338,15,1962
2009-01-15,A,1204,344,224,13,1311
2009-01-15,AB,653,106,48,6,705
2009-01-15,B,2614,395,208,22,2779
2009-01-15,O,1962,592,315,10,2229
2009-01-16,A,1311,240,233,6,1312
2009-01-16,AB,705,63,45,5,718
2009-01-16,B,2779,253,236,27,2769
2009-01-16,O,2229,371,307,13,2280
2009-01-17,A,1312,261,287,4,1282
2009-01-17,AB,718,53,41,13,717
2009-01-17,B,2769,265,173,28,2833
2009-01-17,O,2280,484,279,17,2468
2009-01-18,A,1282,189,316,9,1146
2009-01-18,AB,717,57,37,12,725
2009-01-18,B,2833,194,191,26,2810
2009-01-18,O,2468,318,267,22,2497
2009-01-19,A,1146,193,318,7,1014
2009-01-19,AB,725,36,47,10,704
2009-01-19,B,2810,245,235,19,2801
2009-01-19,O,2497,322,317,12,2490
2009-01-20,A,1014,258,294,3,975
2009-01-20,AB,704,106,49,9,752
2009-01-20,B,2801,350,217,26,2908
2009-01-20,O,2490,531,305,21,2695
2009-01-21,A,975,548,327,5,1191
2009-01-21,AB,752,156,52,8,848
2009-01-21,B,2908,559,218,38,3211
2009-01-21,O,2695,792,307,16,3164
2009-01-22,A,1191,465,332,12,1312
2009-01-22,AB,848,104,55,13,884
2009-01-22,B,3211,506,243,39,3435
2009-01-22,O,3164,708,358,17,3497
2009-01-23,A,1312,185,348,7,1142
2009-01-23,AB,884,48,46,11,875
2009-01-23,B,3435,192,252,47,3328
2009-01-23,O,3497,287,341,25,3418
2009-01-24,A,1142,148,326,7,957
2009-01-24,AB,875,50,45,14,866
2009-01-24,B,3328,143,219,43,3209
2009-01-24,O,3418,236,313,22,3319
2009-01-25,A,957,127,345,5,734
2009-01-25,AB,866,29,35,14,846
2009-01-25,B,3209,150,215,42,3102
2009-01-25,O,3319,219,315,14,3209
2009-01-26,A,734,79,295,4,514
2009-01-26,AB,846,24,43,10,817
2009-01-26,B,3102,106,236,24,2948
2009-01-26,O,3209,149,342,19,2997
2009-01-27,A,514,66,328,0,252
2009-01-27,AB,817,21,46,8,784
2009-01-27,B,2948,100,246,24,2778
2009-01-27,O,2997,137,356,20,2758
2009-01-28,A,252,179,319,0,112
2009-01-28,AB,784,40,38,6,780
2009-01-28,B,2778,217,215,34,2746
2009-01-28,O,2758,322,346,14,2720
2009-01-29,A,112,300,344,1,67
2009-01-29,AB,780,93,40,8,825
2009-01-29,B,2746,338,252,31,2801
2009-01-29,O,2720,513,369,16,2848
2009-01-30,A,67,236,303,0,0
2009-01-30,AB,825,67,48,10,834
2009-01-30,B,2801,241,245,22,2775
2009-01-30,O,2848,398,371,15,2860
2009-01-31,A,0,281,225,0,56
2009-01-31,AB,834,78,52,13,847
2009-01-31,B,2775,355,228,32,2870
2009-01-31,O,2860,446,341,17,2948
2009-02-01,A,56,177,197,0,36
2009-02-01,AB,847,50,36,19,842
2009-02-01,B,2870,206,220,27,2829
2009-02-01,O,2948,338,336,23,2927
2009-02-02,A,36,176,212,0,0
2009-02-02,AB,842,48,43,12,835
2009-02-02,B,2829,215,253,19,2772
2009-02-02,O,2927,303,383,28,2819
2009-02-03,A,0,226,226,0,0
2009-02-03,AB,835,50,37,9,839
2009-02-03,B,2772,241,251,18,2744
2009-02-03,O,2819,376,388,23,2784
2009-02-04,A,0,437,230,2,205
2009-02-04,AB,839,102,43,14,884
2009-02-04,B,2744,461,310,25,2870
2009-02-04,O,2784,690,424,23,3027
2009-02-05,A,205,441,256,2,388
2009-02-05,AB,884,108,41,17,934
2009-02-05,B,2870,464,267,30,3037
2009-02-05,O,3027,616,414,20,3209
2009-02-06,A,388,134,247,2,273
2009-02-06,AB,934,39,45,17,911
2009-02-06,B,3037,168,246,35,2924
2009-02-06,O,3209,250,391,19,3049
2009-02-07,A,273,440,232,4,477
2009-02-07,AB,911,114,47,22,956
2009-02-07,B,2924,473,239,42,3116
2009-02-07,O,3049,659,386,19,3303
2009-02-08,A,477,443,220,4,696
2009-02-08,AB,956,120,41,25,1010
2009-02-08,B,3116,569,244,43,3398
2009-02-08,O,3303,744,376,25,3646
2009-02-09,A,696,168,235,2,627
2009-02-09,AB,1010,53,48,15,1000
2009-02-09,B,3398,251,260,42,3347
2009-02-09,O,3646,261,407,20,3480
2009-02-10,A,627,268,239,5,651
2009-02-10,AB,1000,68,43,22,1003
2009-02-10,B,3347,315,234,46,3382
2009-02-10,O,3480,428,380,36,3492
2009-02-11,A,651,443,234,1,859
2009-02-11,AB,1003,102,46,21,1038
2009-02-11,B,3382,430,256,42,3514
2009-02-11,O,3492,666,402,26,3730
2009-02-12,A,859,309,248,6,914
2009-02-12,AB,1038,77,56,23,1036
2009-02-12,B,3514,325,279,52,3508
2009-02-12,O,3730,478,409,37,3762
2009-02-13,A,914,236,233,4,913
2009-02-13,AB,1036,45,54,20,1007
2009-02-13,B,3508,248,265,54,3437
2009-02-13,O,3762,382,376,33,3735
2009-02-14,A,913,351,221,7,1036
2009-02-14,AB,1007,102,41,20,1048
2009-02-14,B,3437,368,276,51,3478
2009-02-14,O,3735,581,371,34,3911
2009-02-15,A,1036,277,202,6,1105
2009-02-15,AB,1048,66,99,19,996
2009-02-15,B,3478,290,236,55,3477
2009-02-15,O,3911,446,366,38,3953
2009-02-16,A,1105,224,220,7,1102
2009-02-16,AB,996,97,49,19,1025
2009-02-16,B,3477,282,242,41,3476
2009-02-16,O,3953,395,429,26,3893
2009-02-17,A,1102,254,225,2,1129
2009-02-17,AB,1025,89,95,20,999
2009-02-17,B,3476,316,283,50,3459
2009-02-17,O,3893,456,361,43,3945
2009-02-18,A,1129,317,190,4,1252
2009-02-18,AB,999,76,87,14,974
2009-02-18,B,3459,353,250,55,3507
2009-02-18,O,3945,533,416,38,4024
2009-02-19,A,1252,337,240,8,1341
2009-02-19,AB,974,89,84,20,959
2009-02-19,B,3507,390,267,45,3585
2009-02-19,O,4024,537,400,39,4122
2009-02-20,A,1341,333,264,8,1402
2009-02-20,AB,959,95,61,20,973
2009-02-20,B,3585,372,241,51,3665
2009-02-20,O,4122,539,359,39,4263
2009-02-21,A,1402,620,240,10,1772
2009-02-21,AB,973,147,95,19,1006
2009-02-21,B,3665,709,244,44,4086
2009-02-21,O,4263,1053,399,59,4858
2009-02-22,A,1772,411,251,10,1922
2009-02-22,AB,1006,102,65,17,1026
2009-02-22,B,4086,489,262,64,4249
2009-02-22,O,4858,674,361,64,5107
2009-02-23,A,1922,262,250,4,1930
2009-02-23,AB,1026,73,102,9,988
2009-02-23,B,4249,274,279,90,4154
2009-02-23,O,5107,425,415,57,5060
2009-02-24,A,1930,430,248,10,2102
2009-02-24,AB,988,149,104,16,1017
2009-02-24,B,4154,558,325,88,4299
2009-02-24,O,5060,766,458,67,5301
2009-02-25,A,2102,431,304,11,2218
2009-02-25,AB,1017,122,83,14,1042
2009-02-25,B,4299,496,301,83,4411
2009-02-25,O,5301,764,442,68,5555
2009-02-26,A,2218,288,266,19,2221
2009-02-26,AB,1042,69,94,20,997
2009-02-26,B,4411,342,303,75,4375
2009-02-26,O,5555,469,437,72,5515
2009-02-27,A,2221,147,293,15,2060
2009-02-27,AB,997,44,84,17,940
2009-02-27,B,4375,179,339,64,4151
2009-02-27,O,5515,298,409,57,5347
2009-02-28,A,2060,264,276,14,2034
2009-02-28,AB,940,70,97,18,895
2009-02-28,B,4151,269,319,55,4046
2009-02-28,O,5347,432,417,73,5289
2009-03-01,A,2034,427,272,11,2178
2009-03-01,AB,895,89,93,18,873
2009-03-01,B,4046,409,304,69,4082
2009-03-01,O,5289,691,424,72,5484
2009-03-02,A,2178,163,278,16,2047
2009-03-02,AB,873,45,103,11,804
2009-03-02,B,4082,150,321,74,3837
2009-03-02,O,5484,246,470,67,5193
2009-03-03,A,2047,320,280,12,2075
2009-03-03,AB,804,90,103,16,775
2009-03-03,B,3837,390,301,64,3862
2009-03-03,O,5193,539,484,78,5170
2009-03-04,A,2075,291,310,14,2042
2009-03-04,AB,775,76,95,7,749
2009-03-04,B,3862,325,335,40,3812
2009-03-04,O,5170,480,493,55,5102
2009-03-05,A,2042,304,299,20,2027
2009-03-05,AB,749,68,80,11,726
2009-03-05,B,3812,303,324,55,3736
2009-03-05,O,5102,449,449,46,5056
2009-03-06,A,2027,138,267,7,1891
2009-03-06,AB,726,40,77,11,678
2009-03-06,B,3736,179,305,54,3556
2009-03-06,O,5056,257,416,49,4848
2009-03-07,A,1891,316,256,9,1942
2009-03-07,AB,678,102,86,8,686
2009-03-07,B,3556,420,284,49,3643
2009-03-07,O,4848,584,402,49,4981
2009-03-08,A,1942,362,249,5,2050
2009-03-08,AB,686,108,115,10,669
2009-03-08,B,3643,411,317,60,3677
2009-03-08,O,4981,623,409,76,5119
2009-03-09,A,2050,67,287,9,1821
2009-03-09,AB,669,22,103,5,583
2009-03-09,B,3677,73,304,41,3405
2009-03-09,O,5119,101,456,42,4722
2009-03-10,A,1821,184,263,15,1727
2009-03-10,AB,583,65,56,5,587
2009-03-10,B,3405,268,312,31,3330
2009-03-10,O,4722,304,427,52,4547
2009-03-11,A,1727,170,261,12,1624
2009-03-11,AB,587,60,44,8,595
2009-03-11,B,3330,208,295,30,3213
2009-03-11,O,4547,322,413,42,4414
2009-03-12,A,1624,316,260,5,1675
2009-03-12,AB,595,88,55,6,622
2009-03-12,B,3213,331,320,48,3176
2009-03-12,O,4414,494,398,51,4459
2009-03-13,A,1675,195,257,8,1605
2009-03-13,AB,622,57,52,7,620
2009-03-13,B,3176,234,278,29,3103
2009-03-13,O,4459,342,402,50,4349
2009-03-14,A,1605,124,238,15,1476
2009-03-14,AB,620,45,48,6,611
2009-03-14,B,3103,152,233,28,2994
2009-03-14,O,4349,248,350,31,4216
2009-03-15,A,1476,433,521,7,1381
2009-03-15,AB,611,110,62,6,653
2009-03-15,B,2994,470,245,36,3183
2009-03-15,O,4216,722,387,44,4507
2009-03-16,A,1381,239,236,11,1373
2009-03-16,AB,653,55,53,4,651
2009-03-16,B,3183,229,253,46,3113
2009-03-16,O,4507,368,442,41,4392
2009-03-17,A,1373,245,231,12,1375
2009-03-17,AB,651,69,54,6,660
2009-03-17,B,3113,259,287,32,3053
2009-03-17,O,4392,413,413,40,4352
2009-03-18,A,1375,341,255,9,1452
2009-03-18,AB,660,73,59,6,668
2009-03-18,B,3053,276,280,36,3013
2009-03-18,O,4352,484,439,43,4354
2009-03-19,A,1452,297,257,15,1477
2009-03-19,AB,668,72,52,11,677
2009-03-19,B,3013,381,295,42,3057
2009-03-19,O,4354,540,419,35,4440
2009-03-20,A,1477,195,261,7,1404
2009-03-20,AB,677,43,53,8,659
2009-03-20,B,3057,217,267,33,2974
2009-03-20,O,4440,336,430,29,4317
2009-03-21,A,1404,207,235,10,1366
2009-03-21,AB,659,46,50,7,648
2009-03-21,B,2974,241,256,30,2929
2009-03-21,O,4317,364,376,43,4262
2009-03-22,A,1366,418,222,7,1555
2009-03-22,AB,648,107,54,9,692
2009-03-22,B,2929,459,249,28,3111
2009-03-22,O,4262,712,399,43,4532
2009-03-23,A,1555,250,240,10,1555
2009-03-23,AB,692,52,61,5,678
2009-03-23,B,3111,251,266,28,3068
2009-03-23,O,4532,384,408,45,4463
2009-03-24,A,1555,236,237,5,1549
2009-03-24,AB,678,58,52,7,677
2009-03-24,B,3068,287,257,39,3059
2009-03-24,O,4463,400,378,59,4426
2009-03-25,A,1549,296,256,14,1575
2009-03-25,AB,677,74,68,8,675
2009-03-25,B,3059,323,262,27,3093
2009-03-25,O,4426,510,397,39,4500
2009-03-26,A,1575,486,477,5,1579
2009-03-26,AB,675,119,59,13,722
2009-03-26,B,3093,527,238,43,3339
2009-03-26,O,4500,749,384,72,4793
2009-03-27,A,1579,172,226,15,1510
2009-03-27,AB,722,59,51,9,721
2009-03-27,B,3339,218,201,38,3318
2009-03-27,O,4793,311,382,51,4671
2009-03-28,A,1510,215,214,9,1502
2009-03-28,AB,721,63,56,13,715
2009-03-28,B,3318,209,221,30,3276
2009-03-28,O,4671,359,332,49,4649
2009-03-29,A,1502,393,202,14,1679
2009-03-29,AB,715,79,50,10,734
2009-03-29,B,3276,440,224,49,3443
2009-03-29,O,4649,621,387,55,4828
2009-03-30,A,1679,184,240,7,1616
2009-03-30,AB,734,52,66,9,711
2009-03-30,B,3443,230,231,54,3388
2009-03-30,O,4828,284,385,56,4671
2009-03-31,A,1616,253,200,9,1660
2009-03-31,AB,711,89,52,12,736
2009-03-31,B,3388,279,285,50,3332
2009-03-31,O,4671,411,363,41,4678
2009-04-01,A,1660,310,252,8,1710
2009-04-01,AB,736,91,42,16,769
2009-04-01,B,3332,358,277,48,3365
2009-04-01,O,4678,542,364,46,4810
2009-04-02,A,1710,216,227,12,1687
2009-04-02,AB,769,48,51,10,756
2009-04-02,B,3365,238,240,46,3317
2009-04-02,O,4810,354,395,39,4730
2009-04-03,A,1687,174,200,16,1645
2009-04-03,AB,756,39,54,11,730
2009-04-03,B,3317,210,252,43,3232
2009-04-03,O,4730,259,409,46,4534
2009-04-04,A,1645,156,194,13,1594
2009-04-04,AB,730,45,51,15,709
2009-04-04,B,3232,199,223,40,3168
2009-04-04,O,4534,279,328,50,4435
2009-04-05,A,1594,303,204,10,1683
2009-04-05,AB,709,80,56,7,726
2009-04-05,B,3168,358,256,31,3239
2009-04-05,O,4435,547,341,48,4593
2009-04-06,A,1683,129,214,9,1589
2009-04-06,AB,726,26,53,5,694
2009-04-06,B,3239,138,236,30,3111
2009-04-06,O,4593,208,373,42,4386
2009-04-07,A,1589,294,208,9,1666
2009-04-07,AB,694,75,55,10,704
2009-04-07,B,3111,347,224,27,3207
2009-04-07,O,4386,478,379,42,4443
2009-04-08,A,1666,282,206,4,1738
2009-04-08,AB,704,77,60,7,714
2009-04-08,B,3207,296,233,42,3228
2009-04-08,O,4443,451,357,43,4494
2009-04-09,A,1738,335,255,19,1799
2009-04-09,AB,714,83,64,7,726
2009-04-09,B,3228,364,246,45,3301
2009-04-09,O,4494,505,389,42,4568
2009-04-10,A,1799,118,229,7,1681
2009-04-10,AB,726,40,64,12,690
2009-04-10,B,3301,150,237,43,3171
2009-04-10,O,4568,243,401,47,4363
2009-04-11,A,1681,331,188,15,1809
2009-04-11,AB,690,91,60,9,712
2009-04-11,B,3171,345,217,41,3258
2009-04-11,O,4363,497,366,38,4456
2009-04-12,A,1809,409,202,14,2002
2009-04-12,AB,712,89,53,4,744
2009-04-12,B,3258,388,226,55,3365
2009-04-12,O,4456,621,355,47,4675
2009-04-13,A,2002,194,214,16,1966
2009-04-13,AB,744,64,53,4,751
2009-04-13,B,3365,202,233,37,3297
2009-04-13,O,4675,293,402,49,4517
2009-04-14,A,1966,301,236,11,2020
2009-04-14,AB,751,101,60,11,781
2009-04-14,B,3297,409,226,46,3434
2009-04-14,O,4517,555,388,50,4634
2009-04-15,A,2020,318,227,23,2088
2009-04-15,AB,781,72,53,14,786
2009-04-15,B,3434,317,269,52,3430
2009-04-15,O,4634,561,411,56,4728
2009-04-16,A,2088,350,243,11,2184
2009-04-16,AB,786,79,56,12,797
2009-04-16,B,3430,366,244,41,3511
2009-04-16,O,4728,548,385,56,4835
2009-04-17,A,2184,248,259,16,2157
2009-04-17,AB,797,69,58,10,798
2009-04-17,B,3511,292,501,42,3260
2009-04-17,O,4835,446,365,61,4855
2009-04-18,A,2157,226,253,9,2121
2009-04-18,AB,798,68,54,10,802
2009-04-18,B,3260,210,239,39,3192
2009-04-18,O,4855,364,341,52,4826
2009-04-19,A,2121,479,228,21,2351
2009-04-19,AB,802,118,56,12,852
2009-04-19,B,3192,496,221,47,3420
2009-04-19,O,4826,856,359,68,5255
2009-04-20,A,2351,190,238,14,2289
2009-04-20,AB,852,60,49,15,848
2009-04-20,B,3420,210,258,49,3323
2009-04-20,O,5255,314,372,70,5127
2009-04-21,A,2289,224,664,17,1832
2009-04-21,AB,848,63,59,10,842
2009-04-21,B,3323,263,232,40,3314
2009-04-21,O,5127,383,390,68,5052
2009-04-22,A,1832,338,254,12,1904
2009-04-22,AB,842,86,54,10,864
2009-04-22,B,3314,361,247,37,3391
2009-04-22,O,5052,548,376,61,5163
2009-04-23,A,1904,189,253,10,1830
2009-04-23,AB,864,41,65,14,826
2009-04-23,B,3391,200,260,34,3297
2009-04-23,O,5163,295,421,65,4972
2009-04-24,A,1830,215,247,14,1784
2009-04-24,AB,826,45,58,14,799
2009-04-24,B,3297,222,275,41,3203
2009-04-24,O,4972,391,399,67,4897
2009-04-25,A,1784,205,225,8,1756
2009-04-25,AB,799,56,46,8,801
2009-04-25,B,3203,240,233,36,3174
2009-04-25,O,4897,341,336,58,4844
2009-04-26,A,1756,308,235,14,1815
2009-04-26,AB,801,70,40,7,824
2009-04-26,B,3174,298,218,37,3217
2009-04-26,O,4844,497,358,66,4917
2009-04-27,A,1815,146,252,9,1700
2009-04-27,AB,824,46,45,11,814
2009-04-27,B,3217,194,286,27,3098
2009-04-27,O,4917,272,377,51,4761
2009-04-28,A,1700,316,246,12,1758
2009-04-28,AB,814,77,64,14,813
2009-04-28,B,3098,338,227,31,3178
2009-04-28,O,4761,498,400,49,4810
2009-04-29,A,1758,204,214,14,1734
2009-04-29,AB,813,50,56,13,794
2009-04-29,B,3178,186,242,43,3079
2009-04-29,O,4810,337,402,37,4708
2009-04-30,A,1734,214,198,9,1741
2009-04-30,AB,794,58,51,12,789
2009-04-30,B,3079,221,246,35,3019
2009-04-30,O,4708,392,363,48,4689
2009-05-01,A,1741,649,237,10,2143
2009-05-01,AB,789,152,39,16,886
2009-05-01,B,3019,614,252,38,3343
2009-05-01,O,4689,1019,386,76,5246
2009-05-02,A,2143,170,231,10,2072
2009-05-02,AB,886,37,49,12,862
2009-05-02,B,3343,165,228,37,3243
2009-05-02,O,5246,273,350,64,5105
2009-05-03,A,2072,298,249,14,2107
2009-05-03,AB,862,80,37,14,891
2009-05-03,B,3243,282,206,37,3282
2009-05-03,O,5105,473,381,65,5132
2009-05-04,A,2107,161,223,22,2023
2009-05-04,AB,891,44,49,5,881
2009-05-04,B,3282,172,247,34,3173
2009-05-04,O,5132,263,394,71,4930
2009-05-05,A,2023,174,223,15,1959
2009-05-05,AB,881,51,59,9,864
2009-05-05,B,3173,183,261,40,3055
2009-05-05,O,4930,268,380,65,4753
2009-05-06,A,1959,218,225,8,1944
2009-05-06,AB,864,62,56,15,855
2009-05-06,B,3055,244,237,40,3022
2009-05-06,O,4753,370,382,50,4691
2009-05-07,A,1944,199,230,14,1899
2009-05-07,AB,855,58,75,10,828
2009-05-07,B,3022,223,253,26,2966
2009-05-07,O,4691,313,365,61,4578
2009-05-08,A,1899,163,225,11,1826
2009-05-08,AB,828,42,59,17,794
2009-05-08,B,2966,175,249,35,2857
2009-05-08,O,4578,244,408,49,4365
2009-05-09,A,1826,612,233,22,2183
2009-05-09,AB,794,153,46,12,889
2009-05-09,B,2857,622,220,26,3233
2009-05-09,O,4365,1030,371,61,4963
2009-05-10,A,2183,364,208,23,2316
2009-05-10,AB,889,107,62,18,916
2009-05-10,B,3233,420,228,47,3378
2009-05-10,O,4963,668,381,78,5172
2009-05-11,A,2316,144,257,15,2188
2009-05-11,AB,916,28,54,11,879
2009-05-11,B,3378,151,246,46,3237
2009-05-11,O,5172,271,439,54,4950
2009-05-12,A,2188,193,214,12,2155
2009-05-12,AB,879,59,65,15,858
2009-05-12,B,3237,236,271,39,3163
2009-05-12,O,4950,321,377,64,4830
2009-05-13,A,2155,245,236,14,2150
2009-05-13,AB,858,72,70,11,849
2009-05-13,B,3163,280,253,44,3146
2009-05-13,O,4830,486,407,46,4863
2009-05-14,A,2150,307,243,15,2199
2009-05-14,AB,849,78,69,11,847
2009-05-14,B,3146,341,227,40,3220
2009-05-14,O,4863,447,410,54,4846
2009-05-15,A,2199,306,225,16,2264
2009-05-15,AB,847,94,61,11,869
2009-05-15,B,3220,338,231,33,3294
2009-05-15,O,4846,526,407,50,4915
2009-05-16,A,2264,309,234,12,2327
2009-05-16,AB,869,85,55,14,885
2009-05-16,B,3294,357,232,55,3364
2009-05-16,O,4915,490,375,58,4972
2009-05-17,A,2327,458,217,23,2545
2009-05-17,AB,885,118,58,8,937
2009-05-17,B,3364,448,243,49,3520
2009-05-17,O,4972,740,368,60,5284
2009-05-18,A,2545,114,259,31,2369
2009-05-18,AB,937,28,60,15,890
2009-05-18,B,3520,129,255,46,3348
2009-05-18,O,5284,232,427,59,5030
2009-05-19,A,2369,209,258,18,2302
2009-05-19,AB,890,59,38,23,888
2009-05-19,B,3348,218,237,44,3285
2009-05-19,O,5030,375,428,59,4918
2009-05-20,A,2302,230,212,14,2306
2009-05-20,AB,888,39,57,15,855
2009-05-20,B,3285,237,245,40,3237
2009-05-20,O,4918,371,374,54,4861
2009-05-21,A,2306,238,261,15,2268
2009-05-21,AB,855,60,77,12,826
2009-05-21,B,3237,314,257,52,3242
2009-05-21,O,4861,392,405,54,4794
2009-05-22,A,2268,163,241,14,2176
2009-05-22,AB,826,51,64,9,804
2009-05-22,B,3242,183,243,46,3136
2009-05-22,O,4794,274,393,71,4604
2009-05-23,A,2176,323,208,21,2270
2009-05-23,AB,804,99,36,9,858
2009-05-23,B,3136,376,238,35,3239
2009-05-23,O,4604,494,383,52,4663
2009-05-24,A,2270,423,227,20,2446
2009-05-24,AB,858,103,69,20,872
2009-05-24,B,3239,440,277,39,3363
2009-05-24,O,4663,666,388,49,4892
2009-05-25,A,2446,177,255,18,2350
2009-05-25,AB,872,41,54,17,842
2009-05-25,B,3363,232,237,41,3317
2009-05-25,O,4892,334,423,55,4748
2009-05-26,A,2350,151,240,21,2240
2009-05-26,AB,842,41,56,12,815
2009-05-26,B,3317,167,246,30,3208
2009-05-26,O,4748,237,420,49,4516
2009-05-27,A,2240,277,241,18,2258
2009-05-27,AB,815,80,57,12,826
2009-05-27,B,3208,331,227,59,3253
2009-05-27,O,4516,432,409,44,4495
2009-05-28,A,2258,323,285,25,2271
2009-05-28,AB,826,101,59,14,854
2009-05-28,B,3253,311,247,35,3282
2009-05-28,O,4495,433,412,53,4463
2009-05-29,A,2271,206,254,15,2208
2009-05-29,AB,854,57,51,8,852
2009-05-29,B,3282,252,282,33,3219
2009-05-29,O,4463,352,395,53,4367
2009-05-30,A,2208,262,220,25,2225
2009-05-30,AB,852,93,43,14,888
2009-05-30,B,3219,291,209,47,3254
2009-05-30,O,4367,441,362,53,4393
2009-05-31,A,2225,397,247,26,2349
2009-05-31,AB,888,114,63,11,928
2009-05-31,B,3254,468,201,41,3480
2009-05-31,O,4393,716,363,45,4701
2009-06-01,A,2349,139,266,11,2211
2009-06-01,AB,928,38,60,15,891
2009-06-01,B,3480,137,236,25,3356
2009-06-01,O,4701,215,352,45,4519
2009-06-02,A,2211,128,250,20,2069
2009-06-02,AB,891,33,53,17,854
2009-06-02,B,3356,167,251,48,3224
2009-06-02,O,4519,277,384,31,4381
2009-06-03,A,2069,240,229,17,2063
2009-06-03,AB,854,55,66,6,837
2009-06-03,B,3224,239,256,38,3169
2009-06-03,O,4381,369,339,37,4374
2009-06-04,A,2063,223,214,18,2054
2009-06-04,AB,837,52,41,6,842
2009-06-04,B,3169,227,224,42,3130
2009-06-04,O,4374,332,379,46,4281
2009-06-05,A,2054,188,211,13,2018
2009-06-05,AB,842,47,47,13,829
2009-06-05,B,3130,183,238,39,3036
2009-06-05,O,4281,278,333,37,4189
2009-06-06,A,2018,127,186,14,1945
2009-06-06,AB,829,62,42,16,833
2009-06-06,B,3036,161,195,30,2972
2009-06-06,O,4189,242,335,52,4044
2009-06-07,A,1945,346,220,16,2055
2009-06-07,AB,833,72,56,7,842
2009-06-07,B,2972,357,212,39,3078
2009-06-07,O,4044,617,350,43,4268
2009-06-08,A,2055,142,225,11,1961
2009-06-08,AB,842,45,51,7,829
2009-06-08,B,3078,178,240,28,2988
2009-06-08,O,4268,252,362,43,4115
2009-06-09,A,1961,154,214,7,1894
2009-06-09,AB,829,39,51,8,809
2009-06-09,B,2988,179,212,23,2932
2009-06-09,O,4115,268,362,26,3995
2009-06-10,A,1894,228,229,8,1885
2009-06-10,AB,809,72,58,8,815
2009-06-10,B,2932,235,210,39,2918
2009-06-10,O,3995,370,362,40,3963
2009-06-11,A,1885,211,226,15,1855
2009-06-11,AB,815,54,42,8,819
2009-06-11,B,2918,236,198,28,2928
2009-06-11,O,3963,307,372,33,3865
2009-06-12,A,1855,160,190,12,1813
2009-06-12,AB,819,33,50,9,793
2009-06-12,B,2928,166,243,31,2820
2009-06-12,O,3865,251,336,28,3752
2009-06-13,A,1813,164,191,12,1774
2009-06-13,AB,793,40,59,18,756
2009-06-13,B,2820,168,170,27,2791
2009-06-13,O,3752,253,307,35,3663
2009-06-14,A,1774,571,195,22,2128
2009-06-14,AB,756,150,45,11,850
2009-06-14,B,2791,612,182,34,3187
2009-06-14,O,3663,942,317,50,4238
2009-06-15,A,2128,248,226,21,2129
2009-06-15,AB,850,53,62,9,832
2009-06-15,B,3187,232,198,30,3191
2009-06-15,O,4238,348,308,38,4240
2009-06-16,A,2129,211,210,22,2108
2009-06-16,AB,832,60,51,14,827
2009-06-16,B,3191,276,197,39,3231
2009-06-16,O,4240,390,302,44,4284
2009-06-17,A,2108,301,214,14,2181
2009-06-17,AB,827,90,56,17,844
2009-06-17,B,3231,299,199,46,3285
2009-06-17,O,4284,492,314,38,4424
2009-06-18,A,2181,420,208,26,2367
2009-06-18,AB,844,104,48,12,888
2009-06-18,B,3285,457,210,48,3484
2009-06-18,O,4424,664,348,57,4683
2009-06-19,A,2367,217,186,23,2375
2009-06-19,AB,888,36,67,18,839
2009-06-19,B,3484,203,223,50,3414
2009-06-19,O,4683,306,353,54,4582
2009-06-20,A,2375,227,177,19,2406
2009-06-20,AB,839,58,55,8,834
2009-06-20,B,3414,299,200,46,3467
2009-06-20,O,4582,397,318,53,4608
2009-06-21,A,2406,446,181,16,2655
2009-06-21,AB,834,107,62,6,873
2009-06-21,B,3467,482,203,57,3689
2009-06-21,O,4608,860,313,65,5090
2009-06-22,A,2655,148,225,31,2547
2009-06-22,AB,873,38,42,17,852
2009-06-22,B,3689,181,211,46,3613
2009-06-22,O,5090,269,327,50,4982
2009-06-23,A,2547,256,238,25,2540
2009-06-23,AB,852,68,105,12,803
2009-06-23,B,3613,347,222,46,3692
2009-06-23,O,4982,456,389,67,4982
2009-06-24,A,2540,195,220,19,2496
2009-06-24,AB,803,52,69,9,777
2009-06-24,B,3692,208,237,55,3608
2009-06-24,O,4982,299,332,51,4898
2009-06-25,A,2496,341,218,36,2583
2009-06-25,AB,777,91,45,11,812
2009-06-25,B,3608,413,237,66,3718
2009-06-25,O,4898,573,386,54,5031
2009-06-26,A,2583,192,195,27,2553
2009-06-26,AB,812,57,49,11,809
2009-06-26,B,3718,233,240,58,3653
2009-06-26,O,5031,326,392,55,4910
2009-06-27,A,2553,368,181,17,2723
2009-06-27,AB,809,96,51,19,835
2009-06-27,B,3653,366,429,54,3536
2009-06-27,O,4910,545,394,57,5004
2009-06-28,A,2723,371,190,28,2876
2009-06-28,AB,835,100,54,10,871
2009-06-28,B,3536,412,246,50,3652
2009-06-28,O,5004,690,344,56,5294
2009-06-29,A,2876,144,257,30,2733
2009-06-29,AB,871,44,56,12,847
2009-06-29,B,3652,181,257,61,3515
2009-06-29,O,5294,283,411,58,5108
2009-06-30,A,2733,215,207,27,2714
2009-06-30,AB,847,67,58,11,845
2009-06-30,B,3515,248,235,36,3492
2009-06-30,O,5108,377,375,68,5042
2009-07-01,A,2714,230,207,25,2712
2009-07-01,AB,845,57,48,20,834
2009-07-01,B,3492,255,239,38,3470
2009-07-01,O,5042,390,374,60,4998
2009-07-02,A,2712,232,211,32,2701
2009-07-02,AB,834,60,47,9,838
2009-07-02,B,3470,264,227,52,3455
2009-07-02,O,4998,390,385,56,4947
2009-07-03,A,2701,198,207,31,2661
2009-07-03,AB,838,44,57,8,817
2009-07-03,B,3455,189,216,54,3374
2009-07-03,O,4947,322,431,54,4784
2009-07-04,A,2661,145,186,25,2595
2009-07-04,AB,817,52,51,14,804
2009-07-04,B,3374,165,229,31,3279
2009-07-04,O,4784,256,319,56,4665
2009-07-05,A,2595,380,209,28,2738
2009-07-05,AB,804,76,62,13,805
2009-07-05,B,3279,364,225,55,3363
2009-07-05,O,4665,646,359,54,4898
2009-07-06,A,2738,155,226,27,2640
2009-07-06,AB,805,43,60,11,777
2009-07-06,B,3363,180,230,50,3263
2009-07-06,O,4898,222,396,49,4675
2009-07-07,A,2640,299,225,28,2686
2009-07-07,AB,777,84,54,13,794
2009-07-07,B,3263,332,244,52,3299
2009-07-07,O,4675,450,391,48,4686
2009-07-08,A,2686,225,223,35,2653
2009-07-08,AB,794,54,49,9,790
2009-07-08,B,3299,263,251,46,3265
2009-07-08,O,4686,392,402,52,4624
2009-07-09,A,2653,244,214,29,2654
2009-07-09,AB,790,87,62,15,800
2009-07-09,B,3265,317,239,45,3298
2009-07-09,O,4624,417,400,55,4586
2009-07-10,A,2654,151,223,25,2557
2009-07-10,AB,800,47,65,9,773
2009-07-10,B,3298,198,254,34,3208
2009-07-10,O,4586,283,390,47,4432
2009-07-11,A,2557,223,212,19,2549
2009-07-11,AB,773,64,55,18,764
2009-07-11,B,3208,217,211,39,3175
2009-07-11,O,4432,343,398,38,4339
2009-07-12,A,2549,524,218,32,2823
2009-07-12,AB,764,121,58,10,817
2009-07-12,B,3175,549,231,36,3457
2009-07-12,O,4339,837,379,48,4749
2009-07-13,A,2823,164,222,25,2740
2009-07-13,AB,817,44,66,19,776
2009-07-13,B,3457,209,262,34,3370
2009-07-13,O,4749,293,466,47,4529
2009-07-14,A,2740,222,201,22,2739
2009-07-14,AB,776,53,46,5,778
2009-07-14,B,3370,229,245,37,3317
2009-07-14,O,4529,353,426,43,4413
2009-07-15,A,2739,429,225,33,2910
2009-07-15,AB,778,110,59,5,824
2009-07-15,B,3317,405,242,45,3435
2009-07-15,O,4413,564,419,40,4518
2009-07-16,A,2910,365,257,43,2975
2009-07-16,AB,824,103,54,11,862
2009-07-16,B,3435,355,286,49,3455
2009-07-16,O,4518,556,444,40,4590
2009-07-17,A,2975,241,208,43,2965
2009-07-17,AB,862,46,65,17,826
2009-07-17,B,3455,283,246,57,3435
2009-07-17,O,4590,353,421,48,4474
2009-07-18,A,2965,253,218,34,2966
2009-07-18,AB,826,60,63,8,815
2009-07-18,B,3435,282,226,37,3454
2009-07-18,O,4474,403,415,48,4414
2009-07-19,A,2966,425,233,31,3127
2009-07-19,AB,815,93,65,14,829
2009-07-19,B,3454,428,253,46,3583
2009-07-19,O,4414,702,398,62,4656
2009-07-20,A,3127,160,240,38,3009
2009-07-20,AB,829,40,71,15,783
2009-07-20,B,3583,170,284,50,3419
2009-07-20,O,4656,248,429,32,4443
2009-07-21,A,3009,256,235,54,2976
2009-07-21,AB,783,70,62,13,778
2009-07-21,B,3419,270,278,39,3372
2009-07-21,O,4443,384,426,45,4356
2009-07-22,A,2976,427,220,32,3151
2009-07-22,AB,778,116,62,12,820
2009-07-22,B,3372,522,269,54,3571
2009-07-22,O,4356,711,407,58,4602
2009-07-23,A,3151,301,233,46,3173
2009-07-23,AB,820,103,54,15,854
2009-07-23,B,3571,383,234,44,3676
2009-07-23,O,4602,544,464,50,4632
2009-07-24,A,3173,346,235,57,3227
2009-07-24,AB,854,111,63,13,889
2009-07-24,B,3676,385,234,54,3773
2009-07-24,O,4632,501,443,46,4644
2009-07-25,A,3227,254,204,31,3246
2009-07-25,AB,889,73,63,20,879
2009-07-25,B,3773,312,235,56,3794
2009-07-25,O,4644,409,432,45,4576
2009-07-26,A,3246,522,219,57,3492
2009-07-26,AB,879,110,74,18,897
2009-07-26,B,3794,498,232,75,3985
2009-07-26,O,4576,790,442,54,4870
2009-07-27,A,3492,252,242,61,3441
2009-07-27,AB,897,70,80,10,877
2009-07-27,B,3985,305,252,72,3966
2009-07-27,O,4870,471,462,60,4819
2009-07-28,A,3441,240,240,46,3395
2009-07-28,AB,877,65,78,12,852
2009-07-28,B,3966,301,244,77,3946
2009-07-28,O,4819,445,480,54,4730
2009-07-29,A,3395,248,228,33,3382
2009-07-29,AB,852,84,64,20,852
2009-07-29,B,3946,264,287,61,3862
2009-07-29,O,4730,385,458,48,4609
2009-07-30,A,3382,299,258,58,3365
2009-07-30,AB,852,91,57,11,875
2009-07-30,B,3862,280,285,71,3786
2009-07-30,O,4609,391,503,49,4448
2009-07-31,A,3365,308,252,64,3357
2009-07-31,AB,875,87,79,10,873
2009-07-31,B,3786,336,232,59,3831
2009-07-31,O,4448,491,470,41,4428
2009-08-01,A,3357,234,240,51,3300
2009-08-01,AB,873,70,64,9,870
2009-08-01,B,3831,260,231,44,3816
2009-08-01,O,4428,430,431,40,4387
2009-08-02,A,3300,506,252,48,3506
2009-08-02,AB,870,143,82,22,909
2009-08-02,B,3816,548,270,67,4027
2009-08-02,O,4387,814,450,47,4704
2009-08-03,A,3506,243,279,52,3418
2009-08-03,AB,909,47,78,9,869
2009-08-03,B,4027,279,292,69,3945
2009-08-03,O,4704,433,476,46,4615
2009-08-04,A,3418,347,287,38,3440
2009-08-04,AB,869,88,93,11,853
2009-08-04,B,3945,408,305,60,3988
2009-08-04,O,4615,576,488,53,4650
2009-08-05,A,3440,457,285,59,3553
2009-08-05,AB,853,113,79,23,864
2009-08-05,B,3988,522,291,74,4145
2009-08-05,O,4650,832,554,61,4867
2009-08-06,A,3553,399,287,66,3599
2009-08-06,AB,864,107,80,13,878
2009-08-06,B,4145,429,291,84,4199
2009-08-06,O,4867,552,564,50,4805
2009-08-07,A,3599,477,328,56,3692
2009-08-07,AB,878,100,78,15,885
2009-08-07,B,4199,461,314,65,4281
2009-08-07,O,4805,694,514,54,4931
2009-08-08,A,3692,457,292,70,3787
2009-08-08,AB,885,141,82,21,923
2009-08-08,B,4281,530,311,86,4414
2009-08-08,O,4931,765,511,60,5125
2009-08-09,A,3787,414,311,57,3833
2009-08-09,AB,923,82,67,14,924
2009-08-09,B,4414,384,306,102,4390
2009-08-09,O,5125,650,526,69,5180
2009-08-10,A,3833,228,332,72,3657
2009-08-10,AB,924,74,98,12,888
2009-08-10,B,4390,257,348,72,4227
2009-08-10,O,5180,347,513,65,4949
2009-08-11,A,3657,268,327,51,3547
2009-08-11,AB,888,76,83,8,873
2009-08-11,B,4227,326,348,71,4134
2009-08-11,O,4949,467,569,58,4789
2009-08-12,A,3547,370,312,49,3556
2009-08-12,AB,873,102,89,19,867
2009-08-12,B,4134,348,346,70,4066
2009-08-12,O,4789,644,530,59,4844
2009-08-13,A,3556,389,364,39,3542
2009-08-13,AB,867,94,87,12,862
2009-08-13,B,4066,422,357,69,4062
2009-08-13,O,4844,619,645,40,4778
2009-08-14,A,3542,332,342,43,3489
2009-08-14,AB,862,80,77,14,851
2009-08-14,B,4062,359,333,63,4025
2009-08-14,O,4778,549,643,47,4637
2009-08-15,A,3489,701,324,61,3805
2009-08-15,AB,851,170,75,17,929
2009-08-15,B,4025,729,304,71,4379
2009-08-15,O,4637,1167,578,74,5152
2009-08-16,A,3805,520,358,52,3915
2009-08-16,AB,929,148,87,19,971
2009-08-16,B,4379,581,313,77,4570
2009-08-16,O,5152,876,544,76,5408
2009-08-17,A,3915,238,373,58,3722
2009-08-17,AB,971,68,114,18,907
2009-08-17,B,4570,294,362,93,4409
2009-08-17,O,5408,451,624,65,5170
2009-08-18,A,3722,404,398,51,3677
2009-08-18,AB,907,103,99,15,896
2009-08-18,B,4409,461,357,82,4431
2009-08-18,O,5170,666,545,60,5231
2009-08-19,A,3677,356,360,36,3637
2009-08-19,AB,896,107,93,13,897
2009-08-19,B,4431,393,406,68,4350
2009-08-19,O,5231,586,588,69,5160
2009-08-20,A,3637,392,388,51,3590
2009-08-20,AB,897,100,83,13,901
2009-08-20,B,4350,430,378,77,4325
2009-08-20,O,5160,616,623,65,5088
2009-08-21,A,3590,258,384,53,3411
2009-08-21,AB,901,85,100,13,873
2009-08-21,B,4325,304,357,82,4190
2009-08-21,O,5088,421,574,47,4888
2009-08-22,A,3411,55,342,41,3083
2009-08-22,AB,873,9,80,11,791
2009-08-22,B,4190,50,308,62,3870
2009-08-22,O,4888,92,509,32,4439
2009-08-23,A,3083,378,324,48,3089
2009-08-23,AB,791,86,86,10,781
2009-08-23,B,3870,360,315,48,3867
2009-08-23,O,4439,643,511,52,4519
2009-08-24,A,3089,39,395,21,2712
2009-08-24,AB,781,6,98,10,679
2009-08-24,B,3867,48,352,42,3521
2009-08-24,O,4519,74,574,42,3977
2009-08-25,A,2712,84,351,18,2427
2009-08-25,AB,679,27,73,3,630
2009-08-25,B,3521,86,376,46,3185
2009-08-25,O,3977,138,569,29,3517
2009-08-26,A,2427,73,339,15,2146
2009-08-26,AB,630,17,81,5,561
2009-08-26,B,3185,89,333,39,2902
2009-08-26,O,3517,110,531,21,3075
2009-08-27,A,2146,164,343,12,1955
2009-08-27,AB,561,54,77,3,535
2009-08-27,B,2902,164,312,27,2727
2009-08-27,O,3075,300,561,12,2802
2009-08-28,A,1955,91,334,10,1702
2009-08-28,AB,535,26,75,4,482
2009-08-28,B,2727,98,289,31,2505
2009-08-28,O,2802,139,578,15,2348
2009-08-29,A,1702,96,318,4,1476
2009-08-29,AB,482,35,74,0,443
2009-08-29,B,2505,105,309,13,2288
2009-08-29,O,2348,154,515,20,1967
2009-08-30,A,1476,245,303,11,1407
2009-08-30,AB,443,58,75,3,423
2009-08-30,B,2288,260,295,19,2234
2009-08-30,O,1967,464,534,5,1892
2009-08-31,A,1407,111,365,10,1143
2009-08-31,AB,423,30,64,3,386
2009-08-31,B,2234,138,318,11,2043
2009-08-31,O,1892,224,553,9,1554
2009-09-01,A,1143,87,340,5,885
2009-09-01,AB,386,23,62,5,342
2009-09-01,B,2043,91,287,12,1835
2009-09-01,O,1554,150,522,10,1172
2009-09-02,A,885,108,313,1,679
2009-09-02,AB,342,33,63,2,310
2009-09-02,B,1835,130,322,2,1641
2009-09-02,O,1172,177,495,7,847
2009-09-03,A,679,180,296,5,558
2009-09-03,AB,310,39,55,1,293
2009-09-03,B,1641,152,277,16,1500
2009-09-03,O,847,233,506,6,568
2009-09-04,A,558,121,292,4,383
2009-09-04,AB,293,42,69,3,263
2009-09-04,B,1500,149,257,12,1380
2009-09-04,O,568,214,509,2,271
2009-09-05,A,383,165,272,4,272
2009-09-05,AB,263,52,63,2,250
2009-09-05,B,1380,194,234,11,1329
2009-09-05,O,271,335,425,2,179
2009-09-06,A,272,503,254,9,512
2009-09-06,AB,250,95,60,0,285
2009-09-06,B,1329,495,229,7,1588
2009-09-06,O,179,774,420,4,529
2009-09-07,A,512,108,284,3,333
2009-09-07,AB,285,16,65,2,234
2009-09-07,B,1588,120,265,6,1437
2009-09-07,O,529,180,458,2,249
2009-09-08,A,333,156,239,1,249
2009-09-08,AB,234,44,47,1,230
2009-09-08,B,1437,157,237,5,1352
2009-09-08,O,249,280,406,1,122
2009-09-09,A,249,238,245,1,241
2009-09-09,AB,230,68,48,5,245
2009-09-09,B,1352,277,225,7,1397
2009-09-09,O,122,451,462,0,111
2009-09-10,A,241,196,252,1,184
2009-09-10,AB,245,41,71,1,214
2009-09-10,B,1397,187,220,7,1357
2009-09-10,O,111,325,436,0,0
2009-09-11,A,184,168,285,0,67
2009-09-11,AB,214,50,65,1,198
2009-09-11,B,1357,198,233,4,1318
2009-09-11,O,0,255,255,0,0
2009-09-12,A,67,222,245,1,43
2009-09-12,AB,198,64,51,1,210
2009-09-12,B,1318,257,215,5,1355
2009-09-12,O,0,432,376,0,56
2009-09-13,A,43,648,248,2,441
2009-09-13,AB,210,133,54,3,286
2009-09-13,B,1355,606,227,12,1722
2009-09-13,O,56,1123,386,6,787
2009-09-14,A,441,130,243,0,328
2009-09-14,AB,286,29,62,2,251
2009-09-14,B,1722,145,228,11,1628
2009-09-14,O,787,229,423,2,591
2009-09-15,A,328,106,221,2,211
2009-09-15,AB,251,28,46,1,232
2009-09-15,B,1628,127,181,10,1564
2009-09-15,O,591,195,405,2,379
2009-09-16,A,211,131,168,1,173
2009-09-16,AB,232,38,43,0,227
2009-09-16,B,1564,170,238,7,1489
2009-09-16,O,379,245,372,0,252
2009-09-17,A,173,218,222,0,169
2009-09-17,AB,227,52,36,3,240
2009-09-17,B,1489,201,221,11,1458
2009-09-17,O,252,306,379,1,178
2009-09-18,A,169,111,207,1,72
2009-09-18,AB,240,29,46,3,220
2009-09-18,B,1458,142,178,9,1413
2009-09-18,O,178,191,328,0,41
2009-09-19,A,72,64,136,0,0
2009-09-19,AB,220,8,53,1,174
2009-09-19,B,1413,65,172,5,1301
2009-09-19,O,41,118,159,0,0
2009-09-20,A,0,58,58,0,0
2009-09-20,AB,174,7,67,1,113
2009-09-20,B,1301,50,162,5,1184
2009-09-20,O,0,67,67,0,0
2009-09-21,A,0,17,17,0,0
2009-09-21,AB,113,2,49,0,66
2009-09-21,B,1184,24,158,8,1042
2009-09-21,O,0,20,20,0,0
2009-09-22,A,0,35,35,0,0
2009-09-22,AB,66,12,44,0,34
2009-09-22,B,1042,28,169,1,900
2009-09-22,O,0,69,69,0,0
2009-09-23,A,0,110,110,0,0
2009-09-23,AB,34,31,33,0,32
2009-09-23,B,900,138,159,4,875
2009-09-23,O,0,199,199,0,0
2009-09-24,A,0,137,137,0,0
2009-09-24,AB,32,43,44,0,31
2009-09-24,B,875,150,296,3,726
2009-09-24,O,0,237,237,0,0
2009-09-25,A,0,163,163,0,0
2009-09-25,AB,31,33,31,2,31
2009-09-25,B,726,150,185,7,684
2009-09-25,O,0,284,284,0,0
2009-09-26,A,0,213,168,1,44
2009-09-26,AB,31,66,42,0,55
2009-09-26,B,684,213,171,4,722
2009-09-26,O,0,374,321,1,52
2009-09-27,A,44,481,148,0,377
2009-09-27,AB,55,140,38,1,156
2009-09-27,B,722,538,167,11,1082
2009-09-27,O,52,780,356,2,474
2009-09-28,A,377,227,207,2,395
2009-09-28,AB,156,45,40,0,161
2009-09-28,B,1082,224,187,3,1116
2009-09-28,O,474,359,393,1,439
2009-09-29,A,395,279,173,2,499
2009-09-29,AB,161,78,43,0,196
2009-09-29,B,1116,350,200,6,1260
2009-09-29,O,439,462,378,4,519
2009-09-30,A,499,313,192,4,616
2009-09-30,AB,196,87,32,0,251
2009-09-30,B,1260,357,192,14,1411
2009-09-30,O,519,570,425,3,661
2009-10-01,A,616,239,196,1,658
2009-10-01,AB,251,46,46,1,250
2009-10-01,B,1411,271,223,5,1454
2009-10-01,O,661,401,446,3,613
2009-10-02,A,658,238,248,1,647
2009-10-02,AB,250,55,63,2,240
2009-10-02,B,1454,238,209,9,1474
2009-10-02,O,613,391,403,5,596
2009-10-03,A,647,183,183,6,641
2009-10-03,AB,240,50,44,3,243
2009-10-03,B,1474,214,164,9,1515
2009-10-03,O,596,402,728,2,268
2009-10-04,A,641,409,192,3,855
2009-10-04,AB,243,86,46,2,281
2009-10-04,B,1515,395,207,19,1684
2009-10-04,O,268,678,416,2,528
2009-10-05,A,855,181,218,3,815
2009-10-05,AB,281,45,48,2,276
2009-10-05,B,1684,185,202,14,1653
2009-10-05,O,528,286,448,2,364
2009-10-06,A,815,198,208,2,803
2009-10-06,AB,276,65,52,3,286
2009-10-06,B,1653,274,203,11,1713
2009-10-06,O,364,368,448,2,282
2009-10-07,A,803,411,217,5,992
2009-10-07,AB,286,119,55,1,349
2009-10-07,B,1713,448,236,9,1916
2009-10-07,O,282,666,444,4,500
2009-10-08,A,992,278,245,10,1015
2009-10-08,AB,349,81,44,2,384
2009-10-08,B,1916,366,225,10,2047
2009-10-08,O,500,463,489,2,472
2009-10-09,A,1015,245,213,8,1039
2009-10-09,AB,384,64,46,1,401
2009-10-09,B,2047,254,219,10,2072
2009-10-09,O,472,414,454,3,429
2009-10-10,A,1039,233,207,5,1060
2009-10-10,AB,401,66,42,4,421
2009-10-10,B,2072,262,210,14,2110
2009-10-10,O,429,409,838,0,0
2009-10-11,A,1060,317,185,13,1179
2009-10-11,AB,421,82,52,5,446
2009-10-11,B,2110,334,200,13,2231
2009-10-11,O,0,537,465,2,70
2009-10-12,A,1179,158,230,6,1101
2009-10-12,AB,446,48,51,0,443
2009-10-12,B,2231,175,242,12,2152
2009-10-12,O,70,270,340,0,0
2009-10-13,A,1101,453,222,8,1324
2009-10-13,AB,443,147,47,5,538
2009-10-13,B,2152,521,211,27,2435
2009-10-13,O,0,746,435,1,310
2009-10-14,A,1324,291,227,7,1381
2009-10-14,AB,538,82,52,7,561
2009-10-14,B,2435,338,242,23,2508
2009-10-14,O,310,484,471,1,322
2009-10-15,A,1381,280,228,4,1429
2009-10-15,AB,561,80,68,6,567
2009-10-15,B,2508,303,275,21,2515
2009-10-15,O,322,404,505,2,219
2009-10-16,A,1429,192,232,8,1381
2009-10-16,AB,567,44,49,1,561
2009-10-16,B,2515,197,259,15,2438
2009-10-16,O,219,285,456,1,47
2009-10-17,A,1381,324,238,8,1459
2009-10-17,AB,561,87,61,5,582
2009-10-17,B,2438,338,233,26,2517
2009-10-17,O,47,540,493,0,94
2009-10-18,A,1459,522,236,9,1736
2009-10-18,AB,582,142,67,3,654
2009-10-18,B,2517,517,214,37,2783
2009-10-18,O,94,879,503,3,467
2009-10-19,A,1736,137,287,7,1579
2009-10-19,AB,654,33,65,5,617
2009-10-19,B,2783,149,302,21,2609
2009-10-19,O,467,207,538,2,134
2009-10-20,A,1579,152,251,14,1466
2009-10-20,AB,617,44,61,9,591
2009-10-20,B,2609,150,269,17,2473
2009-10-20,O,134,294,428,0,0
2009-10-21,A,1466,337,278,9,1516
2009-10-21,AB,591,87,57,7,614
2009-10-21,B,2473,352,296,20,2509
2009-10-21,O,0,564,538,0,26
2009-10-22,A,1516,355,290,12,1569
2009-10-22,AB,614,71,77,5,603
2009-10-22,B,2509,365,311,22,2541
2009-10-22,O,26,533,541,1,17
2009-10-23,A,1569,165,269,10,1455
2009-10-23,AB,603,45,68,3,577
2009-10-23,B,2541,213,331,22,2401
2009-10-23,O,17,296,313,0,0
2009-10-24,A,1455,184,282,8,1349
2009-10-24,AB,577,44,60,2,559
2009-10-24,B,2401,220,284,17,2320
2009-10-24,O,0,331,331,0,0
2009-10-25,A,1349,293,282,10,1350
2009-10-25,AB,559,67,67,2,557
2009-10-25,B,2320,351,289,19,2363
2009-10-25,O,0,577,562,0,15
2009-10-26,A,1350,197,309,5,1233
2009-10-26,AB,557,40,56,7,534
2009-10-26,B,2363,162,313,12,2200
2009-10-26,O,15,292,307,0,0
2009-10-27,A,1233,343,331,11,1234
2009-10-27,AB,534,68,82,4,516
2009-10-27,B,2200,389,302,18,2269
2009-10-27,O,0,469,469,0,0
2009-10-28,A,1234,366,294,9,1297
2009-10-28,AB,516,90,57,5,544
2009-10-28,B,2269,395,292,16,2356
2009-10-28,O,0,594,594,0,0
2009-10-29,A,1297,411,290,9,1409
2009-10-29,AB,544,120,73,5,586
2009-10-29,B,2356,442,305,31,2462
2009-10-29,O,0,616,605,0,11
2009-10-30,A,1409,161,314,8,1248
2009-10-30,AB,586,36,87,3,532
2009-10-30,B,2462,167,336,12,2281
2009-10-30,O,11,290,301,0,0
2009-10-31,A,1248,265,263,7,1243
2009-10-31,AB,532,87,65,4,550
2009-10-31,B,2281,281,291,14,2257
2009-10-31,O,0,449,449,0,0
2009-11-01,A,1243,359,268,7,1327
2009-11-01,AB,550,90,75,2,563
2009-11-01,B,2257,361,298,16,2304
2009-11-01,O,0,598,501,1,96
2009-11-02,A,1327,113,295,10,1135
2009-11-02,AB,563,30,83,4,506
2009-11-02,B,2304,141,333,9,2103
2009-11-02,O,96,198,294,0,0
2009-11-03,A,1135,245,297,11,1072
2009-11-03,AB,506,68,68,6,500
2009-11-03,B,2103,309,347,9,2056
2009-11-03,O,0,424,424,0,0
2009-11-04,A,1072,205,310,7,960
2009-11-04,AB,500,71,58,5,508
2009-11-04,B,2056,235,314,10,1967
2009-11-04,O,0,306,306,0,0
2009-11-05,A,960,235,318,3,874
2009-11-05,AB,508,39,71,5,471
2009-11-05,B,1967,241,285,10,1913
2009-11-05,O,0,390,390,0,0
2009-11-06,A,874,149,284,3,736
2009-11-06,AB,471,35,75,2,429
2009-11-06,B,1913,158,289,13,1769
2009-11-06,O,0,245,245,0,0
2009-11-07,A,736,173,301,4,604
2009-11-07,AB,429,63,58,2,432
2009-11-07,B,1769,216,269,10,1706
2009-11-07,O,0,275,275,0,0
2009-11-08,A,604,438,299,4,739
2009-11-08,AB,432,129,66,3,492
2009-11-08,B,1706,432,276,8,1854
2009-11-08,O,0,700,518,0,182
2009-11-09,A,739,130,289,2,578
2009-11-09,AB,492,41,79,1,453
2009-11-09,B,1854,124,283,6,1689
2009-11-09,O,182,219,401,0,0
2009-11-10,A,578,148,295,3,428
2009-11-10,AB,453,45,65,4,429
2009-11-10,B,1689,164,281,8,1564
2009-11-10,O,0,266,266,0,0
2009-11-11,A,428,283,315,3,393
2009-11-11,AB,429,77,75,1,430
2009-11-11,B,1564,333,271,9,1617
2009-11-11,O,0,467,467,0,0
2009-11-12,A,393,303,291,2,403
2009-11-12,AB,430,79,63,7,439
2009-11-12,B,1617,339,280,11,1665
2009-11-12,O,0,552,545,0,7
2009-11-13,A,403,282,307,2,376
2009-11-13,AB,439,64,55,3,445
2009-11-13,B,1665,329,621,5,1368
2009-11-13,O,7,458,465,0,0
2009-11-14,A,376,331,276,2,429
2009-11-14,AB,445,109,62,1,491
2009-11-14,B,1368,431,276,10,1513
2009-11-14,O,0,565,445,0,120
2009-11-15,A,429,552,303,4,674
2009-11-15,AB,491,112,62,4,537
2009-11-15,B,1513,514,266,5,1756
2009-11-15,O,120,819,534,2,403
2009-11-16,A,674,270,321,3,620
2009-11-16,AB,537,75,70,6,536
2009-11-16,B,1756,274,284,9,1737
2009-11-16,O,403,466,522,1,346
2009-11-17,A,620,367,338,5,644
2009-11-17,AB,536,106,66,5,571
2009-11-17,B,1737,438,303,11,1861
2009-11-17,O,346,581,541,3,383
2009-11-18,A,644,293,309,7,621
2009-11-18,AB,571,87,72,7,579
2009-11-18,B,1861,330,314,17,1860
2009-11-18,O,383,505,533,1,354
2009-11-19,A,621,277,320,3,575
2009-11-19,AB,579,90,72,5,592
2009-11-19,B,1860,381,295,6,1940
2009-11-19,O,354,519,558,4,311
2009-11-20,A,575,268,279,4,560
2009-11-20,AB,592,85,74,4,599
2009-11-20,B,1940,293,298,15,1920
2009-11-20,O,311,448,539,3,217
2009-11-21,A,560,259,291,2,526
2009-11-21,AB,599,65,71,8,585
2009-11-21,B,1920,249,268,13,1888
2009-11-21,O,217,363,504,0,76
2009-11-22,A,526,334,289,2,569
2009-11-22,AB,585,79,69,7,588
2009-11-22,B,1888,357,287,12,1946
2009-11-22,O,76,558,542,0,92
2009-11-23,A,569,349,317,1,600
2009-11-23,AB,588,85,77,8,588
2009-11-23,B,1946,372,346,15,1957
2009-11-23,O,92,573,552,0,113
2009-11-24,A,600,359,312,2,645
2009-11-24,AB,588,102,84,8,598
2009-11-24,B,1957,378,368,12,1955
2009-11-24,O,113,577,556,1,133
2009-11-25,A,645,323,304,5,659
2009-11-25,AB,598,76,79,4,591
2009-11-25,B,1955,314,333,6,1930
2009-11-25,O,133,517,545,0,105
2009-11-26,A,659,297,323,5,628
2009-11-26,AB,591,64,98,4,553
2009-11-26,B,1930,279,299,11,1899
2009-11-26,O,105,498,597,0,6
2009-11-27,A,628,0,334,2,292
2009-11-27,AB,553,0,84,4,465
2009-11-27,B,1899,7,319,14,1573
2009-11-27,O,6,23,29,0,0
2009-11-28,A,292,118,249,0,161
2009-11-28,AB,465,31,64,0,432
2009-11-28,B,1573,86,259,6,1394
2009-11-28,O,0,173,173,0,0
2009-11-29,A,161,303,247,2,215
2009-11-29,AB,432,56,69,6,413
2009-11-29,B,1394,340,288,5,1441
2009-11-29,O,0,473,473,0,0
2009-11-30,A,215,116,290,1,40
2009-11-30,AB,413,27,56,2,382
2009-11-30,B,1441,171,291,8,1313
2009-11-30,O,0,244,244,0,0
2009-12-01,A,40,204,244,0,0
2009-12-01,AB,382,59,68,4,369
2009-12-01,B,1313,240,295,6,1252
2009-12-01,O,0,407,407,0,0
2009-12-02,A,0,250,250,0,0
2009-12-02,AB,369,59,85,1,342
2009-12-02,B,1252,258,272,8,1230
2009-12-02,O,0,402,402,0,0
2009-12-03,A,0,323,302,0,21
2009-12-03,AB,342,83,56,3,366
2009-12-03,B,1230,331,253,9,1299
2009-12-03,O,0,521,521,0,0
2009-12-04,A,21,242,263,0,0
2009-12-04,AB,366,53,58,2,359
2009-12-04,B,1299,243,248,5,1289
2009-12-04,O,0,369,369,0,0
2009-12-05,A,0,223,223,0,0
2009-12-05,AB,359,26,61,3,321
2009-12-05,B,1289,192,274,7,1200
2009-12-05,O,0,322,322,0,0
2009-12-06,A,0,388,257,0,131
2009-12-06,AB,321,99,55,2,363
2009-12-06,B,1200,413,255,7,1351
2009-12-06,O,0,672,493,1,178
2009-12-07,A,131,79,210,0,0
2009-12-07,AB,363,25,53,0,335
2009-12-07,B,1351,89,288,5,1147
2009-12-07,O,178,141,319,0,0
2009-12-08,A,0,168,168,0,0
2009-12-08,AB,335,36,62,4,305
2009-12-08,B,1147,181,241,7,1080
2009-12-08,O,0,288,288,0,0
2009-12-09,A,0,238,238,0,0
2009-12-09,AB,305,61,56,4,306
2009-12-09,B,1080,225,308,6,991
2009-12-09,O,0,381,381,0,0
2009-12-10,A,0,328,278,0,50
2009-12-10,AB,306,94,57,4,339
2009-12-10,B,991,343,313,5,1016
2009-12-10,O,0,504,467,0,37
2009-12-11,A,50,194,244,0,0
2009-12-11,AB,339,52,74,4,313
2009-12-11,B,1016,200,289,6,921
2009-12-11,O,37,263,300,0,0
2009-12-12,A,0,310,249,1,60
2009-12-12,AB,313,70,50,0,333
2009-12-12,B,921,278,252,7,940
2009-12-12,O,0,457,454,0,3
2009-12-13,A,60,446,284,2,220
2009-12-13,AB,333,97,50,2,378
2009-12-13,B,940,438,283,11,1084
2009-12-13,O,3,691,476,1,217
2009-12-14,A,220,155,263,0,112
2009-12-14,AB,378,44,53,1,368
2009-12-14,B,1084,179,300,8,955
2009-12-14,O,217,248,465,0,0
2009-12-15,A,112,215,265,1,61
2009-12-15,AB,368,37,74,1,330
2009-12-15,B,955,238,280,4,909
2009-12-15,O,0,303,303,0,0
2009-12-16,A,61,366,296,1,130
2009-12-16,AB,330,114,72,1,371
2009-12-16,B,909,375,211,5,1068
2009-12-16,O,0,511,478,0,33
2009-12-17,A,130,300,253,3,174
2009-12-17,AB,371,88,62,1,396
2009-12-17,B,1068,360,232,8,1188
2009-12-17,O,33,525,515,0,43
2009-12-18,A,174,163,248,0,89
2009-12-18,AB,396,44,54,2,384
2009-12-18,B,1188,210,260,7,1131
2009-12-18,O,43,276,319,0,0
2009-12-19,A,89,194,222,0,61
2009-12-19,AB,384,49,54,2,377
2009-12-19,B,1131,205,223,6,1107
2009-12-19,O,0,296,296,0,0
2009-12-20,A,61,399,223,0,237
2009-12-20,AB,377,110,51,3,433
2009-12-20,B,1107,398,221,7,1277
2009-12-20,O,0,646,384,0,262
2009-12-21,A,237,154,279,0,112
2009-12-21,AB,433,54,71,2,414
2009-12-21,B,1277,176,240,8,1205
2009-12-21,O,262,244,405,0,101
2009-12-22,A,112,220,239,0,93
2009-12-22,AB,414,48,49,1,412
2009-12-22,B,1205,222,214,10,1203
2009-12-22,O,101,382,366,0,117
2009-12-23,A,93,242,253,0,82
2009-12-23,AB,412,63,43,4,428
2009-12-23,B,1203,302,241,11,1253
2009-12-23,O,117,396,418,0,95
2009-12-24,A,82,211,219,0,74
2009-12-24,AB,428,59,62,3,422
2009-12-24,B,1253,233,236,8,1242
2009-12-24,O,95,365,402,0,58
2009-12-25,A,74,112,186,0,0
2009-12-25,AB,422,21,53,2,388
2009-12-25,B,1242,117,210,4,1145
2009-12-25,O,58,227,285,0,0
2009-12-26,A,0,198,198,0,0
2009-12-26,AB,388,60,41,1,406
2009-12-26,B,1145,276,206,6,1209
2009-12-26,O,0,422,350,1,71
2009-12-27,A,0,405,203,0,202
2009-12-27,AB,406,118,50,3,471
2009-12-27,B,1209,444,210,8,1435
2009-12-27,O,71,717,382,1,405
2009-12-28,A,202,154,228,0,128
2009-12-28,AB,471,35,55,4,447
2009-12-28,B,1435,171,220,5,1381
2009-12-28,O,405,271,446,2,228
2009-12-29,A,128,219,263,1,83
2009-12-29,AB,447,71,64,0,454
2009-12-29,B,1381,246,232,6,1389
2009-12-29,O,228,410,389,3,246
2009-12-30,A,83,178,240,0,21
2009-12-30,AB,454,48,58,5,439
2009-12-30,B,1389,184,228,6,1339
2009-12-30,O,246,334,418,1,161
2009-12-31,A,21,264,243,0,42
2009-12-31,AB,439,69,59,1,448
2009-12-31,B,1339,305,248,17,1379
2009-12-31,O,161,466,427,1,199
2010-01-01,A,42,148,190,0,0
2010-01-01,AB,448,49,44,3,450
2010-01-01,B,1379,185,216,7,1341
2010-01-01,O,199,293,380,1,111
2010-01-02,A,0,157,157,0,0
2010-01-02,AB,450,29,58,6,415
2010-01-02,B,1341,159,203,14,1283
2010-01-02,O,111,288,379,0,20
2010-01-03,A,0,283,203,0,80
2010-01-03,AB,415,73,49,2,437
2010-01-03,B,1283,330,243,5,1365
2010-01-03,O,20,483,389,1,113
2010-01-04,A,80,152,232,0,0
2010-01-04,AB,437,23,52,1,407
2010-01-04,B,1365,142,181,11,1315
2010-01-04,O,113,214,327,0,0
2010-01-05,A,0,296,222,0,74
2010-01-05,AB,407,77,46,4,434
2010-01-05,B,1315,288,221,8,1374
2010-01-05,O,0,450,404,0,46
2010-01-06,A,74,295,247,0,122
2010-01-06,AB,434,62,47,3,446
2010-01-06,B,1374,331,204,9,1492
2010-01-06,O,46,492,400,2,136
2010-01-07,A,122,300,225,0,197
2010-01-07,AB,446,73,43,4,472
2010-01-07,B,1492,331,227,9,1587
2010-01-07,O,136,481,419,0,198
2010-01-08,A,197,215,259,1,152
2010-01-08,AB,472,55,65,2,460
2010-01-08,B,1587,262,244,12,1593
2010-01-08,O,198,384,410,0,172
2010-01-09,A,152,334,240,0,246
2010-01-09,AB,460,91,46,7,498
2010-01-09,B,1593,380,214,14,1745
2010-01-09,O,172,560,385,1,346
2010-01-10,A,246,508,254,7,493
2010-01-10,AB,498,135,55,3,575
2010-01-10,B,1745,522,222,19,2026
2010-01-10,O,346,828,395,4,775
2010-01-11,A,493,353,297,1,548
2010-01-11,AB,575,125,76,10,614
2010-01-11,B,2026,435,238,12,2211
2010-01-11,O,775,665,421,4,1015
2010-01-12,A,548,408,234,5,717
2010-01-12,AB,614,103,57,9,651
2010-01-12,B,2211,441,257,16,2379
2010-01-12,O,1015,651,457,7,1202
2010-01-13,A,717,453,236,4,930
2010-01-13,AB,651,124,78,5,692
2010-01-13,B,2379,507,267,21,2598
2010-01-13,O,1202,743,428,7,1510
2010-01-14,A,930,413,273,3,1067
2010-01-14,AB,692,115,62,8,737
2010-01-14,B,2598,393,257,21,2713
2010-01-14,O,1510,583,443,6,1644
2010-01-15,A,1067,182,283,8,958
2010-01-15,AB,737,55,58,11,723
2010-01-15,B,2713,204,282,20,2615
2010-01-15,O,1644,310,435,17,1502
2010-01-16,A,958,318,272,5,999
2010-01-16,AB,723,82,39,11,755
2010-01-16,B,2615,357,213,24,2735
2010-01-16,O,1502,556,403,17,1638
2010-01-17,A,999,272,251,8,1012
2010-01-17,AB,755,78,41,9,783
2010-01-17,B,2735,292,251,34,2742
2010-01-17,O,1638,492,381,13,1736
2010-01-18,A,1012,262,255,5,1014
2010-01-18,AB,783,54,57,5,775
2010-01-18,B,2742,319,249,31,2781
2010-01-18,O,1736,433,450,14,1705
2010-01-19,A,1014,304,252,10,1056
2010-01-19,AB,775,76,58,10,783
2010-01-19,B,2781,354,273,23,2839
2010-01-19,O,1705,493,407,5,1786
2010-01-20,A,1056,575,250,5,1376
2010-01-20,AB,783,155,74,11,853
2010-01-20,B,2839,610,273,31,3145
2010-01-20,O,1786,922,506,11,2191
2010-01-21,A,1376,628,286,6,1712
2010-01-21,AB,853,160,75,16,922
2010-01-21,B,3145,674,257,32,3530
2010-01-21,O,2191,1074,482,21,2762
2010-01-22,A,1712,434,277,9,1860
2010-01-22,AB,922,125,60,24,963
2010-01-22,B,3530,464,259,56,3679
2010-01-22,O,2762,670,484,20,2928
2010-01-23,A,1860,270,270,11,1849
2010-01-23,AB,963,63,78,12,936
2010-01-23,B,3679,318,240,58,3699
2010-01-23,O,2928,459,452,11,2924
2010-01-24,A,1849,366,273,11,1931
2010-01-24,AB,936,106,66,18,958
2010-01-24,B,3699,409,240,72,3796
2010-01-24,O,2924,590,469,23,3022
2010-01-25,A,1931,272,295,11,1897
2010-01-25,AB,958,75,67,14,952
2010-01-25,B,3796,352,272,48,3828
2010-01-25,O,3022,464,499,19,2968
2010-01-26,A,1897,236,286,10,1837
2010-01-26,AB,952,58,63,16,931
2010-01-26,B,3828,298,310,61,3755
2010-01-26,O,2968,372,519,19,2802
2010-01-27,A,1837,329,292,16,1858
2010-01-27,AB,931,98,70,17,942
2010-01-27,B,3755,372,258,49,3820
2010-01-27,O,2802,570,480,17,2875
2010-01-28,A,1858,332,337,4,1849
2010-01-28,AB,942,126,76,13,979
2010-01-28,B,3820,355,270,55,3850
2010-01-28,O,2875,537,571,16,2825
2010-01-29,A,1849,193,346,12,1684
2010-01-29,AB,979,61,78,20,942
2010-01-29,B,3850,245,257,54,3784
2010-01-29,O,2825,343,502,17,2649
2010-01-30,A,1684,458,301,12,1829
2010-01-30,AB,942,144,79,19,988
2010-01-30,B,3784,632,266,57,4093
2010-01-30,O,2649,796,477,25,2943
2010-01-31,A,1829,238,266,12,1789
2010-01-31,AB,988,74,74,21,967
2010-01-31,B,4093,282,247,65,4063
2010-01-31,O,2943,406,467,17,2865
2010-02-01,A,1789,193,330,9,1643
2010-02-01,AB,967,56,84,17,922
2010-02-01,B,4063,220,295,70,3918
2010-02-01,O,2865,302,499,19,2649
2010-02-02,A,1643,295,365,10,1563
2010-02-02,AB,922,92,77,10,927
2010-02-02,B,3918,326,285,60,3899
2010-02-02,O,2649,484,572,14,2547
2010-02-03,A,1563,480,315,9,1719
2010-02-03,AB,927,119,75,8,963
2010-02-03,B,3899,570,308,77,4084
2010-02-03,O,2547,771,525,15,2778
2010-02-04,A,1719,531,339,12,1899
2010-02-04,AB,963,133,101,17,978
2010-02-04,B,4084,568,308,83,4261
2010-02-04,O,2778,854,557,24,3051
2010-02-05,A,1899,159,346,8,1704
2010-02-05,AB,978,47,86,18,921
2010-02-05,B,4261,176,331,65,4041
2010-02-05,O,3051,274,544,19,2762
2010-02-06,A,1704,362,301,8,1757
2010-02-06,AB,921,101,81,21,920
2010-02-06,B,4041,467,253,52,4203
2010-02-06,O,2762,674,464,22,2950
2010-02-07,A,1757,268,288,14,1723
2010-02-07,AB,920,76,94,14,888
2010-02-07,B,4203,335,285,67,4186
2010-02-07,O,2950,535,512,21,2952
2010-02-08,A,1723,315,298,19,1721
2010-02-08,AB,888,71,65,15,879
2010-02-08,B,4186,388,312,57,4205
2010-02-08,O,2952,526,517,13,2948
2010-02-09,A,1721,300,305,10,1706
2010-02-09,AB,879,99,84,11,883
2010-02-09,B,4205,363,295,68,4205
2010-02-09,O,2948,523,531,17,2923
2010-02-10,A,1706,306,338,10,1664
2010-02-10,AB,883,90,84,15,874
2010-02-10,B,4205,381,323,61,4202
2010-02-10,O,2923,526,497,16,2936
2010-02-11,A,1664,466,320,12,1798
2010-02-11,AB,874,131,85,11,909
2010-02-11,B,4202,500,294,86,4322
2010-02-11,O,2936,774,557,21,3132
2010-02-12,A,1798,119,290,12,1615
2010-02-12,AB,909,42,80,10,861
2010-02-12,B,4322,150,284,63,4125
2010-02-12,O,3132,228,481,16,2863
2010-02-13,A,1615,163,285,12,1481
2010-02-13,AB,861,59,70,19,831
2010-02-13,B,4125,213,266,82,3990
2010-02-13,O,2863,310,850,14,2309
2010-02-14,A,1481,57,287,4,1247
2010-02-14,AB,831,19,61,14,775
2010-02-14,B,3990,80,640,37,3393
2010-02-14,O,2309,101,438,16,1956
2010-02-15,A,1247,86,305,6,1022
2010-02-15,AB,775,25,76,12,712
2010-02-15,B,3393,113,271,41,3194
2010-02-15,O,1956,140,453,10,1633
2010-02-16,A,1022,81,276,3,824
2010-02-16,AB,712,38,75,6,669
2010-02-16,B,3194,94,259,29,3000
2010-02-16,O,1633,151,460,11,1313
2010-02-17,A,824,273,308,3,786
2010-02-17,AB,669,57,79,8,639
2010-02-17,B,3000,287,278,32,2977
2010-02-17,O,1313,401,461,4,1249
2010-02-18,A,786,299,286,4,795
2010-02-18,AB,639,76,73,7,635
2010-02-18,B,2977,333,248,37,3025
2010-02-18,O,1249,503,471,6,1275
2010-02-19,A,795,137,307,4,621
2010-02-19,AB,635,33,74,8,586
2010-02-19,B,3025,144,269,37,2863
2010-02-19,O,1275,259,431,6,1097
2010-02-20,A,621,218,240,3,596
2010-02-20,AB,586,54,62,2,576
2010-02-20,B,2863,251,177,24,2913
2010-02-20,O,1097,383,343,11,1126
2010-02-21,A,596,183,228,4,547
2010-02-21,AB,576,45,68,6,547
2010-02-21,B,2913,197,195,26,2889
2010-02-21,O,1126,274,373,6,1021
2010-02-22,A,547,223,225,2,543
2010-02-22,AB,547,50,64,1,532
2010-02-22,B,2889,256,236,27,2882
2010-02-22,O,1021,407,426,5,997
2010-02-23,A,543,332,265,7,603
2010-02-23,AB,532,95,71,4,552
2010-02-23,B,2882,351,198,27,3008
2010-02-23,O,997,580,435,5,1137
2010-02-24,A,603,461,275,4,785
2010-02-24,AB,552,106,59,1,598
2010-02-24,B,3008,503,202,38,3271
2010-02-24,O,1137,774,407,3,1501
2010-02-25,A,785,279,267,4,793
2010-02-25,AB,598,71,70,5,594
2010-02-25,B,3271,288,264,38,3257
2010-02-25,O,1501,450,429,13,1509
2010-02-26,A,793,153,249,2,695
2010-02-26,AB,594,43,63,7,567
2010-02-26,B,3257,157,227,39,3148
2010-02-26,O,1509,232,416,5,1320
2010-02-27,A,695,638,243,5,1085
2010-02-27,AB,567,192,66,9,684
2010-02-27,B,3148,703,217,55,3579
2010-02-27,O,1320,1007,386,13,1928
2010-02-28,A,1085,281,256,8,1102
2010-02-28,AB,684,64,62,5,681
2010-02-28,B,3579,322,203,51,3647
2010-02-28,O,1928,488,421,16,1979
2010-03-01,A,1102,169,250,5,1016
2010-03-01,AB,681,47,68,5,655
2010-03-01,B,3647,184,207,41,3583
2010-03-01,O,1979,326,414,11,1880
2010-03-02,A,1016,283,287,6,1006
2010-03-02,AB,655,68,56,6,661
2010-03-02,B,3583,317,208,62,3630
2010-03-02,O,1880,473,427,10,1916
2010-03-03,A,1006,243,281,3,965
2010-03-03,AB,661,66,62,7,658
2010-03-03,B,3630,320,231,40,3679
2010-03-03,O,1916,455,427,13,1931
2010-03-04,A,965,279,274,6,964
2010-03-04,AB,658,89,67,12,668
2010-03-04,B,3679,291,216,49,3705
2010-03-04,O,1931,451,451,8,1923
2010-03-05,A,964,182,243,6,897
2010-03-05,AB,668,44,55,5,652
2010-03-05,B,3705,213,221,59,3638
2010-03-05,O,1923,294,443,10,1764
2010-03-06,A,897,286,228,7,948
2010-03-06,AB,652,84,62,8,666
2010-03-06,B,3638,352,175,61,3754
2010-03-06,O,1764,442,363,10,1833
2010-03-07,A,948,342,248,5,1037
2010-03-07,AB,666,93,59,8,692
2010-03-07,B,3754,376,385,57,3688
2010-03-07,O,1833,553,365,16,2005
2010-03-08,A,1037,240,247,6,1024
2010-03-08,AB,692,68,74,8,678
2010-03-08,B,3688,260,204,53,3691
2010-03-08,O,2005,452,399,11,2047
2010-03-09,A,1024,480,231,5,1268
2010-03-09,AB,678,140,70,10,738
2010-03-09,B,3691,519,215,61,3934
2010-03-09,O,2047,803,386,18,2446
2010-03-10,A,1268,391,276,8,1375
2010-03-10,AB,738,102,76,8,756
2010-03-10,B,3934,471,213,68,4124
2010-03-10,O,2446,675,421,10,2690
2010-03-11,A,1375,428,247,8,1548
2010-03-11,AB,756,112,70,6,792
2010-03-11,B,4124,427,221,77,4253
2010-03-11,O,2690,667,431,18,2908
2010-03-12,A,1548,227,253,8,1514
2010-03-12,AB,792,46,54,11,773
2010-03-12,B,4253,229,216,82,4184
2010-03-12,O,2908,375,417,11,2855
2010-03-13,A,1514,191,251,9,1445
2010-03-13,AB,773,70,67,6,770
2010-03-13,B,4184,223,186,59,4162
2010-03-13,O,2855,342,358,20,2819
2010-03-14,A,1445,582,268,9,1750
2010-03-14,AB,770,118,59,16,813
2010-03-14,B,4162,569,209,71,4451
2010-03-14,O,2819,911,355,25,3350
2010-03-15,A,1750,239,243,13,1733
2010-03-15,AB,813,53,72,16,778
2010-03-15,B,4451,281,211,100,4421
2010-03-15,O,3350,382,408,22,3302
2010-03-16,A,1733,282,269,18,1728
2010-03-16,AB,778,71,71,9,769
2010-03-16,B,4421,334,212,83,4460
2010-03-16,O,3302,445,442,23,3282
2010-03-17,A,1728,336,286,8,1770
2010-03-17,AB,769,103,69,9,794
2010-03-17,B,4460,337,232,73,4492
2010-03-17,O,3282,498,445,19,3316
2010-03-18,A,1770,208,263,17,1698
2010-03-18,AB,794,61,63,15,777
2010-03-18,B,4492,234,246,87,4393
2010-03-18,O,3316,346,428,21,3213
2010-03-19,A,1698,215,269,11,1633
2010-03-19,AB,777,58,65,11,759
2010-03-19,B,4393,242,240,87,4308
2010-03-19,O,3213,289,403,27,3072
2010-03-20,A,1633,188,238,10,1573
2010-03-20,AB,759,45,61,10,733
2010-03-20,B,4308,219,211,58,4258
2010-03-20,O,3072,309,348,15,3018
2010-03-21,A,1573,537,396,5,1709
2010-03-21,AB,733,122,51,11,793
2010-03-21,B,4258,537,183,100,4512
2010-03-21,O,3018,930,390,21,3537
2010-03-22,A,1709,121,269,12,1549
2010-03-22,AB,793,25,81,9,728
2010-03-22,B,4512,123,241,62,4332
2010-03-22,O,3537,184,442,19,3260
2010-03-23,A,1549,281,279,9,1542
2010-03-23,AB,728,68,77,3,716
2010-03-23,B,4332,286,260,57,4301
2010-03-23,O,3260,403,440,11,3212
2010-03-24,A,1542,346,290,6,1592
2010-03-24,AB,716,100,77,5,734
2010-03-24,B,4301,424,252,81,4392
2010-03-24,O,3212,573,403,23,3359
2010-03-25,A,1592,296,295,7,1586
2010-03-25,AB,734,88,81,8,733
2010-03-25,B,4392,356,239,76,4433
2010-03-25,O,3359,473,457,20,3355
2010-03-26,A,1586,307,218,13,1662
2010-03-26,AB,733,76,71,9,729
2010-03-26,B,4433,301,208,83,4443
2010-03-26,O,3355,449,437,24,3343
2010-03-27,A,1662,282,270,12,1662
2010-03-27,AB,729,73,58,7,737
2010-03-27,B,4443,306,189,85,4475
2010-03-27,O,3343,482,367,23,3435
2010-03-28,A,1662,309,257,7,1707
2010-03-28,AB,737,83,71,7,742
2010-03-28,B,4475,355,209,102,4519
2010-03-28,O,3435,558,435,25,3533
2010-03-29,A,1707,250,262,11,1684
2010-03-29,AB,742,64,71,8,727
2010-03-29,B,4519,273,220,82,4490
2010-03-29,O,3533,385,896,27,2995
2010-03-30,A,1684,279,257,14,1692
2010-03-30,AB,727,70,75,3,719
2010-03-30,B,4490,291,232,80,4469
2010-03-30,O,2995,475,467,18,2985
2010-03-31,A,1692,251,233,10,1700
2010-03-31,AB,719,79,63,4,731
2010-03-31,B,4469,314,230,79,4474
2010-03-31,O,2985,465,397,20,3033
2010-04-01,A,1700,318,285,9,1724
2010-04-01,AB,731,88,69,11,739
2010-04-01,B,4474,373,252,81,4514
2010-04-01,O,3033,511,438,13,3093
2010-04-02,A,1724,142,256,11,1599
2010-04-02,AB,739,35,77,5,692
2010-04-02,B,4514,174,257,62,4369
2010-04-02,O,3093,291,398,21,2965
2010-04-03,A,1599,179,239,6,1533
2010-04-03,AB,692,44,61,8,667
2010-04-03,B,4369,179,191,63,4294
2010-04-03,O,2965,264,366,24,2839
2010-04-04,A,1533,310,226,6,1611
2010-04-04,AB,667,82,69,8,672
2010-04-04,B,4294,337,226,83,4322
2010-04-04,O,2839,550,391,16,2982
2010-04-05,A,1611,148,265,11,1483
2010-04-05,AB,672,49,94,6,621
2010-04-05,B,4322,163,225,61,4199
2010-04-05,O,2982,274,371,21,2864
2010-04-06,A,1483,205,230,9,1449
2010-04-06,AB,621,46,65,6,596
2010-04-06,B,4199,223,232,65,4125
2010-04-06,O,2864,272,381,14,2741
2010-04-07,A,1449,322,682,9,1080
2010-04-07,AB,596,81,64,5,608
2010-04-07,B,4125,335,225,69,4166
2010-04-07,O,2741,482,396,16,2811
2010-04-08,A,1080,410,253,10,1227
2010-04-08,AB,608,119,59,11,657
2010-04-08,B,4166,486,208,70,4374
2010-04-08,O,2811,719,390,18,3122
2010-04-09,A,1227,101,237,7,1084
2010-04-09,AB,657,37,87,5,602
2010-04-09,B,4374,119,195,64,4234
2010-04-09,O,3122,177,382,17,2900
2010-04-10,A,1084,181,220,7,1038
2010-04-10,AB,602,49,48,5,598
2010-04-10,B,4234,208,194,71,4177
2010-04-10,O,2900,327,336,16,2875
2010-04-11,A,1038,455,213,2,1278
2010-04-11,AB,598,121,46,4,669
2010-04-11,B,4177,541,186,82,4450
2010-04-11,O,2875,793,326,26,3316
2010-04-12,A,1278,156,205,9,1220
2010-04-12,AB,669,42,61,9,641
2010-04-12,B,4450,190,222,79,4339
2010-04-12,O,3316,258,377,17,3180
2010-04-13,A,1220,251,197,4,1270
2010-04-13,AB,641,64,63,4,638
2010-04-13,B,4339,252,201,57,4333
2010-04-13,O,3180,408,372,20,3196
2010-04-14,A,1270,325,238,9,1348
2010-04-14,AB,638,83,79,11,631
2010-04-14,B,4333,332,221,77,4367
2010-04-14,O,3196,471,388,17,3262
2010-04-15,A,1348,336,224,9,1451
2010-04-15,AB,631,104,71,7,657
2010-04-15,B,4367,388,213,104,4438
2010-04-15,O,3262,554,395,20,3401
2010-04-16,A,1451,129,174,8,1398
2010-04-16,AB,657,43,69,8,623
2010-04-16,B,4438,174,203,63,4346
2010-04-16,O,3401,269,396,13,3261
2010-04-17,A,1398,285,195,10,1478
2010-04-17,AB,623,80,65,6,632
2010-04-17,B,4346,307,181,90,4382
2010-04-17,O,3261,493,375,16,3363
2010-04-18,A,1478,499,208,14,1755
2010-04-18,AB,632,115,67,4,676
2010-04-18,B,4382,492,151,95,4628
2010-04-18,O,3363,843,387,20,3799
2010-04-19,A,1755,147,216,13,1673
2010-04-19,AB,676,34,58,10,642
2010-04-19,B,4628,154,229,89,4464
2010-04-19,O,3799,244,405,31,3607
2010-04-20,A,1673,303,204,9,1763
2010-04-20,AB,642,79,74,5,642
2010-04-20,B,4464,308,215,81,4476
2010-04-20,O,3607,450,356,26,3675
2010-04-21,A,1763,233,237,5,1754
2010-04-21,AB,642,58,72,3,625
2010-04-21,B,4476,252,238,78,4412
2010-04-21,O,3675,345,388,29,3603
2010-04-22,A,1754,368,274,20,1828
2010-04-22,AB,625,128,63,7,683
2010-04-22,B,4412,403,223,79,4513
2010-04-22,O,3603,582,394,27,3764
2010-04-23,A,1828,160,228,11,1749
2010-04-23,AB,683,41,68,10,646
2010-04-23,B,4513,193,221,92,4393
2010-04-23,O,3764,274,407,22,3609
2010-04-24,A,1749,188,194,14,1729
2010-04-24,AB,646,60,59,4,643
2010-04-24,B,4393,235,187,68,4373
2010-04-24,O,3609,328,319,25,3593
2010-04-25,A,1729,396,208,12,1905
2010-04-25,AB,643,96,70,5,664
2010-04-25,B,4373,393,223,91,4452
2010-04-25,O,3593,687,349,33,3898
2010-04-26,A,1905,121,231,13,1782
2010-04-26,AB,664,33,65,8,624
2010-04-26,B,4452,170,192,68,4362
2010-04-26,O,3898,201,388,33,3678
2010-04-27,A,1782,208,219,7,1764
2010-04-27,AB,624,57,60,6,615
2010-04-27,B,4362,223,205,81,4299
2010-04-27,O,3678,365,343,28,3672
2010-04-28,A,1764,232,197,12,1787
2010-04-28,AB,615,83,75,4,619
2010-04-28,B,4299,265,226,64,4274
2010-04-28,O,3672,402,357,27,3690
2010-04-29,A,1787,364,205,11,1935
2010-04-29,AB,619,81,68,4,628
2010-04-29,B,4274,384,226,66,4366
2010-04-29,O,3690,619,387,28,3894
2010-04-30,A,1935,111,189,12,1845
2010-04-30,AB,628,31,70,3,586
2010-04-30,B,4366,132,204,74,4220
2010-04-30,O,3894,175,373,42,3654
2010-05-01,A,1845,556,198,13,2190
2010-05-01,AB,586,142,70,8,650
2010-05-01,B,4220,614,163,89,4582
2010-05-01,O,3654,919,357,41,4175
2010-05-02,A,2190,270,204,21,2235
2010-05-02,AB,650,60,63,4,643
2010-05-02,B,4582,259,214,87,4540
2010-05-02,O,4175,407,320,37,4225
2010-05-03,A,2235,132,226,17,2124
2010-05-03,AB,643,27,74,3,593
2010-05-03,B,4540,137,207,95,4375
2010-05-03,O,4225,206,372,49,4010
2010-05-04,A,2124,193,221,15,2081
2010-05-04,AB,593,47,66,6,568
2010-05-04,B,4375,208,228,55,4300
2010-05-04,O,4010,304,376,38,3900
2010-05-05,A,2081,226,214,23,2070
2010-05-05,AB,568,63,61,3,567
2010-05-05,B,4300,236,195,90,4251
2010-05-05,O,3900,365,372,34,3859
2010-05-06,A,2070,280,217,10,2123
2010-05-06,AB,567,90,61,5,591
2010-05-06,B,4251,357,230,95,4283
2010-05-06,O,3859,513,382,24,3966
2010-05-07,A,2123,127,216,16,2018
2010-05-07,AB,591,37,58,4,566
2010-05-07,B,4283,139,182,57,4183
2010-05-07,O,3966,218,416,23,3745
2010-05-08,A,2018,288,186,14,2106
2010-05-08,AB,566,96,77,6,579
2010-05-08,B,4183,381,180,86,4298
2010-05-08,O,3745,519,371,34,3859
2010-05-09,A,2106,369,196,20,2259
2010-05-09,AB,579,103,62,4,616
2010-05-09,B,4298,364,195,67,4400
2010-05-09,O,3859,615,367,39,4068
2010-05-10,A,2259,155,220,22,2172
2010-05-10,AB,616,35,76,10,565
2010-05-10,B,4400,123,213,74,4236
2010-05-10,O,4068,180,383,46,3819
2010-05-11,A,2172,132,228,15,2061
2010-05-11,AB,565,38,65,5,533
2010-05-11,B,4236,166,187,67,4148
2010-05-11,O,3819,258,347,27,3703
2010-05-12,A,2061,184,228,13,2004
2010-05-12,AB,533,52,67,2,516
2010-05-12,B,4148,199,193,63,4091
2010-05-12,O,3703,329,801,22,3209
2010-05-13,A,2004,281,226,10,2049
2010-05-13,AB,516,76,58,5,529
2010-05-13,B,4091,302,228,67,4098
2010-05-13,O,3209,471,385,31,3264
2010-05-14,A,2049,177,251,7,1968
2010-05-14,AB,529,47,66,5,505
2010-05-14,B,4098,167,226,57,3982
2010-05-14,O,3264,276,350,17,3173
2010-05-15,A,1968,265,219,12,2002
2010-05-15,AB,505,81,72,3,511
2010-05-15,B,3982,281,203,69,3991
2010-05-15,O,3173,426,297,21,3281
2010-05-16,A,2002,357,221,15,2123
2010-05-16,AB,511,87,62,2,534
2010-05-16,B,3991,361,166,73,4113
2010-05-16,O,3281,601,305,22,3555
2010-05-17,A,2123,135,221,11,2026
2010-05-17,AB,534,32,59,1,506
2010-05-17,B,4113,141,230,60,3964
2010-05-17,O,3555,216,333,23,3415
2010-05-18,A,2026,252,228,16,2034
2010-05-18,AB,506,81,72,6,509
2010-05-18,B,3964,301,222,65,3978
2010-05-18,O,3415,398,354,19,3440
2010-05-19,A,2034,342,221,21,2134
2010-05-19,AB,509,106,62,6,547
2010-05-19,B,3978,382,211,59,4090
2010-05-19,O,3440,512,339,24,3589
2010-05-20,A,2134,312,247,20,2179
2010-05-20,AB,547,96,75,5,563
2010-05-20,B,4090,333,236,68,4119
2010-05-20,O,3589,569,337,28,3793
2010-05-21,A,2179,261,220,18,2202
2010-05-21,AB,563,63,62,6,558
2010-05-21,B,4119,292,244,71,4096
2010-05-21,O,3793,426,348,36,3835
2010-05-22,A,2202,594,231,29,2536
2010-05-22,AB,558,181,65,6,668
2010-05-22,B,4096,655,198,85,4468
2010-05-22,O,3835,955,293,33,4464
2010-05-23,A,2536,280,204,20,2592
2010-05-23,AB,668,63,70,6,655
2010-05-23,B,4468,276,179,75,4490
2010-05-23,O,4464,432,327,36,4533
2010-05-24,A,2592,810,277,40,3085
2010-05-24,AB,655,247,82,8,812
2010-05-24,B,4490,962,219,98,5135
2010-05-24,O,4533,1348,358,79,5444
2010-05-25,A,3085,272,237,47,3073
2010-05-25,AB,812,72,89,4,791
2010-05-25,B,5135,266,248,94,5059
2010-05-25,O,5444,402,385,60,5401
2010-05-26,A,3073,201,279,44,2951
2010-05-26,AB,791,48,61,9,769
2010-05-26,B,5059,286,248,107,4990
2010-05-26,O,5401,352,395,80,5278
2010-05-27,A,2951,204,219,41,2895
2010-05-27,AB,769,47,62,11,743
2010-05-27,B,4990,253,244,111,4888
2010-05-27,O,5278,342,355,60,5205
2010-05-28,A,2895,555,294,46,3110
2010-05-28,AB,743,134,61,9,807
2010-05-28,B,4888,551,236,133,5070
2010-05-28,O,5205,919,376,88,5660
2010-05-29,A,3110,222,281,30,3021
2010-05-29,AB,807,66,86,12,775
2010-05-29,B,5070,222,244,103,4945
2010-05-29,O,5660,333,355,91,5547
2010-05-30,A,3021,385,258,25,3123
2010-05-30,AB,775,69,57,10,777
2010-05-30,B,4945,322,253,90,4924
2010-05-30,O,5547,617,407,91,5666
2010-05-31,A,3123,167,267,30,2993
2010-05-31,AB,777,36,67,13,733
2010-05-31,B,4924,186,270,105,4735
2010-05-31,O,5666,285,413,79,5459
2010-06-01,A,2993,138,244,47,2840
2010-06-01,AB,733,25,66,8,684
2010-06-01,B,4735,119,257,86,4511
2010-06-01,O,5459,225,369,63,5252
2010-06-02,A,2840,312,259,25,2868
2010-06-02,AB,684,107,75,8,708
2010-06-02,B,4511,382,263,86,4544
2010-06-02,O,5252,582,381,86,5367
2010-06-03,A,2868,286,247,29,2878
2010-06-03,AB,708,67,84,3,688
2010-06-03,B,4544,315,298,72,4489
2010-06-03,O,5367,474,377,77,5387
2010-06-04,A,2878,260,264,31,2843
2010-06-04,AB,688,62,71,5,674
2010-06-04,B,4489,331,255,82,4483
2010-06-04,O,5387,463,392,85,5373
2010-06-05,A,2843,219,210,30,2822
2010-06-05,AB,674,41,57,8,650
2010-06-05,B,4483,223,227,96,4383
2010-06-05,O,5373,339,361,67,5284
2010-06-06,A,2822,267,252,27,2810
2010-06-06,AB,650,62,63,7,642
2010-06-06,B,4383,277,243,75,4342
2010-06-06,O,5284,454,369,72,5297
2010-06-07,A,2810,149,263,20,2676
2010-06-07,AB,642,34,67,4,605
2010-06-07,B,4342,160,222,79,4201
2010-06-07,O,5297,239,394,57,5085
2010-06-08,A,2676,169,258,25,2562
2010-06-08,AB,605,49,62,9,583
2010-06-08,B,4201,222,232,78,4113
2010-06-08,O,5085,319,409,49,4946
2010-06-09,A,2562,182,256,26,2462
2010-06-09,AB,583,56,68,2,569
2010-06-09,B,4113,186,222,67,4010
2010-06-09,O,4946,308,430,60,4764
2010-06-10,A,2462,210,286,16,2370
2010-06-10,AB,569,50,57,4,558
2010-06-10,B,4010,258,247,57,3964
2010-06-10,O,4764,349,429,44,4640
2010-06-11,A,2370,142,277,20,2215
2010-06-11,AB,558,37,69,6,520
2010-06-11,B,3964,156,242,64,3814
2010-06-11,O,4640,217,396,42,4419
2010-06-12,A,2215,230,225,18,2202
2010-06-12,AB,520,64,57,1,526
2010-06-12,B,3814,216,196,69,3765
2010-06-12,O,4419,357,394,41,4341
2010-06-13,A,2202,469,239,16,2416
2010-06-13,AB,526,108,68,3,563
2010-06-13,B,3765,473,216,57,3965
2010-06-13,O,4341,734,385,42,4648
2010-06-14,A,2416,221,257,23,2357
2010-06-14,AB,563,49,78,5,529
2010-06-14,B,3965,207,275,64,3833
2010-06-14,O,4648,344,436,48,4508
2010-06-15,A,2357,176,249,17,2267
2010-06-15,AB,529,45,81,4,489
2010-06-15,B,3833,203,265,46,3725
2010-06-15,O,4508,296,393,51,4360
2010-06-16,A,2267,294,295,14,2252
2010-06-16,AB,489,68,68,7,482
2010-06-16,B,3725,309,259,48,3727
2010-06-16,O,4360,432,426,55,4311
2010-06-17,A,2252,292,293,15,2236
2010-06-17,AB,482,86,76,2,490
2010-06-17,B,3727,347,233,50,3791
2010-06-17,O,4311,505,416,45,4355
2010-06-18,A,2236,145,259,11,2111
2010-06-18,AB,490,38,76,2,450
2010-06-18,B,3791,174,289,53,3623
2010-06-18,O,4355,229,396,44,4144
2010-06-19,A,2111,176,227,9,2051
2010-06-19,AB,450,50,72,4,424
2010-06-19,B,3623,215,226,56,3556
2010-06-19,O,4144,318,380,46,4036
2010-06-20,A,2051,474,268,23,2234
2010-06-20,AB,424,114,61,1,476
2010-06-20,B,3556,471,228,64,3735
2010-06-20,O,4036,820,390,53,4413
2010-06-21,A,2234,136,283,18,2069
2010-06-21,AB,476,40,70,5,441
2010-06-21,B,3735,145,264,53,3563
2010-06-21,O,4413,216,410,35,4184
2010-06-22,A,2069,121,245,12,1933
2010-06-22,AB,441,45,60,0,426
2010-06-22,B,3563,132,233,36,3426
2010-06-22,O,4184,208,400,34,3958
2010-06-23,A,1933,268,261,8,1932
2010-06-23,AB,426,70,173,0,323
2010-06-23,B,3426,313,225,53,3461
2010-06-23,O,3958,477,369,29,4037
2010-06-24,A,1932,296,255,8,1965
2010-06-24,AB,323,98,60,1,360
2010-06-24,B,3461,345,198,58,3550
2010-06-24,O,4037,475,380,34,4098
2010-06-25,A,1965,280,247,9,1989
2010-06-25,AB,360,63,62,3,358
2010-06-25,B,3550,252,217,45,3540
2010-06-25,O,4098,459,376,34,4147
2010-06-26,A,1989,305,235,19,2040
2010-06-26,AB,358,81,61,1,377
2010-06-26,B,3540,307,198,52,3597
2010-06-26,O,4147,440,343,44,4200
2010-06-27,A,2040,431,222,14,2235
2010-06-27,AB,377,96,44,2,427
2010-06-27,B,3597,394,178,52,3761
2010-06-27,O,4200,614,315,41,4458
2010-06-28,A,2235,212,223,22,2202
2010-06-28,AB,427,64,51,4,436
2010-06-28,B,3761,219,206,61,3713
2010-06-28,O,4458,363,360,47,4414
2010-06-29,A,2202,257,224,20,2215
2010-06-29,AB,436,80,62,1,453
2010-06-29,B,3713,299,192,42,3778
2010-06-29,O,4414,500,376,53,4485
2010-06-30,A,2215,244,235,15,2209
2010-06-30,AB,453,61,50,6,458
2010-06-30,B,3778,320,184,68,3846
2010-06-30,O,4485,399,335,58,4491
2010-07-01,A,2209,165,244,16,2114
2010-07-01,AB,458,43,63,2,436
2010-07-01,B,3846,189,198,62,3775
2010-07-01,O,4491,262,401,56,4296
2010-07-02,A,2114,74,224,12,1952
2010-07-02,AB,436,16,58,6,388
2010-07-02,B,3775,59,200,65,3569
2010-07-02,O,4296,108,372,36,3996
2010-07-03,A,1952,272,212,15,1997
2010-07-03,AB,388,73,37,1,423
2010-07-03,B,3569,308,180,53,3644
2010-07-03,O,3996,515,329,50,4132
2010-07-04,A,1997,415,201,21,2190
2010-07-04,AB,423,107,46,1,483
2010-07-04,B,3644,399,189,49,3805
2010-07-04,O,4132,681,375,51,4387
2010-07-05,A,2190,165,237,9,2109
2010-07-05,AB,483,35,64,2,452
2010-07-05,B,3805,159,238,56,3670
2010-07-05,O,4387,207,668,28,3898
2010-07-06,A,2109,262,215,17,2139
2010-07-06,AB,452,76,65,0,463
2010-07-06,B,3670,279,225,48,3676
2010-07-06,O,3898,456,382,31,3941
2010-07-07,A,2139,222,248,36,2077
2010-07-07,AB,463,67,66,3,461
2010-07-07,B,3676,259,207,62,3666
2010-07-07,O,3941,421,408,24,3930
2010-07-08,A,2077,237,231,11,2072
2010-07-08,AB,461,77,67,4,467
2010-07-08,B,3666,282,217,48,3683
2010-07-08,O,3930,437,426,32,3909
2010-07-09,A,2072,115,225,19,1943
2010-07-09,AB,467,26,63,3,427
2010-07-09,B,3683,139,255,42,3525
2010-07-09,O,3909,178,363,29,3695
2010-07-10,A,1943,215,228,7,1923
2010-07-10,AB,427,65,51,0,441
2010-07-10,B,3525,285,211,54,3545
2010-07-10,O,3695,388,383,25,3675
2010-07-11,A,1923,411,448,12,1874
2010-07-11,AB,441,95,47,1,488
2010-07-11,B,3545,425,206,47,3717
2010-07-11,O,3675,679,360,39,3955
2010-07-12,A,1874,136,267,9,1734
2010-07-12,AB,488,32,63,3,454
2010-07-12,B,3717,156,227,54,3592
2010-07-12,O,3955,263,441,34,3743
2010-07-13,A,1734,308,279,6,1757
2010-07-13,AB,454,68,71,1,450
2010-07-13,B,3592,339,213,72,3646
2010-07-13,O,3743,431,389,27,3758
2010-07-14,A,1757,313,247,10,1813
2010-07-14,AB,450,87,47,4,486
2010-07-14,B,3646,352,233,38,3727
2010-07-14,O,3758,568,421,27,3878
2010-07-15,A,1813,305,256,9,1853
2010-07-15,AB,486,84,68,5,497
2010-07-15,B,3727,429,247,50,3859
2010-07-15,O,3878,539,432,36,3949
2010-07-16,A,1853,273,236,9,1881
2010-07-16,AB,497,75,50,4,518
2010-07-16,B,3859,319,238,49,3891
2010-07-16,O,3949,435,434,27,3923
2010-07-17,A,1881,214,265,9,1821
2010-07-17,AB,518,60,59,2,517
2010-07-17,B,3891,271,234,45,3883
2010-07-17,O,3923,374,411,26,3860
2010-07-18,A,1821,411,246,15,1971
2010-07-18,AB,517,112,61,6,562
2010-07-18,B,3883,436,234,72,4013
2010-07-18,O,3860,754,415,42,4157
2010-07-19,A,1971,200,251,12,1908
2010-07-19,AB,562,70,82,5,545
2010-07-19,B,4013,251,231,75,3958
2010-07-19,O,4157,335,464,30,3998
2010-07-20,A,1908,286,277,16,1901
2010-07-20,AB,545,79,69,3,552
2010-07-20,B,3958,277,260,57,3918
2010-07-20,O,3998,460,418,28,4012
2010-07-21,A,1901,372,253,12,2008
2010-07-21,AB,552,90,59,6,577
2010-07-21,B,3918,436,267,58,4029
2010-07-21,O,4012,567,455,40,4084
2010-07-22,A,2008,355,292,11,2060
2010-07-22,AB,577,108,78,5,602
2010-07-22,B,4029,402,277,61,4093
2010-07-22,O,4084,531,456,40,4119
2010-07-23,A,2060,184,250,14,1980
2010-07-23,AB,602,46,71,5,572
2010-07-23,B,4093,212,276,67,3962
2010-07-23,O,4119,322,461,33,3947
2010-07-24,A,1980,299,281,12,1986
2010-07-24,AB,572,94,64,8,594
2010-07-24,B,3962,313,247,58,3970
2010-07-24,O,3947,500,462,41,3944
2010-07-25,A,1986,373,269,12,2078
2010-07-25,AB,594,92,72,3,611
2010-07-25,B,3970,410,270,70,4040
2010-07-25,O,3944,620,429,32,4103
2010-07-26,A,2078,319,274,20,2103
2010-07-26,AB,611,73,88,9,587
2010-07-26,B,4040,362,299,56,4047
2010-07-26,O,4103,579,432,38,4212
2010-07-27,A,2103,386,267,28,2194
2010-07-27,AB,587,102,77,3,609
2010-07-27,B,4047,459,267,54,4185
2010-07-27,O,4212,646,461,45,4352
2010-07-28,A,2194,415,288,17,2304
2010-07-28,AB,609,88,67,3,627
2010-07-28,B,4185,444,311,67,4251
2010-07-28,O,4352,664,471,29,4516
2010-07-29,A,2304,512,294,20,2502
2010-07-29,AB,627,131,74,8,676
2010-07-29,B,4251,571,321,88,4413
2010-07-29,O,4516,836,488,63,4801
2010-07-30,A,2502,359,260,25,2576
2010-07-30,AB,676,91,68,4,695
2010-07-30,B,4413,366,276,85,4418
2010-07-30,O,4801,587,489,60,4839
2010-07-31,A,2576,426,278,23,2701
2010-07-31,AB,695,157,90,8,754
2010-07-31,B,4418,497,303,87,4525
2010-07-31,O,4839,705,485,42,5017
2010-08-01,A,2701,348,324,36,2689
2010-08-01,AB,754,85,80,6,753
2010-08-01,B,4525,315,302,99,4439
2010-08-01,O,5017,547,497,70,4997
2010-08-02,A,2689,322,292,19,2700
2010-08-02,AB,753,71,78,3,743
2010-08-02,B,4439,350,303,79,4407
2010-08-02,O,4997,532,521,78,4930
2010-08-03,A,2700,608,328,35,2945
2010-08-03,AB,743,146,99,10,780
2010-08-03,B,4407,684,386,84,4621
2010-08-03,O,4930,926,522,74,5260
2010-08-04,A,2945,413,347,40,2971
2010-08-04,AB,780,119,86,10,803
2010-08-04,B,4621,507,394,107,4627
2010-08-04,O,5260,649,551,89,5269
2010-08-05,A,2971,407,318,39,3021
2010-08-05,AB,803,116,89,10,820
2010-08-05,B,4627,473,384,79,4637
2010-08-05,O,5269,689,620,67,5271
2010-08-06,A,3021,348,329,33,3007
2010-08-06,AB,820,81,111,8,782
2010-08-06,B,4637,429,331,111,4624
2010-08-06,O,5271,639,595,77,5238
2010-08-07,A,3007,481,356,31,3101
2010-08-07,AB,782,123,103,17,785
2010-08-07,B,4624,507,341,94,4696
2010-08-07,O,5238,817,571,74,5410
2010-08-08,A,3101,662,323,43,3397
2010-08-08,AB,785,196,92,9,880
2010-08-08,B,4696,754,363,124,4963
2010-08-08,O,5410,1171,560,80,5941
2010-08-09,A,3397,354,411,65,3275
2010-08-09,AB,880,108,108,12,868
2010-08-09,B,4963,342,451,104,4750
2010-08-09,O,5941,622,636,88,5839
2010-08-10,A,3275,328,407,39,3157
2010-08-10,AB,868,75,124,15,804
2010-08-10,B,4750,330,393,112,4575
2010-08-10,O,5839,491,625,77,5628
2010-08-11,A,3157,82,387,19,2833
2010-08-11,AB,804,29,100,11,722
2010-08-11,B,4575,94,382,72,4215
2010-08-11,O,5628,152,638,61,5081
2010-08-12,A,2833,40,382,18,2473
2010-08-12,AB,722,22,110,7,627
2010-08-12,B,4215,67,420,54,3808
2010-08-12,O,5081,107,638,36,4514
2010-08-13,A,2473,124,374,14,2209
2010-08-13,AB,627,36,105,10,548
2010-08-13,B,3808,143,380,46,3525
2010-08-13,O,4514,222,615,51,4070
2010-08-14,A,2209,59,303,15,1950
2010-08-14,AB,548,10,79,1,478
2010-08-14,B,3525,84,348,46,3215
2010-08-14,O,4070,121,569,21,3601
2010-08-15,A,1950,515,321,14,2130
2010-08-15,AB,478,122,85,0,515
2010-08-15,B,3215,471,341,31,3314
2010-08-15,O,3601,845,562,36,3848
2010-08-16,A,2130,65,364,7,1824
2010-08-16,AB,515,16,97,4,430
2010-08-16,B,3314,78,374,34,2984
2010-08-16,O,3848,113,575,24,3362
2010-08-17,A,1824,105,333,7,1589
2010-08-17,AB,430,22,88,2,362
2010-08-17,B,2984,134,346,17,2755
2010-08-17,O,3362,166,577,16,2935
2010-08-18,A,1589,104,326,7,1360
2010-08-18,AB,362,30,80,1,311
2010-08-18,B,2755,110,359,22,2484
2010-08-18,O,2935,171,575,7,2524
2010-08-19,A,1360,105,364,5,1096
2010-08-19,AB,311,26,91,0,246
2010-08-19,B,2484,87,369,20,2182
2010-08-19,O,2524,143,615,13,2039
2010-08-20,A,1096,121,313,7,897
2010-08-20,AB,246,34,83,3,194
2010-08-20,B,2182,162,354,11,1979
2010-08-20,O,2039,271,533,8,1769
2010-08-21,A,897,150,330,7,710
2010-08-21,AB,194,29,68,0,155
2010-08-21,B,1979,153,337,9,1786
2010-08-21,O,1769,225,492,11,1491
2010-08-22,A,710,443,333,3,817
2010-08-22,AB,155,117,83,2,187
2010-08-22,B,1786,469,344,7,1904
2010-08-22,O,1491,763,494,13,1747
2010-08-23,A,817,134,309,3,639
2010-08-23,AB,187,23,75,0,135
2010-08-23,B,1904,135,349,8,1682
2010-08-23,O,1747,173,583,9,1328
2010-08-24,A,639,204,332,3,508
2010-08-24,AB,135,63,101,2,95
2010-08-24,B,1682,183,359,12,1494
2010-08-24,O,1328,280,576,5,1027
2010-08-25,A,508,225,336,2,395
2010-08-25,AB,95,53,89,0,59
2010-08-25,B,1494,226,344,13,1363
2010-08-25,O,1027,331,521,10,827
2010-08-26,A,395,226,303,3,315
2010-08-26,AB,59,58,81,0,36
2010-08-26,B,1363,208,330,7,1234
2010-08-26,O,827,367,533,1,660
2010-08-27,A,315,101,296,1,119
2010-08-27,AB,36,39,69,0,6
2010-08-27,B,1234,116,293,6,1051
2010-08-27,O,660,177,496,1,340
2010-08-28,A,119,132,251,0,0
2010-08-28,AB,6,39,45,0,0
2010-08-28,B,1051,183,247,6,981
2010-08-28,O,340,269,427,1,181
2010-08-29,A,0,415,265,0,150
2010-08-29,AB,0,99,67,0,32
2010-08-29,B,981,425,242,8,1156
2010-08-29,O,181,745,456,3,467
2010-08-30,A,150,147,262,1,34
2010-08-30,AB,32,42,74,0,0
2010-08-30,B,1156,181,248,9,1080
2010-08-30,O,467,229,432,1,263
2010-08-31,A,34,221,255,0,0
2010-08-31,AB,0,36,36,0,0
2010-08-31,B,1080,174,271,5,978
2010-08-31,O,263,300,467,2,94
2010-09-01,A,0,130,130,0,0
2010-09-01,AB,0,26,26,0,0
2010-09-01,B,978,160,272,4,862
2010-09-01,O,94,223,317,0,0
2010-09-02,A,0,98,98,0,0
2010-09-02,AB,0,21,21,0,0
2010-09-02,B,862,115,236,2,739
2010-09-02,O,0,183,183,0,0
2010-09-03,A,0,203,203,0,0
2010-09-03,AB,0,51,51,0,0
2010-09-03,B,739,245,252,3,729
2010-09-03,O,0,311,311,0,0
2010-09-04,A,0,128,128,0,0
2010-09-04,AB,0,46,46,0,0
2010-09-04,B,729,149,207,3,668
2010-09-04,O,0,240,240,0,0
2010-09-05,A,0,438,184,2,252
2010-09-05,AB,0,91,57,0,34
2010-09-05,B,668,439,222,4,881
2010-09-05,O,0,672,387,4,281
2010-09-06,A,252,97,212,3,134
2010-09-06,AB,34,18,50,0,2
2010-09-06,B,881,111,237,1,754
2010-09-06,O,281,180,377,1,83
2010-09-07,A,134,147,210,0,71
2010-09-07,AB,2,27,29,0,0
2010-09-07,B,754,132,188,11,687
2010-09-07,O,83,245,328,0,0
2010-09-08,A,71,101,172,0,0
2010-09-08,AB,0,31,31,0,0
2010-09-08,B,687,139,195,3,628
2010-09-08,O,0,188,188,0,0
2010-09-09,A,0,41,41,0,0
2010-09-09,AB,0,9,9,0,0
2010-09-09,B,628,62,210,8,472
2010-09-09,O,0,98,98,0,0
2010-09-10,A,0,0,0,0,0
2010-09-10,AB,0,0,0,0,0
2010-09-10,B,472,0,176,0,296
2010-09-10,O,0,1,1,0,0
2010-09-11,A,0,0,0,0,0
2010-09-11,AB,0,0,0,0,0
2010-09-11,B,296,0,170,1,125
2010-09-11,O,0,6,6,0,0
2010-09-12,A,0,189,160,0,29
2010-09-12,AB,0,54,42,0,12
2010-09-12,B,125,194,170,0,149
2010-09-12,O,0,329,256,1,72
2010-09-13,A,29,109,138,0,0
2010-09-13,AB,12,26,38,0,0
2010-09-13,B,149,111,195,0,65
2010-09-13,O,72,165,237,0,0
2010-09-14,A,0,138,138,0,0
2010-09-14,AB,0,39,38,0,1
2010-09-14,B,65,134,184,0,15
2010-09-14,O,0,226,226,0,0
2010-09-15,A,0,148,148,0,0
2010-09-15,AB,1,40,41,0,0
2010-09-15,B,15,175,174,0,16
2010-09-15,O,0,288,288,0,0
2010-09-16,A,0,110,110,0,0
2010-09-16,AB,0,35,35,0,0
2010-09-16,B,16,145,161,0,0
2010-09-16,O,0,214,214,0,0
2010-09-17,A,0,121,121,0,0
2010-09-17,AB,0,37,37,0,0
2010-09-17,B,0,148,148,0,0
2010-09-17,O,0,240,240,0,0
2010-09-18,A,0,604,177,4,423
2010-09-18,AB,0,164,37,0,127
2010-09-18,B,0,637,196,3,438
2010-09-18,O,0,1095,330,4,761
2010-09-19,A,423,440,185,3,675
2010-09-19,AB,127,119,46,1,199
2010-09-19,B,438,449,205,4,678
2010-09-19,O,761,733,331,4,1159
2010-09-20,A,675,159,213,4,617
2010-09-20,AB,199,49,36,1,211
2010-09-20,B,678,175,215,2,636
2010-09-20,O,1159,303,338,8,1116
2010-09-21,A,617,206,197,6,620
2010-09-21,AB,211,58,47,0,222
2010-09-21,B,636,235,239,6,626
2010-09-21,O,1116,302,344,7,1067
2010-09-22,A,620,257,217,11,649
2010-09-22,AB,222,79,51,1,249
2010-09-22,B,626,275,194,4,703
2010-09-22,O,1067,423,369,7,1114
2010-09-23,A,649,286,216,1,718
2010-09-23,AB,249,90,45,0,294
2010-09-23,B,703,347,210,5,835
2010-09-23,O,1114,490,350,6,1248
2010-09-24,A,718,262,235,3,742
2010-09-24,AB,294,70,46,1,317
2010-09-24,B,835,330,255,7,903
2010-09-24,O,1248,485,353,6,1374
2010-09-25,A,742,214,202,4,750
2010-09-25,AB,317,59,51,0,325
2010-09-25,B,903,262,200,7,958
2010-09-25,O,1374,387,340,7,1414
2010-09-26,A,750,543,187,8,1098
2010-09-26,AB,325,144,54,2,413
2010-09-26,B,958,606,222,6,1336
2010-09-26,O,1414,866,331,17,1932
2010-09-27,A,1098,200,249,9,1040
2010-09-27,AB,413,55,60,3,405
2010-09-27,B,1336,226,238,8,1316
2010-09-27,O,1932,300,365,11,1856
2010-09-28,A,1040,298,189,2,1147
2010-09-28,AB,405,76,53,4,424
2010-09-28,B,1316,368,243,6,1435
2010-09-28,O,1856,491,371,13,1963
2010-09-29,A,1147,273,219,12,1189
2010-09-29,AB,424,84,67,2,439
2010-09-29,B,1435,319,277,11,1466
2010-09-29,O,1963,481,396,11,2037
2010-09-30,A,1189,309,207,7,1284
2010-09-30,AB,439,63,59,1,442
2010-09-30,B,1466,347,294,15,1504
2010-09-30,O,2037,488,360,11,2154
2010-10-01,A,1284,255,248,7,1284
2010-10-01,AB,442,59,65,4,432
2010-10-01,B,1504,266,264,9,1497
2010-10-01,O,2154,386,394,15,2131
2010-10-02,A,1284,313,194,8,1395
2010-10-02,AB,432,87,60,5,454
2010-10-02,B,1497,326,254,8,1561
2010-10-02,O,2131,503,345,13,2276
2010-10-03,A,1395,368,205,7,1551
2010-10-03,AB,454,97,49,3,499
2010-10-03,B,1561,385,262,7,1677
2010-10-03,O,2276,641,391,16,2510
2010-10-04,A,1551,221,222,16,1534
2010-10-04,AB,499,55,63,3,488
2010-10-04,B,1677,270,332,11,1604
2010-10-04,O,2510,387,420,12,2465
2010-10-05,A,1534,247,234,8,1539
2010-10-05,AB,488,83,68,1,502
2010-10-05,B,1604,279,263,8,1612
2010-10-05,O,2465,436,394,12,2495
2010-10-06,A,1539,388,252,9,1666
2010-10-06,AB,502,112,83,6,525
2010-10-06,B,1612,400,315,9,1688
2010-10-06,O,2495,613,439,16,2653
2010-10-07,A,1666,241,251,10,1646
2010-10-07,AB,525,66,75,4,512
2010-10-07,B,1688,279,317,5,1645
2010-10-07,O,2653,418,421,16,2634
2010-10-08,A,1646,188,236,7,1591
2010-10-08,AB,512,49,86,1,474
2010-10-08,B,1645,225,305,7,1558
2010-10-08,O,2634,358,440,21,2531
2010-10-09,A,1591,284,248,13,1614
2010-10-09,AB,474,77,64,4,483
2010-10-09,B,1558,329,302,8,1577
2010-10-09,O,2531,488,419,22,2578
2010-10-10,A,1614,466,252,9,1819
2010-10-10,AB,483,119,63,6,533
2010-10-10,B,1577,482,265,15,1779
2010-10-10,O,2578,718,1028,14,2254
2010-10-11,A,1819,216,294,8,1733
2010-10-11,AB,533,58,86,2,503
2010-10-11,B,1779,255,337,10,1687
2010-10-11,O,2254,355,492,15,2102
2010-10-12,A,1733,271,303,13,1688
2010-10-12,AB,503,62,79,3,483
2010-10-12,B,1687,299,348,4,1634
2010-10-12,O,2102,412,504,13,1997
2010-10-13,A,1688,330,287,6,1725
2010-10-13,AB,483,104,95,4,488
2010-10-13,B,1634,351,416,15,1554
2010-10-13,O,1997,491,534,10,1944
2010-10-14,A,1725,352,300,9,1768
2010-10-14,AB,488,95,102,3,478
2010-10-14,B,1554,389,398,12,1533
2010-10-14,O,1944,526,504,15,1951
2010-10-15,A,1768,207,260,8,1707
2010-10-15,AB,478,49,98,4,425
2010-10-15,B,1533,205,378,9,1351
2010-10-15,O,1951,338,504,12,1773
2010-10-16,A,1707,267,299,9,1666
2010-10-16,AB,425,70,79,6,410
2010-10-16,B,1351,292,324,3,1316
2010-10-16,O,1773,448,513,7,1701
2010-10-17,A,1666,384,255,14,1781
2010-10-17,AB,410,86,88,4,404
2010-10-17,B,1316,417,327,11,1395
2010-10-17,O,1701,645,446,6,1894
2010-10-18,A,1781,276,286,7,1764
2010-10-18,AB,404,91,81,0,414
2010-10-18,B,1395,333,339,9,1380
2010-10-18,O,1894,489,472,14,1897
2010-10-19,A,1764,350,300,13,1801
2010-10-19,AB,414,70,90,5,389
2010-10-19,B,1380,341,370,13,1338
2010-10-19,O,1897,520,528,10,1879
2010-10-20,A,1801,386,298,16,1873
2010-10-20,AB,389,112,79,3,419
2010-10-20,B,1338,417,357,12,1386
2010-10-20,O,1879,656,524,11,2000
2010-10-21,A,1873,295,296,13,1859
2010-10-21,AB,419,86,86,0,419
2010-10-21,B,1386,356,350,9,1383
2010-10-21,O,2000,539,502,16,2021
2010-10-22,A,1859,107,312,10,1644
2010-10-22,AB,419,30,69,2,378
2010-10-22,B,1383,116,362,7,1130
2010-10-22,O,2021,190,477,16,1718
2010-10-23,A,1644,215,273,6,1580
2010-10-23,AB,378,60,88,1,349
2010-10-23,B,1130,277,330,6,1071
2010-10-23,O,1718,390,446,11,1651
2010-10-24,A,1580,499,270,7,1802
2010-10-24,AB,349,144,76,4,413
2010-10-24,B,1071,559,335,5,1290
2010-10-24,O,1651,840,459,12,2020
2010-10-25,A,1802,186,289,8,1691
2010-10-25,AB,413,49,80,4,378
2010-10-25,B,1290,180,343,5,1122
2010-10-25,O,2020,270,523,9,1758
2010-10-26,A,1691,248,279,5,1655
2010-10-26,AB,378,63,76,1,364
2010-10-26,B,1122,251,301,4,1068
2010-10-26,O,1758,429,490,12,1685
2010-10-27,A,1655,349,327,9,1668
2010-10-27,AB,364,106,84,3,383
2010-10-27,B,1068,374,336,12,1094
2010-10-27,O,1685,621,510,7,1789
2010-10-28,A,1668,284,282,12,1658
2010-10-28,AB,383,72,82,1,372
2010-10-28,B,1094,321,337,3,1075
2010-10-28,O,1789,443,496,12,1724
2010-10-29,A,1658,325,308,9,1666
2010-10-29,AB,372,66,81,4,353
2010-10-29,B,1075,334,302,6,1101
2010-10-29,O,1724,458,526,8,1648
2010-10-30,A,1666,194,271,11,1578
2010-10-30,AB,353,44,68,2,327
2010-10-30,B,1101,196,288,6,1003
2010-10-30,O,1648,309,434,9,1514
2010-10-31,A,1578,404,267,15,1700
2010-10-31,AB,327,95,77,2,343
2010-10-31,B,1003,384,340,2,1045
2010-10-31,O,1514,645,508,7,1644
2010-11-01,A,1700,280,268,5,1707
2010-11-01,AB,343,81,85,0,339
2010-11-01,B,1045,301,343,8,995
2010-11-01,O,1644,447,505,9,1577
2010-11-02,A,1707,199,317,7,1582
2010-11-02,AB,339,56,90,3,302
2010-11-02,B,995,228,320,5,898
2010-11-02,O,1577,315,505,7,1380
2010-11-03,A,1582,257,273,15,1551
2010-11-03,AB,302,62,91,2,271
2010-11-03,B,898,303,337,6,858
2010-11-03,O,1380,380,517,11,1232
2010-11-04,A,1551,195,246,8,1492
2010-11-04,AB,271,55,90,0,236
2010-11-04,B,858,182,323,4,713
2010-11-04,O,1232,286,493,4,1021
2010-11-05,A,1492,171,753,6,904
2010-11-05,AB,236,57,67,2,224
2010-11-05,B,713,210,365,2,556
2010-11-05,O,1021,311,505,4,823
2010-11-06,A,904,173,256,5,816
2010-11-06,AB,224,45,83,1,185
2010-11-06,B,556,176,310,4,418
2010-11-06,O,823,280,444,3,656
2010-11-07,A,816,296,273,2,837
2010-11-07,AB,185,60,74,4,167
2010-11-07,B,418,316,328,3,403
2010-11-07,O,656,512,479,4,685
2010-11-08,A,837,223,310,3,747
2010-11-08,AB,167,55,78,1,143
2010-11-08,B,403,227,337,0,293
2010-11-08,O,685,327,513,2,497
2010-11-09,A,747,306,276,3,774
2010-11-09,AB,143,85,63,0,165
2010-11-09,B,293,331,340,0,284
2010-11-09,O,497,494,486,1,504
2010-11-10,A,774,343,288,3,826
2010-11-10,AB,165,98,81,0,182
2010-11-10,B,284,425,344,3,362
2010-11-10,O,504,659,461,3,699
2010-11-11,A,826,384,285,7,918
2010-11-11,AB,182,101,70,1,212
2010-11-11,B,362,443,336,4,465
2010-11-11,O,699,607,510,2,794
2010-11-12,A,918,158,293,6,777
2010-11-12,AB,212,53,77,0,188
2010-11-12,B,465,186,323,4,324
2010-11-12,O,794,245,497,2,540
2010-11-13,A,777,192,233,6,730
2010-11-13,AB,188,52,80,1,159
2010-11-13,B,324,214,308,2,228
2010-11-13,O,540,313,465,3,385
2010-11-14,A,730,503,264,6,963
2010-11-14,AB,159,112,79,2,190
2010-11-14,B,228,516,294,2,448
2010-11-14,O,385,758,475,3,665
2010-11-15,A,963,174,244,8,885
2010-11-15,AB,190,41,78,1,152
2010-11-15,B,448,212,353,1,306
2010-11-15,O,665,308,494,3,476
2010-11-16,A,885,148,268,6,759
2010-11-16,AB,152,36,76,1,111
2010-11-16,B,306,188,298,2,194
2010-11-16,O,476,284,465,3,292
2010-11-17,A,759,15,246,9,519
2010-11-17,AB,111,2,83,0,30
2010-11-17,B,194,17,211,0,0
2010-11-17,O,292,25,317,0,0
2010-11-18,A,519,102,239,1,381
2010-11-18,AB,30,22,52,0,0
2010-11-18,B,0,141,141,0,0
2010-11-18,O,0,209,209,0,0
2010-11-19,A,381,146,239,1,287
2010-11-19,AB,0,38,38,0,0
2010-11-19,B,0,163,163,0,0
2010-11-19,O,0,265,265,0,0
2010-11-20,A,287,251,216,2,320
2010-11-20,AB,0,56,45,0,11
2010-11-20,B,0,250,250,0,0
2010-11-20,O,0,345,345,0,0
2010-11-21,A,320,359,228,1,450
2010-11-21,AB,11,110,57,0,64
2010-11-21,B,0,366,283,0,83
2010-11-21,O,0,584,390,2,192
2010-11-22,A,450,109,264,0,295
2010-11-22,AB,64,36,70,0,30
2010-11-22,B,83,108,191,0,0
2010-11-22,O,192,215,407,0,0
2010-11-23,A,295,215,265,1,244
2010-11-23,AB,30,67,44,1,52
2010-11-23,B,0,281,281,0,0
2010-11-23,O,0,409,409,0,0
2010-11-24,A,244,238,280,0,202
2010-11-24,AB,52,66,55,0,63
2010-11-24,B,0,315,301,0,14
2010-11-24,O,0,410,386,1,23
2010-11-25,A,202,390,234,1,357
2010-11-25,AB,63,113,63,1,112
2010-11-25,B,14,446,328,2,130
2010-11-25,O,23,646,447,1,221
2010-11-26,A,357,210,269,1,297
2010-11-26,AB,112,56,51,1,116
2010-11-26,B,130,232,300,0,62
2010-11-26,O,221,349,415,2,153
2010-11-27,A,297,200,243,1,253
2010-11-27,AB,116,46,114,0,48
2010-11-27,B,62,190,252,0,0
2010-11-27,O,153,329,374,1,107
2010-11-28,A,253,423,242,1,433
2010-11-28,AB,48,90,107,0,31
2010-11-28,B,0,419,281,0,138
2010-11-28,O,107,599,408,1,297
2010-11-29,A,433,203,246,4,386
2010-11-29,AB,31,61,92,0,0
2010-11-29,B,138,230,321,0,47
2010-11-29,O,297,346,425,0,218
2010-11-30,A,386,218,236,1,367
2010-11-30,AB,0,68,68,0,0
2010-11-30,B,47,274,287,1,33
2010-11-30,O,218,369,442,0,145
2010-12-01,A,367,235,229,1,372
2010-12-01,AB,0,57,57,0,0
2010-12-01,B,33,301,317,1,16
2010-12-01,O,145,412,476,0,81
2010-12-02,A,372,300,239,4,429
2010-12-02,AB,0,92,92,0,0
2010-12-02,B,16,342,308,0,50
2010-12-02,O,81,507,428,1,159
2010-12-03,A,429,228,241,4,412
2010-12-03,AB,0,70,70,0,0
2010-12-03,B,50,258,281,1,26
2010-12-03,O,159,369,451,0,77
2010-12-04,A,412,237,207,2,440
2010-12-04,AB,0,56,56,0,0
2010-12-04,B,26,251,273,0,4
2010-12-04,O,77,380,414,0,43
2010-12-05,A,440,448,213,3,672
2010-12-05,AB,0,98,97,0,1
2010-12-05,B,4,392,270,0,126
2010-12-05,O,43,784,482,2,343
2010-12-06,A,672,162,246,6,582
2010-12-06,AB,1,43,44,0,0
2010-12-06,B,126,150,276,0,0
2010-12-06,O,343,257,438,1,161
2010-12-07,A,582,124,241,2,463
2010-12-07,AB,0,41,41,0,0
2010-12-07,B,0,159,159,0,0
2010-12-07,O,161,193,354,0,0
2010-12-08,A,463,220,243,1,439
2010-12-08,AB,0,64,64,0,0
2010-12-08,B,0,233,233,0,0
2010-12-08,O,0,372,372,0,0
2010-12-09,A,439,202,222,4,415
2010-12-09,AB,0,44,44,0,0
2010-12-09,B,0,220,220,0,0
2010-12-09,O,0,326,326,0,0
2010-12-10,A,415,167,235,2,345
2010-12-10,AB,0,44,44,0,0
2010-12-10,B,0,186,186,0,0
2010-12-10,O,0,260,260,0,0
2010-12-11,A,345,192,215,2,320
2010-12-11,AB,0,69,64,0,5
2010-12-11,B,0,198,198,0,0
2010-12-11,O,0,332,332,0,0
2010-12-12,A,320,608,237,6,685
2010-12-12,AB,5,134,52,0,87
2010-12-12,B,0,592,244,2,346
2010-12-12,O,0,1101,392,3,706
2010-12-13,A,685,137,265,1,556
2010-12-13,AB,87,44,64,2,65
2010-12-13,B,346,199,295,4,246
2010-12-13,O,706,303,428,6,575
2010-12-14,A,556,281,259,7,571
2010-12-14,AB,65,83,61,0,87
2010-12-14,B,246,371,277,3,337
2010-12-14,O,575,537,438,6,668
2010-12-15,A,571,257,262,5,561
2010-12-15,AB,87,78,67,1,97
2010-12-15,B,337,321,248,2,408
2010-12-15,O,668,474,434,2,706
2010-12-16,A,561,378,253,5,681
2010-12-16,AB,97,102,69,1,129
2010-12-16,B,408,428,283,6,547
2010-12-16,O,706,613,450,5,864
2010-12-17,A,681,168,265,2,582
2010-12-17,AB,129,54,63,2,118
2010-12-17,B,547,212,274,1,484
2010-12-17,O,864,306,461,4,705
2010-12-18,A,582,234,255,7,554
2010-12-18,AB,118,55,59,0,114
2010-12-18,B,484,282,268,1,497
2010-12-18,O,705,362,409,9,649
2010-12-19,A,554,442,220,5,771
2010-12-19,AB,114,104,54,1,163
2010-12-19,B,497,394,278,3,610
2010-12-19,O,649,695,394,4,946
2010-12-20,A,771,204,249,6,720
2010-12-20,AB,163,60,65,1,157
2010-12-20,B,610,205,699,0,116
2010-12-20,O,946,352,451,5,842
2010-12-21,A,720,245,253,6,706
2010-12-21,AB,157,86,79,0,164
2010-12-21,B,116,290,406,0,0
2010-12-21,O,842,447,438,2,849
2010-12-22,A,706,268,263,7,704
2010-12-22,AB,164,70,56,0,178
2010-12-22,B,0,328,328,0,0
2010-12-22,O,849,413,448,2,812
2010-12-23,A,704,207,281,5,625
2010-12-23,AB,178,43,66,1,154
2010-12-23,B,0,241,241,0,0
2010-12-23,O,812,359,470,6,695
2010-12-24,A,625,103,228,1,499
2010-12-24,AB,154,27,68,0,113
2010-12-24,B,0,111,111,0,0
2010-12-24,O,695,201,466,4,426
2010-12-25,A,499,113,222,5,385
2010-12-25,AB,113,34,56,1,90
2010-12-25,B,0,129,129,0,0
2010-12-25,O,426,228,366,1,287
2010-12-26,A,385,299,235,3,446
2010-12-26,AB,90,70,61,1,98
2010-12-26,B,0,330,330,0,0
2010-12-26,O,287,523,410,4,396
2010-12-27,A,446,181,206,2,419
2010-12-27,AB,98,56,80,1,73
2010-12-27,B,0,222,222,0,0
2010-12-27,O,396,335,431,1,299
2010-12-28,A,419,185,252,1,351
2010-12-28,AB,73,56,80,1,48
2010-12-28,B,0,210,210,0,0
2010-12-28,O,299,287,432,0,154
2010-12-29,A,351,208,226,0,333
2010-12-29,AB,48,66,53,0,61
2010-12-29,B,0,265,265,0,0
2010-12-29,O,154,394,402,0,146
2010-12-30,A,333,212,243,1,301
2010-12-30,AB,61,56,59,1,57
2010-12-30,B,0,255,255,0,0
2010-12-30,O,146,368,497,0,17
2010-12-31,A,301,77,256,2,120
2010-12-31,AB,57,21,78,0,0
2010-12-31,B,0,124,124,0,0
2010-12-31,O,17,154,171,0,0
2011-01-01,A,120,161,192,0,89
2011-01-01,AB,0,46,46,0,0
2011-01-01,B,0,184,184,0,0
2011-01-01,O,0,247,247,0,0
2011-01-02,A,89,209,193,0,105
2011-01-02,AB,0,58,58,0,0
2011-01-02,B,0,241,241,0,0
2011-01-02,O,0,297,297,0,0
2011-01-03,A,105,119,205,0,19
2011-01-03,AB,0,31,31,0,0
2011-01-03,B,0,142,142,0,0
2011-01-03,O,0,207,207,0,0
2011-01-04,A,19,190,183,0,26
2011-01-04,AB,0,54,54,0,0
2011-01-04,B,0,230,230,0,0
2011-01-04,O,0,297,297,0,0
2011-01-05,A,26,336,204,1,157
2011-01-05,AB,0,74,72,0,2
2011-01-05,B,0,363,363,0,0
2011-01-05,O,0,474,410,0,64
2011-01-06,A,157,322,237,3,239
2011-01-06,AB,2,89,61,0,30
2011-01-06,B,0,355,264,0,91
2011-01-06,O,64,579,376,0,267
2011-01-07,A,239,211,203,3,244
2011-01-07,AB,30,58,72,1,15
2011-01-07,B,91,230,259,1,61
2011-01-07,O,267,376,431,1,211
2011-01-08,A,244,271,200,0,315
2011-01-08,AB,15,75,64,1,25
2011-01-08,B,61,280,235,0,106
2011-01-08,O,211,436,344,1,302
2011-01-09,A,315,437,222,6,524
2011-01-09,AB,25,110,55,0,80
2011-01-09,B,106,445,255,3,293
2011-01-09,O,302,675,336,2,639
2011-01-10,A,524,285,212,6,591
2011-01-10,AB,80,65,88,1,56
2011-01-10,B,293,322,266,4,345
2011-01-10,O,639,421,423,1,636
2011-01-11,A,591,399,218,4,768
2011-01-11,AB,56,114,69,0,101
2011-01-11,B,345,452,275,2,520
2011-01-11,O,636,548,421,5,758
2011-01-12,A,768,381,222,4,923
2011-01-12,AB,101,95,67,2,127
2011-01-12,B,520,409,246,6,677
2011-01-12,O,758,572,415,5,910
2011-01-13,A,923,365,244,4,1040
2011-01-13,AB,127,101,64,1,163
2011-01-13,B,677,375,274,3,775
2011-01-13,O,910,603,412,4,1097
2011-01-14,A,1040,147,220,5,962
2011-01-14,AB,163,35,76,0,122
2011-01-14,B,775,152,258,5,664
2011-01-14,O,1097,232,381,6,942
2011-01-15,A,962,200,216,8,938
2011-01-15,AB,122,60,50,0,132
2011-01-15,B,664,212,256,2,618
2011-01-15,O,942,321,350,7,906
2011-01-16,A,938,282,228,4,988
2011-01-16,AB,132,73,63,1,141
2011-01-16,B,618,334,248,6,698
2011-01-16,O,906,476,350,8,1024
2011-01-17,A,988,298,240,6,1040
2011-01-17,AB,141,83,63,1,160
2011-01-17,B,698,331,273,4,752
2011-01-17,O,1024,535,399,3,1157
2011-01-18,A,1040,419,229,10,1220
2011-01-18,AB,160,102,73,1,188
2011-01-18,B,752,431,275,6,902
2011-01-18,O,1157,637,400,3,1391
2011-01-19,A,1220,405,241,7,1377
2011-01-19,AB,188,105,57,0,236
2011-01-19,B,902,467,254,8,1107
2011-01-19,O,1391,612,387,12,1604
2011-01-20,A,1377,486,239,16,1608
2011-01-20,AB,236,134,69,2,299
2011-01-20,B,1107,711,302,5,1511
2011-01-20,O,1604,875,403,15,2061
2011-01-21,A,1608,302,255,7,1648
2011-01-21,AB,299,86,64,0,321
2011-01-21,B,1511,326,321,14,1502
2011-01-21,O,2061,519,433,7,2140
2011-01-22,A,1648,184,213,13,1606
2011-01-22,AB,321,58,54,3,322
2011-01-22,B,1502,232,277,9,1448
2011-01-22,O,2140,371,382,10,2119
2011-01-23,A,1606,292,259,9,1630
2011-01-23,AB,322,60,52,4,326
2011-01-23,B,1448,340,251,8,1529
2011-01-23,O,2119,505,398,11,2215
2011-01-24,A,1630,292,278,9,1635
2011-01-24,AB,326,87,64,4,345
2011-01-24,B,1529,334,290,9,1564
2011-01-24,O,2215,476,431,13,2247
2011-01-25,A,1635,358,256,12,1725
2011-01-25,AB,345,118,63,1,399
2011-01-25,B,1564,448,295,12,1705
2011-01-25,O,2247,649,467,16,2413
2011-01-26,A,1725,383,289,12,1807
2011-01-26,AB,399,97,66,0,430
2011-01-26,B,1705,466,295,8,1868
2011-01-26,O,2413,654,424,20,2623
2011-01-27,A,1807,438,293,16,1936
2011-01-27,AB,430,121,66,3,482
2011-01-27,B,1868,496,287,13,2064
2011-01-27,O,2623,718,471,17,2853
2011-01-28,A,1936,197,262,9,1862
2011-01-28,AB,482,54,69,4,463
2011-01-28,B,2064,232,305,12,1979
2011-01-28,O,2853,318,470,14,2687
2011-01-29,A,1862,224,233,6,1847
2011-01-29,AB,463,53,64,1,451
2011-01-29,B,1979,278,269,9,1979
2011-01-29,O,2687,355,412,20,2610
2011-01-30,A,1847,213,222,10,1828
2011-01-30,AB,451,50,56,2,443
2011-01-30,B,1979,224,261,11,1931
2011-01-30,O,2610,343,435,18,2500
2011-01-31,A,1828,184,556,7,1449
2011-01-31,AB,443,49,73,1,418
2011-01-31,B,1931,206,321,12,1804
2011-01-31,O,2500,269,410,19,2340
2011-02-01,A,1449,212,254,10,1397
2011-02-01,AB,418,63,83,3,395
2011-02-01,B,1804,259,317,13,1733
2011-02-01,O,2340,387,448,7,2272
2011-02-02,A,1397,191,294,6,1288
2011-02-02,AB,395,37,65,1,366
2011-02-02,B,1733,172,319,8,1578
2011-02-02,O,2272,274,415,18,2113
2011-02-03,A,1288,66,255,8,1091
2011-02-03,AB,366,21,52,3,332
2011-02-03,B,1578,73,315,5,1331
2011-02-03,O,2113,112,514,18,1693
2011-02-04,A,1091,118,254,4,951
2011-02-04,AB,332,24,59,2,295
2011-02-04,B,1331,132,309,9,1145
2011-02-04,O,1693,211,411,13,1480
2011-02-05,A,951,165,231,12,873
2011-02-05,AB,295,46,66,2,273
2011-02-05,B,1145,211,295,4,1057
2011-02-05,O,1480,261,410,6,1325
2011-02-06,A,873,128,215,3,783
2011-02-06,AB,273,40,50,1,262
2011-02-06,B,1057,164,303,7,911
2011-02-06,O,1325,251,389,9,1178
2011-02-07,A,783,215,234,4,760
2011-02-07,AB,262,57,58,2,259
2011-02-07,B,911,229,310,7,823
2011-02-07,O,1178,350,396,2,1130
2011-02-08,A,760,250,238,7,765
2011-02-08,AB,259,71,70,0,260
2011-02-08,B,823,275,330,1,767
2011-02-08,O,1130,403,399,5,1129
2011-02-09,A,765,314,239,5,835
2011-02-09,AB,260,88,55,0,293
2011-02-09,B,767,358,326,4,795
2011-02-09,O,1129,550,409,14,1256
2011-02-10,A,835,414,278,2,969
2011-02-10,AB,293,110,61,1,341
2011-02-10,B,795,425,293,6,921
2011-02-10,O,1256,603,411,9,1439
2011-02-11,A,969,105,233,4,837
2011-02-11,AB,341,24,63,1,301
2011-02-11,B,921,119,314,6,720
2011-02-11,O,1439,199,391,10,1237
2011-02-12,A,837,454,212,6,1073
2011-02-12,AB,301,110,53,3,355
2011-02-12,B,720,488,322,5,881
2011-02-12,O,1237,701,375,8,1555
2011-02-13,A,1073,280,237,10,1106
2011-02-13,AB,355,60,49,2,364
2011-02-13,B,881,284,278,3,884
2011-02-13,O,1555,455,409,9,1592
2011-02-14,A,1106,206,233,6,1073
2011-02-14,AB,364,48,59,2,351
2011-02-14,B,884,231,304,5,806
2011-02-14,O,1592,350,380,10,1552
2011-02-15,A,1073,160,274,8,951
2011-02-15,AB,351,47,63,1,334
2011-02-15,B,806,170,286,6,684
2011-02-15,O,1552,280,389,13,1430
2011-02-16,A,951,443,245,4,1145
2011-02-16,AB,334,125,52,0,407
2011-02-16,B,684,438,282,2,838
2011-02-16,O,1430,705,396,6,1733
2011-02-17,A,1145,489,227,3,1404
2011-02-17,AB,407,122,58,2,469
2011-02-17,B,838,459,296,3,998
2011-02-17,O,1733,743,397,14,2065
2011-02-18,A,1404,214,247,10,1361
2011-02-18,AB,469,50,59,4,456
2011-02-18,B,998,247,318,6,921
2011-02-18,O,2065,352,396,16,2005
2011-02-19,A,1361,255,237,12,1367
2011-02-19,AB,456,73,56,5,468
2011-02-19,B,921,282,259,6,938
2011-02-19,O,2005,411,354,18,2044
2011-02-20,A,1367,387,232,6,1516
2011-02-20,AB,468,100,54,3,511
2011-02-20,B,938,425,257,2,1104
2011-02-20,O,2044,659,366,13,2324
2011-02-21,A,1516,226,256,13,1473
2011-02-21,AB,511,53,64,3,497
2011-02-21,B,1104,254,270,8,1080
2011-02-21,O,2324,406,401,10,2319
2011-02-22,A,1473,304,240,8,1529
2011-02-22,AB,497,95,68,5,519
2011-02-22,B,1080,318,246,8,1144
2011-02-22,O,2319,459,358,9,2411
2011-02-23,A,1529,359,208,10,1670
2011-02-23,AB,519,93,104,2,506
2011-02-23,B,1144,429,305,6,1262
2011-02-23,O,2411,617,359,15,2654
2011-02-24,A,1670,449,248,6,1865
2011-02-24,AB,506,119,67,2,556
2011-02-24,B,1262,565,293,11,1523
2011-02-24,O,2654,739,378,20,2995
2011-02-25,A,1865,263,339,10,1779
2011-02-25,AB,556,66,58,9,555
2011-02-25,B,1523,310,258,11,1564
2011-02-25,O,2995,474,387,22,3060
2011-02-26,A,1779,324,308,10,1785
2011-02-26,AB,555,104,59,7,593
2011-02-26,B,1564,380,229,11,1704
2011-02-26,O,3060,595,339,19,3297
2011-02-27,A,1785,376,371,8,1782
2011-02-27,AB,593,106,55,4,640
2011-02-27,B,1704,431,201,10,1924
2011-02-27,O,3297,617,367,22,3525
2011-02-28,A,1782,220,358,11,1633
2011-02-28,AB,640,60,67,4,629
2011-02-28,B,1924,258,267,9,1906
2011-02-28,O,3525,334,378,22,3459
2011-03-01,A,1633,238,372,10,1489
2011-03-01,AB,629,73,55,10,637
2011-03-01,B,1906,302,308,8,1892
2011-03-01,O,3459,396,374,22,3459
2011-03-02,A,1489,234,361,11,1351
2011-03-02,AB,637,55,65,10,617
2011-03-02,B,1892,284,299,12,1865
2011-03-02,O,3459,426,349,22,3514
2011-03-03,A,1351,289,362,7,1271
2011-03-03,AB,617,67,70,2,612
2011-03-03,B,1865,318,255,11,1917
2011-03-03,O,3514,477,386,19,3586
2011-03-04,A,1271,130,352,7,1042
2011-03-04,AB,612,43,66,9,580
2011-03-04,B,1917,139,303,11,1742
2011-03-04,O,3586,266,341,29,3482
2011-03-05,A,1042,618,383,6,1271
2011-03-05,AB,580,172,70,8,674
2011-03-05,B,1742,755,278,10,2209
2011-03-05,O,3482,1054,376,35,4125
2011-03-06,A,1271,358,352,7,1270
2011-03-06,AB,674,102,62,7,707
2011-03-06,B,2209,371,281,18,2281
2011-03-06,O,4125,588,362,33,4318
2011-03-07,A,1270,333,285,3,1315
2011-03-07,AB,707,96,61,10,732
2011-03-07,B,2281,385,328,18,2320
2011-03-07,O,4318,558,412,43,4421
2011-03-08,A,1315,344,281,7,1371
2011-03-08,AB,732,96,80,12,736
2011-03-08,B,2320,375,371,25,2299
2011-03-08,O,4421,567,447,44,4497
2011-03-09,A,1371,364,268,9,1458
2011-03-09,AB,736,109,75,9,761
2011-03-09,B,2299,436,329,18,2388
2011-03-09,O,4497,683,427,53,4700
2011-03-10,A,1458,423,309,13,1559
2011-03-10,AB,761,109,75,12,783
2011-03-10,B,2388,451,350,20,2469
2011-03-10,O,4700,676,434,55,4887
2011-03-11,A,1559,282,262,4,1575
2011-03-11,AB,783,72,92,18,745
2011-03-11,B,2469,284,360,17,2376
2011-03-11,O,4887,406,465,48,4780
2011-03-12,A,1575,345,279,15,1626
2011-03-12,AB,745,127,56,16,800
2011-03-12,B,2376,409,300,24,2461
2011-03-12,O,4780,633,442,50,4921
2011-03-13,A,1626,337,284,10,1669
2011-03-13,AB,800,79,77,14,788
2011-03-13,B,2461,343,291,25,2488
2011-03-13,O,4921,581,417,64,5021
2011-03-14,A,1669,138,280,10,1517
2011-03-14,AB,788,38,76,8,742
2011-03-14,B,2488,161,342,23,2284
2011-03-14,O,5021,256,449,47,4781
2011-03-15,A,1517,332,275,11,1563
2011-03-15,AB,742,103,70,7,768
2011-03-15,B,2284,346,338,14,2278
2011-03-15,O,4781,567,479,51,4818
2011-03-16,A,1563,402,294,10,1661
2011-03-16,AB,768,97,76,12,777
2011-03-16,B,2278,427,353,26,2326
2011-03-16,O,4818,603,470,60,4891
2011-03-17,A,1661,309,315,9,1646
2011-03-17,AB,777,82,87,7,765
2011-03-17,B,2326,320,358,23,2265
2011-03-17,O,4891,516,496,53,4858
2011-03-18,A,1646,162,274,8,1526
2011-03-18,AB,765,58,68,8,747
2011-03-18,B,2265,216,307,16,2158
2011-03-18,O,4858,328,488,42,4656
2011-03-19,A,1526,294,277,14,1529
2011-03-19,AB,747,57,50,9,745
2011-03-19,B,2158,268,308,15,2103
2011-03-19,O,4656,443,442,52,4605
2011-03-20,A,1529,560,275,12,1802
2011-03-20,AB,745,125,75,12,783
2011-03-20,B,2103,552,328,21,2306
2011-03-20,O,4605,918,429,52,5042
2011-03-21,A,1802,167,295,14,1660
2011-03-21,AB,783,41,64,5,755
2011-03-21,B,2306,211,331,21,2165
2011-03-21,O,5042,308,483,67,4800
2011-03-22,A,1660,271,280,12,1639
2011-03-22,AB,755,83,75,8,755
2011-03-22,B,2165,259,320,14,2090
2011-03-22,O,4800,405,456,55,4694
2011-03-23,A,1639,334,272,13,1688
2011-03-23,AB,755,101,93,3,760
2011-03-23,B,2090,346,297,14,2125
2011-03-23,O,4694,534,491,63,4674
2011-03-24,A,1688,285,245,9,1719
2011-03-24,AB,760,75,104,6,725
2011-03-24,B,2125,326,346,14,2091
2011-03-24,O,4674,515,515,51,4623
2011-03-25,A,1719,318,268,9,1760
2011-03-25,AB,725,64,74,7,708
2011-03-25,B,2091,323,907,11,1496
2011-03-25,O,4623,479,478,54,4570
2011-03-26,A,1760,321,254,13,1814
2011-03-26,AB,708,80,59,9,720
2011-03-26,B,1496,365,324,8,1529
2011-03-26,O,4570,569,441,42,4656
2011-03-27,A,1814,614,246,15,2167
2011-03-27,AB,720,136,70,11,775
2011-03-27,B,1529,559,310,5,1773
2011-03-27,O,4656,998,470,61,5123
2011-03-28,A,2167,188,262,20,2073
2011-03-28,AB,775,33,76,11,721
2011-03-28,B,1773,187,369,12,1579
2011-03-28,O,5123,276,490,56,4853
2011-03-29,A,2073,210,260,19,2004
2011-03-29,AB,721,64,57,10,718
2011-03-29,B,1579,217,339,10,1447
2011-03-29,O,4853,360,492,37,4684
2011-03-30,A,2004,302,295,12,1999
2011-03-30,AB,718,95,66,8,739
2011-03-30,B,1447,350,311,7,1479
2011-03-30,O,4684,483,487,45,4635
2011-03-31,A,1999,299,290,20,1988
2011-03-31,AB,739,86,65,9,751
2011-03-31,B,1479,344,298,7,1518
2011-03-31,O,4635,541,502,48,4626
2011-04-01,A,1988,224,279,18,1915
2011-04-01,AB,751,53,73,10,721
2011-04-01,B,1518,271,281,9,1499
2011-04-01,O,4626,380,485,44,4477
2011-04-02,A,1915,204,231,9,1879
2011-04-02,AB,721,47,61,13,694
2011-04-02,B,1499,232,286,12,1433
2011-04-02,O,4477,352,451,45,4333
2011-04-03,A,1879,354,240,17,1976
2011-04-03,AB,694,98,78,11,703
2011-04-03,B,1433,427,279,6,1575
2011-04-03,O,4333,645,453,49,4476
2011-04-04,A,1976,168,256,11,1877
2011-04-04,AB,703,43,64,8,674
2011-04-04,B,1575,194,300,10,1459
2011-04-04,O,4476,304,466,50,4264
2011-04-05,A,1877,275,288,9,1855
2011-04-05,AB,674,74,72,10,666
2011-04-05,B,1459,332,291,8,1492
2011-04-05,O,4264,463,536,50,4141
2011-04-06,A,1855,247,254,14,1834
2011-04-06,AB,666,60,67,5,654
2011-04-06,B,1492,313,261,8,1536
2011-04-06,O,4141,412,522,32,3999
2011-04-07,A,1834,346,222,10,1948
2011-04-07,AB,654,97,74,6,671
2011-04-07,B,1536,385,271,8,1642
2011-04-07,O,3999,584,460,34,4089
2011-04-08,A,1948,174,226,11,1885
2011-04-08,AB,671,51,76,7,639
2011-04-08,B,1642,167,269,8,1532
2011-04-08,O,4089,298,451,26,3910
2011-04-09,A,1885,308,209,5,1979
2011-04-09,AB,639,92,67,6,658
2011-04-09,B,1532,347,256,13,1610
2011-04-09,O,3910,528,432,40,3966
2011-04-10,A,1979,532,236,17,2258
2011-04-10,AB,658,125,85,6,692
2011-04-10,B,1610,552,268,8,1886
2011-04-10,O,3966,932,425,35,4438
2011-04-11,A,2258,238,233,24,2239
2011-04-11,AB,692,56,70,9,669
2011-04-11,B,1886,245,275,11,1845
2011-04-11,O,4438,368,446,44,4316
2011-04-12,A,2239,302,195,18,2328
2011-04-12,AB,669,80,70,5,674
2011-04-12,B,1845,338,283,12,1888
2011-04-12,O,4316,498,456,42,4316
2011-04-13,A,2328,380,264,27,2417
2011-04-13,AB,674,94,80,10,678
2011-04-13,B,1888,414,294,11,1997
2011-04-13,O,4316,588,439,48,4417
2011-04-14,A,2417,264,249,16,2416
2011-04-14,AB,678,80,69,8,681
2011-04-14,B,1997,285,283,7,1992
2011-04-14,O,4417,411,476,44,4308
2011-04-15,A,2416,205,256,18,2347
2011-04-15,AB,681,53,71,8,655
2011-04-15,B,1992,220,247,12,1953
2011-04-15,O,4308,342,406,38,4206
2011-04-16,A,2347,332,204,21,2454
2011-04-16,AB,655,95,53,5,692
2011-04-16,B,1953,340,257,8,2028
2011-04-16,O,4206,563,409,32,4328
2011-04-17,A,2454,385,205,32,2602
2011-04-17,AB,692,84,70,10,696
2011-04-17,B,2028,399,255,12,2160
2011-04-17,O,4328,687,399,47,4569
2011-04-18,A,2602,185,218,32,2537
2011-04-18,AB,696,65,58,9,694
2011-04-18,B,2160,208,255,17,2096
2011-04-18,O,4569,326,455,47,4393
2011-04-19,A,2537,207,223,23,2498
2011-04-19,AB,694,66,58,8,694
2011-04-19,B,2096,217,273,13,2027
2011-04-19,O,4393,370,443,39,4281
2011-04-20,A,2498,253,246,14,2491
2011-04-20,AB,694,77,77,6,688
2011-04-20,B,2027,315,273,12,2057
2011-04-20,O,4281,384,390,37,4238
2011-04-21,A,2491,262,207,25,2521
2011-04-21,AB,688,58,87,10,649
2011-04-21,B,2057,290,288,11,2048
2011-04-21,O,4238,422,442,36,4182
2011-04-22,A,2521,200,211,22,2488
2011-04-22,AB,649,50,63,5,631
2011-04-22,B,2048,234,268,13,2001
2011-04-22,O,4182,349,434,40,4057
2011-04-23,A,2488,300,201,27,2560
2011-04-23,AB,631,78,52,10,647
2011-04-23,B,2001,339,211,13,2116
2011-04-23,O,4057,464,414,38,4069
2011-04-24,A,2560,557,179,49,2889
2011-04-24,AB,647,121,71,5,692
2011-04-24,B,2116,504,231,15,2374
2011-04-24,O,4069,920,392,35,4562
2011-04-25,A,2889,187,260,26,2790
2011-04-25,AB,692,48,81,3,656
2011-04-25,B,2374,210,270,15,2299
2011-04-25,O,4562,284,430,48,4368
2011-04-26,A,2790,225,226,26,2763
2011-04-26,AB,656,61,59,9,649
2011-04-26,B,2299,290,231,18,2340
2011-04-26,O,4368,403,442,45,4284
2011-04-27,A,2763,214,200,23,2754
2011-04-27,AB,649,60,87,13,609
2011-04-27,B,2340,228,258,17,2293
2011-04-27,O,4284,379,410,42,4211
2011-04-28,A,2754,287,210,37,2794
2011-04-28,AB,609,57,63,10,593
2011-04-28,B,2293,322,285,17,2313
2011-04-28,O,4211,518,430,36,4263
2011-04-29,A,2794,123,224,34,2659
2011-04-29,AB,593,32,68,3,554
2011-04-29,B,2313,139,235,16,2201
2011-04-29,O,4263,241,423,36,4045
2011-04-30,A,2659,146,188,20,2597
2011-04-30,AB,554,38,66,5,521
2011-04-30,B,2201,192,216,17,2160
2011-04-30,O,4045,291,357,32,3947
2011-05-01,A,2597,692,190,36,3063
2011-05-01,AB,521,175,76,4,616
2011-05-01,B,2160,696,235,23,2598
2011-05-01,O,3947,1127,368,61,4645
2011-05-02,A,3063,166,227,26,2976
2011-05-02,AB,616,33,65,4,580
2011-05-02,B,2598,158,261,20,2475
2011-05-02,O,4645,266,452,49,4410
2011-05-03,A,2976,163,202,32,2905
2011-05-03,AB,580,46,59,5,562
2011-05-03,B,2475,179,255,21,2378
2011-05-03,O,4410,233,397,41,4205
2011-05-04,A,2905,180,239,26,2820
2011-05-04,AB,562,50,75,7,530
2011-05-04,B,2378,227,268,21,2316
2011-05-04,O,4205,352,422,40,4095
2011-05-05,A,2820,173,226,26,2741
2011-05-05,AB,530,69,78,2,519
2011-05-05,B,2316,203,218,11,2290
2011-05-05,O,4095,296,417,30,3944
2011-05-06,A,2741,181,193,26,2703
2011-05-06,AB,519,43,76,6,480
2011-05-06,B,2290,196,226,10,2250
2011-05-06,O,3944,286,400,29,3801
2011-05-07,A,2703,308,182,25,2804
2011-05-07,AB,480,74,69,3,482
2011-05-07,B,2250,322,210,21,2341
2011-05-07,O,3801,453,379,29,3846
2011-05-08,A,2804,327,192,26,2913
2011-05-08,AB,482,90,56,3,513
2011-05-08,B,2341,366,223,18,2466
2011-05-08,O,3846,607,370,27,4056
2011-05-09,A,2913,167,218,21,2841
2011-05-09,AB,513,53,60,2,504
2011-05-09,B,2466,182,253,18,2377
2011-05-09,O,4056,253,409,31,3869
2011-05-10,A,2841,260,180,32,2889
2011-05-10,AB,504,66,65,5,500
2011-05-10,B,2377,284,269,16,2376
2011-05-10,O,3869,411,344,29,3907
2011-05-11,A,2889,278,232,36,2899
2011-05-11,AB,500,81,69,4,508
2011-05-11,B,2376,301,244,11,2422
2011-05-11,O,3907,410,344,21,3952
2011-05-12,A,2899,211,195,27,2888
2011-05-12,AB,508,70,65,3,510
2011-05-12,B,2422,273,275,19,2401
2011-05-12,O,3952,383,358,28,3949
2011-05-13,A,2888,168,217,26,2813
2011-05-13,AB,510,26,62,6,468
2011-05-13,B,2401,162,278,11,2274
2011-05-13,O,3949,222,351,30,3790
2011-05-14,A,2813,218,193,35,2803
2011-05-14,AB,468,38,43,0,463
2011-05-14,B,2274,248,504,7,2011
2011-05-14,O,3790,312,353,29,3720
2011-05-15,A,2803,358,188,42,2931
2011-05-15,AB,463,80,52,9,482
2011-05-15,B,2011,360,227,10,2134
2011-05-15,O,3720,541,331,33,3897
2011-05-16,A,2931,148,221,26,2832
2011-05-16,AB,482,41,48,4,471
2011-05-16,B,2134,167,264,11,2026
2011-05-16,O,3897,254,389,38,3724
2011-05-17,A,2832,553,203,50,3132
2011-05-17,AB,471,136,49,5,553
2011-05-17,B,2026,556,263,11,2308
2011-05-17,O,3724,891,368,49,4198
2011-05-18,A,3132,323,181,41,3233
2011-05-18,AB,553,71,63,4,557
2011-05-18,B,2308,305,228,19,2366
2011-05-18,O,4198,433,400,37,4194
2011-05-19,A,3233,305,215,38,3285
2011-05-19,AB,557,92,57,11,581
2011-05-19,B,2366,386,243,24,2485
2011-05-19,O,4194,480,392,37,4245
2011-05-20,A,3285,186,201,47,3223
2011-05-20,AB,581,44,59,4,562
2011-05-20,B,2485,203,269,17,2402
2011-05-20,O,4245,296,360,37,4144
2011-05-21,A,3223,250,196,44,3233
2011-05-21,AB,562,77,55,4,580
2011-05-21,B,2402,280,213,17,2452
2011-05-21,O,4144,363,362,42,4103
2011-05-22,A,3233,371,191,38,3375
2011-05-22,AB,580,110,60,3,627
2011-05-22,B,2452,406,241,26,2591
2011-05-22,O,4103,588,996,27,3668
2011-05-23,A,3375,163,212,47,3279
2011-05-23,AB,627,46,62,5,606
2011-05-23,B,2591,162,242,23,2488
2011-05-23,O,3668,288,427,32,3497
2011-05-24,A,3279,242,204,42,3275
2011-05-24,AB,606,61,64,8,595
2011-05-24,B,2488,268,218,20,2518
2011-05-24,O,3497,455,370,29,3553
2011-05-25,A,3275,324,220,44,3335
2011-05-25,AB,595,92,67,9,611
2011-05-25,B,2518,349,252,36,2579
2011-05-25,O,3553,473,413,26,3587
2011-05-26,A,3335,215,655,41,2854
2011-05-26,AB,611,53,57,2,605
2011-05-26,B,2579,246,250,25,2550
2011-05-26,O,3587,350,371,27,3539
2011-05-27,A,2854,222,214,31,2831
2011-05-27,AB,605,63,56,8,604
2011-05-27,B,2550,243,275,22,2496
2011-05-27,O,3539,321,347,30,3483
2011-05-28,A,2831,215,217,35,2794
2011-05-28,AB,604,58,70,8,584
2011-05-28,B,2496,220,187,13,2516
2011-05-28,O,3483,313,307,30,3459
2011-05-29,A,2794,272,217,40,2809
2011-05-29,AB,584,62,56,3,587
2011-05-29,B,2516,340,221,23,2612
2011-05-29,O,3459,473,319,37,3576
2011-05-30,A,2809,137,226,32,2688
2011-05-30,AB,587,30,61,5,551
2011-05-30,B,2612,143,239,14,2502
2011-05-30,O,3576,234,355,24,3431
2011-05-31,A,2688,264,235,40,2677
2011-05-31,AB,551,71,65,8,549
2011-05-31,B,2502,257,249,19,2491
2011-05-31,O,3431,400,346,18,3467
2011-06-01,A,2677,203,244,20,2616
2011-06-01,AB,549,55,45,4,555
2011-06-01,B,2491,229,230,16,2474
2011-06-01,O,3467,360,348,24,3455
2011-06-02,A,2616,343,241,26,2692
2011-06-02,AB,555,108,58,3,602
2011-06-02,B,2474,390,276,18,2570
2011-06-02,O,3455,572,334,29,3664
2011-06-03,A,2692,222,246,20,2648
2011-06-03,AB,602,62,55,4,605
2011-06-03,B,2570,271,246,24,2571
2011-06-03,O,3664,329,354,39,3600
2011-06-04,A,2648,276,182,32,2710
2011-06-04,AB,605,64,64,5,600
2011-06-04,B,2571,281,242,25,2585
2011-06-04,O,3600,432,347,26,3659
2011-06-05,A,2710,258,220,31,2717
2011-06-05,AB,600,56,59,5,592
2011-06-05,B,2585,218,228,16,2559
2011-06-05,O,3659,388,317,30,3700
2011-06-06,A,2717,149,294,28,2544
2011-06-06,AB,592,30,59,3,560
2011-06-06,B,2559,162,222,14,2485
2011-06-06,O,3700,208,374,23,3511
2011-06-07,A,2544,200,219,14,2511
2011-06-07,AB,560,55,67,3,545
2011-06-07,B,2485,246,267,28,2436
2011-06-07,O,3511,353,354,22,3488
2011-06-08,A,2511,252,224,24,2515
2011-06-08,AB,545,64,65,0,544
2011-06-08,B,2436,258,271,23,2400
2011-06-08,O,3488,430,338,20,3560
2011-06-09,A,2515,212,249,17,2461
2011-06-09,AB,544,54,66,4,528
2011-06-09,B,2400,229,257,22,2350
2011-06-09,O,3560,359,326,27,3566
2011-06-10,A,2461,170,257,18,2356
2011-06-10,AB,528,59,61,4,522
2011-06-10,B,2350,204,233,11,2310
2011-06-10,O,3566,290,371,24,3461
2011-06-11,A,2356,312,204,33,2431
2011-06-11,AB,522,97,45,7,567
2011-06-11,B,2310,305,260,27,2328
2011-06-11,O,3461,444,296,33,3576
2011-06-12,A,2431,595,229,26,2771
2011-06-12,AB,567,194,66,8,687
2011-06-12,B,2328,596,238,29,2657
2011-06-12,O,3576,968,354,34,4156
2011-06-13,A,2771,177,257,27,2664
2011-06-13,AB,687,31,73,4,641
2011-06-13,B,2657,165,258,15,2549
2011-06-13,O,4156,220,323,35,4018
2011-06-14,A,2664,409,251,32,2790
2011-06-14,AB,641,120,72,10,679
2011-06-14,B,2549,481,293,23,2714
2011-06-14,O,4018,702,386,33,4301
2011-06-15,A,2790,359,239,35,2875
2011-06-15,AB,679,85,79,9,676
2011-06-15,B,2714,498,259,31,2922
2011-06-15,O,4301,681,424,55,4503
2011-06-16,A,2875,374,213,34,3002
2011-06-16,AB,676,85,66,6,689
2011-06-16,B,2922,401,283,41,2999
2011-06-16,O,4503,584,401,50,4636
2011-06-17,A,3002,201,232,27,2944
2011-06-17,AB,689,49,73,6,659
2011-06-17,B,2999,221,275,35,2910
2011-06-17,O,4636,329,352,62,4551
2011-06-18,A,2944,294,224,41,2973
2011-06-18,AB,659,74,72,10,651
2011-06-18,B,2910,341,240,43,2968
2011-06-18,O,4551,506,364,47,4646
2011-06-19,A,2973,380,238,40,3075
2011-06-19,AB,651,87,68,10,660
2011-06-19,B,2968,384,264,36,3052
2011-06-19,O,4646,593,361,49,4829
2011-06-20,A,3075,277,243,43,3066
2011-06-20,AB,660,57,74,2,641
2011-06-20,B,3052,226,281,33,2964
2011-06-20,O,4829,362,420,63,4708
2011-06-21,A,3066,289,228,50,3077
2011-06-21,AB,641,80,58,9,654
2011-06-21,B,2964,373,279,35,3023
2011-06-21,O,4708,526,383,54,4797
2011-06-22,A,3077,682,244,50,3465
2011-06-22,AB,654,170,72,8,744
2011-06-22,B,3023,751,292,54,3428
2011-06-22,O,4797,1073,426,64,5380
2011-06-23,A,3465,315,221,58,3501
2011-06-23,AB,744,89,65,12,756
2011-06-23,B,3428,308,287,47,3402
2011-06-23,O,5380,495,406,54,5415
2011-06-24,A,3501,256,241,62,3454
2011-06-24,AB,756,79,60,7,768
2011-06-24,B,3402,297,265,33,3401
2011-06-24,O,5415,423,416,68,5354
2011-06-25,A,3454,414,210,52,3606
2011-06-25,AB,768,89,72,9,776
2011-06-25,B,3401,471,266,51,3555
2011-06-25,O,5354,774,388,86,5654
2011-06-26,A,3606,510,205,58,3853
2011-06-26,AB,776,161,66,5,866
2011-06-26,B,3555,581,284,53,3799
2011-06-26,O,5654,924,414,89,6075
2011-06-27,A,3853,185,254,68,3716
2011-06-27,AB,866,40,75,15,816
2011-06-27,B,3799,242,304,56,3681
2011-06-27,O,6075,319,452,75,5867
2011-06-28,A,3716,396,259,66,3787
2011-06-28,AB,816,86,66,11,825
2011-06-28,B,3681,443,310,57,3757
2011-06-28,O,5867,588,446,86,5923
2011-06-29,A,3787,236,228,68,3727
2011-06-29,AB,825,68,77,11,805
2011-06-29,B,3757,321,323,47,3708
2011-06-29,O,5923,423,452,79,5815
2011-06-30,A,3727,332,261,56,3742
2011-06-30,AB,805,94,86,11,802
2011-06-30,B,3708,396,363,49,3692
2011-06-30,O,5815,545,478,97,5785
2011-07-01,A,3742,223,280,59,3626
2011-07-01,AB,802,57,92,6,761
2011-07-01,B,3692,233,365,35,3525
2011-07-01,O,5785,396,498,81,5602
2011-07-02,A,3626,225,243,48,3560
2011-07-02,AB,761,63,65,8,751
2011-07-02,B,3525,261,333,54,3399
2011-07-02,O,5602,419,396,77,5548
2011-07-03,A,3560,348,245,53,3610
2011-07-03,AB,751,84,86,16,733
2011-07-03,B,3399,433,341,47,3444
2011-07-03,O,5548,572,405,84,5631
2011-07-04,A,3610,176,258,59,3469
2011-07-04,AB,733,56,83,8,698
2011-07-04,B,3444,170,336,43,3235
2011-07-04,O,5631,310,440,76,5425
2011-07-05,A,3469,315,254,51,3479
2011-07-05,AB,698,90,86,9,693
2011-07-05,B,3235,372,322,48,3237
2011-07-05,O,5425,554,437,72,5470
2011-07-06,A,3479,389,287,50,3531
2011-07-06,AB,693,111,71,4,729
2011-07-06,B,3237,447,334,40,3310
2011-07-06,O,5470,626,446,80,5570
2011-07-07,A,3531,368,290,48,3561
2011-07-07,AB,729,107,82,10,744
2011-07-07,B,3310,448,369,35,3354
2011-07-07,O,5570,616,452,85,5649
2011-07-08,A,3561,155,257,46,3413
2011-07-08,AB,744,44,82,8,698
2011-07-08,B,3354,151,377,28,3100
2011-07-08,O,5649,236,452,76,5357
2011-07-09,A,3413,420,282,48,3503
2011-07-09,AB,698,134,76,10,746
2011-07-09,B,3100,476,292,45,3239
2011-07-09,O,5357,764,423,89,5609
2011-07-10,A,3503,478,293,53,3635
2011-07-10,AB,746,107,96,13,744
2011-07-10,B,3239,509,304,31,3413
2011-07-10,O,5609,744,437,78,5838
2011-07-11,A,3635,271,304,57,3545
2011-07-11,AB,744,79,83,6,734
2011-07-11,B,3413,267,344,48,3288
2011-07-11,O,5838,396,495,78,5661
2011-07-12,A,3545,361,296,63,3547
2011-07-12,AB,734,78,87,12,713
2011-07-12,B,3288,419,364,52,3291
2011-07-12,O,5661,535,483,73,5640
2011-07-13,A,3547,291,303,41,3494
2011-07-13,AB,713,79,102,10,680
2011-07-13,B,3291,313,347,25,3232
2011-07-13,O,5640,503,477,78,5588
2011-07-14,A,3494,308,282,50,3470
2011-07-14,AB,680,84,78,10,676
2011-07-14,B,3232,312,345,43,3156
2011-07-14,O,5588,485,437,63,5573
2011-07-15,A,3470,167,273,50,3314
2011-07-15,AB,676,41,95,8,614
2011-07-15,B,3156,191,357,22,2968
2011-07-15,O,5573,314,476,66,5345
2011-07-16,A,3314,239,261,36,3256
2011-07-16,AB,614,58,74,6,592
2011-07-16,B,2968,297,318,33,2914
2011-07-16,O,5345,401,474,55,5217
2011-07-17,A,3256,594,263,58,3529
2011-07-17,AB,592,138,70,5,655
2011-07-17,B,2914,592,305,32,3169
2011-07-17,O,5217,897,416,82,5616
2011-07-18,A,3529,172,306,43,3352
2011-07-18,AB,655,47,88,8,606
2011-07-18,B,3169,222,324,45,3022
2011-07-18,O,5616,361,510,79,5388
2011-07-19,A,3352,371,314,34,3375
2011-07-19,AB,606,109,92,8,615
2011-07-19,B,3022,451,361,28,3084
2011-07-19,O,5388,669,458,71,5528
2011-07-20,A,3375,462,325,62,3450
2011-07-20,AB,615,124,101,7,631
2011-07-20,B,3084,519,368,39,3196
2011-07-20,O,5528,737,474,96,5695
2011-07-21,A,3450,315,290,43,3432
2011-07-21,AB,631,91,67,10,645
2011-07-21,B,3196,366,385,32,3145
2011-07-21,O,5695,516,509,75,5627
2011-07-22,A,3432,296,294,48,3386
2011-07-22,AB,645,81,101,7,618
2011-07-22,B,3145,342,378,26,3083
2011-07-22,O,5627,462,461,76,5552
2011-07-23,A,3386,395,257,54,3470
2011-07-23,AB,618,98,74,8,634
2011-07-23,B,3083,443,302,34,3190
2011-07-23,O,5552,657,453,95,5661
2011-07-24,A,3470,446,266,62,3588
2011-07-24,AB,634,109,72,11,660
2011-07-24,B,3190,445,331,25,3279
2011-07-24,O,5661,729,474,94,5822
2011-07-25,A,3588,249,319,58,3460
2011-07-25,AB,660,79,77,10,652
2011-07-25,B,3279,320,359,41,3199
2011-07-25,O,5822,444,479,82,5705
2011-07-26,A,3460,441,300,61,3540
2011-07-26,AB,652,110,100,5,657
2011-07-26,B,3199,534,383,48,3302
2011-07-26,O,5705,780,535,83,5867
2011-07-27,A,3540,430,293,52,3625
2011-07-27,AB,657,132,90,11,688
2011-07-27,B,3302,521,347,39,3437
2011-07-27,O,5867,745,476,95,6041
2011-07-28,A,3625,483,336,64,3708
2011-07-28,AB,688,147,85,10,740
2011-07-28,B,3437,527,353,47,3564
2011-07-28,O,6041,765,473,88,6245
2011-07-29,A,3708,310,285,38,3695
2011-07-29,AB,740,69,89,13,707
2011-07-29,B,3564,365,355,46,3528
2011-07-29,O,6245,522,455,104,6208
2011-07-30,A,3695,392,244,54,3789
2011-07-30,AB,707,113,88,5,727
2011-07-30,B,3528,469,348,54,3595
2011-07-30,O,6208,695,422,111,6370
2011-07-31,A,3789,666,276,62,4117
2011-07-31,AB,727,155,74,12,796
2011-07-31,B,3595,688,367,57,3859
2011-07-31,O,6370,1042,452,126,6834
2011-08-01,A,4117,128,315,58,3872
2011-08-01,AB,796,24,86,10,724
2011-08-01,B,3859,132,391,58,3542
2011-08-01,O,6834,193,514,107,6406
2011-08-02,A,3872,170,333,51,3658
2011-08-02,AB,724,37,77,7,677
2011-08-02,B,3542,156,418,41,3239
2011-08-02,O,6406,339,477,108,6160
2011-08-03,A,3658,287,312,50,3583
2011-08-03,AB,677,84,92,9,660
2011-08-03,B,3239,287,405,30,3091
2011-08-03,O,6160,423,531,94,5958
2011-08-04,A,3583,197,352,52,3376
2011-08-04,AB,660,46,88,10,608
2011-08-04,B,3091,195,365,33,2888
2011-08-04,O,5958,380,533,87,5718
2011-08-05,A,3376,195,328,41,3202
2011-08-05,AB,608,34,83,3,556
2011-08-05,B,2888,164,343,20,2689
2011-08-05,O,5718,313,517,88,5426
2011-08-06,A,3202,97,252,29,3018
2011-08-06,AB,556,20,81,4,491
2011-08-06,B,2689,105,314,17,2463
2011-08-06,O,5426,171,478,70,5049
2011-08-07,A,3018,666,272,53,3359
2011-08-07,AB,491,166,68,5,584
2011-08-07,B,2463,618,321,28,2732
2011-08-07,O,5049,1151,494,80,5626
2011-08-08,A,3359,92,304,34,3113
2011-08-08,AB,584,14,85,5,508
2011-08-08,B,2732,87,347,22,2450
2011-08-08,O,5626,124,525,66,5159
2011-08-09,A,3113,151,347,28,2889
2011-08-09,AB,508,41,77,3,469
2011-08-09,B,2450,178,372,12,2244
2011-08-09,O,5159,262,457,56,4908
2011-08-10,A,2889,123,321,29,2662
2011-08-10,AB,469,21,91,2,397
2011-08-10,B,2244,150,368,8,2018
2011-08-10,O,4908,214,548,52,4522
2011-08-11,A,2662,205,321,19,2527
2011-08-11,AB,397,52,63,5,381
2011-08-11,B,2018,227,315,11,1919
2011-08-11,O,4522,361,551,30,4302
2011-08-12,A,2527,140,308,23,2336
2011-08-12,AB,381,36,77,4,336
2011-08-12,B,1919,172,370,15,1706
2011-08-12,O,4302,264,497,32,4037
2011-08-13,A,2336,211,280,13,2254
2011-08-13,AB,336,61,65,2,330
2011-08-13,B,1706,242,314,9,1625
2011-08-13,O,4037,371,434,43,3931
2011-08-14,A,2254,392,292,18,2336
2011-08-14,AB,330,99,64,3,362
2011-08-14,B,1625,452,320,8,1749
2011-08-14,O,3931,685,460,41,4115
2011-08-15,A,2336,73,328,12,2069
2011-08-15,AB,362,21,78,0,305
2011-08-15,B,1749,117,343,12,1511
2011-08-15,O,4115,156,506,31,3734
2011-08-16,A,2069,207,313,16,1947
2011-08-16,AB,305,45,72,2,276
2011-08-16,B,1511,223,299,6,1429
2011-08-16,O,3734,313,486,31,3530
2011-08-17,A,1947,262,290,14,1905
2011-08-17,AB,276,59,95,2,238
2011-08-17,B,1429,264,321,11,1361
2011-08-17,O,3530,472,487,31,3484
2011-08-18,A,1905,219,283,21,1820
2011-08-18,AB,238,53,69,1,221
2011-08-18,B,1361,183,306,9,1229
2011-08-18,O,3484,337,494,26,3301
2011-08-19,A,1820,222,290,8,1744
2011-08-19,AB,221,42,71,0,192
2011-08-19,B,1229,218,294,10,1143
2011-08-19,O,3301,321,470,17,3135
2011-08-20,A,1744,272,272,6,1738
2011-08-20,AB,192,67,72,2,185
2011-08-20,B,1143,315,272,6,1180
2011-08-20,O,3135,480,424,20,3171
2011-08-21,A,1738,542,266,18,1996
2011-08-21,AB,185,123,69,4,235
2011-08-21,B,1180,501,321,6,1354
2011-08-21,O,3171,828,447,30,3522
2011-08-22,A,1996,142,295,9,1834
2011-08-22,AB,235,41,69,1,206
2011-08-22,B,1354,150,255,5,1244
2011-08-22,O,3522,232,458,23,3273
2011-08-23,A,1834,144,282,7,1689
2011-08-23,AB,206,32,65,1,172
2011-08-23,B,1244,174,281,9,1128
2011-08-23,O,3273,229,445,19,3038
2011-08-24,A,1689,217,292,13,1601
2011-08-24,AB,172,48,74,0,146
2011-08-24,B,1128,200,285,4,1039
2011-08-24,O,3038,320,478,12,2868
2011-08-25,A,1601,202,278,7,1518
2011-08-25,AB,146,54,61,0,139
2011-08-25,B,1039,181,271,4,945
2011-08-25,O,2868,331,447,14,2738
2011-08-26,A,1518,261,267,7,1505
2011-08-26,AB,139,68,59,1,147
2011-08-26,B,945,307,282,5,965
2011-08-26,O,2738,404,441,12,2689
2011-08-27,A,1505,149,228,6,1420
2011-08-27,AB,147,37,67,1,116
2011-08-27,B,965,165,203,5,922
2011-08-27,O,2689,257,375,22,2549
2011-08-28,A,1420,422,258,11,1573
2011-08-28,AB,116,105,48,0,173
2011-08-28,B,922,379,250,7,1044
2011-08-28,O,2549,669,396,20,2802
2011-08-29,A,1573,63,240,12,1384
2011-08-29,AB,173,9,55,0,127
2011-08-29,B,1044,57,215,7,879
2011-08-29,O,2802,101,342,14,2547
2011-08-30,A,1384,4,270,7,1111
2011-08-30,AB,127,0,58,0,69
2011-08-30,B,879,5,204,6,674
2011-08-30,O,2547,10,358,17,2182
2011-08-31,A,1111,12,218,4,901
2011-08-31,AB,69,3,42,0,30
2011-08-31,B,674,12,164,4,518
2011-08-31,O,2182,25,333,9,1865
2011-09-01,A,901,65,228,5,733
2011-09-01,AB,30,11,41,0,0
2011-09-01,B,518,79,209,1,387
2011-09-01,O,1865,139,714,10,1280
2011-09-02,A,733,143,235,5,636
2011-09-02,AB,0,36,36,0,0
2011-09-02,B,387,161,214,2,332
2011-09-02,O,1280,234,325,5,1184
2011-09-03,A,636,178,183,3,628
2011-09-03,AB,0,52,36,1,15
2011-09-03,B,332,183,208,0,307
2011-09-03,O,1184,330,272,7,1235
2011-09-04,A,628,388,181,2,833
2011-09-04,AB,15,114,39,0,90
2011-09-04,B,307,473,196,3,581
2011-09-04,O,1235,699,307,10,1617
2011-09-05,A,833,155,208,6,774
2011-09-05,AB,90,37,57,0,70
2011-09-05,B,581,162,212,8,523
2011-09-05,O,1617,229,325,10,1511
2011-09-06,A,774,212,204,3,779
2011-09-06,AB,70,43,44,0,69
2011-09-06,B,523,239,479,4,279
2011-09-06,O,1511,331,336,12,1494
2011-09-07,A,779,291,205,5,860
2011-09-07,AB,69,82,49,2,100
2011-09-07,B,279,324,214,3,386
2011-09-07,O,1494,484,356,10,1612
2011-09-08,A,860,347,218,3,986
2011-09-08,AB,100,95,43,1,151
2011-09-08,B,386,381,242,3,522
2011-09-08,O,1612,532,348,10,1786
2011-09-09,A,986,241,206,6,1015
2011-09-09,AB,151,60,46,1,164
2011-09-09,B,522,266,225,4,559
2011-09-09,O,1786,405,339,16,1836
2011-09-10,A,1015,331,210,3,1133
2011-09-10,AB,164,94,40,0,218
2011-09-10,B,559,401,217,5,738
2011-09-10,O,1836,589,339,18,2068
2011-09-11,A,1133,360,204,6,1283
2011-09-11,AB,218,89,53,3,251
2011-09-11,B,738,449,214,6,967
2011-09-11,O,2068,662,364,19,2347
2011-09-12,A,1283,149,211,7,1214
2011-09-12,AB,251,24,50,2,223
2011-09-12,B,967,151,219,2,897
2011-09-12,O,2347,219,428,18,2120
2011-09-13,A,1214,464,248,8,1422
2011-09-13,AB,223,116,50,1,288
2011-09-13,B,897,546,210,6,1227
2011-09-13,O,2120,813,388,12,2533
2011-09-14,A,1422,317,239,9,1491
2011-09-14,AB,288,102,61,1,328
2011-09-14,B,1227,384,231,6,1374
2011-09-14,O,2533,591,416,11,2697
2011-09-15,A,1491,277,254,7,1507
2011-09-15,AB,328,77,62,3,340
2011-09-15,B,1374,329,210,9,1484
2011-09-15,O,2697,410,391,20,2696
2011-09-16,A,1507,157,264,9,1391
2011-09-16,AB,340,45,58,6,321
2011-09-16,B,1484,172,264,6,1386
2011-09-16,O,2696,262,375,22,2561
2011-09-17,A,1391,184,228,8,1339
2011-09-17,AB,321,44,48,1,316
2011-09-17,B,1386,187,219,11,1343
2011-09-17,O,2561,261,359,18,2445
2011-09-18,A,1339,462,246,7,1548
2011-09-18,AB,316,82,47,1,350
2011-09-18,B,1343,452,240,5,1550
2011-09-18,O,2445,839,398,18,2868
2011-09-19,A,1548,191,256,7,1476
2011-09-19,AB,350,57,58,4,345
2011-09-19,B,1550,197,230,8,1509
2011-09-19,O,2868,346,395,13,2806
2011-09-20,A,1476,316,280,18,1494
2011-09-20,AB,345,96,48,9,384
2011-09-20,B,1509,368,238,14,1625
2011-09-20,O,2806,571,383,17,2977
2011-09-21,A,1494,440,253,9,1672
2011-09-21,AB,384,106,64,4,422
2011-09-21,B,1625,483,280,13,1815
2011-09-21,O,2977,656,359,27,3247
2011-09-22,A,1672,231,249,9,1645
2011-09-22,AB,422,58,43,4,433
2011-09-22,B,1815,270,259,8,1818
2011-09-22,O,3247,421,387,17,3264
2011-09-23,A,1645,185,292,11,1527
2011-09-23,AB,433,48,50,3,428
2011-09-23,B,1818,218,240,10,1786
2011-09-23,O,3264,329,364,17,3212
2011-09-24,A,1527,476,308,12,1683
2011-09-24,AB,428,116,66,2,476
2011-09-24,B,1786,489,284,6,1985
2011-09-24,O,3212,888,368,26,3706
2011-09-25,A,1683,605,260,17,2011
2011-09-25,AB,476,163,73,5,561
2011-09-25,B,1985,594,252,21,2306
2011-09-25,O,3706,914,365,42,4213
2011-09-26,A,2011,195,323,14,1869
2011-09-26,AB,561,66,60,5,562
2011-09-26,B,2306,244,305,16,2229
2011-09-26,O,4213,343,431,51,4074
2011-09-27,A,1869,252,303,8,1810
2011-09-27,AB,562,66,75,7,546
2011-09-27,B,2229,254,245,12,2226
2011-09-27,O,4074,416,429,41,4020
2011-09-28,A,1810,350,328,12,1820
2011-09-28,AB,546,74,81,3,536
2011-09-28,B,2226,326,274,21,2257
2011-09-28,O,4020,524,450,39,4055
2011-09-29,A,1820,384,339,9,1856
2011-09-29,AB,536,145,71,7,603
2011-09-29,B,2257,452,303,13,2393
2011-09-29,O,4055,585,449,33,4158
2011-09-30,A,1856,237,355,13,1725
2011-09-30,AB,603,62,68,3,594
2011-09-30,B,2393,256,318,20,2311
2011-09-30,O,4158,440,485,38,4075
2011-10-01,A,1725,264,306,10,1673
2011-10-01,AB,594,69,69,5,589
2011-10-01,B,2311,291,305,10,2287
2011-10-01,O,4075,437,429,30,4053
2011-10-02,A,1673,426,343,10,1746
2011-10-02,AB,589,78,175,4,488
2011-10-02,B,2287,355,274,18,2350
2011-10-02,O,4053,627,427,45,4208
2011-10-03,A,1746,246,368,11,1613
2011-10-03,AB,488,72,80,2,478
2011-10-03,B,2350,254,317,14,2273
2011-10-03,O,4208,420,479,40,4109
2011-10-04,A,1613,311,366,9,1549
2011-10-04,AB,478,81,85,4,470
2011-10-04,B,2273,326,316,15,2268
2011-10-04,O,4109,516,451,39,4135
2011-10-05,A,1549,357,380,10,1516
2011-10-05,AB,470,88,76,2,480
2011-10-05,B,2268,360,301,12,2315
2011-10-05,O,4135,582,506,37,4174
2011-10-06,A,1516,306,383,7,1432
2011-10-06,AB,480,89,76,3,490
2011-10-06,B,2315,340,347,21,2287
2011-10-06,O,4174,480,495,41,4118
2011-10-07,A,1432,270,393,13,1296
2011-10-07,AB,490,86,70,3,503
2011-10-07,B,2287,331,315,26,2277
2011-10-07,O,4118,435,445,37,4071
2011-10-08,A,1296,243,346,5,1188
2011-10-08,AB,503,60,70,1,492
2011-10-08,B,2277,252,299,9,2221
2011-10-08,O,4071,342,452,40,3921
2011-10-09,A,1188,580,367,13,1388
2011-10-09,AB,492,141,68,7,558
2011-10-09,B,2221,578,306,21,2472
2011-10-09,O,3921,853,510,43,4221
2011-10-10,A,1388,222,402,13,1195
2011-10-10,AB,558,61,80,5,534
2011-10-10,B,2472,248,347,13,2360
2011-10-10,O,4221,415,493,43,4100
2011-10-11,A,1195,332,374,5,1148
2011-10-11,AB,534,104,227,1,410
2011-10-11,B,2360,354,303,13,2398
2011-10-11,O,4100,551,473,45,4133
2011-10-12,A,1148,310,343,7,1108
2011-10-12,AB,410,99,91,0,418
2011-10-12,B,2398,339,355,20,2362
2011-10-12,O,4133,531,543,36,4085
2011-10-13,A,1108,423,388,4,1139
2011-10-13,AB,418,121,102,3,434
2011-10-13,B,2362,464,350,21,2455
2011-10-13,O,4085,667,501,43,4208
2011-10-14,A,1139,279,362,6,1050
2011-10-14,AB,434,79,93,0,420
2011-10-14,B,2455,294,347,17,2385
2011-10-14,O,4208,423,526,39,4066
2011-10-15,A,1050,243,317,4,972
2011-10-15,AB,420,60,67,1,412
2011-10-15,B,2385,293,316,21,2341
2011-10-15,O,4066,388,472,27,3955
2011-10-16,A,972,310,347,3,932
2011-10-16,AB,412,80,81,0,411
2011-10-16,B,2341,346,331,20,2336
2011-10-16,O,3955,545,498,38,3964
2011-10-17,A,932,262,369,5,820
2011-10-17,AB,411,63,82,3,389
2011-10-17,B,2336,271,346,15,2246
2011-10-17,O,3964,446,554,23,3833
2011-10-18,A,820,413,364,5,864
2011-10-18,AB,389,117,86,3,417
2011-10-18,B,2246,476,332,21,2369
2011-10-18,O,3833,695,502,32,3994
2011-10-19,A,864,576,401,6,1033
2011-10-19,AB,417,148,82,7,476
2011-10-19,B,2369,637,334,31,2641
2011-10-19,O,3994,920,532,45,4337
2011-10-20,A,1033,475,386,13,1109
2011-10-20,AB,476,109,88,4,493
2011-10-20,B,2641,461,392,24,2686
2011-10-20,O,4337,777,583,50,4481
2011-10-21,A,1109,297,379,7,1020
2011-10-21,AB,493,81,74,5,495
2011-10-21,B,2686,344,352,28,2650
2011-10-21,O,4481,535,536,52,4428
2011-10-22,A,1020,288,367,5,936
2011-10-22,AB,495,75,81,3,486
2011-10-22,B,2650,347,306,20,2671
2011-10-22,O,4428,475,527,44,4332
2011-10-23,A,936,459,353,12,1030
2011-10-23,AB,486,105,100,5,486
2011-10-23,B,2671,450,392,18,2711
2011-10-23,O,4332,762,515,33,4546
2011-10-24,A,1030,191,375,6,840
2011-10-24,AB,486,69,91,4,460
2011-10-24,B,2711,204,344,26,2545
2011-10-24,O,4546,368,549,54,4311
2011-10-25,A,840,282,369,3,750
2011-10-25,AB,460,63,88,3,432
2011-10-25,B,2545,282,331,27,2469
2011-10-25,O,4311,449,499,43,4218
2011-10-26,A,750,246,367,8,621
2011-10-26,AB,432,68,82,2,416
2011-10-26,B,2469,285,366,17,2371
2011-10-26,O,4218,412,1030,13,3587
2011-10-27,A,621,296,358,2,557
2011-10-27,AB,416,81,95,3,399
2011-10-27,B,2371,343,347,14,2353
2011-10-27,O,3587,513,548,21,3531
2011-10-28,A,557,191,395,2,351
2011-10-28,AB,399,44,73,3,367
2011-10-28,B,2353,221,332,21,2221
2011-10-28,O,3531,291,510,25,3287
2011-10-29,A,351,248,344,0,255
2011-10-29,AB,367,74,60,5,376
2011-10-29,B,2221,306,310,14,2203
2011-10-29,O,3287,425,454,25,3233
2011-10-30,A,255,346,334,3,264
2011-10-30,AB,376,87,64,2,397
2011-10-30,B,2203,360,307,14,2242
2011-10-30,O,3233,596,485,19,3325
2011-10-31,A,264,126,385,0,5
2011-10-31,AB,397,29,79,3,344
2011-10-31,B,2242,161,368,18,2017
2011-10-31,O,3325,246,555,14,3002
2011-11-01,A,5,175,180,0,0
2011-11-01,AB,344,47,75,0,316
2011-11-01,B,2017,227,323,15,1906
2011-11-01,O,3002,333,540,13,2782
2011-11-02,A,0,229,229,0,0
2011-11-02,AB,316,49,91,2,272
2011-11-02,B,1906,269,337,13,1825
2011-11-02,O,2782,439,552,12,2657
2011-11-03,A,0,257,257,0,0
2011-11-03,AB,272,68,74,2,264
2011-11-03,B,1825,286,330,9,1772
2011-11-03,O,2657,448,567,15,2523
2011-11-04,A,0,162,162,0,0
2011-11-04,AB,264,50,72,2,240
2011-11-04,B,1772,208,330,9,1641
2011-11-04,O,2523,344,569,11,2287
2011-11-05,A,0,117,117,0,0
2011-11-05,AB,240,29,81,1,187
2011-11-05,B,1641,111,303,6,1443
2011-11-05,O,2287,200,500,12,1975
2011-11-06,A,0,64,64,0,0
2011-11-06,AB,187,17,60,1,143
2011-11-06,B,1443,80,319,5,1199
2011-11-06,O,1975,131,505,10,1591
2011-11-07,A,0,79,79,0,0
2011-11-07,AB,143,20,71,0,92
2011-11-07,B,1199,128,294,10,1023
2011-11-07,O,1591,170,506,10,1245
2011-11-08,A,0,154,154,0,0
2011-11-08,AB,92,36,63,0,65
2011-11-08,B,1023,190,290,9,914
2011-11-08,O,1245,234,440,10,1029
2011-11-09,A,0,270,270,0,0
2011-11-09,AB,65,64,74,0,55
2011-11-09,B,914,281,321,5,869
2011-11-09,O,1029,418,479,4,964
2011-11-10,A,0,482,313,0,169
2011-11-10,AB,55,120,57,0,118
2011-11-10,B,869,539,340,5,1063
2011-11-10,O,964,740,526,8,1170
2011-11-11,A,169,291,328,2,130
2011-11-11,AB,118,73,76,1,114
2011-11-11,B,1063,301,285,7,1072
2011-11-11,O,1170,506,500,10,1166
2011-11-12,A,130,453,318,4,261
2011-11-12,AB,114,140,76,0,178
2011-11-12,B,1072,544,286,6,1324
2011-11-12,O,1166,753,439,12,1468
2011-11-13,A,261,390,342,3,306
2011-11-13,AB,178,82,65,0,195
2011-11-13,B,1324,430,284,8,1462
2011-11-13,O,1468,745,446,8,1759
2011-11-14,A,306,194,360,0,140
2011-11-14,AB,195,43,60,1,177
2011-11-14,B,1462,223,311,11,1363
2011-11-14,O,1759,335,497,10,1587
2011-11-15,A,140,269,327,2,80
2011-11-15,AB,177,85,62,1,199
2011-11-15,B,1363,350,339,9,1365
2011-11-15,O,1587,473,487,10,1563
2011-11-16,A,80,383,337,3,123
2011-11-16,AB,199,95,53,0,241
2011-11-16,B,1365,399,335,9,1420
2011-11-16,O,1563,585,488,6,1654
2011-11-17,A,123,415,345,1,192
2011-11-17,AB,241,94,71,2,262
2011-11-17,B,1420,495,294,8,1613
2011-11-17,O,1654,741,498,17,1880
2011-11-18,A,192,281,312,1,160
2011-11-18,AB,262,78,54,0,286
2011-11-18,B,1613,262,299,6,1570
2011-11-18,O,1880,479,441,9,1909
2011-11-19,A,160,370,322,1,207
2011-11-19,AB,286,82,56,0,312
2011-11-19,B,1570,376,282,8,1656
2011-11-19,O,1909,532,420,13,2008
2011-11-20,A,207,464,317,4,350
2011-11-20,AB,312,109,56,1,364
2011-11-20,B,1656,427,299,10,1774
2011-11-20,O,2008,732,407,17,2316
2011-11-21,A,350,231,332,2,247
2011-11-21,AB,364,74,62,1,375
2011-11-21,B,1774,224,268,10,1720
2011-11-21,O,2316,357,473,14,2186
2011-11-22,A,247,244,329,3,159
2011-11-22,AB,375,65,70,3,367
2011-11-22,B,1720,252,296,9,1667
2011-11-22,O,2186,389,447,13,2115
2011-11-23,A,159,404,321,2,240
2011-11-23,AB,367,101,70,5,393
2011-11-23,B,1667,415,285,7,1790
2011-11-23,O,2115,657,447,18,2307
2011-11-24,A,240,248,274,1,213
2011-11-24,AB,393,66,63,3,393
2011-11-24,B,1790,259,335,9,1705
2011-11-24,O,2307,364,405,13,2253
2011-11-25,A,213,178,299,1,91
2011-11-25,AB,393,62,65,4,386
2011-11-25,B,1705,209,265,9,1640
2011-11-25,O,2253,304,488,9,2060
2011-11-26,A,91,233,322,0,2
2011-11-26,AB,386,53,58,0,381
2011-11-26,B,1640,238,288,12,1578
2011-11-26,O,2060,423,415,15,2053
2011-11-27,A,2,427,304,1,124
2011-11-27,AB,381,127,59,1,448
2011-11-27,B,1578,474,276,8,1768
2011-11-27,O,2053,742,450,20,2325
2011-11-28,A,124,136,260,0,0
2011-11-28,AB,448,32,64,3,413
2011-11-28,B,1768,151,316,10,1593
2011-11-28,O,2325,213,462,10,2066
2011-11-29,A,0,296,296,0,0
2011-11-29,AB,413,76,59,1,429
2011-11-29,B,1593,304,325,10,1562
2011-11-29,O,2066,456,463,8,2051
2011-11-30,A,0,321,321,0,0
2011-11-30,AB,429,67,120,2,374
2011-11-30,B,1562,325,270,6,1611
2011-11-30,O,2051,492,376,3,2164
2011-12-01,A,0,277,277,0,0
2011-12-01,AB,374,76,118,3,329
2011-12-01,B,1611,315,320,10,1596
2011-12-01,O,2164,472,434,8,2194
2011-12-02,A,0,271,271,0,0
2011-12-02,AB,329,85,120,2,292
2011-12-02,B,1596,296,280,5,1607
2011-12-02,O,2194,431,471,17,2137
2011-12-03,A,0,172,172,0,0
2011-12-03,AB,292,51,118,1,224
2011-12-03,B,1607,198,258,5,1542
2011-12-03,O,2137,289,419,10,1997
2011-12-04,A,0,658,325,1,332
2011-12-04,AB,224,154,129,3,246
2011-12-04,B,1542,683,264,8,1953
2011-12-04,O,1997,1122,842,14,2263
2011-12-05,A,332,140,326,2,144
2011-12-05,AB,246,54,106,0,194
2011-12-05,B,1953,163,293,13,1810
2011-12-05,O,2263,265,452,13,2063
2011-12-06,A,144,256,327,0,73
2011-12-06,AB,194,66,127,4,129
2011-12-06,B,1810,313,324,7,1792
2011-12-06,O,2063,422,471,12,2002
2011-12-07,A,73,299,372,0,0
2011-12-07,AB,129,67,152,0,44
2011-12-07,B,1792,344,322,9,1805
2011-12-07,O,2002,506,475,9,2024
2011-12-08,A,0,342,342,0,0
2011-12-08,AB,44,93,137,0,0
2011-12-08,B,1805,406,347,17,1847
2011-12-08,O,2024,571,516,12,2067
2011-12-09,A,0,156,156,0,0
2011-12-09,AB,0,49,49,0,0
2011-12-09,B,1847,199,328,14,1704
2011-12-09,O,2067,280,491,7,1849
2011-12-10,A,0,224,224,0,0
2011-12-10,AB,0,79,79,0,0
2011-12-10,B,1704,309,277,11,1725
2011-12-10,O,1849,457,505,13,1788
2011-12-11,A,0,397,281,2,114
2011-12-11,AB,0,81,81,0,0
2011-12-11,B,1725,408,294,15,1824
2011-12-11,O,1788,638,491,4,1931
2011-12-12,A,114,210,324,0,0
2011-12-12,AB,0,37,37,0,0
2011-12-12,B,1824,199,273,10,1740
2011-12-12,O,1931,278,481,12,1716
2011-12-13,A,0,274,274,0,0
2011-12-13,AB,0,63,63,0,0
2011-12-13,B,1740,290,563,5,1462
2011-12-13,O,1716,394,455,8,1647
2011-12-14,A,0,336,336,0,0
2011-12-14,AB,0,75,75,0,0
2011-12-14,B,1462,387,281,8,1560
2011-12-14,O,1647,533,482,10,1688
2011-12-15,A,0,385,369,0,16
2011-12-15,AB,0,111,111,0,0
2011-12-15,B,1560,453,318,6,1689
2011-12-15,O,1688,667,485,8,1862
2011-12-16,A,16,190,206,0,0
2011-12-16,AB,0,59,59,0,0
2011-12-16,B,1689,238,315,12,1600
2011-12-16,O,1862,310,481,11,1680
2011-12-17,A,0,229,229,0,0
2011-12-17,AB,0,56,56,0,0
2011-12-17,B,1600,274,281,11,1582
2011-12-17,O,1680,354,430,13,1591
2011-12-18,A,0,466,323,0,143
2011-12-18,AB,0,103,103,0,0
2011-12-18,B,1582,431,255,9,1749
2011-12-18,O,1591,707,438,17,1843
2011-12-19,A,143,185,325,0,3
2011-12-19,AB,0,47,47,0,0
2011-12-19,B,1749,192,278,15,1648
2011-12-19,O,1843,273,453,9,1654
2011-12-20,A,3,304,307,0,0
2011-12-20,AB,0,97,97,0,0
2011-12-20,B,1648,366,281,9,1724
2011-12-20,O,1654,547,439,13,1749
2011-12-21,A,0,292,292,0,0
2011-12-21,AB,0,66,66,0,0
2011-12-21,B,1724,324,260,7,1781
2011-12-21,O,1749,465,469,14,1731
2011-12-22,A,0,218,218,0,0
2011-12-22,AB,0,63,63,0,0
2011-12-22,B,1781,275,288,9,1759
2011-12-22,O,1731,360,470,7,1614
2011-12-23,A,0,160,160,0,0
2011-12-23,AB,0,29,29,0,0
2011-12-23,B,1759,180,300,4,1635
2011-12-23,O,1614,269,385,8,1490
2011-12-24,A,0,206,206,0,0
2011-12-24,AB,0,48,48,0,0
2011-12-24,B,1635,221,227,12,1617
2011-12-24,O,1490,351,370,7,1464
2011-12-25,A,0,188,188,0,0
2011-12-25,AB,0,47,47,0,0
2011-12-25,B,1617,184,243,8,1550
2011-12-25,O,1464,300,401,11,1352
2011-12-26,A,0,206,206,0,0
2011-12-26,AB,0,42,42,0,0
2011-12-26,B,1550,243,267,10,1516
2011-12-26,O,1352,326,453,8,1217
2011-12-27,A,0,223,223,0,0
2011-12-27,AB,0,37,37,0,0
2011-12-27,B,1516,233,249,15,1485
2011-12-27,O,1217,334,428,4,1119
2011-12-28,A,0,258,258,0,0
2011-12-28,AB,0,67,67,0,0
2011-12-28,B,1485,272,255,9,1493
2011-12-28,O,1119,392,405,5,1101
2011-12-29,A,0,212,212,0,0
2011-12-29,AB,0,58,58,0,0
2011-12-29,B,1493,268,285,8,1468
2011-12-29,O,1101,410,416,12,1083
2011-12-30,A,0,226,226,0,0
2011-12-30,AB,0,60,60,0,0
2011-12-30,B,1468,232,278,6,1416
2011-12-30,O,1083,343,402,5,1019
2011-12-31,A,0,279,279,0,0
2011-12-31,AB,0,67,60,0,7
2011-12-31,B,1416,282,217,13,1468
2011-12-31,O,1019,461,397,6,1077
2012-01-01,A,0,313,305,0,8
2012-01-01,AB,7,86,56,0,37
2012-01-01,B,1468,327,243,6,1546
2012-01-01,O,1077,520,368,11,1218
2012-01-02,A,8,197,205,0,0
2012-01-02,AB,37,49,70,0,16
2012-01-02,B,1546,206,276,9,1467
2012-01-02,O,1218,312,377,11,1142
2012-01-03,A,0,182,182,0,0
2012-01-03,AB,16,44,60,0,0
2012-01-03,B,1467,190,266,11,1380
2012-01-03,O,1142,334,418,7,1051
2012-01-04,A,0,263,263,0,0
2012-01-04,AB,0,75,75,0,0
2012-01-04,B,1380,308,221,9,1458
2012-01-04,O,1051,373,436,11,977
2012-01-05,A,0,364,259,0,105
2012-01-05,AB,0,76,60,0,16
2012-01-05,B,1458,402,260,10,1590
2012-01-05,O,977,575,412,9,1131
2012-01-06,A,105,215,272,0,48
2012-01-06,AB,16,56,69,0,3
2012-01-06,B,1590,197,286,9,1492
2012-01-06,O,1131,312,394,4,1045
2012-01-07,A,48,244,248,1,43
2012-01-07,AB,3,56,44,0,15
2012-01-07,B,1492,260,273,9,1470
2012-01-07,O,1045,375,372,7,1041
2012-01-08,A,43,392,277,0,158
2012-01-08,AB,15,94,50,0,59
2012-01-08,B,1470,417,229,11,1647
2012-01-08,O,1041,636,398,7,1272
2012-01-09,A,158,176,302,0,32
2012-01-09,AB,59,40,55,0,44
2012-01-09,B,1647,186,221,12,1600
2012-01-09,O,1272,250,402,8,1112
2012-01-10,A,32,295,289,0,38
2012-01-10,AB,44,75,68,0,51
2012-01-10,B,1600,342,252,8,1682
2012-01-10,O,1112,464,390,12,1174
2012-01-11,A,38,506,298,3,243
2012-01-11,AB,51,134,62,1,122
2012-01-11,B,1682,530,217,14,1981
2012-01-11,O,1174,814,405,8,1575
2012-01-12,A,243,487,312,1,417
2012-01-12,AB,122,143,62,0,203
2012-01-12,B,1981,515,255,21,2220
2012-01-12,O,1575,751,419,13,1894
2012-01-13,A,417,272,334,3,352
2012-01-13,AB,203,58,81,1,179
2012-01-13,B,2220,270,274,20,2196
2012-01-13,O,1894,413,414,14,1879
2012-01-14,A,352,288,264,2,374
2012-01-14,AB,179,102,65,0,216
2012-01-14,B,2196,336,247,17,2268
2012-01-14,O,1879,500,357,14,2008
2012-01-15,A,374,351,278,1,446
2012-01-15,AB,216,88,52,1,251
2012-01-15,B,2268,321,233,27,2329
2012-01-15,O,2008,467,384,8,2083
2012-01-16,A,446,281,331,1,395
2012-01-16,AB,251,59,52,2,256
2012-01-16,B,2329,295,236,22,2366
2012-01-16,O,2083,414,404,10,2083
2012-01-17,A,395,387,314,3,465
2012-01-17,AB,256,89,64,2,279
2012-01-17,B,2366,354,255,16,2449
2012-01-17,O,2083,563,380,16,2250
2012-01-18,A,465,505,380,7,583
2012-01-18,AB,279,124,86,2,315
2012-01-18,B,2449,573,247,30,2745
2012-01-18,O,2250,822,398,19,2655
2012-01-19,A,583,569,336,6,810
2012-01-19,AB,315,156,71,2,398
2012-01-19,B,2745,604,273,35,3041
2012-01-19,O,2655,834,409,16,3064
2012-01-20,A,810,169,333,4,642
2012-01-20,AB,398,42,75,2,363
2012-01-20,B,3041,187,266,24,2938
2012-01-20,O,3064,256,417,9,2894
2012-01-21,A,642,187,283,2,544
2012-01-21,AB,363,43,69,1,336
2012-01-21,B,2938,202,228,22,2890
2012-01-21,O,2894,315,349,15,2845
2012-01-22,A,544,178,310,0,412
2012-01-22,AB,336,52,54,2,332
2012-01-22,B,2890,176,259,28,2779
2012-01-22,O,2845,297,385,10,2747
2012-01-23,A,412,129,298,0,243
2012-01-23,AB,332,32,68,2,294
2012-01-23,B,2779,150,298,23,2608
2012-01-23,O,2747,227,382,16,2576
2012-01-24,A,243,139,315,0,67
2012-01-24,AB,294,19,70,0,243
2012-01-24,B,2608,149,289,24,2444
2012-01-24,O,2576,177,367,13,2373
2012-01-25,A,67,200,267,0,0
2012-01-25,AB,243,50,65,1,227
2012-01-25,B,2444,220,256,21,2387
2012-01-25,O,2373,322,388,11,2296
2012-01-26,A,0,259,259,0,0
2012-01-26,AB,227,61,70,0,218
2012-01-26,B,2387,290,260,11,2406
2012-01-26,O,2296,438,370,10,2354
2012-01-27,A,0,476,356,0,120
2012-01-27,AB,218,126,62,3,279
2012-01-27,B,2406,539,271,33,2641
2012-01-27,O,2354,809,399,18,2746
2012-01-28,A,120,725,315,2,528
2012-01-28,AB,279,211,81,2,407
2012-01-28,B,2641,797,250,39,3149
2012-01-28,O,2746,1179,403,21,3501
2012-01-29,A,528,253,308,1,472
2012-01-29,AB,407,68,49,3,423
2012-01-29,B,3149,278,259,44,3124
2012-01-29,O,3501,428,399,16,3514
2012-01-30,A,472,235,321,3,383
2012-01-30,AB,423,49,81,1,390
2012-01-30,B,3124,297,293,41,3087
2012-01-30,O,3514,437,463,27,3461
2012-01-31,A,383,277,332,2,326
2012-01-31,AB,390,73,86,3,374
2012-01-31,B,3087,334,273,38,3110
2012-01-31,O,3461,467,436,18,3474
2012-02-01,A,326,207,358,0,175
2012-02-01,AB,374,62,68,4,364
2012-02-01,B,3110,266,288,35,3053
2012-02-01,O,3474,441,424,34,3457
2012-02-02,A,175,308,347,2,134
2012-02-02,AB,364,77,74,1,366
2012-02-02,B,3053,324,277,28,3072
2012-02-02,O,3457,474,425,17,3489
2012-02-03,A,134,167,301,0,0
2012-02-03,AB,366,56,63,4,355
2012-02-03,B,3072,217,287,32,2970
2012-02-03,O,3489,292,453,25,3303
2012-02-04,A,0,183,183,0,0
2012-02-04,AB,355,57,81,0,331
2012-02-04,B,2970,194,247,31,2886
2012-02-04,O,3303,270,366,23,3184
2012-02-05,A,0,311,301,0,10
2012-02-05,AB,331,68,67,3,329
2012-02-05,B,2886,314,248,42,2910
2012-02-05,O,3184,485,373,12,3284
2012-02-06,A,10,189,199,0,0
2012-02-06,AB,329,52,68,0,313
2012-02-06,B,2910,255,287,29,2849
2012-02-06,O,3284,314,418,17,3163
2012-02-07,A,0,466,355,0,111
2012-02-07,AB,313,142,64,2,389
2012-02-07,B,2849,648,280,41,3176
2012-02-07,O,3163,795,447,25,3486
2012-02-08,A,111,240,351,0,0
2012-02-08,AB,389,82,66,2,403
2012-02-08,B,3176,309,308,36,3141
2012-02-08,O,3486,392,474,17,3387
2012-02-09,A,0,300,300,0,0
2012-02-09,AB,403,78,70,2,409
2012-02-09,B,3141,336,280,44,3153
2012-02-09,O,3387,490,404,26,3447
2012-02-10,A,0,168,168,0,0
2012-02-10,AB,409,47,69,1,386
2012-02-10,B,3153,149,282,28,2992
2012-02-10,O,3447,194,421,18,3202
2012-02-11,A,0,290,290,0,0
2012-02-11,AB,386,82,62,4,402
2012-02-11,B,2992,308,253,32,3015
2012-02-11,O,3202,479,361,16,3304
2012-02-12,A,0,270,270,0,0
2012-02-12,AB,402,65,58,3,406
2012-02-12,B,3015,308,239,39,3045
2012-02-12,O,3304,499,365,23,3415
2012-02-13,A,0,210,210,0,0
2012-02-13,AB,406,68,80,2,392
2012-02-13,B,3045,244,261,40,2988
2012-02-13,O,3415,370,409,25,3351
2012-02-14,A,0,243,243,0,0
2012-02-14,AB,392,70,62,7,393
2012-02-14,B,2988,288,238,22,3016
2012-02-14,O,3351,438,405,17,3367
2012-02-15,A,0,250,250,0,0
2012-02-15,AB,393,83,61,2,413
2012-02-15,B,3016,310,285,41,3000
2012-02-15,O,3367,433,431,23,3346
2012-02-16,A,0,441,318,1,122
2012-02-16,AB,413,112,74,0,451
2012-02-16,B,3000,400,280,28,3092
2012-02-16,O,3346,663,423,21,3565
2012-02-17,A,122,234,301,1,54
2012-02-17,AB,451,56,62,2,443
2012-02-17,B,3092,241,275,41,3017
2012-02-17,O,3565,386,444,29,3478
2012-02-18,A,54,433,239,2,246
2012-02-18,AB,443,94,58,3,476
2012-02-18,B,3017,359,234,24,3118
2012-02-18,O,3478,550,357,21,3650
2012-02-19,A,246,529,264,4,507
2012-02-19,AB,476,128,55,1,548
2012-02-19,B,3118,557,224,37,3414
2012-02-19,O,3650,884,376,33,4125
2012-02-20,A,507,224,308,1,422
2012-02-20,AB,548,52,63,7,530
2012-02-20,B,3414,235,265,48,3336
2012-02-20,O,4125,357,432,35,4015
2012-02-21,A,422,284,293,4,409
2012-02-21,AB,530,79,82,6,521
2012-02-21,B,3336,326,294,38,3330
2012-02-21,O,4015,507,420,35,4067
2012-02-22,A,409,374,315,6,462
2012-02-22,AB,521,107,68,3,557
2012-02-22,B,3330,375,272,43,3390
2012-02-22,O,4067,554,436,40,4145
2012-02-23,A,462,378,339,4,497
2012-02-23,AB,557,122,56,7,616
2012-02-23,B,3390,424,302,53,3459
2012-02-23,O,4145,603,495,54,4199
2012-02-24,A,497,262,355,2,402
2012-02-24,AB,616,59,140,4,531
2012-02-24,B,3459,242,304,41,3356
2012-02-24,O,4199,397,494,35,4067
2012-02-25,A,402,573,302,8,665
2012-02-25,AB,531,145,54,6,616
2012-02-25,B,3356,623,245,51,3683
2012-02-25,O,4067,874,416,48,4477
2012-02-26,A,665,394,267,6,786
2012-02-26,AB,616,96,66,11,635
2012-02-26,B,3683,438,273,58,3790
2012-02-26,O,4477,697,431,55,4688
2012-02-27,A,786,225,318,1,692
2012-02-27,AB,635,55,70,7,613
2012-02-27,B,3790,252,263,61,3718
2012-02-27,O,4688,367,471,47,4537
2012-02-28,A,692,457,312,7,830
2012-02-28,AB,613,107,55,3,662
2012-02-28,B,3718,503,285,64,3872
2012-02-28,O,4537,744,468,57,4756
2012-02-29,A,830,427,328,5,924
2012-02-29,AB,662,114,66,5,705
2012-02-29,B,3872,414,306,70,3910
2012-02-29,O,4756,676,460,62,4910
2012-03-01,A,924,305,359,6,864
2012-03-01,AB,705,79,55,3,726
2012-03-01,B,3910,319,309,54,3866
2012-03-01,O,4910,523,432,52,4949
2012-03-02,A,864,278,347,4,791
2012-03-02,AB,726,64,72,4,714
2012-03-02,B,3866,277,310,47,3786
2012-03-02,O,4949,414,447,62,4854
2012-03-03,A,791,267,304,3,751
2012-03-03,AB,714,82,75,7,714
2012-03-03,B,3786,338,253,49,3822
2012-03-03,O,4854,451,414,49,4842
2012-03-04,A,751,556,291,2,1014
2012-03-04,AB,714,106,80,10,730
2012-03-04,B,3822,551,265,76,4032
2012-03-04,O,4842,818,439,69,5152
2012-03-05,A,1014,169,373,6,804
2012-03-05,AB,730,48,64,7,707
2012-03-05,B,4032,187,289,58,3872
2012-03-05,O,5152,251,507,58,4838
2012-03-06,A,804,303,341,2,764
2012-03-06,AB,707,90,63,10,724
2012-03-06,B,3872,371,324,56,3863
2012-03-06,O,4838,569,500,57,4850
2012-03-07,A,764,409,341,3,829
2012-03-07,AB,724,95,79,7,733
2012-03-07,B,3863,417,339,64,3877
2012-03-07,O,4850,638,483,57,4948
2012-03-08,A,829,333,341,4,817
2012-03-08,AB,733,75,76,8,724
2012-03-08,B,3877,337,315,53,3846
2012-03-08,O,4948,538,506,52,4928
2012-03-09,A,817,153,359,2,609
2012-03-09,AB,724,40,55,8,701
2012-03-09,B,3846,152,297,50,3651
2012-03-09,O,4928,207,457,56,4622
2012-03-10,A,609,203,312,3,497
2012-03-10,AB,701,56,63,5,689
2012-03-10,B,3651,284,298,52,3585
2012-03-10,O,4622,356,419,55,4504
2012-03-11,A,497,324,324,2,495
2012-03-11,AB,689,100,68,6,715
2012-03-11,B,3585,396,278,44,3659
2012-03-11,O,4504,648,415,49,4688
2012-03-12,A,495,201,351,4,341
2012-03-12,AB,715,40,58,4,693
2012-03-12,B,3659,182,293,57,3491
2012-03-12,O,4688,327,476,43,4496
2012-03-13,A,341,447,355,3,430
2012-03-13,AB,693,124,62,10,745
2012-03-13,B,3491,491,323,52,3607
2012-03-13,O,4496,698,479,50,4665
2012-03-14,A,430,263,360,2,331
2012-03-14,AB,745,72,72,9,736
2012-03-14,B,3607,296,342,43,3518
2012-03-14,O,4665,437,476,51,4575
2012-03-15,A,331,279,364,2,244
2012-03-15,AB,736,69,79,8,718
2012-03-15,B,3518,294,303,48,3461
2012-03-15,O,4575,464,459,49,4531
2012-03-16,A,244,139,368,0,15
2012-03-16,AB,718,35,71,6,676
2012-03-16,B,3461,147,314,27,3267
2012-03-16,O,4531,243,413,50,4311
2012-03-17,A,15,237,252,0,0
2012-03-17,AB,676,70,55,10,681
2012-03-17,B,3267,268,287,39,3209
2012-03-17,O,4311,369,434,32,4214
2012-03-18,A,0,694,354,1,339
2012-03-18,AB,681,154,63,16,756
2012-03-18,B,3209,626,304,50,3481
2012-03-18,O,4214,1099,447,61,4805
2012-03-19,A,339,203,364,1,177
2012-03-19,AB,756,64,69,11,740
2012-03-19,B,3481,225,330,39,3337
2012-03-19,O,4805,347,451,60,4641
2012-03-20,A,177,304,335,1,145
2012-03-20,AB,740,72,93,11,708
2012-03-20,B,3337,395,374,46,3312
2012-03-20,O,4641,524,453,50,4662
2012-03-21,A,145,365,361,1,148
2012-03-21,AB,708,78,75,5,706
2012-03-21,B,3312,382,325,44,3325
2012-03-21,O,4662,650,461,52,4799
2012-03-22,A,148,354,350,2,150
2012-03-22,AB,706,79,71,10,704
2012-03-22,B,3325,403,339,40,3349
2012-03-22,O,4799,543,505,48,4789
2012-03-23,A,150,218,330,0,38
2012-03-23,AB,704,57,72,7,682
2012-03-23,B,3349,263,327,36,3249
2012-03-23,O,4789,384,434,50,4689
2012-03-24,A,38,253,291,0,0
2012-03-24,AB,682,58,63,6,671
2012-03-24,B,3249,294,278,40,3225
2012-03-24,O,4689,409,404,55,4639
2012-03-25,A,0,494,298,0,196
2012-03-25,AB,671,118,77,8,704
2012-03-25,B,3225,508,293,34,3406
2012-03-25,O,4639,773,390,68,4954
2012-03-26,A,196,232,428,0,0
2012-03-26,AB,704,49,57,6,690
2012-03-26,B,3406,277,288,43,3352
2012-03-26,O,4954,424,449,63,4866
2012-03-27,A,0,288,288,0,0
2012-03-27,AB,690,75,88,6,671
2012-03-27,B,3352,320,303,38,3331
2012-03-27,O,4866,520,1048,37,4301
2012-03-28,A,0,403,332,2,69
2012-03-28,AB,671,100,67,8,696
2012-03-28,B,3331,447,318,43,3417
2012-03-28,O,4301,636,424,56,4457
2012-03-29,A,69,265,312,0,22
2012-03-29,AB,696,83,72,7,700
2012-03-29,B,3417,321,310,38,3390
2012-03-29,O,4457,456,438,44,4431
2012-03-30,A,22,177,199,0,0
2012-03-30,AB,700,55,80,11,664
2012-03-30,B,3390,211,308,49,3244
2012-03-30,O,4431,273,409,44,4251
2012-03-31,A,0,196,196,0,0
2012-03-31,AB,664,65,66,10,653
2012-03-31,B,3244,259,267,31,3205
2012-03-31,O,4251,368,427,36,4156
2012-04-01,A,0,420,313,0,107
2012-04-01,AB,653,95,69,4,675
2012-04-01,B,3205,416,261,45,3315
2012-04-01,O,4156,639,409,45,4341
2012-04-02,A,107,249,334,0,22
2012-04-02,AB,675,67,63,5,674
2012-04-02,B,3315,307,274,44,3304
2012-04-02,O,4341,424,416,45,4304
2012-04-03,A,22,164,186,0,0
2012-04-03,AB,674,55,72,8,649
2012-04-03,B,3304,193,275,37,3185
2012-04-03,O,4304,253,460,38,4059
2012-04-04,A,0,254,254,0,0
2012-04-04,AB,649,69,69,9,640
2012-04-04,B,3185,287,286,28,3158
2012-04-04,O,4059,414,412,24,4037
2012-04-05,A,0,407,321,1,85
2012-04-05,AB,640,95,69,7,659
2012-04-05,B,3158,413,309,40,3222
2012-04-05,O,4037,656,404,42,4247
2012-04-06,A,85,191,276,0,0
2012-04-06,AB,659,42,67,5,629
2012-04-06,B,3222,177,305,40,3054
2012-04-06,O,4247,264,404,49,4058
2012-04-07,A,0,184,184,0,0
2012-04-07,AB,629,65,56,8,630
2012-04-07,B,3054,208,240,29,2993
2012-04-07,O,4058,363,303,36,4082
2012-04-08,A,0,498,292,1,205
2012-04-08,AB,630,125,51,8,696
2012-04-08,B,2993,497,251,43,3196
2012-04-08,O,4082,851,378,40,4515
2012-04-09,A,205,269,294,0,180
2012-04-09,AB,696,69,72,8,685
2012-04-09,B,3196,245,305,34,3102
2012-04-09,O,4515,417,441,42,4449
2012-04-10,A,180,370,310,3,237
2012-04-10,AB,685,77,60,3,699
2012-04-10,B,3102,339,309,38,3094
2012-04-10,O,4449,517,368,43,4555
2012-04-11,A,237,78,301,0,14
2012-04-11,AB,699,24,66,9,648
2012-04-11,B,3094,94,283,28,2877
2012-04-11,O,4555,176,378,50,4303
2012-04-12,A,14,290,295,0,9
2012-04-12,AB,648,80,65,8,655
2012-04-12,B,2877,320,280,33,2884
2012-04-12,O,4303,465,359,51,4358
2012-04-13,A,9,213,222,0,0
2012-04-13,AB,655,70,51,7,667
2012-04-13,B,2884,215,308,27,2764
2012-04-13,O,4358,346,372,46,4286
2012-04-14,A,0,297,268,0,29
2012-04-14,AB,667,92,50,4,705
2012-04-14,B,2764,351,281,27,2807
2012-04-14,O,4286,511,320,49,4428
2012-04-15,A,29,673,266,3,433
2012-04-15,AB,705,131,73,9,754
2012-04-15,B,2807,662,285,31,3153
2012-04-15,O,4428,1070,351,63,5084
2012-04-16,A,433,238,305,1,365
2012-04-16,AB,754,52,61,6,739
2012-04-16,B,3153,241,279,31,3084
2012-04-16,O,5084,370,436,46,4972
2012-04-17,A,365,337,260,5,437
2012-04-17,AB,739,94,76,7,750
2012-04-17,B,3084,417,307,43,3151
2012-04-17,O,4972,509,384,67,5030
2012-04-18,A,437,268,296,8,401
2012-04-18,AB,750,76,64,10,752
2012-04-18,B,3151,267,302,30,3086
2012-04-18,O,5030,421,377,57,5017
2012-04-19,A,401,276,317,0,360
2012-04-19,AB,752,69,67,16,738
2012-04-19,B,3086,296,312,31,3039
2012-04-19,O,5017,455,380,52,5040
2012-04-20,A,360,198,258,3,297
2012-04-20,AB,738,55,66,12,715
2012-04-20,B,3039,211,314,25,2911
2012-04-20,O,5040,339,383,58,4938
2012-04-21,A,297,232,222,2,305
2012-04-21,AB,715,77,45,8,739
2012-04-21,B,2911,283,288,23,2883
2012-04-21,O,4938,348,316,65,4905
2012-04-22,A,305,606,277,5,629
2012-04-22,AB,739,148,74,12,801
2012-04-22,B,2883,633,286,38,3192
2012-04-22,O,4905,1051,341,61,5554
2012-04-23,A,629,202,301,1,529
2012-04-23,AB,801,55,79,8,769
2012-04-23,B,3192,238,302,30,3098
2012-04-23,O,5554,349,392,63,5448
2012-04-24,A,529,257,290,4,492
2012-04-24,AB,769,59,66,15,747
2012-04-24,B,3098,298,299,33,3064
2012-04-24,O,5448,390,382,65,5391
2012-04-25,A,492,253,277,5,463
2012-04-25,AB,747,80,54,12,761
2012-04-25,B,3064,312,301,42,3033
2012-04-25,O,5391,421,388,57,5367
2012-04-26,A,463,207,304,0,366
2012-04-26,AB,761,64,80,5,740
2012-04-26,B,3033,240,297,35,2941
2012-04-26,O,5367,368,402,77,5256
2012-04-27,A,366,166,285,1,246
2012-04-27,AB,740,47,73,4,710
2012-04-27,B,2941,172,276,25,2812
2012-04-27,O,5256,272,404,48,5076
2012-04-28,A,246,212,250,1,207
2012-04-28,AB,710,48,52,8,698
2012-04-28,B,2812,239,308,30,2713
2012-04-28,O,5076,382,305,65,5088
2012-04-29,A,207,470,281,2,394
2012-04-29,AB,698,83,74,7,700
2012-04-29,B,2713,460,297,41,2835
2012-04-29,O,5088,772,386,72,5402
2012-04-30,A,394,249,298,2,343
2012-04-30,AB,700,56,62,4,690
2012-04-30,B,2835,234,280,17,2772
2012-04-30,O,5402,372,408,71,5295
2012-05-01,A,343,704,296,3,748
2012-05-01,AB,690,164,82,14,758
2012-05-01,B,2772,713,340,33,3112
2012-05-01,O,5295,1106,391,68,5942
2012-05-02,A,748,267,320,3,692
2012-05-02,AB,758,74,67,7,758
2012-05-02,B,3112,261,302,26,3045
2012-05-02,O,5942,428,414,90,5866
2012-05-03,A,692,322,294,4,716
2012-05-03,AB,758,76,55,12,767
2012-05-03,B,3045,345,311,36,3043
2012-05-03,O,5866,562,400,69,5959
2012-05-04,A,716,232,323,3,622
2012-05-04,AB,767,49,72,7,737
2012-05-04,B,3043,240,307,33,2943
2012-05-04,O,5959,315,726,70,5478
2012-05-05,A,622,648,274,6,990
2012-05-05,AB,737,124,57,9,795
2012-05-05,B,2943,621,303,37,3224
2012-05-05,O,5478,1057,685,86,5764
2012-05-06,A,990,327,274,3,1040
2012-05-06,AB,795,82,56,10,811
2012-05-06,B,3224,354,279,44,3255
2012-05-06,O,5764,585,756,68,5525
2012-05-07,A,1040,164,320,3,881
2012-05-07,AB,811,41,73,16,763
2012-05-07,B,3255,184,310,23,3106
2012-05-07,O,5525,273,765,75,4958
2012-05-08,A,881,217,312,3,783
2012-05-08,AB,763,56,77,7,735
2012-05-08,B,3106,255,269,38,3054
2012-05-08,O,4958,344,718,49,4535
2012-05-09,A,783,286,318,3,748
2012-05-09,AB,735,61,69,8,719
2012-05-09,B,3054,333,296,34,3057
2012-05-09,O,4535,452,733,41,4213
2012-05-10,A,748,262,288,5,717
2012-05-10,AB,719,84,55,9,739
2012-05-10,B,3057,332,263,40,3086
2012-05-10,O,4213,458,762,38,3871
2012-05-11,A,717,188,306,5,594
2012-05-11,AB,739,51,66,9,715
2012-05-11,B,3086,253,313,29,2997
2012-05-11,O,3871,319,758,20,3412
2012-05-12,A,594,310,278,2,624
2012-05-12,AB,715,80,79,11,705
2012-05-12,B,2997,345,283,34,3025
2012-05-12,O,3412,452,805,15,3044
2012-05-13,A,624,555,264,6,909
2012-05-13,AB,705,121,64,8,754
2012-05-13,B,3025,558,320,34,3229
2012-05-13,O,3044,882,717,21,3188
2012-05-14,A,909,226,324,4,807
2012-05-14,AB,754,76,82,8,740
2012-05-14,B,3229,276,347,36,3122
2012-05-14,O,3188,364,843,22,2687
2012-05-15,A,807,348,277,2,876
2012-05-15,AB,740,99,67,11,761
2012-05-15,B,3122,373,345,35,3115
2012-05-15,O,2687,589,794,18,2464
2012-05-16,A,876,251,298,3,826
2012-05-16,AB,761,69,70,9,751
2012-05-16,B,3115,275,326,30,3034
2012-05-16,O,2464,406,815,9,2046
2012-05-17,A,826,341,292,5,870
2012-05-17,AB,751,87,67,11,760
2012-05-17,B,3034,352,310,41,3035
2012-05-17,O,2046,511,783,11,1763
2012-05-18,A,870,233,289,6,808
2012-05-18,AB,760,48,66,10,732
2012-05-18,B,3035,222,311,24,2922
2012-05-18,O,1763,372,514,9,1612
2012-05-19,A,808,205,256,5,752
2012-05-19,AB,732,52,64,5,715
2012-05-19,B,2922,231,260,32,2861
2012-05-19,O,1612,312,434,5,1485
2012-05-20,A,752,425,274,6,897
2012-05-20,AB,715,97,81,11,720
2012-05-20,B,2861,462,268,27,3028
2012-05-20,O,1485,729,424,10,1780
2012-05-21,A,897,164,285,3,773
2012-05-21,AB,720,42,80,17,665
2012-05-21,B,3028,174,295,21,2886
2012-05-21,O,1780,248,434,11,1583
2012-05-22,A,773,230,283,6,714
2012-05-22,AB,665,75,64,10,666
2012-05-22,B,2886,271,305,36,2816
2012-05-22,O,1583,383,512,8,1446
2012-05-23,A,714,304,251,1,766
2012-05-23,AB,666,80,56,13,677
2012-05-23,B,2816,361,322,18,2837
2012-05-23,O,1446,468,464,10,1440
2012-05-24,A,766,256,243,3,776
2012-05-24,AB,677,78,53,9,693
2012-05-24,B,2837,278,293,22,2800
2012-05-24,O,1440,372,482,7,1323
2012-05-25,A,776,288,276,5,783
2012-05-25,AB,693,79,71,10,691
2012-05-25,B,2800,332,312,30,2790
2012-05-25,O,1323,471,539,6,1249
2012-05-26,A,783,223,259,5,742
2012-05-26,AB,691,59,69,13,668
2012-05-26,B,2790,261,270,27,2754
2012-05-26,O,1249,346,450,6,1139
2012-05-27,A,742,447,269,8,912
2012-05-27,AB,668,117,62,15,708
2012-05-27,B,2754,463,293,38,2886
2012-05-27,O,1139,705,490,13,1341
2012-05-28,A,912,158,277,10,783
2012-05-28,AB,708,38,59,1,686
2012-05-28,B,2886,144,306,16,2708
2012-05-28,O,1341,253,507,5,1082
2012-05-29,A,783,254,265,0,772
2012-05-29,AB,686,55,78,7,656
2012-05-29,B,2708,248,347,29,2580
2012-05-29,O,1082,403,504,1,980
2012-05-30,A,772,215,263,3,721
2012-05-30,AB,656,51,62,7,638
2012-05-30,B,2580,270,278,22,2550
2012-05-30,O,980,380,498,3,859
2012-05-31,A,721,242,470,4,489
2012-05-31,AB,638,48,58,5,623
2012-05-31,B,2550,237,299,14,2474
2012-05-31,O,859,368,486,3,738
2012-06-01,A,489,154,267,4,372
2012-06-01,AB,623,34,60,7,590
2012-06-01,B,2474,140,271,11,2332
2012-06-01,O,738,256,503,2,489
2012-06-02,A,372,130,228,0,274
2012-06-02,AB,590,40,55,3,572
2012-06-02,B,2332,151,278,21,2184
2012-06-02,O,489,216,364,4,337
2012-06-03,A,274,302,209,2,365
2012-06-03,AB,572,86,55,8,595
2012-06-03,B,2184,302,273,13,2200
2012-06-03,O,337,495,416,7,409
2012-06-04,A,365,113,239,2,237
2012-06-04,AB,595,26,66,3,552
2012-06-04,B,2200,150,295,18,2037
2012-06-04,O,409,241,421,0,229
2012-06-05,A,237,254,251,1,239
2012-06-05,AB,552,68,110,3,507
2012-06-05,B,2037,286,266,8,2049
2012-06-05,O,229,396,378,0,247
2012-06-06,A,239,309,519,0,29
2012-06-06,AB,507,87,56,2,536
2012-06-06,B,2049,398,294,14,2139
2012-06-06,O,247,529,422,1,353
2012-06-07,A,29,226,201,0,54
2012-06-07,AB,536,64,87,7,506
2012-06-07,B,2139,250,264,13,2112
2012-06-07,O,353,403,419,3,334
2012-06-08,A,54,176,230,0,0
2012-06-08,AB,506,50,54,3,499
2012-06-08,B,2112,187,272,11,2016
2012-06-08,O,334,317,390,1,260
2012-06-09,A,0,284,236,1,47
2012-06-09,AB,499,99,66,9,523
2012-06-09,B,2016,353,252,17,2100
2012-06-09,O,260,505,401,2,362
2012-06-10,A,47,441,210,3,275
2012-06-10,AB,523,113,58,7,571
2012-06-10,B,2100,450,248,13,2289
2012-06-10,O,362,713,410,5,660
2012-06-11,A,275,169,213,2,229
2012-06-11,AB,571,57,63,6,559
2012-06-11,B,2289,166,277,17,2161
2012-06-11,O,660,297,397,6,554
2012-06-12,A,229,281,223,3,284
2012-06-12,AB,559,77,68,3,565
2012-06-12,B,2161,326,291,7,2189
2012-06-12,O,554,440,395,5,594
2012-06-13,A,284,424,250,2,456
2012-06-13,AB,565,123,71,4,613
2012-06-13,B,2189,533,274,22,2426
2012-06-13,O,594,692,451,5,830
2012-06-14,A,456,582,238,2,798
2012-06-14,AB,613,154,62,6,699
2012-06-14,B,2426,620,304,36,2706
2012-06-14,O,830,948,416,3,1359
2012-06-15,A,798,207,269,5,731
2012-06-15,AB,699,66,59,9,697
2012-06-15,B,2706,215,294,16,2611
2012-06-15,O,1359,369,506,7,1215
2012-06-16,A,731,349,216,7,857
2012-06-16,AB,697,124,70,5,746
2012-06-16,B,2611,393,272,24,2708
2012-06-16,O,1215,619,423,12,1399
2012-06-17,A,857,412,208,10,1051
2012-06-17,AB,746,110,61,10,785
2012-06-17,B,2708,421,293,31,2805
2012-06-17,O,1399,710,415,6,1688
2012-06-18,A,1051,230,244,7,1030
2012-06-18,AB,785,61,74,5,767
2012-06-18,B,2805,243,336,26,2686
2012-06-18,O,1688,400,473,9,1606
2012-06-19,A,1030,262,237,4,1051
2012-06-19,AB,767,71,64,8,766
2012-06-19,B,2686,351,274,24,2739
2012-06-19,O,1606,435,432,11,1598
2012-06-20,A,1051,333,248,14,1122
2012-06-20,AB,766,92,60,13,785
2012-06-20,B,2739,362,292,43,2766
2012-06-20,O,1598,522,420,10,1690
2012-06-21,A,1122,457,248,7,1324
2012-06-21,AB,785,122,75,11,821
2012-06-21,B,2766,494,336,37,2887
2012-06-21,O,1690,687,482,12,1883
2012-06-22,A,1324,238,255,11,1296
2012-06-22,AB,821,82,77,12,814
2012-06-22,B,2887,308,313,27,2855
2012-06-22,O,1883,417,486,10,1804
2012-06-23,A,1296,521,229,3,1585
2012-06-23,AB,814,127,80,16,845
2012-06-23,B,2855,606,291,39,3131
2012-06-23,O,1804,845,445,15,2189
2012-06-24,A,1585,492,235,6,1836
2012-06-24,AB,845,110,72,17,866
2012-06-24,B,3131,439,273,47,3250
2012-06-24,O,2189,766,451,14,2490
2012-06-25,A,1836,229,273,11,1781
2012-06-25,AB,866,71,85,11,841
2012-06-25,B,3250,293,324,46,3173
2012-06-25,O,2490,380,502,11,2357
2012-06-26,A,1781,274,251,9,1795
2012-06-26,AB,841,86,75,14,838
2012-06-26,B,3173,279,304,38,3110
2012-06-26,O,2357,457,509,15,2290
2012-06-27,A,1795,347,248,11,1883
2012-06-27,AB,838,84,77,14,831
2012-06-27,B,3110,373,342,36,3105
2012-06-27,O,2290,576,499,14,2353
2012-06-28,A,1883,416,264,14,2021
2012-06-28,AB,831,80,83,15,813
2012-06-28,B,3105,436,333,37,3171
2012-06-28,O,2353,583,466,21,2449
2012-06-29,A,2021,235,276,12,1968
2012-06-29,AB,813,59,92,9,771
2012-06-29,B,3171,237,316,47,3045
2012-06-29,O,2449,378,465,19,2343
2012-06-30,A,1968,266,237,14,1983
2012-06-30,AB,771,70,75,10,756
2012-06-30,B,3045,311,315,27,3014
2012-06-30,O,2343,474,448,8,2361
2012-07-01,A,1983,427,245,18,2147
2012-07-01,AB,756,94,72,13,765
2012-07-01,B,3014,428,326,37,3079
2012-07-01,O,2361,730,437,20,2634
2012-07-02,A,2147,183,276,15,2039
2012-07-02,AB,765,63,75,8,745
2012-07-02,B,3079,232,369,26,2916
2012-07-02,O,2634,306,483,16,2441
2012-07-03,A,2039,364,301,22,2080
2012-07-03,AB,745,98,70,15,758
2012-07-03,B,2916,405,358,33,2930
2012-07-03,O,2441,562,494,8,2501
2012-07-04,A,2080,361,308,13,2120
2012-07-04,AB,758,75,87,12,734
2012-07-04,B,2930,386,378,34,2904
2012-07-04,O,2501,569,517,11,2542
2012-07-05,A,2120,308,301,14,2113
2012-07-05,AB,734,77,91,6,714
2012-07-05,B,2904,321,371,27,2827
2012-07-05,O,2542,483,531,13,2481
2012-07-06,A,2113,298,275,22,2114
2012-07-06,AB,714,76,71,10,709
2012-07-06,B,2827,362,361,35,2793
2012-07-06,O,2481,495,518,9,2449
2012-07-07,A,2114,333,272,13,2162
2012-07-07,AB,709,135,231,7,606
2012-07-07,B,2793,403,331,31,2834
2012-07-07,O,2449,560,413,14,2582
2012-07-08,A,2162,499,632,11,2018
2012-07-08,AB,606,132,229,4,505
2012-07-08,B,2834,558,315,31,3046
2012-07-08,O,2582,908,480,19,2991
2012-07-09,A,2018,270,309,13,1966
2012-07-09,AB,505,67,103,1,468
2012-07-09,B,3046,304,357,26,2967
2012-07-09,O,2991,464,514,16,2925
2012-07-10,A,1966,444,296,11,2103
2012-07-10,AB,468,115,95,3,485
2012-07-10,B,2967,491,370,44,3044
2012-07-10,O,2925,755,529,31,3120
2012-07-11,A,2103,376,322,20,2137
2012-07-11,AB,485,104,103,6,480
2012-07-11,B,3044,458,387,35,3080
2012-07-11,O,3120,714,520,14,3300
2012-07-12,A,2137,499,339,21,2276
2012-07-12,AB,480,129,96,7,506
2012-07-12,B,3080,620,412,32,3256
2012-07-12,O,3300,856,535,21,3600
2012-07-13,A,2276,332,303,17,2288
2012-07-13,AB,506,104,97,1,512
2012-07-13,B,3256,414,432,45,3193
2012-07-13,O,3600,604,1532,10,2662
2012-07-14,A,2288,479,318,19,2430
2012-07-14,AB,512,123,91,5,539
2012-07-14,B,3193,501,391,40,3263
2012-07-14,O,2662,792,541,15,2898
2012-07-15,A,2430,841,321,42,2908
2012-07-15,AB,539,224,90,10,663
2012-07-15,B,3263,847,402,52,3656
2012-07-15,O,2898,1344,513,35,3694
2012-07-16,A,2908,353,357,35,2869
2012-07-16,AB,663,106,96,1,672
2012-07-16,B,3656,373,425,45,3559
2012-07-16,O,3694,555,627,18,3604
2012-07-17,A,2869,475,331,34,2979
2012-07-17,AB,672,111,115,7,661
2012-07-17,B,3559,514,452,60,3561
2012-07-17,O,3604,739,595,36,3712
2012-07-18,A,2979,544,382,47,3094
2012-07-18,AB,661,152,93,10,710
2012-07-18,B,3561,644,442,45,3718
2012-07-18,O,3712,895,602,33,3972
2012-07-19,A,3094,373,343,41,3083
2012-07-19,AB,710,110,100,13,707
2012-07-19,B,3718,446,482,51,3631
2012-07-19,O,3972,642,623,36,3955
2012-07-20,A,3083,261,340,25,2979
2012-07-20,AB,707,55,100,6,656
2012-07-20,B,3631,269,455,57,3388
2012-07-20,O,3955,374,634,25,3670
2012-07-21,A,2979,71,270,32,2748
2012-07-21,AB,656,9,99,4,562
2012-07-21,B,3388,70,380,31,3047
2012-07-21,O,3670,117,546,16,3225
2012-07-22,A,2748,466,335,22,2857
2012-07-22,AB,562,103,72,2,591
2012-07-22,B,3047,506,415,33,3105
2012-07-22,O,3225,762,524,17,3446
2012-07-23,A,2857,72,316,30,2583
2012-07-23,AB,591,11,95,6,501
2012-07-23,B,3105,55,418,32,2710
2012-07-23,O,3446,118,581,16,2967
2012-07-24,A,2583,85,284,22,2362
2012-07-24,AB,501,21,82,1,439
2012-07-24,B,2710,79,387,20,2382
2012-07-24,O,2967,162,563,13,2553
2012-07-25,A,2362,194,308,18,2230
2012-07-25,AB,439,41,89,4,387
2012-07-25,B,2382,197,379,17,2183
2012-07-25,O,2553,326,540,15,2324
2012-07-26,A,2230,165,294,4,2097
2012-07-26,AB,387,50,82,3,352
2012-07-26,B,2183,183,378,14,1974
2012-07-26,O,2324,269,638,10,1945
2012-07-27,A,2097,149,289,13,1944
2012-07-27,AB,352,46,79,1,318
2012-07-27,B,1974,159,407,9,1717
2012-07-27,O,1945,270,569,7,1639
2012-07-28,A,1944,141,302,11,1772
2012-07-28,AB,318,32,60,1,289
2012-07-28,B,1717,148,348,5,1512
2012-07-28,O,1639,182,472,11,1338
2012-07-29,A,1772,649,316,19,2086
2012-07-29,AB,289,134,68,3,352
2012-07-29,B,1512,581,373,6,1714
2012-07-29,O,1338,1046,502,9,1873
2012-07-30,A,2086,54,735,6,1399
2012-07-30,AB,352,12,82,3,279
2012-07-30,B,1714,73,396,3,1388
2012-07-30,O,1873,109,548,4,1430
2012-07-31,A,1399,135,289,7,1238
2012-07-31,AB,279,40,87,1,231
2012-07-31,B,1388,175,399,3,1161
2012-07-31,O,1430,258,533,7,1148
2012-08-01,A,1238,166,289,5,1110
2012-08-01,AB,231,39,97,0,173
2012-08-01,B,1161,175,347,4,985
2012-08-01,O,1148,250,524,6,868
2012-08-02,A,1110,97,315,6,886
2012-08-02,AB,173,25,82,0,116
2012-08-02,B,985,129,330,3,781
2012-08-02,O,868,194,495,4,563
2012-08-03,A,886,125,271,7,733
2012-08-03,AB,116,29,93,0,52
2012-08-03,B,781,132,330,4,579
2012-08-03,O,563,200,534,1,228
2012-08-04,A,733,199,259,2,671
2012-08-04,AB,52,50,62,0,40
2012-08-04,B,579,244,308,1,514
2012-08-04,O,228,338,473,1,92
2012-08-05,A,671,519,242,8,940
2012-08-05,AB,40,133,76,0,97
2012-08-05,B,514,537,345,2,704
2012-08-05,O,92,828,474,2,444
2012-08-06,A,940,73,281,11,721
2012-08-06,AB,97,13,76,0,34
2012-08-06,B,704,78,358,1,423
2012-08-06,O,444,117,515,1,45
2012-08-07,A,721,174,277,2,616
2012-08-07,AB,34,46,68,0,12
2012-08-07,B,423,195,314,2,302
2012-08-07,O,45,313,358,0,0
2012-08-08,A,616,178,286,1,507
2012-08-08,AB,12,59,71,0,0
2012-08-08,B,302,232,304,1,229
2012-08-08,O,0,335,335,0,0
2012-08-09,A,507,197,258,1,445
2012-08-09,AB,0,56,56,0,0
2012-08-09,B,229,226,294,1,160
2012-08-09,O,0,344,344,0,0
2012-08-10,A,445,138,263,1,319
2012-08-10,AB,0,40,40,0,0
2012-08-10,B,160,146,283,0,23
2012-08-10,O,0,208,208,0,0
2012-08-11,A,319,292,236,1,374
2012-08-11,AB,0,87,76,0,11
2012-08-11,B,23,325,267,1,80
2012-08-11,O,0,518,388,0,130
2012-08-12,A,374,570,245,2,697
2012-08-12,AB,11,125,70,1,65
2012-08-12,B,80,545,292,1,332
2012-08-12,O,130,977,387,4,716
2012-08-13,A,697,168,254,3,608
2012-08-13,AB,65,44,61,2,46
2012-08-13,B,332,187,309,4,206
2012-08-13,O,716,268,447,2,535
2012-08-14,A,608,177,223,2,560
2012-08-14,AB,46,46,64,0,28
2012-08-14,B,206,241,240,1,206
2012-08-14,O,535,307,345,2,495
2012-08-15,A,560,147,225,4,478
2012-08-15,AB,28,35,60,0,3
2012-08-15,B,206,146,253,1,98
2012-08-15,O,495,203,364,0,334
2012-08-16,A,478,143,203,3,415
2012-08-16,AB,3,35,38,0,0
2012-08-16,B,98,151,249,0,0
2012-08-16,O,334,253,358,1,228
2012-08-17,A,415,117,195,0,337
2012-08-17,AB,0,29,29,0,0
2012-08-17,B,0,117,117,0,0
2012-08-17,O,228,187,350,1,64
2012-08-18,A,337,29,179,3,184
2012-08-18,AB,0,7,7,0,0
2012-08-18,B,0,43,43,0,0
2012-08-18,O,64,71,135,0,0
2012-08-19,A,184,6,168,0,22
2012-08-19,AB,0,1,1,0,0
2012-08-19,B,0,8,8,0,0
2012-08-19,O,0,13,13,0,0
2012-08-20,A,22,14,36,0,0
2012-08-20,AB,0,0,0,0,0
2012-08-20,B,0,12,12,0,0
2012-08-20,O,0,16,16,0,0
2012-08-21,A,0,95,95,0,0
2012-08-21,AB,0,26,26,0,0
2012-08-21,B,0,107,107,0,0
2012-08-21,O,0,151,151,0,0
2012-08-22,A,0,159,154,0,5
2012-08-22,AB,0,33,33,0,0
2012-08-22,B,0,161,161,0,0
2012-08-22,O,0,222,222,0,0
2012-08-23,A,5,166,171,0,0
2012-08-23,AB,0,44,38,0,6
2012-08-23,B,0,189,189,0,0
2012-08-23,O,0,312,312,0,0
2012-08-24,A,0,191,186,0,5
2012-08-24,AB,6,55,50,0,11
2012-08-24,B,0,231,197,1,33
2012-08-24,O,0,325,325,0,0
2012-08-25,A,5,214,168,1,50
2012-08-25,AB,11,63,42,0,32
2012-08-25,B,33,242,193,2,80
2012-08-25,O,0,373,325,0,48
2012-08-26,A,50,587,180,3,454
2012-08-26,AB,32,132,47,0,117
2012-08-26,B,80,666,199,4,543
2012-08-26,O,48,961,293,4,712
2012-08-27,A,454,188,203,0,439
2012-08-27,AB,117,48,62,2,101
2012-08-27,B,543,184,204,4,519
2012-08-27,O,712,294,332,1,673
2012-08-28,A,439,278,183,2,532
2012-08-28,AB,101,82,44,1,138
2012-08-28,B,519,299,230,2,586
2012-08-28,O,673,453,327,4,795
2012-08-29,A,532,276,171,4,633
2012-08-29,AB,138,77,61,1,153
2012-08-29,B,586,309,240,6,649
2012-08-29,O,795,469,340,6,918
2012-08-30,A,633,226,175,6,678
2012-08-30,AB,153,64,51,3,163
2012-08-30,B,649,251,236,5,659
2012-08-30,O,918,363,357,3,921
2012-08-31,A,678,337,184,5,826
2012-08-31,AB,163,85,67,1,180
2012-08-31,B,659,320,268,5,706
2012-08-31,O,921,520,351,3,1087
2012-09-01,A,826,194,195,5,820
2012-09-01,AB,180,63,42,1,200
2012-09-01,B,706,221,252,5,670
2012-09-01,O,1087,343,297,10,1123
2012-09-02,A,820,468,193,8,1087
2012-09-02,AB,200,117,48,2,267
2012-09-02,B,670,464,262,1,871
2012-09-02,O,1123,803,359,10,1557
2012-09-03,A,1087,195,194,8,1080
2012-09-03,AB,267,44,61,1,249
2012-09-03,B,871,196,273,5,789
2012-09-03,O,1557,317,409,10,1455
2012-09-04,A,1080,211,227,4,1060
2012-09-04,AB,249,48,44,3,250
2012-09-04,B,789,237,244,4,778
2012-09-04,O,1455,349,357,9,1438
2012-09-05,A,1060,307,218,5,1144
2012-09-05,AB,250,90,54,1,285
2012-09-05,B,778,350,272,5,851
2012-09-05,O,1438,406,360,12,1472
2012-09-06,A,1144,389,206,7,1320
2012-09-06,AB,285,119,67,0,337
2012-09-06,B,851,436,274,8,1005
2012-09-06,O,1472,544,368,12,1636
2012-09-07,A,1320,225,241,8,1296
2012-09-07,AB,337,65,62,2,338
2012-09-07,B,1005,209,268,0,946
2012-09-07,O,1636,296,369,9,1554
2012-09-08,A,1296,591,231,11,1645
2012-09-08,AB,338,161,60,2,437
2012-09-08,B,946,625,275,11,1285
2012-09-08,O,1554,1121,337,11,2327
2012-09-09,A,1645,466,240,10,1861
2012-09-09,AB,437,119,59,2,495
2012-09-09,B,1285,496,272,12,1497
2012-09-09,O,2327,831,353,23,2782
2012-09-10,A,1861,207,283,14,1771
2012-09-10,AB,495,48,60,4,479
2012-09-10,B,1497,264,286,11,1464
2012-09-10,O,2782,368,364,13,2773
2012-09-11,A,1771,1365,297,32,2807
2012-09-11,AB,479,392,61,16,794
2012-09-11,B,1464,1597,319,31,2711
2012-09-11,O,2773,2189,530,50,4382
2012-09-12,A,2807,235,296,37,2709
2012-09-12,AB,794,66,98,10,752
2012-09-12,B,2711,266,322,25,2630
2012-09-12,O,4382,388,474,43,4253
2012-09-13,A,2709,309,303,31,2684
2012-09-13,AB,752,93,78,13,754
2012-09-13,B,2630,354,358,31,2595
2012-09-13,O,4253,539,487,45,4260
2012-09-14,A,2684,235,294,27,2598
2012-09-14,AB,754,66,80,7,733
2012-09-14,B,2595,229,321,10,2493
2012-09-14,O,4260,382,488,45,4109
2012-09-15,A,2598,229,286,28,2513
2012-09-15,AB,733,59,60,8,724
2012-09-15,B,2493,209,305,18,2379
2012-09-15,O,4109,336,412,30,4003
2012-09-16,A,2513,365,291,18,2569
2012-09-16,AB,724,90,98,5,711
2012-09-16,B,2379,401,329,21,2430
2012-09-16,O,4003,659,446,29,4187
2012-09-17,A,2569,98,358,15,2294
2012-09-17,AB,711,24,88,14,633
2012-09-17,B,2430,93,306,11,2206
2012-09-17,O,4187,156,491,36,3816
2012-09-18,A,2294,248,318,16,2208
2012-09-18,AB,633,76,97,8,604
2012-09-18,B,2206,259,319,10,2136
2012-09-18,O,3816,402,462,21,3735
2012-09-19,A,2208,334,387,13,2142
2012-09-19,AB,604,73,113,4,560
2012-09-19,B,2136,380,367,14,2135
2012-09-19,O,3735,523,535,35,3688
2012-09-20,A,2142,261,355,6,2042
2012-09-20,AB,560,86,94,5,547
2012-09-20,B,2135,327,383,11,2068
2012-09-20,O,3688,492,510,22,3648
2012-09-21,A,2042,175,349,12,1856
2012-09-21,AB,547,40,77,3,507
2012-09-21,B,2068,210,340,9,1929
2012-09-21,O,3648,306,511,25,3418
2012-09-22,A,1856,281,329,9,1799
2012-09-22,AB,507,69,101,5,470
2012-09-22,B,1929,299,349,14,1865
2012-09-22,O,3418,476,446,16,3432
2012-09-23,A,1799,434,361,11,1861
2012-09-23,AB,470,121,97,4,490
2012-09-23,B,1865,423,353,10,1925
2012-09-23,O,3432,699,529,23,3579
2012-09-24,A,1861,128,361,7,1621
2012-09-24,AB,490,35,103,2,420
2012-09-24,B,1925,149,377,5,1692
2012-09-24,O,3579,248,562,28,3237
2012-09-25,A,1621,245,378,4,1484
2012-09-25,AB,420,66,100,2,384
2012-09-25,B,1692,270,342,13,1607
2012-09-25,O,3237,396,1024,17,2592
2012-09-26,A,1484,295,381,5,1393
2012-09-26,AB,384,91,108,0,367
2012-09-26,B,1607,384,343,6,1642
2012-09-26,O,2592,574,534,11,2621
2012-09-27,A,1393,354,352,11,1384
2012-09-27,AB,367,98,106,4,355
2012-09-27,B,1642,395,356,10,1671
2012-09-27,O,2621,533,578,20,2556
2012-09-28,A,1384,298,358,7,1317
2012-09-28,AB,355,79,104,3,327
2012-09-28,B,1671,326,362,9,1626
2012-09-28,O,2556,460,568,11,2437
2012-09-29,A,1317,285,310,10,1282
2012-09-29,AB,327,78,88,2,315
2012-09-29,B,1626,291,337,11,1569
2012-09-29,O,2437,456,494,10,2389
2012-09-30,A,1282,311,334,15,1244
2012-09-30,AB,315,82,99,2,296
2012-09-30,B,1569,358,342,9,1576
2012-09-30,O,2389,517,493,15,2398
2012-10-01,A,1244,157,370,6,1025
2012-10-01,AB,296,33,99,1,229
2012-10-01,B,1576,145,358,5,1358
2012-10-01,O,2398,255,550,11,2092
2012-10-02,A,1025,226,306,7,938
2012-10-02,AB,229,75,105,1,198
2012-10-02,B,1358,257,350,6,1259
2012-10-02,O,2092,379,510,11,1950
2012-10-03,A,938,261,332,5,862
2012-10-03,AB,198,72,93,2,175
2012-10-03,B,1259,262,380,10,1131
2012-10-03,O,1950,376,557,8,1761
2012-10-04,A,862,301,335,9,819
2012-10-04,AB,175,90,101,0,164
2012-10-04,B,1131,357,355,8,1125
2012-10-04,O,1761,494,520,12,1723
2012-10-05,A,819,147,331,6,629
2012-10-05,AB,164,28,101,0,91
2012-10-05,B,1125,140,358,2,905
2012-10-05,O,1723,214,559,9,1369
2012-10-06,A,629,320,361,4,584
2012-10-06,AB,91,76,94,0,73
2012-10-06,B,905,321,320,7,899
2012-10-06,O,1369,520,543,10,1336
2012-10-07,A,584,635,365,9,845
2012-10-07,AB,73,143,91,1,124
2012-10-07,B,899,602,338,7,1156
2012-10-07,O,1336,982,537,17,1764
2012-10-08,A,845,226,357,6,708
2012-10-08,AB,124,61,97,0,88
2012-10-08,B,1156,271,369,7,1051
2012-10-08,O,1764,338,540,6,1556
2012-10-09,A,708,247,338,6,611
2012-10-09,AB,88,81,80,2,87
2012-10-09,B,1051,345,336,7,1053
2012-10-09,O,1556,475,549,8,1474
2012-10-10,A,611,275,344,1,541
2012-10-10,AB,87,89,105,0,71
2012-10-10,B,1053,316,334,3,1032
2012-10-10,O,1474,474,494,7,1447
2012-10-11,A,541,302,339,2,502
2012-10-11,AB,71,86,89,2,66
2012-10-11,B,1032,337,316,8,1045
2012-10-11,O,1447,487,462,7,1465
2012-10-12,A,502,190,487,1,204
2012-10-12,AB,66,60,92,1,33
2012-10-12,B,1045,221,279,5,982
2012-10-12,O,1465,361,454,4,1368
2012-10-13,A,204,212,263,2,151
2012-10-13,AB,33,52,82,0,3
2012-10-13,B,982,249,273,7,951
2012-10-13,O,1368,341,432,5,1272
2012-10-14,A,151,415,284,2,280
2012-10-14,AB,3,99,82,1,19
2012-10-14,B,951,439,262,5,1123
2012-10-14,O,1272,665,422,9,1506
2012-10-15,A,280,197,311,1,165
2012-10-15,AB,19,55,74,0,0
2012-10-15,B,1123,221,323,6,1015
2012-10-15,O,1506,329,442,10,1383
2012-10-16,A,165,287,295,0,157
2012-10-16,AB,0,88,87,0,1
2012-10-16,B,1015,397,319,3,1090
2012-10-16,O,1383,595,454,8,1516
2012-10-17,A,157,340,314,3,180
2012-10-17,AB,1,68,69,0,0
2012-10-17,B,1090,360,305,8,1137
2012-10-17,O,1516,520,479,5,1552
2012-10-18,A,180,346,350,1,175
2012-10-18,AB,0,93,85,0,8
2012-10-18,B,1137,408,331,10,1204
2012-10-18,O,1552,573,478,8,1639
2012-10-19,A,175,251,297,0,129
2012-10-19,AB,8,53,61,0,0
2012-10-19,B,1204,225,297,10,1122
2012-10-19,O,1639,371,494,9,1507
2012-10-20,A,129,260,291,0,98
2012-10-20,AB,0,68,68,0,0
2012-10-20,B,1122,252,255,5,1114
2012-10-20,O,1507,423,420,11,1499
2012-10-21,A,98,482,304,2,274
2012-10-21,AB,0,100,96,1,3
2012-10-21,B,1114,532,309,11,1326
2012-10-21,O,1499,813,444,19,1849
2012-10-22,A,274,213,339,0,148
2012-10-22,AB,3,64,67,0,0
2012-10-22,B,1326,258,327,6,1251
2012-10-22,O,1849,358,495,7,1705
2012-10-23,A,148,364,324,0,188
2012-10-23,AB,0,82,82,0,0
2012-10-23,B,1251,356,320,7,1280
2012-10-23,O,1705,575,535,17,1728
2012-10-24,A,188,356,328,0,216
2012-10-24,AB,0,98,89,0,9
2012-10-24,B,1280,382,309,7,1346
2012-10-24,O,1728,538,498,8,1760
2012-10-25,A,216,194,308,0,102
2012-10-25,AB,9,35,44,0,0
2012-10-25,B,1346,190,310,3,1223
2012-10-25,O,1760,313,536,13,1524
2012-10-26,A,102,18,120,0,0
2012-10-26,AB,0,7,7,0,0
2012-10-26,B,1223,20,305,6,932
2012-10-26,O,1524,33,496,6,1055
2012-10-27,A,0,114,114,0,0
2012-10-27,AB,0,33,33,0,0
2012-10-27,B,932,134,263,5,798
2012-10-27,O,1055,203,461,5,792
2012-10-28,A,0,368,299,1,68
2012-10-28,AB,0,102,68,0,34
2012-10-28,B,798,392,267,5,918
2012-10-28,O,792,675,495,1,971
2012-10-29,A,68,126,194,0,0
2012-10-29,AB,34,37,71,0,0
2012-10-29,B,918,158,302,7,767
2012-10-29,O,971,213,498,5,681
2012-10-30,A,0,181,181,0,0
2012-10-30,AB,0,50,50,0,0
2012-10-30,B,767,210,308,5,664
2012-10-30,O,681,286,479,3,485
2012-10-31,A,0,281,277,0,4
2012-10-31,AB,0,84,75,0,9
2012-10-31,B,664,344,307,9,692
2012-10-31,O,485,483,480,0,488
2012-11-01,A,4,192,196,0,0
2012-11-01,AB,9,40,49,0,0
2012-11-01,B,692,236,282,5,641
2012-11-01,O,488,309,490,1,306
2012-11-02,A,0,268,268,0,0
2012-11-02,AB,0,76,76,0,0
2012-11-02,B,641,318,313,2,644
2012-11-02,O,306,443,495,3,251
2012-11-03,A,0,249,249,0,0
2012-11-03,AB,0,55,55,0,0
2012-11-03,B,644,254,313,1,584
2012-11-03,O,251,372,460,2,161
2012-11-04,A,0,746,288,1,457
2012-11-04,AB,0,176,73,0,103
2012-11-04,B,584,764,336,2,1010
2012-11-04,O,161,1302,464,3,996
2012-11-05,A,457,238,314,3,378
2012-11-05,AB,103,67,73,0,97
2012-11-05,B,1010,268,292,6,980
2012-11-05,O,996,427,492,4,927
2012-11-06,A,378,311,301,2,386
2012-11-06,AB,97,85,69,0,113
2012-11-06,B,980,335,308,5,1002
2012-11-06,O,927,528,528,4,923
2012-11-07,A,386,377,273,5,485
2012-11-07,AB,113,87,77,1,122
2012-11-07,B,1002,425,288,7,1132
2012-11-07,O,923,645,481,5,1082
2012-11-08,A,485,338,274,2,547
2012-11-08,AB,122,74,77,3,116
2012-11-08,B,1132,396,318,7,1203
2012-11-08,O,1082,614,537,2,1157
2012-11-09,A,547,188,287,0,448
2012-11-09,AB,116,50,91,0,75
2012-11-09,B,1203,216,303,4,1112
2012-11-09,O,1157,355,496,11,1005
2012-11-10,A,448,360,294,4,510
2012-11-10,AB,75,78,60,1,92
2012-11-10,B,1112,392,301,9,1194
2012-11-10,O,1005,532,500,3,1034
2012-11-11,A,510,365,281,3,591
2012-11-11,AB,92,69,75,1,85
2012-11-11,B,1194,320,275,7,1232
2012-11-11,O,1034,507,482,4,1055
2012-11-12,A,591,161,307,7,438
2012-11-12,AB,85,47,73,0,59
2012-11-12,B,1232,204,327,4,1105
2012-11-12,O,1055,289,521,3,820
2012-11-13,A,438,207,269,5,371
2012-11-13,AB,59,54,69,0,44
2012-11-13,B,1105,227,292,8,1032
2012-11-13,O,820,380,492,5,703
2012-11-14,A,371,132,317,0,186
2012-11-14,AB,44,47,72,0,19
2012-11-14,B,1032,174,309,10,887
2012-11-14,O,703,243,454,5,487
2012-11-15,A,186,158,287,0,57
2012-11-15,AB,19,41,60,0,0
2012-11-15,B,887,137,287,4,733
2012-11-15,O,487,214,460,1,240
2012-11-16,A,57,174,231,0,0
2012-11-16,AB,0,53,53,0,0
2012-11-16,B,733,202,306,10,619
2012-11-16,O,240,330,476,1,93
2012-11-17,A,0,214,214,0,0
2012-11-17,AB,0,41,41,0,0
2012-11-17,B,619,235,245,6,603
2012-11-17,O,93,396,447,0,42
2012-11-18,A,0,673,305,2,366
2012-11-18,AB,0,148,61,0,87
2012-11-18,B,603,617,252,7,961
2012-11-18,O,42,1017,455,3,601
2012-11-19,A,366,202,276,6,286
2012-11-19,AB,87,49,98,0,38
2012-11-19,B,961,227,324,7,857
2012-11-19,O,601,350,492,2,457
2012-11-20,A,286,319,303,2,300
2012-11-20,AB,38,68,68,0,38
2012-11-20,B,857,375,319,9,904
2012-11-20,O,457,536,462,1,530
2012-11-21,A,300,335,311,1,323
2012-11-21,AB,38,95,85,0,48
2012-11-21,B,904,368,293,8,971
2012-11-21,O,530,493,471,4,548
2012-11-22,A,323,285,292,1,315
2012-11-22,AB,48,69,55,0,62
2012-11-22,B,971,362,306,4,1023
2012-11-22,O,548,508,497,5,554
2012-11-23,A,315,223,301,3,234
2012-11-23,AB,62,61,62,0,61
2012-11-23,B,1023,297,306,6,1008
2012-11-23,O,554,396,475,1,474
2012-11-24,A,234,342,257,3,316
2012-11-24,AB,61,95,59,2,95
2012-11-24,B,1008,372,273,5,1102
2012-11-24,O,474,582,471,1,584
2012-11-25,A,316,386,276,1,425
2012-11-25,AB,95,107,86,0,116
2012-11-25,B,1102,394,287,8,1201
2012-11-25,O,584,662,458,6,782
2012-11-26,A,425,226,298,1,352
2012-11-26,AB,116,44,87,1,72
2012-11-26,B,1201,235,296,3,1137
2012-11-26,O,782,372,517,2,635
2012-11-27,A,352,277,282,3,344
2012-11-27,AB,72,79,78,1,72
2012-11-27,B,1137,346,314,4,1165
2012-11-27,O,635,489,486,5,633
2012-11-28,A,344,317,329,2,330
2012-11-28,AB,72,49,69,0,52
2012-11-28,B,1165,308,292,8,1173
2012-11-28,O,633,443,521,2,553
2012-11-29,A,330,362,320,0,372
2012-11-29,AB,52,105,83,1,73
2012-11-29,B,1173,411,341,10,1233
2012-11-29,O,553,580,525,3,605
2012-11-30,A,372,239,290,0,321
2012-11-30,AB,73,65,71,0,67
2012-11-30,B,1233,255,281,6,1201
2012-11-30,O,605,398,563,1,439
2012-12-01,A,321,201,290,1,231
2012-12-01,AB,67,60,70,1,56
2012-12-01,B,1201,214,304,6,1105
2012-12-01,O,439,335,443,2,329
2012-12-02,A,231,482,305,2,406
2012-12-02,AB,56,136,52,0,140
2012-12-02,B,1105,559,316,6,1342
2012-12-02,O,329,806,518,6,611
2012-12-03,A,406,130,317,4,215
2012-12-03,AB,140,40,95,1,84
2012-12-03,B,1342,176,329,4,1185
2012-12-03,O,611,214,551,1,273
2012-12-04,A,215,287,296,0,206
2012-12-04,AB,84,71,77,0,78
2012-12-04,B,1185,277,328,9,1125
2012-12-04,O,273,388,500,0,161
2012-12-05,A,206,323,325,1,203
2012-12-05,AB,78,99,84,0,93
2012-12-05,B,1125,334,372,5,1082
2012-12-05,O,161,528,459,1,229
2012-12-06,A,203,309,274,1,237
2012-12-06,AB,93,88,92,0,89
2012-12-06,B,1082,344,286,10,1130
2012-12-06,O,229,489,494,2,222
2012-12-07,A,237,204,289,1,151
2012-12-07,AB,89,62,74,0,77
2012-12-07,B,1130,203,294,2,1037
2012-12-07,O,222,342,504,1,59
2012-12-08,A,151,218,265,0,104
2012-12-08,AB,77,60,91,0,46
2012-12-08,B,1037,248,261,4,1020
2012-12-08,O,59,362,413,0,8
2012-12-09,A,104,475,254,1,324
2012-12-09,AB,46,124,96,0,74
2012-12-09,B,1020,460,265,5,1210
2012-12-09,O,8,787,418,2,375
2012-12-10,A,324,220,272,3,269
2012-12-10,AB,74,58,74,0,58
2012-12-10,B,1210,196,288,6,1112
2012-12-10,O,375,296,479,1,191
2012-12-11,A,269,254,275,2,246
2012-12-11,AB,58,74,95,0,37
2012-12-11,B,1112,282,305,3,1086
2012-12-11,O,191,444,478,1,156
2012-12-12,A,246,389,299,2,334
2012-12-12,AB,37,101,88,2,48
2012-12-12,B,1086,384,281,6,1183
2012-12-12,O,156,518,521,2,151
2012-12-13,A,334,299,273,0,360
2012-12-13,AB,48,65,71,0,42
2012-12-13,B,1183,336,293,11,1215
2012-12-13,O,151,511,461,1,200
2012-12-14,A,360,173,308,0,225
2012-12-14,AB,42,43,84,0,1
2012-12-14,B,1215,195,325,8,1077
2012-12-14,O,200,345,476,0,69
2012-12-15,A,225,181,292,1,113
2012-12-15,AB,1,50,51,0,0
2012-12-15,B,1077,231,257,7,1044
2012-12-15,O,69,311,380,0,0
2012-12-16,A,113,566,270,0,409
2012-12-16,AB,0,146,74,1,71
2012-12-16,B,1044,552,253,8,1335
2012-12-16,O,0,878,401,2,475
2012-12-17,A,409,213,339,1,282
2012-12-17,AB,71,51,94,0,28
2012-12-17,B,1335,241,309,13,1254
2012-12-17,O,475,327,473,2,327
2012-12-18,A,282,342,311,0,313
2012-12-18,AB,28,81,71,0,38
2012-12-18,B,1254,362,297,7,1312
2012-12-18,O,327,509,473,1,362
2012-12-19,A,313,350,294,6,363
2012-12-19,AB,38,89,95,0,32
2012-12-19,B,1312,412,336,10,1378
2012-12-19,O,362,549,474,2,435
2012-12-20,A,363,268,286,3,342
2012-12-20,AB,32,87,74,0,45
2012-12-20,B,1378,318,326,11,1359
2012-12-20,O,435,485,498,3,419
2012-12-21,A,342,204,327,1,218
2012-12-21,AB,45,60,75,0,30
2012-12-21,B,1359,251,287,9,1314
2012-12-21,O,419,316,516,2,217
2012-12-22,A,218,196,253,1,160
2012-12-22,AB,30,43,71,0,2
2012-12-22,B,1314,200,316,7,1191
2012-12-22,O,217,302,411,1,107
2012-12-23,A,160,300,272,0,188
2012-12-23,AB,2,77,66,0,13
2012-12-23,B,1191,294,301,4,1180
2012-12-23,O,107,478,460,0,125
2012-12-24,A,188,149,289,0,48
2012-12-24,AB,13,38,51,0,0
2012-12-24,B,1180,164,314,5,1025
2012-12-24,O,125,232,357,0,0
2012-12-25,A,48,175,223,0,0
2012-12-25,AB,0,47,47,0,0
2012-12-25,B,1025,166,312,4,875
2012-12-25,O,0,298,298,0,0
2012-12-26,A,0,142,142,0,0
2012-12-26,AB,0,29,29,0,0
2012-12-26,B,875,138,322,2,689
2012-12-26,O,0,230,230,0,0
2012-12-27,A,0,222,222,0,0
2012-12-27,AB,0,60,60,0,0
2012-12-27,B,689,238,323,3,601
2012-12-27,O,0,330,330,0,0
2012-12-28,A,0,198,198,0,0
2012-12-28,AB,0,53,53,0,0
2012-12-28,B,601,212,293,6,514
2012-12-28,O,0,298,298,0,0
2012-12-29,A,0,275,269,0,6
2012-12-29,AB,0,72,58,0,14
2012-12-29,B,514,311,273,2,550
2012-12-29,O,0,467,375,0,92
2012-12-30,A,6,381,270,2,115
2012-12-30,AB,14,96,56,1,53
2012-12-30,B,550,421,305,2,664
2012-12-30,O,92,661,408,0,345
2012-12-31,A,115,150,255,0,10
2012-12-31,AB,53,33,67,1,18
2012-12-31,B,664,151,312,2,501
2012-12-31,O,345,241,386,0,200
2013-01-01,A,10,190,200,0,0
2013-01-01,AB,18,64,62,0,20
2013-01-01,B,501,268,267,3,499
2013-01-01,O,200,366,406,1,159
2013-01-02,A,0,177,177,0,0
2013-01-02,AB,20,37,57,0,0
2013-01-02,B,499,198,289,4,404
2013-01-02,O,159,318,408,0,69
2013-01-03,A,0,287,276,0,11
2013-01-03,AB,0,71,71,0,0
2013-01-03,B,404,301,265,3,437
2013-01-03,O,69,432,446,0,55
2013-01-04,A,11,122,133,0,0
2013-01-04,AB,0,28,28,0,0
2013-01-04,B,437,140,272,5,300
2013-01-04,O,55,194,249,0,0
2013-01-05,A,0,221,192,0,29
2013-01-05,AB,0,40,40,0,0
2013-01-05,B,300,223,261,2,260
2013-01-05,O,0,349,341,0,8
2013-01-06,A,29,492,228,0,293
2013-01-06,AB,0,96,56,0,40
2013-01-06,B,260,503,288,0,475
2013-01-06,O,8,762,375,1,394
2013-01-07,A,293,171,256,2,206
2013-01-07,AB,40,43,57,0,26
2013-01-07,B,475,158,295,1,337
2013-01-07,O,394,255,397,0,252
2013-01-08,A,206,269,230,1,244
2013-01-08,AB,26,76,70,0,32
2013-01-08,B,337,316,264,2,387
2013-01-08,O,252,447,387,1,311
2013-01-09,A,244,317,234,1,326
2013-01-09,AB,32,81,58,0,55
2013-01-09,B,387,338,278,3,444
2013-01-09,O,311,508,411,1,407
2013-01-10,A,326,270,256,2,338
2013-01-10,AB,55,76,66,0,65
2013-01-10,B,444,347,272,5,514
2013-01-10,O,407,423,384,0,446
2013-01-11,A,338,204,278,0,264
2013-01-11,AB,65,56,61,0,60
2013-01-11,B,514,191,289,2,414
2013-01-11,O,446,304,383,2,365
2013-01-12,A,264,404,231,3,434
2013-01-12,AB,60,114,50,1,123
2013-01-12,B,414,477,261,4,626
2013-01-12,O,365,631,359,5,632
2013-01-13,A,434,319,238,3,512
2013-01-13,AB,123,87,78,0,132
2013-01-13,B,626,346,277,4,691
2013-01-13,O,632,579,428,7,776
2013-01-14,A,512,267,289,4,486
2013-01-14,AB,132,65,53,0,144
2013-01-14,B,691,313,318,5,681
2013-01-14,O,776,433,440,8,761
2013-01-15,A,486,388,255,4,615
2013-01-15,AB,144,102,54,4,188
2013-01-15,B,681,398,313,4,762
2013-01-15,O,761,600,367,6,988
2013-01-16,A,615,479,288,7,799
2013-01-16,AB,188,136,54,0,270
2013-01-16,B,762,525,280,6,1001
2013-01-16,O,988,790,402,8,1368
2013-01-17,A,799,416,259,7,949
2013-01-17,AB,270,104,63,4,307
2013-01-17,B,1001,449,331,4,1115
2013-01-17,O,1368,688,414,13,1629
2013-01-18,A,949,335,238,10,1036
2013-01-18,AB,307,71,70,3,305
2013-01-18,B,1115,328,301,7,1135
2013-01-18,O,1629,489,403,7,1708
2013-01-19,A,1036,303,266,9,1064
2013-01-19,AB,305,88,59,4,330
2013-01-19,B,1135,348,273,9,1201
2013-01-19,O,1708,497,361,14,1830
2013-01-20,A,1064,398,281,4,1177
2013-01-20,AB,330,91,60,1,360
2013-01-20,B,1201,417,293,7,1318
2013-01-20,O,1830,693,394,16,2113
2013-01-21,A,1177,286,293,6,1164
2013-01-21,AB,360,79,72,5,362
2013-01-21,B,1318,349,312,6,1349
2013-01-21,O,2113,484,392,14,2191
2013-01-22,A,1164,420,269,8,1307
2013-01-22,AB,362,126,78,6,404
2013-01-22,B,1349,439,313,13,1462
2013-01-22,O,2191,680,435,8,2428
2013-01-23,A,1307,402,265,13,1431
2013-01-23,AB,404,99,69,2,432
2013-01-23,B,1462,474,308,9,1619
2013-01-23,O,2428,691,444,17,2658
2013-01-24,A,1431,153,268,8,1308
2013-01-24,AB,432,36,70,0,398
2013-01-24,B,1619,168,805,8,974
2013-01-24,O,2658,227,429,16,2440
2013-01-25,A,1308,192,296,8,1196
2013-01-25,AB,398,49,54,5,388
2013-01-25,B,974,201,319,7,849
2013-01-25,O,2440,288,434,14,2280
2013-01-26,A,1196,333,285,5,1239
2013-01-26,AB,388,89,69,2,406
2013-01-26,B,849,424,336,6,931
2013-01-26,O,2280,541,457,11,2353
2013-01-27,A,1239,596,665,8,1162
2013-01-27,AB,406,182,60,5,523
2013-01-27,B,931,773,339,11,1354
2013-01-27,O,2353,1048,415,10,2976
2013-01-28,A,1162,232,312,8,1074
2013-01-28,AB,523,54,110,2,465
2013-01-28,B,1354,334,386,6,1296
2013-01-28,O,2976,387,438,14,2911
2013-01-29,A,1074,274,304,3,1041
2013-01-29,AB,465,70,97,4,434
2013-01-29,B,1296,317,347,7,1259
2013-01-29,O,2911,439,444,18,2888
2013-01-30,A,1041,429,291,8,1171
2013-01-30,AB,434,115,107,1,441
2013-01-30,B,1259,467,375,3,1348
2013-01-30,O,2888,672,496,13,3051
2013-01-31,A,1171,312,340,6,1137
2013-01-31,AB,441,84,105,4,416
2013-01-31,B,1348,408,366,8,1382
2013-01-31,O,3051,498,481,14,3054
2013-02-01,A,1137,134,286,4,981
2013-02-01,AB,416,33,103,1,345
2013-02-01,B,1382,143,366,7,1152
2013-02-01,O,3054,227,459,21,2801
2013-02-02,A,981,238,284,5,930
2013-02-02,AB,345,74,82,4,333
2013-02-02,B,1152,280,304,8,1120
2013-02-02,O,2801,352,671,14,2468
2013-02-03,A,930,313,275,3,965
2013-02-03,AB,333,74,108,5,294
2013-02-03,B,1120,358,336,8,1134
2013-02-03,O,2468,567,442,16,2577
2013-02-04,A,965,224,306,1,882
2013-02-04,AB,294,47,120,1,220
2013-02-04,B,1134,233,412,5,950
2013-02-04,O,2577,315,473,13,2406
2013-02-05,A,882,235,300,7,810
2013-02-05,AB,220,75,127,1,167
2013-02-05,B,950,311,408,3,850
2013-02-05,O,2406,420,459,14,2353
2013-02-06,A,810,316,340,4,782
2013-02-06,AB,167,72,113,0,126
2013-02-06,B,850,335,367,6,812
2013-02-06,O,2353,583,437,13,2486
2013-02-07,A,782,406,314,4,870
2013-02-07,AB,126,121,134,0,113
2013-02-07,B,812,451,366,4,893
2013-02-07,O,2486,595,465,18,2598
2013-02-08,A,870,186,319,7,730
2013-02-08,AB,113,63,81,0,95
2013-02-08,B,893,237,376,4,750
2013-02-08,O,2598,352,475,14,2461
2013-02-09,A,730,271,282,7,712
2013-02-09,AB,95,57,54,1,97
2013-02-09,B,750,300,312,2,736
2013-02-09,O,2461,428,449,13,2427
2013-02-10,A,712,128,294,1,545
2013-02-10,AB,97,35,75,0,57
2013-02-10,B,736,146,350,4,528
2013-02-10,O,2427,246,427,11,2235
2013-02-11,A,545,136,293,4,384
2013-02-11,AB,57,46,65,0,38
2013-02-11,B,528,164,374,3,315
2013-02-11,O,2235,287,470,14,2038
2013-02-12,A,384,138,312,1,209
2013-02-12,AB,38,35,57,0,16
2013-02-12,B,315,152,363,1,103
2013-02-12,O,2038,242,452,8,1820
2013-02-13,A,209,207,277,1,138
2013-02-13,AB,16,51,67,0,0
2013-02-13,B,103,273,376,0,0
2013-02-13,O,1820,367,421,7,1759
2013-02-14,A,138,324,286,0,176
2013-02-14,AB,0,80,55,1,24
2013-02-14,B,0,352,352,0,0
2013-02-14,O,1759,521,421,6,1853
2013-02-15,A,176,216,287,0,105
2013-02-15,AB,24,52,68,0,8
2013-02-15,B,0,226,226,0,0
2013-02-15,O,1853,339,426,9,1757
2013-02-16,A,105,375,246,0,234
2013-02-16,AB,8,74,51,0,31
2013-02-16,B,0,372,310,0,62
2013-02-16,O,1757,571,334,10,1984
2013-02-17,A,234,344,235,0,343
2013-02-17,AB,31,78,58,0,51
2013-02-17,B,62,343,305,1,99
2013-02-17,O,1984,572,348,14,2194
2013-02-18,A,343,244,257,1,329
2013-02-18,AB,51,56,58,1,48
2013-02-18,B,99,274,330,1,42
2013-02-18,O,2194,440,398,14,2222
2013-02-19,A,329,303,288,2,342
2013-02-19,AB,48,77,50,0,75
2013-02-19,B,42,346,367,0,21
2013-02-19,O,2222,508,361,12,2357
2013-02-20,A,342,361,269,4,430
2013-02-20,AB,75,80,68,1,86
2013-02-20,B,21,412,330,1,102
2013-02-20,O,2357,630,411,13,2563
2013-02-21,A,430,339,263,3,503
2013-02-21,AB,86,80,59,1,106
2013-02-21,B,102,379,384,0,97
2013-02-21,O,2563,502,407,18,2640
2013-02-22,A,503,188,258,3,430
2013-02-22,AB,106,48,58,0,96
2013-02-22,B,97,203,290,0,10
2013-02-22,O,2640,339,364,18,2597
2013-02-23,A,430,375,236,4,565
2013-02-23,AB,96,106,65,0,137
2013-02-23,B,10,364,288,0,86
2013-02-23,O,2597,609,342,13,2851
2013-02-24,A,565,340,267,4,634
2013-02-24,AB,137,82,62,2,155
2013-02-24,B,86,367,300,0,153
2013-02-24,O,2851,506,370,17,2970
2013-02-25,A,634,220,258,4,592
2013-02-25,AB,155,43,56,1,141
2013-02-25,B,153,237,327,1,62
2013-02-25,O,2970,358,346,16,2966
2013-02-26,A,592,330,280,6,636
2013-02-26,AB,141,95,61,0,175
2013-02-26,B,62,378,301,2,137
2013-02-26,O,2966,513,366,18,3095
2013-02-27,A,636,394,306,7,717
2013-02-27,AB,175,92,61,1,205
2013-02-27,B,137,430,320,3,244
2013-02-27,O,3095,613,354,15,3339
2013-02-28,A,717,299,274,4,738
2013-02-28,AB,205,77,68,2,212
2013-02-28,B,244,373,297,1,319
2013-02-28,O,3339,522,362,23,3476
2013-03-01,A,738,167,287,4,614
2013-03-01,AB,212,35,68,1,178
2013-03-01,B,319,183,325,2,175
2013-03-01,O,3476,285,326,26,3409
2013-03-02,A,614,602,219,6,991
2013-03-02,AB,178,153,64,0,267
2013-03-02,B,175,667,322,1,519
2013-03-02,O,3409,939,321,26,4001
2013-03-03,A,991,445,263,7,1166
2013-03-03,AB,267,121,77,0,311
2013-03-03,B,519,484,357,6,640
2013-03-03,O,4001,727,336,61,4331
2013-03-04,A,1166,147,307,6,1000
2013-03-04,AB,311,28,67,2,270
2013-03-04,B,640,162,331,2,469
2013-03-04,O,4331,230,427,33,4101
2013-03-05,A,1000,408,308,8,1092
2013-03-05,AB,270,114,70,1,313
2013-03-05,B,469,418,366,2,519
2013-03-05,O,4101,599,387,49,4264
2013-03-06,A,1092,504,277,10,1309
2013-03-06,AB,313,122,132,2,301
2013-03-06,B,519,555,367,3,704
2013-03-06,O,4264,832,435,52,4609
2013-03-07,A,1309,437,305,7,1434
2013-03-07,AB,301,127,63,0,365
2013-03-07,B,704,472,356,3,817
2013-03-07,O,4609,654,437,53,4773
2013-03-08,A,1434,242,291,12,1373
2013-03-08,AB,365,62,78,1,348
2013-03-08,B,817,304,347,3,771
2013-03-08,O,4773,429,392,54,4756
2013-03-09,A,1373,377,274,10,1466
2013-03-09,AB,348,87,53,2,380
2013-03-09,B,771,406,356,6,815
2013-03-09,O,4756,547,361,55,4887
2013-03-10,A,1466,616,294,12,1776
2013-03-10,AB,380,145,59,1,465
2013-03-10,B,815,639,327,9,1118
2013-03-10,O,4887,985,337,78,5457
2013-03-11,A,1776,189,276,10,1679
2013-03-11,AB,465,47,82,4,426
2013-03-11,B,1118,197,389,5,921
2013-03-11,O,5457,306,427,71,5265
2013-03-12,A,1679,366,285,9,1751
2013-03-12,AB,426,102,60,2,466
2013-03-12,B,921,383,395,4,905
2013-03-12,O,5265,628,413,81,5399
2013-03-13,A,1751,375,311,10,1805
2013-03-13,AB,466,110,78,3,495
2013-03-13,B,905,449,395,3,956
2013-03-13,O,5399,660,456,68,5535
2013-03-14,A,1805,400,329,15,1861
2013-03-14,AB,495,97,68,0,524
2013-03-14,B,956,389,413,6,926
2013-03-14,O,5535,602,493,80,5564
2013-03-15,A,1861,308,327,12,1830
2013-03-15,AB,524,78,127,1,474
2013-03-15,B,926,313,376,6,857
2013-03-15,O,5564,504,474,79,5515
2013-03-16,A,1830,335,304,11,1850
2013-03-16,AB,474,89,64,4,495
2013-03-16,B,857,416,395,4,874
2013-03-16,O,5515,569,437,91,5556
2013-03-17,A,1850,666,323,13,2180
2013-03-17,AB,495,147,65,5,572
2013-03-17,B,874,620,371,9,1114
2013-03-17,O,5556,1082,433,104,6101
2013-03-18,A,2180,216,303,17,2076
2013-03-18,AB,572,74,94,7,545
2013-03-18,B,1114,274,409,7,972
2013-03-18,O,6101,396,477,71,5949
2013-03-19,A,2076,392,452,20,1996
2013-03-19,AB,545,117,77,12,573
2013-03-19,B,972,486,445,4,1009
2013-03-19,O,5949,584,511,91,5931
2013-03-20,A,1996,373,502,10,1857
2013-03-20,AB,573,81,87,5,562
2013-03-20,B,1009,428,436,6,995
2013-03-20,O,5931,671,484,90,6028
2013-03-21,A,1857,332,493,8,1688
2013-03-21,AB,562,80,78,3,561
2013-03-21,B,995,381,405,6,965
2013-03-21,O,6028,547,479,97,5999
2013-03-22,A,1688,179,496,8,1363
2013-03-22,AB,561,51,83,5,524
2013-03-22,B,965,220,403,0,782
2013-03-22,O,5999,292,493,87,5711
2013-03-23,A,1363,321,466,9,1209
2013-03-23,AB,524,55,95,1,483
2013-03-23,B,782,306,349,8,731
2013-03-23,O,5711,444,497,78,5580
2013-03-24,A,1209,505,460,12,1242
2013-03-24,AB,483,115,83,8,507
2013-03-24,B,731,552,415,4,864
2013-03-24,O,5580,803,451,91,5841
2013-03-25,A,1242,252,477,5,1012
2013-03-25,AB,507,74,81,2,498
2013-03-25,B,864,276,414,6,720
2013-03-25,O,5841,404,493,78,5674
2013-03-26,A,1012,314,453,8,865
2013-03-26,AB,498,72,87,4,479
2013-03-26,B,720,319,406,3,630
2013-03-26,O,5674,512,1358,39,4789
2013-03-27,A,865,281,495,1,650
2013-03-27,AB,479,69,73,2,473
2013-03-27,B,630,344,424,4,546
2013-03-27,O,4789,473,503,56,4703
2013-03-28,A,650,296,467,2,477
2013-03-28,AB,473,79,91,2,459
2013-03-28,B,546,316,417,4,441
2013-03-28,O,4703,470,538,43,4592
2013-03-29,A,477,261,463,5,270
2013-03-29,AB,459,78,71,1,465
2013-03-29,B,441,245,456,1,229
2013-03-29,O,4592,422,488,55,4471
2013-03-30,A,270,203,410,0,63
2013-03-30,AB,465,50,67,3,445
2013-03-30,B,229,248,385,0,92
2013-03-30,O,4471,325,461,53,4282
2013-03-31,A,63,273,336,0,0
2013-03-31,AB,445,64,63,2,444
2013-03-31,B,92,304,396,0,0
2013-03-31,O,4282,475,427,36,4294
2013-04-01,A,0,150,150,0,0
2013-04-01,AB,444,38,75,2,405
2013-04-01,B,0,176,176,0,0
2013-04-01,O,4294,267,464,31,4066
2013-04-02,A,0,314,314,0,0
2013-04-02,AB,405,76,89,5,387
2013-04-02,B,0,289,289,0,0
2013-04-02,O,4066,448,462,39,4013
2013-04-03,A,0,235,235,0,0
2013-04-03,AB,387,50,68,0,369
2013-04-03,B,0,273,273,0,0
2013-04-03,O,4013,364,492,40,3845
2013-04-04,A,0,312,312,0,0
2013-04-04,AB,369,80,81,0,368
2013-04-04,B,0,340,340,0,0
2013-04-04,O,3845,466,488,33,3790
2013-04-05,A,0,258,258,0,0
2013-04-05,AB,368,56,61,2,361
2013-04-05,B,0,291,291,0,0
2013-04-05,O,3790,381,499,31,3641
2013-04-06,A,0,363,363,0,0
2013-04-06,AB,361,107,58,3,407
2013-04-06,B,0,384,342,0,42
2013-04-06,O,3641,533,455,38,3681
2013-04-07,A,0,583,386,2,195
2013-04-07,AB,407,147,43,4,507
2013-04-07,B,42,622,332,0,332
2013-04-07,O,3681,910,500,34,4057
2013-04-08,A,195,216,411,0,0
2013-04-08,AB,507,62,57,2,510
2013-04-08,B,332,243,413,0,162
2013-04-08,O,4057,320,523,23,3831
2013-04-09,A,0,240,240,0,0
2013-04-09,AB,510,58,59,3,506
2013-04-09,B,162,323,333,0,152
2013-04-09,O,3831,425,516,29,3711
2013-04-10,A,0,352,352,0,0
2013-04-10,AB,506,73,71,4,504
2013-04-10,B,152,423,347,0,228
2013-04-10,O,3711,555,523,28,3715
2013-04-11,A,0,282,282,0,0
2013-04-11,AB,504,66,69,2,499
2013-04-11,B,228,302,347,1,182
2013-04-11,O,3715,438,480,39,3634
2013-04-12,A,0,205,205,0,0
2013-04-12,AB,499,50,59,2,488
2013-04-12,B,182,200,318,0,64
2013-04-12,O,3634,335,460,24,3485
2013-04-13,A,0,240,240,0,0
2013-04-13,AB,488,81,53,1,515
2013-04-13,B,64,268,303,0,29
2013-04-13,O,3485,418,439,23,3441
2013-04-14,A,0,544,291,1,252
2013-04-14,AB,515,117,72,5,555
2013-04-14,B,29,551,278,0,302
2013-04-14,O,3441,861,491,21,3790
2013-04-15,A,252,193,297,1,147
2013-04-15,AB,555,47,56,6,540
2013-04-15,B,302,210,343,0,169
2013-04-15,O,3790,326,451,27,3638
2013-04-16,A,147,311,297,0,161
2013-04-16,AB,540,84,62,2,560
2013-04-16,B,169,388,276,3,278
2013-04-16,O,3638,525,441,27,3695
2013-04-17,A,161,237,313,0,85
2013-04-17,AB,560,55,73,5,537
2013-04-17,B,278,260,343,4,191
2013-04-17,O,3695,373,476,29,3563
2013-04-18,A,85,312,259,0,138
2013-04-18,AB,537,74,49,6,556
2013-04-18,B,191,371,312,1,249
2013-04-18,O,3563,532,483,18,3594
2013-04-19,A,138,238,296,0,80
2013-04-19,AB,556,66,58,10,554
2013-04-19,B,249,267,319,3,194
2013-04-19,O,3594,403,489,25,3483
2013-04-20,A,80,278,274,0,84
2013-04-20,AB,554,65,69,9,541
2013-04-20,B,194,374,288,1,279
2013-04-20,O,3483,491,420,19,3535
2013-04-21,A,84,574,261,2,395
2013-04-21,AB,541,106,60,6,581
2013-04-21,B,279,584,292,4,567
2013-04-21,O,3535,989,442,37,4045
2013-04-22,A,395,232,294,2,331
2013-04-22,AB,581,45,77,2,547
2013-04-22,B,567,210,308,2,467
2013-04-22,O,4045,346,492,38,3861
2013-04-23,A,331,213,253,4,287
2013-04-23,AB,547,64,79,8,524
2013-04-23,B,467,240,334,2,371
2013-04-23,O,3861,361,478,35,3709
2013-04-24,A,287,287,272,1,301
2013-04-24,AB,524,57,66,7,508
2013-04-24,B,371,339,267,3,440
2013-04-24,O,3709,503,428,20,3764
2013-04-25,A,301,284,290,3,292
2013-04-25,AB,508,99,70,5,532
2013-04-25,B,440,371,274,6,531
2013-04-25,O,3764,544,434,29,3845
2013-04-26,A,292,219,278,0,233
2013-04-26,AB,532,45,60,4,513
2013-04-26,B,531,210,304,3,434
2013-04-26,O,3845,342,479,31,3677
2013-04-27,A,233,240,275,2,196
2013-04-27,AB,513,59,52,5,515
2013-04-27,B,434,277,309,1,401
2013-04-27,O,3677,387,441,13,3610
2013-04-28,A,196,568,272,4,488
2013-04-28,AB,515,116,55,6,570
2013-04-28,B,401,528,241,5,683
2013-04-28,O,3610,836,427,52,3967
2013-04-29,A,488,228,296,5,415
2013-04-29,AB,570,58,65,3,560
2013-04-29,B,683,247,307,6,617
2013-04-29,O,3967,379,1384,12,2950
2013-04-30,A,415,219,295,3,336
2013-04-30,AB,560,80,61,5,574
2013-04-30,B,617,278,284,7,604
2013-04-30,O,2950,424,532,16,2826
2013-05-01,A,336,874,325,6,879
2013-05-01,AB,574,197,70,7,694
2013-05-01,B,604,817,324,3,1094
2013-05-01,O,2826,1361,523,27,3637
2013-05-02,A,879,133,325,3,684
2013-05-02,AB,694,25,53,4,662
2013-05-02,B,1094,151,322,9,914
2013-05-02,O,3637,208,570,21,3254
2013-05-03,A,684,138,311,3,508
2013-05-03,AB,662,30,54,6,632
2013-05-03,B,914,145,337,4,718
2013-05-03,O,3254,250,509,18,2977
2013-05-04,A,508,123,631,0,0
2013-05-04,AB,632,37,57,8,604
2013-05-04,B,718,144,275,3,584
2013-05-04,O,2977,209,468,9,2709
2013-05-05,A,0,0,0,0,0
2013-05-05,AB,604,0,54,9,541
2013-05-05,B,584,0,286,0,298
2013-05-05,O,2709,0,499,16,2194
2013-05-06,A,0,65,65,0,0
2013-05-06,AB,541,15,77,2,477
2013-05-06,B,298,95,265,1,127
2013-05-06,O,2194,131,470,16,1839
2013-05-07,A,0,172,172,0,0
2013-05-07,AB,477,37,58,4,452
2013-05-07,B,127,153,280,0,0
2013-05-07,O,1839,239,455,9,1614
2013-05-08,A,0,346,284,0,62
2013-05-08,AB,452,92,49,2,493
2013-05-08,B,0,365,293,0,72
2013-05-08,O,1614,572,436,13,1737
2013-05-09,A,62,365,279,1,147
2013-05-09,AB,493,105,49,4,545
2013-05-09,B,72,359,282,0,149
2013-05-09,O,1737,609,464,12,1870
2013-05-10,A,147,135,276,0,6
2013-05-10,AB,545,29,49,3,522
2013-05-10,B,149,147,277,0,19
2013-05-10,O,1870,276,465,8,1673
2013-05-11,A,6,295,237,0,64
2013-05-11,AB,522,87,51,0,558
2013-05-11,B,19,353,237,0,135
2013-05-11,O,1673,547,416,11,1793
2013-05-12,A,64,500,256,2,306
2013-05-12,AB,558,114,51,7,614
2013-05-12,B,135,493,265,2,361
2013-05-12,O,1793,780,407,12,2154
2013-05-13,A,306,213,265,1,253
2013-05-13,AB,614,69,52,12,619
2013-05-13,B,361,236,299,3,295
2013-05-13,O,2154,375,444,12,2073
2013-05-14,A,253,413,303,1,362
2013-05-14,AB,619,108,51,10,666
2013-05-14,B,295,438,276,0,457
2013-05-14,O,2073,692,443,15,2307
2013-05-15,A,362,376,263,2,473
2013-05-15,AB,666,121,64,16,707
2013-05-15,B,457,392,280,5,564
2013-05-15,O,2307,569,480,14,2382
2013-05-16,A,473,285,268,0,490
2013-05-16,AB,707,96,80,9,714
2013-05-16,B,564,345,287,6,616
2013-05-16,O,2382,500,469,24,2389
2013-05-17,A,490,225,282,2,431
2013-05-17,AB,714,53,50,9,708
2013-05-17,B,616,273,265,2,622
2013-05-17,O,2389,386,451,16,2308
2013-05-18,A,431,370,246,5,550
2013-05-18,AB,708,91,56,6,737
2013-05-18,B,622,415,244,4,789
2013-05-18,O,2308,597,407,17,2481
2013-05-19,A,550,561,587,4,520
2013-05-19,AB,737,122,61,9,789
2013-05-19,B,789,547,284,7,1045
2013-05-19,O,2481,885,438,16,2912
2013-05-20,A,520,170,306,1,383
2013-05-20,AB,789,46,68,10,757
2013-05-20,B,1045,192,278,7,952
2013-05-20,O,2912,311,457,14,2752
2013-05-21,A,383,364,288,2,457
2013-05-21,AB,757,108,67,5,793
2013-05-21,B,952,434,281,4,1101
2013-05-21,O,2752,635,477,10,2900
2013-05-22,A,457,323,278,5,497
2013-05-22,AB,793,79,67,10,795
2013-05-22,B,1101,320,305,5,1111
2013-05-22,O,2900,534,414,14,3006
2013-05-23,A,497,254,279,6,466
2013-05-23,AB,795,54,62,7,780
2013-05-23,B,1111,284,270,6,1119
2013-05-23,O,3006,419,475,18,2932
2013-05-24,A,466,574,264,2,774
2013-05-24,AB,780,152,81,11,840
2013-05-24,B,1119,591,286,6,1418
2013-05-24,O,2932,975,480,19,3408
2013-05-25,A,774,423,282,5,910
2013-05-25,AB,840,112,65,7,880
2013-05-25,B,1418,508,266,8,1652
2013-05-25,O,3408,682,441,20,3629
2013-05-26,A,910,419,268,9,1052
2013-05-26,AB,880,120,68,19,913
2013-05-26,B,1652,425,267,10,1800
2013-05-26,O,3629,730,458,29,3872
2013-05-27,A,1052,245,286,9,1002
2013-05-27,AB,913,63,80,11,885
2013-05-27,B,1800,273,308,5,1760
2013-05-27,O,3872,398,532,31,3707
2013-05-28,A,1002,245,290,3,954
2013-05-28,AB,885,62,74,10,863
2013-05-28,B,1760,278,292,14,1732
2013-05-28,O,3707,435,515,33,3594
2013-05-29,A,954,299,301,6,946
2013-05-29,AB,863,78,75,12,854
2013-05-29,B,1732,326,265,9,1784
2013-05-29,O,3594,450,506,24,3514
2013-05-30,A,946,391,272,5,1060
2013-05-30,AB,854,108,54,14,894
2013-05-30,B,1784,417,284,12,1905
2013-05-30,O,3514,647,523,24,3614
2013-05-31,A,1060,318,264,4,1110
2013-05-31,AB,894,75,75,11,883
2013-05-31,B,1905,348,298,6,1949
2013-05-31,O,3614,485,460,36,3603
2013-06-01,A,1110,243,254,5,1094
2013-06-01,AB,883,71,69,17,868
2013-06-01,B,1949,260,259,12,1938
2013-06-01,O,3603,413,485,32,3499
2013-06-02,A,1094,365,240,6,1213
2013-06-02,AB,868,80,79,13,856
2013-06-02,B,1938,401,298,15,2026
2013-06-02,O,3499,623,455,27,3640
2013-06-03,A,1213,162,282,7,1086
2013-06-03,AB,856,33,73,5,811
2013-06-03,B,2026,201,294,10,1923
2013-06-03,O,3640,287,441,25,3461
2013-06-04,A,1086,284,328,4,1038
2013-06-04,AB,811,75,81,11,794
2013-06-04,B,1923,312,315,10,1910
2013-06-04,O,3461,444,554,19,3332
2013-06-05,A,1038,353,293,5,1093
2013-06-05,AB,794,82,78,12,786
2013-06-05,B,1910,395,327,13,1965
2013-06-05,O,3332,577,568,17,3324
2013-06-06,A,1093,266,310,5,1044
2013-06-06,AB,786,57,79,13,751
2013-06-06,B,1965,268,327,14,1892
2013-06-06,O,3324,440,578,24,3162
2013-06-07,A,1044,162,308,2,896
2013-06-07,AB,751,39,77,8,705
2013-06-07,B,1892,151,321,14,1708
2013-06-07,O,3162,263,524,21,2880
2013-06-08,A,896,159,262,6,787
2013-06-08,AB,705,48,66,8,679
2013-06-08,B,1708,175,275,9,1599
2013-06-08,O,2880,258,434,12,2692
2013-06-09,A,787,435,257,4,961
2013-06-09,AB,679,121,71,10,719
2013-06-09,B,1599,419,273,13,1732
2013-06-09,O,2692,664,470,25,2861
2013-06-10,A,961,228,297,8,884
2013-06-10,AB,719,54,73,8,692
2013-06-10,B,1732,248,320,11,1649
2013-06-10,O,2861,338,512,14,2673
2013-06-11,A,884,309,333,4,856
2013-06-11,AB,692,82,72,4,698
2013-06-11,B,1649,349,336,14,1648
2013-06-11,O,2673,481,485,18,2651
2013-06-12,A,856,350,294,1,911
2013-06-12,AB,698,82,74,7,699
2013-06-12,B,1648,385,320,8,1705
2013-06-12,O,2651,554,451,16,2738
2013-06-13,A,911,312,283,7,933
2013-06-13,AB,699,92,88,9,694
2013-06-13,B,1705,350,322,19,1714
2013-06-13,O,2738,484,455,21,2746
2013-06-14,A,933,308,294,9,938
2013-06-14,AB,694,84,65,6,707
2013-06-14,B,1714,313,284,11,1732
2013-06-14,O,2746,482,487,14,2727
2013-06-15,A,938,361,278,8,1013
2013-06-15,AB,707,91,69,11,718
2013-06-15,B,1732,335,284,10,1773
2013-06-15,O,2727,515,436,8,2798
2013-06-16,A,1013,524,297,5,1235
2013-06-16,AB,718,132,69,9,772
2013-06-16,B,1773,563,291,14,2031
2013-06-16,O,2798,883,439,24,3218
2013-06-17,A,1235,331,319,7,1240
2013-06-17,AB,772,113,71,10,804
2013-06-17,B,2031,382,327,10,2076
2013-06-17,O,3218,517,506,17,3212
2013-06-18,A,1240,352,301,9,1282
2013-06-18,AB,804,124,59,13,856
2013-06-18,B,2076,459,297,9,2229
2013-06-18,O,3212,660,489,31,3352
2013-06-19,A,1282,376,311,8,1339
2013-06-19,AB,856,94,73,16,861
2013-06-19,B,2229,405,339,24,2271
2013-06-19,O,3352,613,513,19,3433
2013-06-20,A,1339,428,296,15,1456
2013-06-20,AB,861,111,68,14,890
2013-06-20,B,2271,466,338,21,2378
2013-06-20,O,3433,679,461,26,3625
2013-06-21,A,1456,257,319,11,1383
2013-06-21,AB,890,76,87,12,867
2013-06-21,B,2378,310,357,22,2309
2013-06-21,O,3625,423,524,31,3493
2013-06-22,A,1383,401,289,10,1485
2013-06-22,AB,867,98,85,14,866
2013-06-22,B,2309,441,311,17,2422
2013-06-22,O,3493,727,480,22,3718
2013-06-23,A,1485,524,280,10,1719
2013-06-23,AB,866,135,78,12,911
2013-06-23,B,2422,495,280,21,2616
2013-06-23,O,3718,883,504,40,4057
2013-06-24,A,1719,200,318,15,1586
2013-06-24,AB,911,51,77,14,871
2013-06-24,B,2616,206,299,31,2492
2013-06-24,O,4057,330,525,33,3829
2013-06-25,A,1586,285,321,12,1538
2013-06-25,AB,871,96,76,22,869
2013-06-25,B,2492,356,313,23,2512
2013-06-25,O,3829,531,506,21,3833
2013-06-26,A,1538,256,311,15,1468
2013-06-26,AB,869,67,85,13,838
2013-06-26,B,2512,306,288,18,2512
2013-06-26,O,3833,460,555,23,3715
2013-06-27,A,1468,288,332,9,1415
2013-06-27,AB,838,62,95,10,795
2013-06-27,B,2512,368,317,29,2534
2013-06-27,O,3715,480,486,21,3688
2013-06-28,A,1415,297,311,10,1391
2013-06-28,AB,795,80,93,10,772
2013-06-28,B,2534,291,333,22,2470
2013-06-28,O,3688,441,499,24,3606
2013-06-29,A,1391,301,325,13,1354
2013-06-29,AB,772,74,69,6,771
2013-06-29,B,2470,325,294,28,2473
2013-06-29,O,3606,454,469,22,3569
2013-06-30,A,1354,532,295,10,1581
2013-06-30,AB,771,106,56,17,804
2013-06-30,B,2473,508,263,20,2698
2013-06-30,O,3569,812,444,32,3905
2013-07-01,A,1581,376,364,8,1585
2013-07-01,AB,804,95,77,17,805
2013-07-01,B,2698,438,355,29,2752
2013-07-01,O,3905,555,489,28,3943
2013-07-02,A,1585,397,313,14,1655
2013-07-02,AB,805,94,69,10,820
2013-07-02,B,2752,442,326,22,2846
2013-07-02,O,3943,667,461,42,4107
2013-07-03,A,1655,415,328,8,1734
2013-07-03,AB,820,104,77,16,831
2013-07-03,B,2846,504,326,30,2994
2013-07-03,O,4107,708,544,30,4241
2013-07-04,A,1734,383,361,11,1745
2013-07-04,AB,831,96,74,15,838
2013-07-04,B,2994,404,314,39,3045
2013-07-04,O,4241,658,534,40,4325
2013-07-05,A,1745,248,308,8,1677
2013-07-05,AB,838,73,72,13,826
2013-07-05,B,3045,273,315,35,2968
2013-07-05,O,4325,436,558,37,4166
2013-07-06,A,1677,581,325,9,1924
2013-07-06,AB,826,158,86,10,888
2013-07-06,B,2968,655,300,37,3286
2013-07-06,O,4166,1045,538,45,4628
2013-07-07,A,1924,821,327,23,2395
2013-07-07,AB,888,222,80,17,1013
2013-07-07,B,3286,899,324,56,3805
2013-07-07,O,4628,1365,570,75,5348
2013-07-08,A,2395,353,370,19,2359
2013-07-08,AB,1013,108,95,11,1015
2013-07-08,B,3805,411,365,53,3798
2013-07-08,O,5348,558,1309,44,4553
2013-07-09,A,2359,331,400,19,2271
2013-07-09,AB,1015,78,99,21,973
2013-07-09,B,3798,338,350,48,3738
2013-07-09,O,4553,511,653,41,4370
2013-07-10,A,2271,59,364,7,1959
2013-07-10,AB,973,17,83,10,897
2013-07-10,B,3738,59,367,47,3383
2013-07-10,O,4370,119,624,31,3834
2013-07-11,A,1959,93,288,11,1753
2013-07-11,AB,897,14,83,7,821
2013-07-11,B,3383,90,316,37,3120
2013-07-11,O,3834,151,599,17,3369
2013-07-12,A,1753,135,370,6,1512
2013-07-12,AB,821,38,88,16,755
2013-07-12,B,3120,147,346,31,2890
2013-07-12,O,3369,233,610,15,2977
2013-07-13,A,1512,112,328,6,1290
2013-07-13,AB,755,24,84,6,689
2013-07-13,B,2890,129,266,34,2719
2013-07-13,O,2977,219,594,13,2589
2013-07-14,A,1290,677,312,11,1644
2013-07-14,AB,689,160,75,9,765
2013-07-14,B,2719,666,331,28,3026
2013-07-14,O,2589,1238,611,26,3190
2013-07-15,A,1644,107,370,15,1366
2013-07-15,AB,765,36,103,9,689
2013-07-15,B,3026,141,362,32,2773
2013-07-15,O,3190,196,639,20,2727
2013-07-16,A,1366,270,345,9,1282
2013-07-16,AB,689,72,88,3,670
2013-07-16,B,2773,244,319,32,2666
2013-07-16,O,2727,447,615,24,2535
2013-07-17,A,1282,283,332,5,1228
2013-07-17,AB,670,70,95,4,641
2013-07-17,B,2666,320,347,23,2616
2013-07-17,O,2535,541,614,14,2448
2013-07-18,A,1228,254,383,5,1094
2013-07-18,AB,641,83,90,10,624
2013-07-18,B,2616,288,299,23,2582
2013-07-18,O,2448,493,612,19,2310
2013-07-19,A,1094,227,342,9,970
2013-07-19,AB,624,58,76,6,600
2013-07-19,B,2582,206,321,23,2444
2013-07-19,O,2310,373,639,9,2035
2013-07-20,A,970,155,270,5,850
2013-07-20,AB,600,61,70,10,581
2013-07-20,B,2444,165,312,15,2282
2013-07-20,O,2035,280,585,10,1720
2013-07-21,A,850,576,318,2,1106
2013-07-21,AB,581,141,75,5,642
2013-07-21,B,2282,648,314,21,2595
2013-07-21,O,1720,916,564,13,2059
2013-07-22,A,1106,148,375,4,875
2013-07-22,AB,642,32,66,7,601
2013-07-22,B,2595,129,291,15,2418
2013-07-22,O,2059,224,614,13,1656
2013-07-23,A,875,228,338,5,760
2013-07-23,AB,601,62,69,5,589
2013-07-23,B,2418,229,306,15,2326
2013-07-23,O,1656,330,560,17,1409
2013-07-24,A,760,422,343,5,834
2013-07-24,AB,589,99,81,9,598
2013-07-24,B,2326,451,306,13,2458
2013-07-24,O,1409,721,643,9,1478
2013-07-25,A,834,202,331,2,703
2013-07-25,AB,598,45,71,1,571
2013-07-25,B,2458,196,303,13,2338
2013-07-25,O,1478,280,596,7,1155
2013-07-26,A,703,158,353,2,506
2013-07-26,AB,571,36,78,2,527
2013-07-26,B,2338,172,324,17,2169
2013-07-26,O,1155,244,593,5,801
2013-07-27,A,506,305,342,4,465
2013-07-27,AB,527,76,83,5,515
2013-07-27,B,2169,302,296,10,2165
2013-07-27,O,801,494,524,3,768
2013-07-28,A,465,714,340,7,832
2013-07-28,AB,515,152,77,8,582
2013-07-28,B,2165,678,295,23,2525
2013-07-28,O,768,1185,539,7,1407
2013-07-29,A,832,70,322,4,576
2013-07-29,AB,582,15,68,4,525
2013-07-29,B,2525,54,303,12,2264
2013-07-29,O,1407,114,563,9,949
2013-07-30,A,576,157,326,3,404
2013-07-30,AB,525,50,82,3,490
2013-07-30,B,2264,189,282,11,2160
2013-07-30,O,949,286,572,6,657
2013-07-31,A,404,278,302,2,378
2013-07-31,AB,490,79,87,2,480
2013-07-31,B,2160,297,309,15,2133
2013-07-31,O,657,485,600,1,541
2013-08-01,A,378,151,307,1,221
2013-08-01,AB,480,56,73,4,459
2013-08-01,B,2133,154,270,13,2004
2013-08-01,O,541,271,540,2,270
2013-08-02,A,221,92,296,1,16
2013-08-02,AB,459,27,77,3,406
2013-08-02,B,2004,98,271,11,1820
2013-08-02,O,270,181,451,0,0
2013-08-03,A,16,154,170,0,0
2013-08-03,AB,406,37,43,3,397
2013-08-03,B,1820,176,237,8,1751
2013-08-03,O,0,295,295,0,0
2013-08-04,A,0,608,290,1,317
2013-08-04,AB,397,125,60,1,461
2013-08-04,B,1751,594,256,13,2076
2013-08-04,O,0,1031,488,6,537
2013-08-05,A,317,95,303,3,106
2013-08-05,AB,461,31,59,2,431
2013-08-05,B,2076,104,272,11,1897
2013-08-05,O,537,171,521,3,184
2013-08-06,A,106,131,237,0,0
2013-08-06,AB,431,26,44,1,412
2013-08-06,B,1897,124,216,9,1796
2013-08-06,O,184,223,407,0,0
2013-08-07,A,0,63,63,0,0
2013-08-07,AB,412,12,64,2,358
2013-08-07,B,1796,72,215,7,1646
2013-08-07,O,0,94,94,0,0
2013-08-08,A,0,6,6,0,0
2013-08-08,AB,358,1,65,3,291
2013-08-08,B,1646,8,214,5,1435
2013-08-08,O,0,8,8,0,0
2013-08-09,A,0,7,7,0,0
2013-08-09,AB,291,1,48,1,243
2013-08-09,B,1435,5,206,9,1225
2013-08-09,O,0,6,6,0,0
2013-08-10,A,0,139,139,0,0
2013-08-10,AB,243,30,57,0,216
2013-08-10,B,1225,106,174,10,1147
2013-08-10,O,0,201,201,0,0
2013-08-11,A,0,246,218,0,28
2013-08-11,AB,216,59,42,3,230
2013-08-11,B,1147,291,183,11,1244
2013-08-11,O,0,465,425,0,40
2013-08-12,A,28,139,167,0,0
2013-08-12,AB,230,38,54,0,214
2013-08-12,B,1244,161,206,6,1193
2013-08-12,O,40,186,226,0,0
2013-08-13,A,0,165,165,0,0
2013-08-13,AB,214,49,44,1,218
2013-08-13,B,1193,209,219,10,1173
2013-08-13,O,0,303,303,0,0
2013-08-14,A,0,309,237,2,70
2013-08-14,AB,218,66,60,1,223
2013-08-14,B,1173,379,222,7,1323
2013-08-14,O,0,567,391,1,175
2013-08-15,A,70,232,217,0,85
2013-08-15,AB,223,59,45,1,236
2013-08-15,B,1323,267,262,4,1324
2013-08-15,O,175,380,380,1,174
2013-08-16,A,85,286,250,0,121
2013-08-16,AB,236,62,56,2,240
2013-08-16,B,1324,265,200,12,1377
2013-08-16,O,174,460,410,3,221
2013-08-17,A,121,235,205,1,150
2013-08-17,AB,240,58,39,0,259
2013-08-17,B,1377,278,192,4,1459
2013-08-17,O,221,398,342,1,276
2013-08-18,A,150,672,246,6,570
2013-08-18,AB,259,145,57,4,343
2013-08-18,B,1459,710,223,13,1933
2013-08-18,O,276,1108,383,9,992
2013-08-19,A,570,158,265,3,460
2013-08-19,AB,343,33,55,1,320
2013-08-19,B,1933,173,248,14,1844
2013-08-19,O,992,268,416,5,839
2013-08-20,A,460,400,279,1,580
2013-08-20,AB,320,98,53,2,363
2013-08-20,B,1844,428,238,9,2025
2013-08-20,O,839,645,413,5,1066
2013-08-21,A,580,378,274,4,680
2013-08-21,AB,363,121,63,0,421
2013-08-21,B,2025,466,266,14,2211
2013-08-21,O,1066,652,399,8,1311
2013-08-22,A,680,308,253,8,727
2013-08-22,AB,421,72,66,1,426
2013-08-22,B,2211,373,244,19,2321
2013-08-22,O,1311,518,445,10,1374
2013-08-23,A,727,279,235,5,766
2013-08-23,AB,426,71,50,3,444
2013-08-23,B,2321,299,258,18,2344
2013-08-23,O,1374,439,392,12,1409
2013-08-24,A,766,267,219,2,812
2013-08-24,AB,444,84,58,6,464
2013-08-24,B,2344,294,218,16,2404
2013-08-24,O,1409,446,392,7,1456
2013-08-25,A,812,373,225,3,957
2013-08-25,AB,464,98,57,4,501
2013-08-25,B,2404,421,231,17,2577
2013-08-25,O,1456,596,381,9,1662
2013-08-26,A,957,179,255,8,873
2013-08-26,AB,501,75,64,1,511
2013-08-26,B,2577,227,229,23,2552
2013-08-26,O,1662,370,441,9,1582
2013-08-27,A,873,311,232,7,945
2013-08-27,AB,511,99,58,8,544
2013-08-27,B,2552,353,255,22,2628
2013-08-27,O,1582,569,393,11,1747
2013-08-28,A,945,373,256,10,1052
2013-08-28,AB,544,114,57,6,595
2013-08-28,B,2628,481,248,36,2825
2013-08-28,O,1747,697,417,11,2016
2013-08-29,A,1052,358,266,12,1132
2013-08-29,AB,595,103,58,8,632
2013-08-29,B,2825,397,309,29,2884
2013-08-29,O,2016,588,403,14,2187
2013-08-30,A,1132,222,260,6,1088
2013-08-30,AB,632,56,58,6,624
2013-08-30,B,2884,228,290,34,2788
2013-08-30,O,2187,333,437,15,2068
2013-08-31,A,1088,413,237,13,1251
2013-08-31,AB,624,100,52,11,661
2013-08-31,B,2788,412,266,33,2901
2013-08-31,O,2068,657,385,12,2328
2013-09-01,A,1251,338,224,18,1347
2013-09-01,AB,661,98,58,9,692
2013-09-01,B,2901,338,308,24,2907
2013-09-01,O,2328,585,433,16,2464
2013-09-02,A,1347,168,286,5,1224
2013-09-02,AB,692,47,57,5,677
2013-09-02,B,2907,198,325,23,2757
2013-09-02,O,2464,257,462,19,2240
2013-09-03,A,1224,252,266,4,1206
2013-09-03,AB,677,64,53,10,678
2013-09-03,B,2757,307,311,25,2728
2013-09-03,O,2240,456,432,6,2258
2013-09-04,A,1206,339,282,8,1255
2013-09-04,AB,678,97,52,9,714
2013-09-04,B,2728,385,328,26,2759
2013-09-04,O,2258,600,470,13,2375
2013-09-05,A,1255,251,285,8,1213
2013-09-05,AB,714,80,92,9,693
2013-09-05,B,2759,272,310,28,2693
2013-09-05,O,2375,436,486,18,2307
2013-09-06,A,1213,166,271,5,1103
2013-09-06,AB,693,31,67,9,648
2013-09-06,B,2693,153,305,21,2520
2013-09-06,O,2307,214,442,7,2072
2013-09-07,A,1103,617,267,6,1447
2013-09-07,AB,648,134,68,14,700
2013-09-07,B,2520,649,284,31,2854
2013-09-07,O,2072,1116,489,7,2692
2013-09-08,A,1447,419,261,11,1594
2013-09-08,AB,700,111,75,9,727
2013-09-08,B,2854,470,315,38,2971
2013-09-08,O,2692,738,519,26,2885
2013-09-09,A,1594,228,303,12,1507
2013-09-09,AB,727,57,75,14,695
2013-09-09,B,2971,240,368,26,2817
2013-09-09,O,2885,325,535,9,2666
2013-09-10,A,1507,322,308,10,1511
2013-09-10,AB,695,79,91,11,672
2013-09-10,B,2817,390,382,22,2803
2013-09-10,O,2666,550,540,11,2665
2013-09-11,A,1511,373,359,3,1522
2013-09-11,AB,672,115,76,11,700
2013-09-11,B,2803,440,380,30,2833
2013-09-11,O,2665,606,564,18,2689
2013-09-12,A,1522,361,310,9,1564
2013-09-12,AB,700,98,73,7,718
2013-09-12,B,2833,405,381,29,2828
2013-09-12,O,2689,591,563,15,2702
2013-09-13,A,1564,229,320,12,1461
2013-09-13,AB,718,68,74,8,704
2013-09-13,B,2828,243,390,19,2662
2013-09-13,O,2702,420,550,12,2560
2013-09-14,A,1461,228,320,10,1359
2013-09-14,AB,704,66,69,9,692
2013-09-14,B,2662,240,354,16,2532
2013-09-14,O,2560,375,528,10,2397
2013-09-15,A,1359,366,299,8,1418
2013-09-15,AB,692,107,92,2,705
2013-09-15,B,2532,457,369,24,2596
2013-09-15,O,2397,642,531,17,2491
2013-09-16,A,1418,273,325,8,1358
2013-09-16,AB,705,86,91,10,690
2013-09-16,B,2596,322,408,17,2493
2013-09-16,O,2491,461,584,11,2357
2013-09-17,A,1358,235,298,9,1286
2013-09-17,AB,690,62,75,9,668
2013-09-17,B,2493,221,380,17,2317
2013-09-17,O,2357,314,545,7,2119
2013-09-18,A,1286,387,352,6,1315
2013-09-18,AB,668,108,88,11,677
2013-09-18,B,2317,485,394,13,2395
2013-09-18,O,2119,718,558,12,2267
2013-09-19,A,1315,393,353,10,1345
2013-09-19,AB,677,98,79,9,687
2013-09-19,B,2395,431,389,22,2415
2013-09-19,O,2267,659,570,15,2341
2013-09-20,A,1345,203,310,7,1231
2013-09-20,AB,687,53,90,7,643
2013-09-20,B,2415,256,398,13,2260
2013-09-20,O,2341,339,568,9,2103
2013-09-21,A,1231,324,308,6,1241
2013-09-21,AB,643,74,80,6,631
2013-09-21,B,2260,352,355,22,2235
2013-09-21,O,2103,544,488,13,2146
2013-09-22,A,1241,535,315,8,1453
2013-09-22,AB,631,130,82,4,675
2013-09-22,B,2235,541,353,26,2397
2013-09-22,O,2146,943,544,14,2531
2013-09-23,A,1453,223,363,6,1307
2013-09-23,AB,675,69,101,5,638
2013-09-23,B,2397,249,353,11,2282
2013-09-23,O,2531,355,583,10,2293
2013-09-24,A,1307,483,311,13,1466
2013-09-24,AB,638,129,105,6,656
2013-09-24,B,2282,529,399,22,2390
2013-09-24,O,2293,758,608,14,2429
2013-09-25,A,1466,373,344,5,1490
2013-09-25,AB,656,108,102,10,652
2013-09-25,B,2390,418,394,13,2401
2013-09-25,O,2429,571,593,13,2394
2013-09-26,A,1490,301,311,6,1474
2013-09-26,AB,652,59,92,7,612
2013-09-26,B,2401,306,388,16,2303
2013-09-26,O,2394,410,570,11,2223
2013-09-27,A,1474,251,331,13,1381
2013-09-27,AB,612,72,88,2,594
2013-09-27,B,2303,305,402,18,2188
2013-09-27,O,2223,411,560,14,2060
2013-09-28,A,1381,320,298,9,1394
2013-09-28,AB,594,75,77,3,589
2013-09-28,B,2188,353,366,10,2165
2013-09-28,O,2060,538,504,17,2077
2013-09-29,A,1394,608,345,8,1649
2013-09-29,AB,589,141,81,7,642
2013-09-29,B,2165,635,354,24,2422
2013-09-29,O,2077,1035,550,14,2548
2013-09-30,A,1649,148,334,8,1455
2013-09-30,AB,642,43,84,6,595
2013-09-30,B,2422,153,411,17,2147
2013-09-30,O,2548,255,640,19,2144
2013-10-01,A,1455,293,355,7,1386
2013-10-01,AB,595,75,82,4,584
2013-10-01,B,2147,319,393,18,2055
2013-10-01,O,2144,509,510,17,2126
2013-10-02,A,1386,278,336,10,1318
2013-10-02,AB,584,77,84,9,568
2013-10-02,B,2055,314,365,10,1994
2013-10-02,O,2126,455,600,10,1971
2013-10-03,A,1318,274,358,9,1225
2013-10-03,AB,568,67,82,4,549
2013-10-03,B,1994,315,392,6,1911
2013-10-03,O,1971,471,592,16,1834
2013-10-04,A,1225,168,317,1,1075
2013-10-04,AB,549,55,64,5,535
2013-10-04,B,1911,208,331,7,1781
2013-10-04,O,1834,309,530,15,1598
2013-10-05,A,1075,360,327,7,1101
2013-10-05,AB,535,96,66,4,561
2013-10-05,B,1781,366,330,14,1803
2013-10-05,O,1598,620,507,12,1699
2013-10-06,A,1101,459,305,7,1248
2013-10-06,AB,561,126,68,5,614
2013-10-06,B,1803,499,378,10,1914
2013-10-06,O,1699,757,544,9,1903
2013-10-07,A,1248,229,360,6,1111
2013-10-07,AB,614,56,99,7,564
2013-10-07,B,1914,251,371,17,1777
2013-10-07,O,1903,361,587,9,1668
2013-10-08,A,1111,345,373,5,1078
2013-10-08,AB,564,80,68,4,572
2013-10-08,B,1777,366,363,11,1769
2013-10-08,O,1668,534,548,15,1639
2013-10-09,A,1078,399,330,8,1139
2013-10-09,AB,572,124,79,10,607
2013-10-09,B,1769,398,352,10,1805
2013-10-09,O,1639,614,548,11,1694
2013-10-10,A,1139,313,373,13,1066
2013-10-10,AB,607,103,77,5,628
2013-10-10,B,1805,350,355,12,1788
2013-10-10,O,1694,494,584,11,1593
2013-10-11,A,1066,247,356,7,950
2013-10-11,AB,628,66,79,4,611
2013-10-11,B,1788,247,357,12,1666
2013-10-11,O,1593,395,570,16,1402
2013-10-12,A,950,338,337,6,945
2013-10-12,AB,611,94,64,8,633
2013-10-12,B,1666,381,369,6,1672
2013-10-12,O,1402,567,530,10,1429
2013-10-13,A,945,451,321,4,1071
2013-10-13,AB,633,114,85,11,651
2013-10-13,B,1672,482,342,14,1798
2013-10-13,O,1429,790,521,13,1685
2013-10-14,A,1071,113,333,4,847
2013-10-14,AB,651,33,83,4,597
2013-10-14,B,1798,114,345,10,1557
2013-10-14,O,1685,209,552,5,1337
2013-10-15,A,847,37,333,2,549
2013-10-15,AB,597,7,94,2,508
2013-10-15,B,1557,39,375,6,1215
2013-10-15,O,1337,63,520,7,873
2013-10-16,A,549,98,335,3,309
2013-10-16,AB,508,21,65,1,463
2013-10-16,B,1215,80,341,5,949
2013-10-16,O,873,161,534,3,497
2013-10-17,A,309,355,334,3,327
2013-10-17,AB,463,86,80,3,466
2013-10-17,B,949,405,326,9,1019
2013-10-17,O,497,622,502,6,611
2013-10-18,A,327,115,276,4,162
2013-10-18,AB,466,20,85,2,399
2013-10-18,B,1019,130,339,8,802
2013-10-18,O,611,192,513,1,289
2013-10-19,A,162,330,273,1,218
2013-10-19,AB,399,81,60,2,418
2013-10-19,B,802,368,329,5,836
2013-10-19,O,289,545,465,4,365
2013-10-20,A,218,577,282,6,507
2013-10-20,AB,418,122,80,1,459
2013-10-20,B,836,562,325,6,1067
2013-10-20,O,365,875,494,3,743
2013-10-21,A,507,300,308,2,497
2013-10-21,AB,459,77,84,2,450
2013-10-21,B,1067,348,934,0,481
2013-10-21,O,743,501,497,2,745
2013-10-22,A,497,342,310,4,525
2013-10-22,AB,450,100,75,2,473
2013-10-22,B,481,368,336,5,508
2013-10-22,O,745,544,526,4,759
2013-10-23,A,525,419,311,6,627
2013-10-23,AB,473,119,75,4,513
2013-10-23,B,508,479,342,0,645
2013-10-23,O,759,689,521,8,919
2013-10-24,A,627,324,320,7,624
2013-10-24,AB,513,96,82,2,525
2013-10-24,B,645,372,361,4,652
2013-10-24,O,919,514,546,13,874
2013-10-25,A,624,435,325,7,727
2013-10-25,AB,525,85,98,9,503
2013-10-25,B,652,499,350,6,795
2013-10-25,O,874,685,531,5,1023
2013-10-26,A,727,336,321,4,738
2013-10-26,AB,503,86,73,3,513
2013-10-26,B,795,373,314,5,849
2013-10-26,O,1023,606,494,8,1127
2013-10-27,A,738,480,292,4,922
2013-10-27,AB,513,100,79,0,534
2013-10-27,B,849,455,364,3,937
2013-10-27,O,1127,800,495,8,1424
2013-10-28,A,922,244,314,6,846
2013-10-28,AB,534,73,85,4,518
2013-10-28,B,937,306,309,4,930
2013-10-28,O,1424,398,560,2,1260
2013-10-29,A,846,225,290,7,774
2013-10-29,AB,518,71,77,2,510
2013-10-29,B,930,309,362,10,867
2013-10-29,O,1260,422,534,9,1139
2013-10-30,A,774,355,320,5,804
2013-10-30,AB,510,100,71,5,534
2013-10-30,B,867,446,316,8,989
2013-10-30,O,1139,597,491,6,1239
2013-10-31,A,804,261,302,2,761
2013-10-31,AB,534,72,104,3,499
2013-10-31,B,989,313,337,9,956
2013-10-31,O,1239,393,518,11,1103
2013-11-01,A,761,167,321,7,600
2013-11-01,AB,499,35,95,1,438
2013-11-01,B,956,173,343,4,782
2013-11-01,O,1103,269,499,11,862
2013-11-02,A,600,294,289,4,601
2013-11-02,AB,438,66,84,3,417
2013-11-02,B,782,321,332,3,768
2013-11-02,O,862,497,535,7,817
2013-11-03,A,601,389,305,5,680
2013-11-03,AB,417,96,85,0,428
2013-11-03,B,768,400,330,4,834
2013-11-03,O,817,580,523,6,868
2013-11-04,A,680,107,325,4,458
2013-11-04,AB,428,29,75,2,380
2013-11-04,B,834,108,335,4,603
2013-11-04,O,868,196,540,4,520
2013-11-05,A,458,138,356,2,238
2013-11-05,AB,380,35,84,3,328
2013-11-05,B,603,153,348,3,405
2013-11-05,O,520,228,475,2,271
2013-11-06,A,238,186,293,1,130
2013-11-06,AB,328,66,65,3,326
2013-11-06,B,405,214,343,1,275
2013-11-06,O,271,303,523,0,51
2013-11-07,A,130,336,286,0,180
2013-11-07,AB,326,86,82,2,328
2013-11-07,B,275,340,339,1,275
2013-11-07,O,51,536,587,0,0
2013-11-08,A,180,210,281,0,109
2013-11-08,AB,328,50,76,4,298
2013-11-08,B,275,234,344,0,165
2013-11-08,O,0,315,315,0,0
2013-11-09,A,109,224,261,1,71
2013-11-09,AB,298,55,73,0,280
2013-11-09,B,165,217,296,0,86
2013-11-09,O,0,336,336,0,0
2013-11-10,A,71,530,277,2,322
2013-11-10,AB,280,108,69,1,318
2013-11-10,B,86,492,276,2,300
2013-11-10,O,0,843,430,1,412
2013-11-11,A,322,195,265,1,251
2013-11-11,AB,318,53,78,0,293
2013-11-11,B,300,290,342,1,247
2013-11-11,O,412,386,488,0,310
2013-11-12,A,251,245,268,0,228
2013-11-12,AB,293,65,64,2,292
2013-11-12,B,247,271,320,0,198
2013-11-12,O,310,454,513,0,251
2013-11-13,A,228,328,320,0,236
2013-11-13,AB,292,84,75,2,299
2013-11-13,B,198,385,327,3,253
2013-11-13,O,251,586,471,3,363
2013-11-14,A,236,380,334,3,279
2013-11-14,AB,299,104,82,1,320
2013-11-14,B,253,440,312,3,378
2013-11-14,O,363,687,550,4,496
2013-11-15,A,279,286,307,1,257
2013-11-15,AB,320,59,63,1,315
2013-11-15,B,378,293,363,1,307
2013-11-15,O,496,468,516,3,445
2013-11-16,A,257,238,275,1,219
2013-11-16,AB,315,65,84,1,295
2013-11-16,B,307,266,321,3,249
2013-11-16,O,445,414,504,2,353
2013-11-17,A,219,269,281,0,207
2013-11-17,AB,295,70,81,5,279
2013-11-17,B,249,304,343,0,210
2013-11-17,O,353,501,531,1,322
2013-11-18,A,207,164,310,1,60
2013-11-18,AB,279,38,78,3,236
2013-11-18,B,210,159,356,0,13
2013-11-18,O,322,246,568,0,0
2013-11-19,A,60,236,287,0,9
2013-11-19,AB,236,74,76,1,233
2013-11-19,B,13,258,271,0,0
2013-11-19,O,0,402,402,0,0
2013-11-20,A,9,409,297,0,121
2013-11-20,AB,233,99,80,4,248
2013-11-20,B,0,424,333,0,91
2013-11-20,O,0,616,491,0,125
2013-11-21,A,121,334,282,3,170
2013-11-21,AB,248,87,80,1,254
2013-11-21,B,91,350,363,2,76
2013-11-21,O,125,467,529,0,63
2013-11-22,A,170,174,289,0,55
2013-11-22,AB,254,50,80,0,224
2013-11-22,B,76,178,254,0,0
2013-11-22,O,63,322,385,0,0
2013-11-23,A,55,238,239,0,54
2013-11-23,AB,224,74,65,2,231
2013-11-23,B,0,303,303,0,0
2013-11-23,O,0,379,379,0,0
2013-11-24,A,54,570,268,4,352
2013-11-24,AB,231,118,61,5,283
2013-11-24,B,0,555,322,3,230
2013-11-24,O,0,878,455,2,421
2013-11-25,A,352,186,291,1,246
2013-11-25,AB,283,53,71,2,263
2013-11-25,B,230,185,365,0,50
2013-11-25,O,421,277,475,3,220
2013-11-26,A,246,257,284,2,217
2013-11-26,AB,263,72,72,4,259
2013-11-26,B,50,301,340,0,11
2013-11-26,O,220,435,491,1,163
2013-11-27,A,217,272,283,1,205
2013-11-27,AB,259,84,77,0,266
2013-11-27,B,11,354,338,0,27
2013-11-27,O,163,473,501,2,133
2013-11-28,A,205,285,261,1,228
2013-11-28,AB,266,87,63,2,288
2013-11-28,B,27,306,303,0,30
2013-11-28,O,133,500,530,1,102
2013-11-29,A,228,284,277,1,234
2013-11-29,AB,288,72,83,1,276
2013-11-29,B,30,306,329,0,7
2013-11-29,O,102,464,470,1,95
2013-11-30,A,234,221,271,3,181
2013-11-30,AB,276,84,64,3,293
2013-11-30,B,7,263,270,0,0
2013-11-30,O,95,388,434,0,49
2013-12-01,A,181,603,277,3,504
2013-12-01,AB,293,160,66,3,384
2013-12-01,B,0,653,340,0,313
2013-12-01,O,49,972,449,5,567
2013-12-02,A,504,166,279,2,389
2013-12-02,AB,384,31,84,4,327
2013-12-02,B,313,130,332,1,110
2013-12-02,O,567,229,496,3,297
2013-12-03,A,389,234,251,1,371
2013-12-03,AB,327,52,70,1,308
2013-12-03,B,110,280,334,0,56
2013-12-03,O,297,386,488,3,192
2013-12-04,A,371,436,275,5,527
2013-12-04,AB,308,101,79,1,329
2013-12-04,B,56,443,336,0,163
2013-12-04,O,192,702,492,2,400
2013-12-05,A,527,320,297,6,544
2013-12-05,AB,329,78,81,2,324
2013-12-05,B,163,401,331,2,231
2013-12-05,O,400,554,487,5,462
2013-12-06,A,544,206,291,2,457
2013-12-06,AB,324,49,74,2,297
2013-12-06,B,231,213,345,0,99
2013-12-06,O,462,340,456,2,344
2013-12-07,A,457,310,255,6,506
2013-12-07,AB,297,79,67,2,307
2013-12-07,B,99,334,318,0,115
2013-12-07,O,344,528,443,5,424
2013-12-08,A,506,459,263,1,701
2013-12-08,AB,307,108,74,0,341
2013-12-08,B,115,410,302,2,221
2013-12-08,O,424,707,533,2,596
2013-12-09,A,701,172,279,7,587
2013-12-09,AB,341,45,73,2,311
2013-12-09,B,221,193,394,0,20
2013-12-09,O,596,280,537,1,338
2013-12-10,A,587,336,280,3,640
2013-12-10,AB,311,76,70,2,315
2013-12-10,B,20,362,318,1,63
2013-12-10,O,338,568,499,5,402
2013-12-11,A,640,363,263,4,736
2013-12-11,AB,315,107,85,3,334
2013-12-11,B,63,399,341,1,120
2013-12-11,O,402,601,524,2,477
2013-12-12,A,736,342,301,1,776
2013-12-12,AB,334,103,91,1,345
2013-12-12,B,120,395,359,2,154
2013-12-12,O,477,582,496,1,562
2013-12-13,A,776,190,290,6,670
2013-12-13,AB,345,53,74,3,321
2013-12-13,B,154,210,320,1,43
2013-12-13,O,562,280,498,4,340
2013-12-14,A,670,277,257,7,683
2013-12-14,AB,321,46,86,0,281
2013-12-14,B,43,272,315,0,0
2013-12-14,O,340,405,436,2,307
2013-12-15,A,683,592,270,5,1000
2013-12-15,AB,281,141,68,3,351
2013-12-15,B,0,619,358,4,257
2013-12-15,O,307,985,489,6,797
2013-12-16,A,1000,170,316,1,853
2013-12-16,AB,351,45,77,1,318
2013-12-16,B,257,179,352,0,84
2013-12-16,O,797,283,500,4,576
2013-12-17,A,853,336,310,2,877
2013-12-17,AB,318,103,106,1,314
2013-12-17,B,84,399,338,0,145
2013-12-17,O,576,557,496,4,633
2013-12-18,A,877,387,304,5,955
2013-12-18,AB,314,88,96,0,306
2013-12-18,B,145,374,343,1,175
2013-12-18,O,633,556,504,5,680
2013-12-19,A,955,274,315,3,911
2013-12-19,AB,306,89,75,1,319
2013-12-19,B,175,320,365,2,128
2013-12-19,O,680,457,520,5,612
2013-12-20,A,911,190,295,7,799
2013-12-20,AB,319,63,88,3,291
2013-12-20,B,128,240,351,0,17
2013-12-20,O,612,371,473,4,506
2013-12-21,A,799,301,285,4,811
2013-12-21,AB,291,67,67,1,290
2013-12-21,B,17,321,304,0,34
2013-12-21,O,506,527,436,5,592
2013-12-22,A,811,489,288,3,1009
2013-12-22,AB,290,120,60,1,349
2013-12-22,B,34,476,302,1,207
2013-12-22,O,592,835,450,6,971
2013-12-23,A,1009,169,337,0,841
2013-12-23,AB,349,56,83,0,322
2013-12-23,B,207,193,374,0,26
2013-12-23,O,971,308,566,2,711
2013-12-24,A,841,231,301,6,765
2013-12-24,AB,322,70,80,2,310
2013-12-24,B,26,235,261,0,0
2013-12-24,O,711,400,512,4,595
2013-12-25,A,765,190,299,4,652
2013-12-25,AB,310,64,87,1,286
2013-12-25,B,0,207,207,0,0
2013-12-25,O,595,292,510,1,376
2013-12-26,A,652,130,276,3,503
2013-12-26,AB,286,39,76,3,246
2013-12-26,B,0,131,131,0,0
2013-12-26,O,376,216,479,1,112
2013-12-27,A,503,228,302,6,423
2013-12-27,AB,246,74,75,3,242
2013-12-27,B,0,265,265,0,0
2013-12-27,O,112,411,478,0,45
2013-12-28,A,423,284,260,1,446
2013-12-28,AB,242,75,61,1,255
2013-12-28,B,0,304,304,0,0
2013-12-28,O,45,446,445,0,46
2013-12-29,A,446,407,264,3,586
2013-12-29,AB,255,105,52,3,305
2013-12-29,B,0,413,281,1,131
2013-12-29,O,46,677,480,0,243
2013-12-30,A,586,179,317,4,444
2013-12-30,AB,305,56,69,1,291
2013-12-30,B,131,200,310,0,21
2013-12-30,O,243,291,461,0,73
2013-12-31,A,444,189,280,6,347
2013-12-31,AB,291,53,71,6,267
2013-12-31,B,21,178,199,0,0
2013-12-31,O,73,334,407,0,0
2014-01-01,A,347,302,291,2,356
2014-01-01,AB,267,88,64,0,291
2014-01-01,B,0,365,329,0,36
2014-01-01,O,0,545,448,0,97
2014-01-02,A,356,184,286,3,251
2014-01-02,AB,291,40,71,2,258
2014-01-02,B,36,223,259,0,0
2014-01-02,O,97,297,394,0,0
2014-01-03,A,251,123,282,0,92
2014-01-03,AB,258,42,78,2,220
2014-01-03,B,0,158,158,0,0
2014-01-03,O,0,241,241,0,0
2014-01-04,A,92,260,256,0,96
2014-01-04,AB,220,71,59,4,228
2014-01-04,B,0,330,266,0,64
2014-01-04,O,0,461,393,1,67
2014-01-05,A,96,337,270,1,162
2014-01-05,AB,228,79,64,3,240
2014-01-05,B,64,360,265,1,158
2014-01-05,O,67,543,436,2,172
2014-01-06,A,162,156,273,1,44
2014-01-06,AB,240,50,67,1,222
2014-01-06,B,158,173,319,0,12
2014-01-06,O,172,279,451,0,0
2014-01-07,A,44,318,256,0,106
2014-01-07,AB,222,87,76,1,232
2014-01-07,B,12,384,295,0,101
2014-01-07,O,0,560,485,1,74
2014-01-08,A,106,413,253,1,265
2014-01-08,AB,232,105,72,1,264
2014-01-08,B,101,505,311,3,292
2014-01-08,O,74,646,498,0,222
2014-01-09,A,265,354,274,2,343
2014-01-09,AB,264,82,75,2,269
2014-01-09,B,292,393,297,4,384
2014-01-09,O,222,555,471,1,305
2014-01-10,A,343,222,261,3,301
2014-01-10,AB,269,53,56,3,263
2014-01-10,B,384,210,320,3,271
2014-01-10,O,305,360,474,1,190
2014-01-11,A,301,288,251,3,335
2014-01-11,AB,263,97,87,0,273
2014-01-11,B,271,392,259,2,402
2014-01-11,O,190,615,394,3,408
2014-01-12,A,335,491,256,3,567
2014-01-12,AB,273,132,63,1,341
2014-01-12,B,402,528,292,2,636
2014-01-12,O,408,818,403,8,815
2014-01-13,A,567,207,281,2,491
2014-01-13,AB,341,49,60,5,325
2014-01-13,B,636,242,283,3,592
2014-01-13,O,815,357,462,8,702
2014-01-14,A,491,232,258,2,463
2014-01-14,AB,325,56,53,4,324
2014-01-14,B,592,247,305,3,531
2014-01-14,O,702,373,424,6,645
2014-01-15,A,463,343,253,5,548
2014-01-15,AB,324,92,61,3,352
2014-01-15,B,531,408,310,3,626
2014-01-15,O,645,493,484,3,651
2014-01-16,A,548,384,283,4,645
2014-01-16,AB,352,94,73,2,371
2014-01-16,B,626,410,278,2,756
2014-01-16,O,651,600,446,8,797
2014-01-17,A,645,565,258,2,950
2014-01-17,AB,371,175,69,1,476
2014-01-17,B,756,856,312,11,1289
2014-01-17,O,797,1051,499,7,1342
2014-01-18,A,950,283,242,10,981
2014-01-18,AB,476,92,60,1,507
2014-01-18,B,1289,374,283,10,1370
2014-01-18,O,1342,501,466,10,1367
2014-01-19,A,981,447,239,10,1179
2014-01-19,AB,507,114,69,5,547
2014-01-19,B,1370,450,303,9,1508
2014-01-19,O,1367,693,434,8,1618
2014-01-20,A,1179,294,263,8,1202
2014-01-20,AB,547,94,79,4,558
2014-01-20,B,1508,343,313,6,1532
2014-01-20,O,1618,502,471,7,1642
2014-01-21,A,1202,435,282,9,1346
2014-01-21,AB,558,97,87,2,566
2014-01-21,B,1532,483,323,9,1683
2014-01-21,O,1642,704,508,6,1832
2014-01-22,A,1346,566,298,7,1607
2014-01-22,AB,566,153,63,2,654
2014-01-22,B,1683,618,327,11,1963
2014-01-22,O,1832,874,482,19,2205
2014-01-23,A,1607,356,328,9,1626
2014-01-23,AB,654,117,80,5,686
2014-01-23,B,1963,436,337,16,2046
2014-01-23,O,2205,618,518,12,2293
2014-01-24,A,1626,210,296,13,1527
2014-01-24,AB,686,52,81,6,651
2014-01-24,B,2046,214,339,8,1913
2014-01-24,O,2293,372,544,14,2107
2014-01-25,A,1527,363,303,7,1580
2014-01-25,AB,651,97,70,7,671
2014-01-25,B,1913,383,325,10,1961
2014-01-25,O,2107,565,485,7,2180
2014-01-26,A,1580,317,263,9,1625
2014-01-26,AB,671,83,70,8,676
2014-01-26,B,1961,338,323,9,1967
2014-01-26,O,2180,510,466,21,2203
2014-01-27,A,1625,263,265,12,1611
2014-01-27,AB,676,72,59,5,684
2014-01-27,B,1967,323,354,10,1926
2014-01-27,O,2203,381,518,11,2055
2014-01-28,A,1611,326,316,7,1614
2014-01-28,AB,684,91,70,9,696
2014-01-28,B,1926,376,351,10,1941
2014-01-28,O,2055,595,504,14,2132
2014-01-29,A,1614,378,299,11,1682
2014-01-29,AB,696,119,75,5,735
2014-01-29,B,1941,477,350,14,2054
2014-01-29,O,2132,700,530,17,2285
2014-01-30,A,1682,318,292,16,1692
2014-01-30,AB,735,89,68,14,742
2014-01-30,B,2054,336,414,11,1965
2014-01-30,O,2285,475,547,16,2197
2014-01-31,A,1692,85,285,9,1483
2014-01-31,AB,742,25,64,7,696
2014-01-31,B,1965,111,331,16,1729
2014-01-31,O,2197,164,453,10,1898
2014-02-01,A,1483,155,259,9,1370
2014-02-01,AB,696,42,72,8,658
2014-02-01,B,1729,171,306,8,1586
2014-02-01,O,1898,243,470,9,1662
2014-02-02,A,1370,156,299,10,1217
2014-02-02,AB,658,36,82,5,607
2014-02-02,B,1586,141,323,6,1398
2014-02-02,O,1662,237,454,5,1440
2014-02-03,A,1217,200,325,0,1092
2014-02-03,AB,607,49,70,4,582
2014-02-03,B,1398,249,329,9,1309
2014-02-03,O,1440,366,524,9,1273
2014-02-04,A,1092,189,323,6,952
2014-02-04,AB,582,65,68,3,576
2014-02-04,B,1309,241,356,7,1187
2014-02-04,O,1273,381,492,5,1157
2014-02-05,A,952,286,300,6,932
2014-02-05,AB,576,75,83,10,558
2014-02-05,B,1187,352,359,10,1170
2014-02-05,O,1157,495,510,7,1135
2014-02-06,A,932,307,292,3,944
2014-02-06,AB,558,105,77,6,580
2014-02-06,B,1170,368,325,12,1201
2014-02-06,O,1135,538,501,6,1166
2014-02-07,A,944,167,267,2,842
2014-02-07,AB,580,36,78,4,534
2014-02-07,B,1201,188,338,9,1042
2014-02-07,O,1166,320,446,8,1032
2014-02-08,A,842,140,268,2,712
2014-02-08,AB,534,37,90,1,480
2014-02-08,B,1042,218,275,4,981
2014-02-08,O,1032,277,465,4,840
2014-02-09,A,712,384,281,3,812
2014-02-09,AB,480,105,61,6,518
2014-02-09,B,981,442,320,7,1096
2014-02-09,O,840,630,422,6,1042
2014-02-10,A,812,195,289,3,715
2014-02-10,AB,518,55,68,1,504
2014-02-10,B,1096,240,373,7,956
2014-02-10,O,1042,379,457,4,960
2014-02-11,A,715,331,272,3,771
2014-02-11,AB,504,85,67,2,520
2014-02-11,B,956,384,340,7,993
2014-02-11,O,960,573,485,11,1037
2014-02-12,A,771,367,293,7,838
2014-02-12,AB,520,82,74,4,524
2014-02-12,B,993,420,356,4,1053
2014-02-12,O,1037,514,507,6,1038
2014-02-13,A,838,401,276,4,959
2014-02-13,AB,524,113,75,6,556
2014-02-13,B,1053,507,369,8,1183
2014-02-13,O,1038,677,501,9,1205
2014-02-14,A,959,243,283,12,907
2014-02-14,AB,556,71,71,5,551
2014-02-14,B,1183,337,350,8,1162
2014-02-14,O,1205,437,497,3,1142
2014-02-15,A,907,311,278,4,936
2014-02-15,AB,551,95,76,4,566
2014-02-15,B,1162,389,328,12,1211
2014-02-15,O,1142,507,430,6,1213
2014-02-16,A,936,390,269,5,1052
2014-02-16,AB,566,99,82,5,578
2014-02-16,B,1211,446,256,10,1391
2014-02-16,O,1213,583,444,8,1344
2014-02-17,A,1052,173,284,5,936
2014-02-17,AB,578,57,70,5,560
2014-02-17,B,1391,161,308,7,1237
2014-02-17,O,1344,286,478,8,1144
2014-02-18,A,936,383,270,6,1043
2014-02-18,AB,560,96,72,9,575
2014-02-18,B,1237,381,319,9,1290
2014-02-18,O,1144,578,476,4,1242
2014-02-19,A,1043,351,265,9,1120
2014-02-19,AB,575,83,71,4,583
2014-02-19,B,1290,429,326,12,1381
2014-02-19,O,1242,620,451,8,1403
2014-02-20,A,1120,368,278,8,1202
2014-02-20,AB,583,96,91,1,587
2014-02-20,B,1381,389,308,13,1449
2014-02-20,O,1403,525,455,8,1465
2014-02-21,A,1202,262,286,9,1169
2014-02-21,AB,587,61,69,3,576
2014-02-21,B,1449,296,320,9,1416
2014-02-21,O,1465,454,482,9,1428
2014-02-22,A,1169,336,224,9,1272
2014-02-22,AB,576,91,77,9,581
2014-02-22,B,1416,387,262,5,1536
2014-02-22,O,1428,602,371,16,1643
2014-02-23,A,1272,593,233,14,1618
2014-02-23,AB,581,153,70,3,661
2014-02-23,B,1536,531,258,19,1790
2014-02-23,O,1643,975,386,8,2224
2014-02-24,A,1618,268,258,8,1620
2014-02-24,AB,661,83,62,4,678
2014-02-24,B,1790,303,311,15,1767
2014-02-24,O,2224,425,481,11,2157
2014-02-25,A,1620,437,289,14,1754
2014-02-25,AB,678,107,74,11,700
2014-02-25,B,1767,490,300,14,1943
2014-02-25,O,2157,718,493,21,2361
2014-02-26,A,1754,487,280,14,1947
2014-02-26,AB,700,140,52,13,775
2014-02-26,B,1943,593,323,16,2197
2014-02-26,O,2361,805,507,12,2647
2014-02-27,A,1947,363,231,13,2066
2014-02-27,AB,775,120,69,9,817
2014-02-27,B,2197,389,295,12,2279
2014-02-27,O,2647,658,495,17,2793
2014-02-28,A,2066,225,265,11,2015
2014-02-28,AB,817,59,80,9,787
2014-02-28,B,2279,256,278,18,2239
2014-02-28,O,2793,375,987,13,2168
2014-03-01,A,2015,197,240,10,1962
2014-03-01,AB,787,41,69,13,746
2014-03-01,B,2239,228,265,14,2188
2014-03-01,O,2168,271,416,7,2016
2014-03-02,A,1962,742,262,26,2416
2014-03-02,AB,746,208,68,15,871
2014-03-02,B,2188,906,269,36,2789
2014-03-02,O,2016,1251,450,20,2797
2014-03-03,A,2416,212,265,22,2341
2014-03-03,AB,871,43,115,11,788
2014-03-03,B,2789,208,326,23,2648
2014-03-03,O,2797,353,514,17,2619
2014-03-04,A,2341,232,314,16,2243
2014-03-04,AB,788,68,119,12,725
2014-03-04,B,2648,243,296,17,2578
2014-03-04,O,2619,405,493,14,2517
2014-03-05,A,2243,364,260,14,2333
2014-03-05,AB,725,104,98,16,715
2014-03-05,B,2578,402,333,37,2610
2014-03-05,O,2517,631,524,15,2609
2014-03-06,A,2333,251,327,18,2239
2014-03-06,AB,715,66,112,4,665
2014-03-06,B,2610,330,339,17,2584
2014-03-06,O,2609,457,521,14,2531
2014-03-07,A,2239,413,318,21,2313
2014-03-07,AB,665,92,128,4,625
2014-03-07,B,2584,401,315,34,2636
2014-03-07,O,2531,597,490,12,2626
2014-03-08,A,2313,639,298,20,2634
2014-03-08,AB,625,175,103,3,694
2014-03-08,B,2636,689,266,33,3026
2014-03-08,O,2626,1032,472,18,3168
2014-03-09,A,2634,511,297,37,2811
2014-03-09,AB,694,129,108,10,705
2014-03-09,B,3026,559,307,37,3241
2014-03-09,O,3168,835,499,22,3482
2014-03-10,A,2811,225,319,20,2697
2014-03-10,AB,705,57,120,8,634
2014-03-10,B,3241,261,349,39,3114
2014-03-10,O,3482,349,549,25,3257
2014-03-11,A,2697,280,315,31,2631
2014-03-11,AB,634,68,129,8,565
2014-03-11,B,3114,317,336,31,3064
2014-03-11,O,3257,406,556,16,3091
2014-03-12,A,2631,415,331,31,2684
2014-03-12,AB,565,111,136,8,532
2014-03-12,B,3064,501,377,36,3152
2014-03-12,O,3091,769,597,17,3246
2014-03-13,A,2684,342,309,40,2677
2014-03-13,AB,532,90,119,2,501
2014-03-13,B,3152,355,375,28,3104
2014-03-13,O,3246,481,514,20,3193
2014-03-14,A,2677,212,299,25,2565
2014-03-14,AB,501,54,97,3,455
2014-03-14,B,3104,258,351,25,2986
2014-03-14,O,3193,332,561,10,2954
2014-03-15,A,2565,335,291,21,2588
2014-03-15,AB,455,103,109,3,446
2014-03-15,B,2986,384,311,40,3019
2014-03-15,O,2954,555,513,13,2983
2014-03-16,A,2588,544,273,32,2827
2014-03-16,AB,446,123,116,4,449
2014-03-16,B,3019,499,331,36,3151
2014-03-16,O,2983,790,490,21,3262
2014-03-17,A,2827,230,305,26,2726
2014-03-17,AB,449,64,110,3,400
2014-03-17,B,3151,244,293,33,3069
2014-03-17,O,3262,360,526,19,3077
2014-03-18,A,2726,288,293,29,2692
2014-03-18,AB,400,72,101,1,370
2014-03-18,B,3069,324,349,32,3012
2014-03-18,O,3077,474,529,21,3001
2014-03-19,A,2692,376,328,32,2708
2014-03-19,AB,370,90,120,4,336
2014-03-19,B,3012,434,352,25,3069
2014-03-19,O,3001,609,582,18,3010
2014-03-20,A,2708,261,356,34,2579
2014-03-20,AB,336,75,130,0,281
2014-03-20,B,3069,267,383,39,2914
2014-03-20,O,3010,395,544,19,2842
2014-03-21,A,2579,219,321,17,2460
2014-03-21,AB,281,59,120,0,220
2014-03-21,B,2914,241,375,23,2757
2014-03-21,O,2842,368,517,19,2674
2014-03-22,A,2460,282,313,22,2407
2014-03-22,AB,220,69,105,1,183
2014-03-22,B,2757,372,316,30,2783
2014-03-22,O,2674,456,473,23,2634
2014-03-23,A,2407,461,277,29,2562
2014-03-23,AB,183,107,130,1,159
2014-03-23,B,2783,500,341,29,2913
2014-03-23,O,2634,702,532,17,2787
2014-03-24,A,2562,175,321,17,2399
2014-03-24,AB,159,35,146,0,48
2014-03-24,B,2913,194,343,23,2741
2014-03-24,O,2787,286,505,16,2552
2014-03-25,A,2399,282,323,26,2332
2014-03-25,AB,48,65,113,0,0
2014-03-25,B,2741,275,346,31,2639
2014-03-25,O,2552,406,519,12,2427
2014-03-26,A,2332,278,322,13,2275
2014-03-26,AB,0,71,71,0,0
2014-03-26,B,2639,345,290,24,2670
2014-03-26,O,2427,445,486,17,2369
2014-03-27,A,2275,403,296,16,2366
2014-03-27,AB,0,106,84,0,22
2014-03-27,B,2670,413,358,27,2698
2014-03-27,O,2369,627,474,11,2511
2014-03-28,A,2366,185,334,20,2197
2014-03-28,AB,22,52,67,0,7
2014-03-28,B,2698,206,295,22,2587
2014-03-28,O,2511,307,470,17,2331
2014-03-29,A,2197,304,245,13,2243
2014-03-29,AB,7,85,74,0,18
2014-03-29,B,2587,304,297,22,2572
2014-03-29,O,2331,499,456,11,2363
2014-03-30,A,2243,333,250,25,2301
2014-03-30,AB,18,91,68,0,41
2014-03-30,B,2572,405,275,19,2683
2014-03-30,O,2363,560,430,14,2479
2014-03-31,A,2301,182,289,22,2172
2014-03-31,AB,41,41,61,0,21
2014-03-31,B,2683,172,310,24,2521
2014-03-31,O,2479,267,493,13,2240
2014-04-01,A,2172,385,278,22,2257
2014-04-01,AB,21,96,73,0,44
2014-04-01,B,2521,460,307,27,2647
2014-04-01,O,2240,616,496,11,2349
2014-04-02,A,2257,321,266,17,2295
2014-04-02,AB,44,69,89,0,24
2014-04-02,B,2647,377,288,23,2713
2014-04-02,O,2349,532,503,14,2364
2014-04-03,A,2295,343,279,19,2340
2014-04-03,AB,24,94,65,0,53
2014-04-03,B,2713,420,320,30,2783
2014-04-03,O,2364,637,428,15,2558
2014-04-04,A,2340,166,341,13,2152
2014-04-04,AB,53,35,64,0,24
2014-04-04,B,2783,172,287,22,2646
2014-04-04,O,2558,276,433,17,2384
2014-04-05,A,2152,234,254,10,2122
2014-04-05,AB,24,69,50,0,43
2014-04-05,B,2646,273,251,22,2646
2014-04-05,O,2384,366,417,17,2316
2014-04-06,A,2122,406,260,15,2253
2014-04-06,AB,43,97,67,0,73
2014-04-06,B,2646,438,258,44,2782
2014-04-06,O,2316,674,400,13,2577
2014-04-07,A,2253,215,259,18,2191
2014-04-07,AB,73,80,57,0,96
2014-04-07,B,2782,276,562,20,2476
2014-04-07,O,2577,370,418,20,2509
2014-04-08,A,2191,243,270,17,2147
2014-04-08,AB,96,70,46,0,120
2014-04-08,B,2476,334,279,19,2512
2014-04-08,O,2509,448,398,12,2547
2014-04-09,A,2147,245,255,11,2126
2014-04-09,AB,120,81,64,1,136
2014-04-09,B,2512,321,296,19,2518
2014-04-09,O,2547,475,420,14,2588
2014-04-10,A,2126,268,252,14,2128
2014-04-10,AB,136,84,69,2,149
2014-04-10,B,2518,334,271,19,2562
2014-04-10,O,2588,436,407,15,2602
2014-04-11,A,2128,197,287,10,2028
2014-04-11,AB,149,78,72,0,155
2014-04-11,B,2562,218,297,19,2464
2014-04-11,O,2602,302,352,22,2530
2014-04-12,A,2028,359,227,14,2146
2014-04-12,AB,155,108,61,1,201
2014-04-12,B,2464,417,252,21,2608
2014-04-12,O,2530,627,356,17,2784
2014-04-13,A,2146,532,199,24,2455
2014-04-13,AB,201,142,58,0,285
2014-04-13,B,2608,556,282,37,2845
2014-04-13,O,2784,951,360,21,3354
2014-04-14,A,2455,226,253,23,2405
2014-04-14,AB,285,69,61,1,292
2014-04-14,B,2845,271,292,36,2788
2014-04-14,O,3354,380,421,14,3299
2014-04-15,A,2405,308,255,18,2440
2014-04-15,AB,292,82,61,2,311
2014-04-15,B,2788,342,286,31,2813
2014-04-15,O,3299,437,403,16,3317
2014-04-16,A,2440,325,255,30,2480
2014-04-16,AB,311,86,62,1,334
2014-04-16,B,2813,389,304,27,2871
2014-04-16,O,3317,565,433,29,3420
2014-04-17,A,2480,387,266,27,2574
2014-04-17,AB,334,102,52,2,382
2014-04-17,B,2871,398,305,32,2932
2014-04-17,O,3420,669,398,33,3658
2014-04-18,A,2574,238,256,26,2530
2014-04-18,AB,382,53,71,1,363
2014-04-18,B,2932,230,279,21,2862
2014-04-18,O,3658,385,412,26,3605
2014-04-19,A,2530,374,203,32,2669
2014-04-19,AB,363,105,61,4,403
2014-04-19,B,2862,384,269,20,2957
2014-04-19,O,3605,608,355,36,3822
2014-04-20,A,2669,703,234,45,3093
2014-04-20,AB,403,157,54,4,502
2014-04-20,B,2957,689,272,41,3333
2014-04-20,O,3822,1109,420,49,4462
2014-04-21,A,3093,159,277,38,2937
2014-04-21,AB,502,45,59,3,485
2014-04-21,B,3333,189,321,27,3174
2014-04-21,O,4462,294,418,46,4292
2014-04-22,A,2937,455,276,41,3075
2014-04-22,AB,485,132,62,3,552
2014-04-22,B,3174,482,320,42,3294
2014-04-22,O,4292,699,433,42,4516
2014-04-23,A,3075,353,260,31,3137
2014-04-23,AB,552,87,66,7,566
2014-04-23,B,3294,343,303,35,3299
2014-04-23,O,4516,500,441,50,4525
2014-04-24,A,3137,393,279,43,3208
2014-04-24,AB,566,103,75,6,588
2014-04-24,B,3299,400,315,37,3347
2014-04-24,O,4525,586,423,59,4629
2014-04-25,A,3208,267,258,46,3171
2014-04-25,AB,588,76,65,10,589
2014-04-25,B,3347,315,316,47,3299
2014-04-25,O,4629,407,420,42,4574
2014-04-26,A,3171,294,235,42,3188
2014-04-26,AB,589,95,66,3,615
2014-04-26,B,3299,339,285,34,3319
2014-04-26,O,4574,510,421,47,4616
2014-04-27,A,3188,508,227,51,3418
2014-04-27,AB,615,132,70,12,665
2014-04-27,B,3319,506,273,46,3506
2014-04-27,O,4616,935,394,50,5107
2014-04-28,A,3418,243,254,49,3358
2014-04-28,AB,665,71,68,8,660
2014-04-28,B,3506,321,343,57,3427
2014-04-28,O,5107,441,501,54,4993
2014-04-29,A,3358,456,245,44,3525
2014-04-29,AB,660,116,91,5,680
2014-04-29,B,3427,542,341,39,3589
2014-04-29,O,4993,747,432,61,5247
2014-04-30,A,3525,174,232,51,3416
2014-04-30,AB,680,50,83,5,642
2014-04-30,B,3589,200,325,37,3427
2014-04-30,O,5247,291,440,56,5042
2014-05-01,A,3416,951,275,68,4024
2014-05-01,AB,642,226,85,14,769
2014-05-01,B,3427,929,371,52,3933
2014-05-01,O,5042,1550,483,92,6017
2014-05-02,A,4024,98,264,70,3788
2014-05-02,AB,769,26,71,3,721
2014-05-02,B,3933,117,319,63,3668
2014-05-02,O,6017,164,463,82,5636
2014-05-03,A,3788,323,216,82,3813
2014-05-03,AB,721,83,84,5,715
2014-05-03,B,3668,362,282,51,3697
2014-05-03,O,5636,502,381,85,5672
2014-05-04,A,3813,412,242,68,3915
2014-05-04,AB,715,96,63,8,740
2014-05-04,B,3697,453,297,51,3802
2014-05-04,O,5672,630,430,89,5783
2014-05-05,A,3915,202,251,51,3815
2014-05-05,AB,740,37,73,9,695
2014-05-05,B,3802,220,331,53,3638
2014-05-05,O,5783,348,452,67,5612
2014-05-06,A,3815,318,273,66,3794
2014-05-06,AB,695,94,73,6,710
2014-05-06,B,3638,314,325,52,3575
2014-05-06,O,5612,509,445,91,5585
2014-05-07,A,3794,315,285,65,3759
2014-05-07,AB,710,84,70,14,710
2014-05-07,B,3575,329,377,49,3478
2014-05-07,O,5585,510,443,75,5577
2014-05-08,A,3759,382,261,69,3811
2014-05-08,AB,710,82,76,12,704
2014-05-08,B,3478,394,345,37,3490
2014-05-08,O,5577,567,538,64,5542
2014-05-09,A,3811,115,279,53,3594
2014-05-09,AB,704,32,85,9,642
2014-05-09,B,3490,163,307,37,3309
2014-05-09,O,5542,208,460,77,5213
2014-05-10,A,3594,205,261,47,3491
2014-05-10,AB,642,67,73,6,630
2014-05-10,B,3309,237,300,42,3204
2014-05-10,O,5213,389,396,52,5154
2014-05-11,A,3491,550,247,56,3738
2014-05-11,AB,630,142,89,0,683
2014-05-11,B,3204,568,307,45,3420
2014-05-11,O,5154,944,418,82,5598
2014-05-12,A,3738,265,240,61,3702
2014-05-12,AB,683,76,91,7,661
2014-05-12,B,3420,249,311,37,3321
2014-05-12,O,5598,418,455,76,5485
2014-05-13,A,3702,772,257,64,4153
2014-05-13,AB,661,169,79,11,740
2014-05-13,B,3321,784,361,61,3683
2014-05-13,O,5485,1370,465,108,6282
2014-05-14,A,4153,277,251,67,4112
2014-05-14,AB,740,74,86,8,720
2014-05-14,B,3683,284,340,63,3564
2014-05-14,O,6282,463,475,98,6172
2014-05-15,A,4112,362,283,57,4134
2014-05-15,AB,720,89,82,6,721
2014-05-15,B,3564,441,313,60,3632
2014-05-15,O,6172,653,519,99,6207
2014-05-16,A,4134,158,284,76,3932
2014-05-16,AB,721,47,88,11,669
2014-05-16,B,3632,208,311,37,3492
2014-05-16,O,6207,319,534,75,5917
2014-05-17,A,3932,338,248,55,3967
2014-05-17,AB,669,82,74,9,668
2014-05-17,B,3492,386,335,49,3494
2014-05-17,O,5917,568,464,91,5930
2014-05-18,A,3967,783,241,80,4429
2014-05-18,AB,668,216,84,15,785
2014-05-18,B,3494,878,303,60,4009
2014-05-18,O,5930,1414,513,115,6716
2014-05-19,A,4429,190,267,93,4259
2014-05-19,AB,785,55,99,19,722
2014-05-19,B,4009,247,341,70,3845
2014-05-19,O,6716,328,538,102,6404
2014-05-20,A,4259,341,309,84,4207
2014-05-20,AB,722,76,72,10,716
2014-05-20,B,3845,414,371,57,3831
2014-05-20,O,6404,578,545,113,6324
2014-05-21,A,4207,418,278,83,4264
2014-05-21,AB,716,110,89,13,724
2014-05-21,B,3831,453,369,67,3848
2014-05-21,O,6324,661,581,102,6302
2014-05-22,A,4264,332,269,81,4246
2014-05-22,AB,724,80,84,13,707
2014-05-22,B,3848,385,352,59,3822
2014-05-22,O,6302,533,585,81,6169
2014-05-23,A,4246,262,291,90,4127
2014-05-23,AB,707,64,85,10,676
2014-05-23,B,3822,302,378,46,3700
2014-05-23,O,6169,439,525,83,6000
2014-05-24,A,4127,457,220,93,4271
2014-05-24,AB,676,126,70,7,725
2014-05-24,B,3700,521,340,66,3815
2014-05-24,O,6000,643,491,91,6061
2014-05-25,A,4271,593,258,95,4511
2014-05-25,AB,725,113,95,8,735
2014-05-25,B,3815,579,344,73,3977
2014-05-25,O,6061,897,511,100,6347
2014-05-26,A,4511,288,293,93,4413
2014-05-26,AB,735,62,87,8,702
2014-05-26,B,3977,249,374,61,3791
2014-05-26,O,6347,416,536,103,6124
2014-05-27,A,4413,345,302,95,4361
2014-05-27,AB,702,90,95,7,690
2014-05-27,B,3791,339,373,41,3716
2014-05-27,O,6124,528,490,75,6087
2014-05-28,A,4361,444,261,84,4460
2014-05-28,AB,690,110,87,3,710
2014-05-28,B,3716,425,371,52,3718
2014-05-28,O,6087,645,547,92,6093
2014-05-29,A,4460,277,312,83,4342
2014-05-29,AB,710,66,97,5,674
2014-05-29,B,3718,312,361,51,3618
2014-05-29,O,6093,460,525,87,5941
2014-05-30,A,4342,196,303,85,4150
2014-05-30,AB,674,54,84,9,635
2014-05-30,B,3618,209,364,42,3421
2014-05-30,O,5941,373,579,69,5666
2014-05-31,A,4150,253,257,93,4053
2014-05-31,AB,635,64,71,7,621
2014-05-31,B,3421,295,337,45,3334
2014-05-31,O,5666,428,1139,47,4908
2014-06-01,A,4053,411,278,69,4117
2014-06-01,AB,621,116,80,2,655
2014-06-01,B,3334,470,337,47,3420
2014-06-01,O,4908,697,1160,37,4408
2014-06-02,A,4117,135,273,59,3920
2014-06-02,AB,655,16,89,8,574
2014-06-02,B,3420,152,349,42,3181
2014-06-02,O,4408,232,517,33,4090
2014-06-03,A,3920,228,250,62,3836
2014-06-03,AB,574,46,81,5,534
2014-06-03,B,3181,237,348,40,3030
2014-06-03,O,4090,342,554,28,3850
2014-06-04,A,3836,272,270,41,3797
2014-06-04,AB,534,70,101,4,499
2014-06-04,B,3030,308,341,21,2976
2014-06-04,O,3850,474,516,27,3781
2014-06-05,A,3797,354,276,60,3815
2014-06-05,AB,499,71,67,5,498
2014-06-05,B,2976,368,318,45,2981
2014-06-05,O,3781,566,570,31,3746
2014-06-06,A,3815,198,268,61,3684
2014-06-06,AB,498,56,77,3,474
2014-06-06,B,2981,232,359,27,2827
2014-06-06,O,3746,336,502,19,3561
2014-06-07,A,3684,496,239,65,3876
2014-06-07,AB,474,161,75,4,556
2014-06-07,B,2827,567,277,41,3076
2014-06-07,O,3561,785,480,34,3832
2014-06-08,A,3876,486,275,76,4011
2014-06-08,AB,556,125,79,7,595
2014-06-08,B,3076,593,326,40,3303
2014-06-08,O,3832,913,446,42,4257
2014-06-09,A,4011,170,285,65,3831
2014-06-09,AB,595,40,81,3,551
2014-06-09,B,3303,194,343,29,3125
2014-06-09,O,4257,257,551,39,3924
2014-06-10,A,3831,302,291,55,3787
2014-06-10,AB,551,74,64,7,554
2014-06-10,B,3125,340,346,34,3085
2014-06-10,O,3924,485,503,22,3884
2014-06-11,A,3787,350,304,61,3772
2014-06-11,AB,554,104,92,3,563
2014-06-11,B,3085,412,338,38,3121
2014-06-11,O,3884,587,531,31,3909
2014-06-12,A,3772,435,288,63,3856
2014-06-12,AB,563,101,67,6,591
2014-06-12,B,3121,510,329,42,3260
2014-06-12,O,3909,789,513,40,4145
2014-06-13,A,3856,279,295,75,3765
2014-06-13,AB,591,78,62,3,604
2014-06-13,B,3260,290,351,42,3157
2014-06-13,O,4145,497,560,27,4055
2014-06-14,A,3765,401,282,63,3821
2014-06-14,AB,604,104,50,6,652
2014-06-14,B,3157,425,296,39,3247
2014-06-14,O,4055,577,481,32,4119
2014-06-15,A,3821,633,260,80,4114
2014-06-15,AB,652,142,55,11,728
2014-06-15,B,3247,662,320,53,3536
2014-06-15,O,4119,1038,499,54,4604
2014-06-16,A,4114,317,303,74,4054
2014-06-16,AB,728,102,82,5,743
2014-06-16,B,3536,337,336,62,3475
2014-06-16,O,4604,512,562,41,4513
2014-06-17,A,4054,417,297,62,4112
2014-06-17,AB,743,130,91,10,772
2014-06-17,B,3475,448,341,38,3544
2014-06-17,O,4513,709,545,56,4621
2014-06-18,A,4112,487,326,101,4172
2014-06-18,AB,772,123,78,11,806
2014-06-18,B,3544,560,348,45,3711
2014-06-18,O,4621,786,557,41,4809
2014-06-19,A,4172,434,347,83,4176
2014-06-19,AB,806,109,88,12,815
2014-06-19,B,3711,475,361,49,3776
2014-06-19,O,4809,676,606,54,4825
2014-06-20,A,4176,200,316,75,3985
2014-06-20,AB,815,60,89,14,772
2014-06-20,B,3776,215,350,44,3597
2014-06-20,O,4825,344,1093,36,4040
2014-06-21,A,3985,614,288,70,4241
2014-06-21,AB,772,151,70,11,842
2014-06-21,B,3597,640,338,54,3845
2014-06-21,O,4040,953,565,38,4390
2014-06-22,A,4241,793,318,95,4621
2014-06-22,AB,842,186,75,21,932
2014-06-22,B,3845,861,342,81,4283
2014-06-22,O,4390,1315,505,77,5123
2014-06-23,A,4621,389,368,124,4518
2014-06-23,AB,932,90,74,20,928
2014-06-23,B,4283,411,405,78,4211
2014-06-23,O,5123,582,623,51,5031
2014-06-24,A,4518,402,367,90,4463
2014-06-24,AB,928,112,89,14,937
2014-06-24,B,4211,446,404,71,4182
2014-06-24,O,5031,643,623,72,4979
2014-06-25,A,4463,373,340,85,4411
2014-06-25,AB,937,98,90,21,924
2014-06-25,B,4182,443,388,68,4169
2014-06-25,O,4979,649,568,44,5016
2014-06-26,A,4411,390,367,87,4347
2014-06-26,AB,924,131,76,16,963
2014-06-26,B,4169,436,396,77,4132
2014-06-26,O,5016,671,563,48,5076
2014-06-27,A,4347,231,340,75,4163
2014-06-27,AB,963,70,82,12,939
2014-06-27,B,4132,266,392,61,3945
2014-06-27,O,5076,424,606,48,4846
2014-06-28,A,4163,500,321,78,4264
2014-06-28,AB,939,116,72,20,963
2014-06-28,B,3945,469,397,58,3959
2014-06-28,O,4846,801,547,58,5042
2014-06-29,A,4264,370,329,83,4222
2014-06-29,AB,963,83,68,11,967
2014-06-29,B,3959,306,341,68,3856
2014-06-29,O,5042,583,554,61,5010
2014-06-30,A,4222,72,345,75,3874
2014-06-30,AB,967,11,139,11,828
2014-06-30,B,3856,82,411,38,3489
2014-06-30,O,5010,132,559,43,4540
2014-07-01,A,3874,125,299,54,3646
2014-07-01,AB,828,34,83,11,768
2014-07-01,B,3489,129,393,45,3180
2014-07-01,O,4540,209,550,35,4164
2014-07-02,A,3646,188,349,53,3432
2014-07-02,AB,768,57,93,16,716
2014-07-02,B,3180,192,380,31,2961
2014-07-02,O,4164,314,540,41,3897
2014-07-03,A,3432,162,353,41,3200
2014-07-03,AB,716,34,73,5,672
2014-07-03,B,2961,170,357,32,2742
2014-07-03,O,3897,233,572,23,3535
2014-07-04,A,3200,97,349,31,2917
2014-07-04,AB,672,23,79,5,611
2014-07-04,B,2742,88,350,20,2460
2014-07-04,O,3535,165,565,14,3121
2014-07-05,A,2917,207,333,26,2765
2014-07-05,AB,611,51,65,1,596
2014-07-05,B,2460,218,351,11,2316
2014-07-05,O,3121,336,469,12,2976
2014-07-06,A,2765,657,342,31,3049
2014-07-06,AB,596,155,73,6,672
2014-07-06,B,2316,595,360,18,2533
2014-07-06,O,2976,1063,471,27,3541
2014-07-07,A,3049,130,353,25,2801
2014-07-07,AB,672,29,82,8,611
2014-07-07,B,2533,154,387,15,2285
2014-07-07,O,3541,224,501,19,3245
2014-07-08,A,2801,201,327,26,2649
2014-07-08,AB,611,48,69,8,582
2014-07-08,B,2285,193,364,12,2102
2014-07-08,O,3245,301,527,13,3006
2014-07-09,A,2649,281,370,30,2530
2014-07-09,AB,582,57,83,9,547
2014-07-09,B,2102,264,365,5,1996
2014-07-09,O,3006,469,537,16,2922
2014-07-10,A,2530,187,353,17,2347
2014-07-10,AB,547,53,76,3,521
2014-07-10,B,1996,191,359,9,1819
2014-07-10,O,2922,288,531,12,2667
2014-07-11,A,2347,143,404,19,2067
2014-07-11,AB,521,31,79,5,468
2014-07-11,B,1819,136,387,5,1563
2014-07-11,O,2667,247,516,14,2384
2014-07-12,A,2067,231,332,18,1948
2014-07-12,AB,468,60,68,1,459
2014-07-12,B,1563,236,341,11,1447
2014-07-12,O,2384,392,471,11,2294
2014-07-13,A,1948,669,361,13,2243
2014-07-13,AB,459,168,73,5,549
2014-07-13,B,1447,665,321,9,1782
2014-07-13,O,2294,1089,514,9,2860
2014-07-14,A,2243,146,377,13,1999
2014-07-14,AB,549,44,81,4,508
2014-07-14,B,1782,164,359,9,1578
2014-07-14,O,2860,269,529,17,2583
2014-07-15,A,1999,105,320,5,1779
2014-07-15,AB,508,28,78,6,452
2014-07-15,B,1578,128,351,9,1346
2014-07-15,O,2583,149,475,12,2245
2014-07-16,A,1779,330,318,6,1785
2014-07-16,AB,452,80,77,2,453
2014-07-16,B,1346,307,358,12,1283
2014-07-16,O,2245,552,583,21,2193
2014-07-17,A,1785,220,336,9,1660
2014-07-17,AB,453,39,69,3,420
2014-07-17,B,1283,231,356,6,1152
2014-07-17,O,2193,332,480,10,2035
2014-07-18,A,1660,199,290,14,1555
2014-07-18,AB,420,40,71,1,388
2014-07-18,B,1152,243,349,7,1039
2014-07-18,O,2035,321,509,13,1834
2014-07-19,A,1555,248,266,11,1526
2014-07-19,AB,388,66,67,4,383
2014-07-19,B,1039,254,288,8,997
2014-07-19,O,1834,380,429,17,1768
2014-07-20,A,1526,716,287,11,1944
2014-07-20,AB,383,186,60,3,506
2014-07-20,B,997,735,345,6,1381
2014-07-20,O,1768,1358,514,18,2594
2014-07-21,A,1944,155,268,9,1822
2014-07-21,AB,506,56,66,3,493
2014-07-21,B,1381,187,312,10,1246
2014-07-21,O,2594,300,526,20,2348
2014-07-22,A,1822,282,313,8,1783
2014-07-22,AB,493,76,63,2,504
2014-07-22,B,1246,302,333,7,1208
2014-07-22,O,2348,449,482,20,2295
2014-07-23,A,1783,350,300,16,1817
2014-07-23,AB,504,95,63,5,531
2014-07-23,B,1208,356,303,5,1256
2014-07-23,O,2295,574,436,15,2418
2014-07-24,A,1817,302,290,11,1818
2014-07-24,AB,531,68,67,3,529
2014-07-24,B,1256,298,267,8,1279
2014-07-24,O,2418,529,501,20,2426
2014-07-25,A,1818,206,296,8,1720
2014-07-25,AB,529,40,58,7,504
2014-07-25,B,1279,204,296,15,1172
2014-07-25,O,2426,383,472,16,2321
2014-07-26,A,1720,152,249,9,1614
2014-07-26,AB,504,40,49,4,491
2014-07-26,B,1172,168,266,6,1068
2014-07-26,O,2321,283,427,15,2162
2014-07-27,A,1614,191,256,5,1544
2014-07-27,AB,491,57,48,2,498
2014-07-27,B,1068,211,258,4,1017
2014-07-27,O,2162,361,384,13,2126
2014-07-28,A,1544,3,255,9,1283
2014-07-28,AB,498,0,39,4,455
2014-07-28,B,1017,4,245,5,771
2014-07-28,O,2126,7,422,6,1705
2014-07-29,A,1283,9,228,4,1060
2014-07-29,AB,455,1,52,3,401
2014-07-29,B,771,10,249,5,527
2014-07-29,O,1705,13,436,8,1274
2014-07-30,A,1060,115,269,4,902
2014-07-30,AB,401,36,53,3,381
2014-07-30,B,527,144,253,2,416
2014-07-30,O,1274,248,463,1,1058
2014-07-31,A,902,177,268,10,801
2014-07-31,AB,381,48,39,3,387
2014-07-31,B,416,198,264,0,350
2014-07-31,O,1058,281,425,7,907
2014-08-01,A,801,199,267,1,732
2014-08-01,AB,387,40,48,0,379
2014-08-01,B,350,194,240,2,302
2014-08-01,O,907,314,400,7,814
2014-08-02,A,732,258,236,4,750
2014-08-02,AB,379,74,47,2,404
2014-08-02,B,302,330,247,3,382
2014-08-02,O,814,464,445,4,829
2014-08-03,A,750,517,265,6,996
2014-08-03,AB,404,101,49,2,454
2014-08-03,B,382,529,251,3,657
2014-08-03,O,829,885,454,10,1250
2014-08-04,A,996,143,270,7,862
2014-08-04,AB,454,63,59,3,455
2014-08-04,B,657,166,302,5,516
2014-08-04,O,1250,281,420,3,1108
2014-08-05,A,862,311,243,5,925
2014-08-05,AB,455,89,50,4,490
2014-08-05,B,516,350,245,2,619
2014-08-05,O,1108,534,403,4,1235
2014-08-06,A,925,380,253,7,1045
2014-08-06,AB,490,101,51,7,533
2014-08-06,B,619,436,295,10,750
2014-08-06,O,1235,634,435,9,1425
2014-08-07,A,1045,379,266,14,1144
2014-08-07,AB,533,106,58,4,577
2014-08-07,B,750,478,285,6,937
2014-08-07,O,1425,649,459,8,1607
2014-08-08,A,1144,313,274,9,1174
2014-08-08,AB,577,80,59,6,592
2014-08-08,B,937,332,277,10,982
2014-08-08,O,1607,499,433,6,1667
2014-08-09,A,1174,426,262,11,1327
2014-08-09,AB,592,103,52,8,635
2014-08-09,B,982,399,283,9,1089
2014-08-09,O,1667,638,388,11,1906
2014-08-10,A,1327,680,276,14,1717
2014-08-10,AB,635,170,72,7,726
2014-08-10,B,1089,701,306,6,1478
2014-08-10,O,1906,1202,484,16,2608
2014-08-11,A,1717,190,293,13,1601
2014-08-11,AB,726,61,66,6,715
2014-08-11,B,1478,186,339,10,1315
2014-08-11,O,2608,346,518,13,2423
2014-08-12,A,1601,349,265,7,1678
2014-08-12,AB,715,111,60,7,759
2014-08-12,B,1315,421,287,2,1447
2014-08-12,O,2423,627,499,14,2537
2014-08-13,A,1678,406,293,8,1783
2014-08-13,AB,759,119,80,18,780
2014-08-13,B,1447,457,310,11,1583
2014-08-13,O,2537,713,497,18,2735
2014-08-14,A,1783,552,332,10,1993
2014-08-14,AB,780,141,81,6,834
2014-08-14,B,1583,620,322,11,1870
2014-08-14,O,2735,858,530,21,3042
2014-08-15,A,1993,328,339,12,1970
2014-08-15,AB,834,84,70,12,836
2014-08-15,B,1870,376,359,9,1878
2014-08-15,O,3042,573,528,17,3070
2014-08-16,A,1970,268,308,15,1915
2014-08-16,AB,836,65,67,11,823
2014-08-16,B,1878,308,355,11,1820
2014-08-16,O,3070,496,485,21,3060
2014-08-17,A,1915,692,373,18,2216
2014-08-17,AB,823,191,62,17,935
2014-08-17,B,1820,734,358,16,2180
2014-08-17,O,3060,1264,512,32,3780
2014-08-18,A,2216,252,341,15,2112
2014-08-18,AB,935,69,66,18,920
2014-08-18,B,2180,279,368,6,2085
2014-08-18,O,3780,409,547,20,3622
2014-08-19,A,2112,376,333,15,2140
2014-08-19,AB,920,111,63,17,951
2014-08-19,B,2085,465,349,17,2184
2014-08-19,O,3622,608,569,30,3631
2014-08-20,A,2140,487,333,17,2277
2014-08-20,AB,951,133,78,16,990
2014-08-20,B,2184,627,349,18,2444
2014-08-20,O,3631,860,569,32,3890
2014-08-21,A,2277,356,313,25,2295
2014-08-21,AB,990,114,66,22,1016
2014-08-21,B,2444,441,390,21,2474
2014-08-21,O,3890,646,569,45,3922
2014-08-22,A,2295,200,326,12,2157
2014-08-22,AB,1016,53,85,18,966
2014-08-22,B,2474,226,365,22,2313
2014-08-22,O,3922,357,525,25,3729
2014-08-23,A,2157,380,310,21,2206
2014-08-23,AB,966,96,58,12,992
2014-08-23,B,2313,427,341,20,2379
2014-08-23,O,3729,653,506,36,3840
2014-08-24,A,2206,629,302,24,2509
2014-08-24,AB,992,160,64,17,1071
2014-08-24,B,2379,646,358,25,2642
2014-08-24,O,3840,982,533,49,4240
2014-08-25,A,2509,215,331,24,2369
2014-08-25,AB,1071,56,62,18,1047
2014-08-25,B,2642,291,376,19,2538
2014-08-25,O,4240,340,559,34,3987
2014-08-26,A,2369,324,353,21,2319
2014-08-26,AB,1047,92,78,20,1041
2014-08-26,B,2538,415,360,30,2563
2014-08-26,O,3987,563,582,35,3933
2014-08-27,A,2319,466,352,21,2412
2014-08-27,AB,1041,141,145,21,1016
2014-08-27,B,2563,568,411,33,2687
2014-08-27,O,3933,736,632,29,4008
2014-08-28,A,2412,336,402,20,2326
2014-08-28,AB,1016,85,77,22,1002
2014-08-28,B,2687,377,420,17,2627
2014-08-28,O,4008,472,660,20,3800
2014-08-29,A,2326,264,390,17,2183
2014-08-29,AB,1002,62,80,17,967
2014-08-29,B,2627,306,406,20,2507
2014-08-29,O,3800,447,612,27,3608
2014-08-30,A,2183,330,379,15,2119
2014-08-30,AB,967,102,68,16,985
2014-08-30,B,2507,341,362,20,2466
2014-08-30,O,3608,509,602,27,3488
2014-08-31,A,2119,539,379,14,2265
2014-08-31,AB,985,130,105,20,990
2014-08-31,B,2466,512,413,21,2544
2014-08-31,O,3488,816,562,33,3709
2014-09-01,A,2265,226,422,16,2053
2014-09-01,AB,990,65,97,18,940
2014-09-01,B,2544,270,476,14,2324
2014-09-01,O,3709,371,596,30,3454
2014-09-02,A,2053,204,416,13,1828
2014-09-02,AB,940,53,102,16,875
2014-09-02,B,2324,229,418,16,2119
2014-09-02,O,3454,307,620,14,3127
2014-09-03,A,1828,329,387,10,1760
2014-09-03,AB,875,95,89,13,868
2014-09-03,B,2119,381,422,13,2065
2014-09-03,O,3127,515,635,23,2984
2014-09-04,A,1760,276,402,16,1618
2014-09-04,AB,868,53,93,13,815
2014-09-04,B,2065,279,421,13,1910
2014-09-04,O,2984,407,628,19,2744
2014-09-05,A,1618,272,422,13,1455
2014-09-05,AB,815,65,76,15,789
2014-09-05,B,1910,299,452,9,1748
2014-09-05,O,2744,457,638,12,2551
2014-09-06,A,1455,585,392,6,1642
2014-09-06,AB,789,140,79,9,841
2014-09-06,B,1748,604,400,9,1943
2014-09-06,O,2551,1107,607,17,3034
2014-09-07,A,1642,532,421,10,1743
2014-09-07,AB,841,137,73,15,890
2014-09-07,B,1943,559,418,9,2075
2014-09-07,O,3034,935,571,20,3378
2014-09-08,A,1743,244,401,5,1581
2014-09-08,AB,890,76,88,14,864
2014-09-08,B,2075,286,486,12,1863
2014-09-08,O,3378,419,645,21,3131
2014-09-09,A,1581,427,402,11,1595
2014-09-09,AB,864,134,79,8,911
2014-09-09,B,1863,462,442,11,1872
2014-09-09,O,3131,643,589,17,3168
2014-09-10,A,1595,439,429,5,1600
2014-09-10,AB,911,127,88,18,932
2014-09-10,B,1872,540,419,11,1982
2014-09-10,O,3168,700,626,18,3224
2014-09-11,A,1600,279,450,11,1418
2014-09-11,AB,932,83,92,11,912
2014-09-11,B,1982,327,477,10,1822
2014-09-11,O,3224,538,623,22,3117
2014-09-12,A,1418,131,407,5,1137
2014-09-12,AB,912,48,92,14,854
2014-09-12,B,1822,164,434,13,1539
2014-09-12,O,3117,221,582,16,2740
2014-09-13,A,1137,289,381,5,1040
2014-09-13,AB,854,79,88,13,832
2014-09-13,B,1539,341,406,10,1464
2014-09-13,O,2740,487,1172,12,2043
2014-09-14,A,1040,519,394,7,1158
2014-09-14,AB,832,119,85,8,858
2014-09-14,B,1464,573,411,13,1613
2014-09-14,O,2043,921,533,21,2410
2014-09-15,A,1158,139,425,5,867
2014-09-15,AB,858,37,97,11,787
2014-09-15,B,1613,178,426,13,1352
2014-09-15,O,2410,244,609,13,2032
2014-09-16,A,867,326,398,4,791
2014-09-16,AB,787,102,87,5,797
2014-09-16,B,1352,341,431,7,1255
2014-09-16,O,2032,565,590,16,1991
2014-09-17,A,791,369,418,2,740
2014-09-17,AB,797,111,94,16,798
2014-09-17,B,1255,440,1084,6,605
2014-09-17,O,1991,607,581,12,2005
2014-09-18,A,740,451,403,4,784
2014-09-18,AB,798,131,95,8,826
2014-09-18,B,605,450,438,6,611
2014-09-18,O,2005,707,537,15,2160
2014-09-19,A,784,221,383,6,616
2014-09-19,AB,826,56,85,15,782
2014-09-19,B,611,312,418,3,502
2014-09-19,O,2160,400,569,10,1981
2014-09-20,A,616,394,355,5,650
2014-09-20,AB,782,85,85,15,767
2014-09-20,B,502,457,385,3,571
2014-09-20,O,1981,635,515,14,2087
2014-09-21,A,650,684,378,5,951
2014-09-21,AB,767,152,91,9,819
2014-09-21,B,571,636,1038,1,168
2014-09-21,O,2087,1072,511,15,2633
2014-09-22,A,951,344,397,8,890
2014-09-22,AB,819,94,92,10,811
2014-09-22,B,168,397,455,0,110
2014-09-22,O,2633,541,580,10,2584
2014-09-23,A,890,424,385,3,926
2014-09-23,AB,811,103,83,18,813
2014-09-23,B,110,469,421,3,155
2014-09-23,O,2584,672,596,10,2650
2014-09-24,A,926,796,456,6,1260
2014-09-24,AB,813,246,88,21,950
2014-09-24,B,155,903,452,5,601
2014-09-24,O,2650,1332,593,35,3354
2014-09-25,A,1260,505,438,4,1323
2014-09-25,AB,950,127,93,15,969
2014-09-25,B,601,609,458,9,743
2014-09-25,O,3354,825,603,23,3553
2014-09-26,A,1323,300,448,5,1170
2014-09-26,AB,969,77,94,14,938
2014-09-26,B,743,329,458,1,613
2014-09-26,O,3553,451,625,24,3355
2014-09-27,A,1170,691,384,10,1467
2014-09-27,AB,938,171,88,18,1003
2014-09-27,B,613,711,464,5,855
2014-09-27,O,3355,1103,579,38,3841
2014-09-28,A,1467,657,464,11,1649
2014-09-28,AB,1003,174,106,18,1053
2014-09-28,B,855,696,518,5,1028
2014-09-28,O,3841,1098,604,39,4296
2014-09-29,A,1649,308,450,5,1502
2014-09-29,AB,1053,71,104,17,1003
2014-09-29,B,1028,316,498,5,841
2014-09-29,O,4296,455,637,40,4074
2014-09-30,A,1502,449,474,8,1469
2014-09-30,AB,1003,147,105,27,1018
2014-09-30,B,841,521,490,3,869
2014-09-30,O,4074,754,630,36,4162
2014-10-01,A,1469,383,448,8,1396
2014-10-01,AB,1018,117,97,15,1023
2014-10-01,B,869,475,507,5,832
2014-10-01,O,4162,670,650,28,4154
2014-10-02,A,1396,310,466,8,1232
2014-10-02,AB,1023,97,101,20,999
2014-10-02,B,832,358,512,8,670
2014-10-02,O,4154,455,674,35,3900
2014-10-03,A,1232,125,480,4,873
2014-10-03,AB,999,33,92,17,923
2014-10-03,B,670,134,483,1,320
2014-10-03,O,3900,247,708,25,3414
2014-10-04,A,873,149,463,2,557
2014-10-04,AB,923,41,82,14,868
2014-10-04,B,320,182,432,1,69
2014-10-04,O,3414,241,624,15,3016
2014-10-05,A,557,105,438,0,224
2014-10-05,AB,868,24,100,15,777
2014-10-05,B,69,106,175,0,0
2014-10-05,O,3016,170,604,17,2565
2014-10-06,A,224,101,325,0,0
2014-10-06,AB,777,34,93,11,707
2014-10-06,B,0,109,109,0,0
2014-10-06,O,2565,170,639,17,2079
2014-10-07,A,0,285,285,0,0
2014-10-07,AB,707,78,107,9,669
2014-10-07,B,0,338,338,0,0
2014-10-07,O,2079,470,608,9,1932
2014-10-08,A,0,307,307,0,0
2014-10-08,AB,669,87,109,9,638
2014-10-08,B,0,343,343,0,0
2014-10-08,O,1932,517,625,5,1819
2014-10-09,A,0,245,245,0,0
2014-10-09,AB,638,56,97,6,591
2014-10-09,B,0,280,280,0,0
2014-10-09,O,1819,412,643,4,1584
2014-10-10,A,0,328,328,0,0
2014-10-10,AB,591,86,115,6,556
2014-10-10,B,0,355,355,0,0
2014-10-10,O,1584,569,654,11,1488
2014-10-11,A,0,372,367,0,5
2014-10-11,AB,556,92,93,9,546
2014-10-11,B,0,390,390,0,0
2014-10-11,O,1488,604,620,6,1466
2014-10-12,A,5,523,384,1,143
2014-10-12,AB,546,158,97,4,603
2014-10-12,B,0,611,424,2,185
2014-10-12,O,1466,981,575,8,1864
2014-10-13,A,143,306,435,0,14
2014-10-13,AB,603,88,119,3,569
2014-10-13,B,185,361,478,1,67
2014-10-13,O,1864,533,669,6,1722
2014-10-14,A,14,514,430,1,97
2014-10-14,AB,569,130,99,3,597
2014-10-14,B,67,587,418,1,235
2014-10-14,O,1722,918,640,14,1986
2014-10-15,A,97,532,427,0,202
2014-10-15,AB,597,117,93,7,614
2014-10-15,B,235,532,476,3,288
2014-10-15,O,1986,840,710,20,2096
2014-10-16,A,202,475,470,0,207
2014-10-16,AB,614,115,107,7,615
2014-10-16,B,288,481,440,1,328
2014-10-16,O,2096,773,674,6,2189
2014-10-17,A,207,398,455,0,150
2014-10-17,AB,615,85,100,3,597
2014-10-17,B,328,382,476,1,233
2014-10-17,O,2189,634,697,16,2110
2014-10-18,A,150,434,414,0,170
2014-10-18,AB,597,106,84,9,610
2014-10-18,B,233,416,442,2,205
2014-10-18,O,2110,666,631,13,2132
2014-10-19,A,170,828,441,1,556
2014-10-19,AB,610,168,94,5,679
2014-10-19,B,205,831,448,4,584
2014-10-19,O,2132,1379,654,17,2840
2014-10-20,A,556,229,488,1,296
2014-10-20,AB,679,55,99,3,632
2014-10-20,B,584,221,512,4,289
2014-10-20,O,2840,362,675,7,2520
2014-10-21,A,296,225,417,0,104
2014-10-21,AB,632,65,101,6,590
2014-10-21,B,289,292,445,1,135
2014-10-21,O,2520,421,690,16,2235
2014-10-22,A,104,284,388,0,0
2014-10-22,AB,590,77,119,10,538
2014-10-22,B,135,311,439,0,7
2014-10-22,O,2235,451,660,15,2011
2014-10-23,A,0,231,231,0,0
2014-10-23,AB,538,43,100,2,479
2014-10-23,B,7,244,251,0,0
2014-10-23,O,2011,310,669,17,1635
2014-10-24,A,0,145,145,0,0
2014-10-24,AB,479,28,93,2,412
2014-10-24,B,0,153,153,0,0
2014-10-24,O,1635,271,675,6,1225
2014-10-25,A,0,212,212,0,0
2014-10-25,AB,412,60,63,3,406
2014-10-25,B,0,247,247,0,0
2014-10-25,O,1225,382,558,4,1045
2014-10-26,A,0,438,342,0,96
2014-10-26,AB,406,100,90,2,414
2014-10-26,B,0,460,379,0,81
2014-10-26,O,1045,723,529,7,1232
2014-10-27,A,96,241,337,0,0
2014-10-27,AB,414,53,88,2,377
2014-10-27,B,81,250,331,0,0
2014-10-27,O,1232,377,613,6,990
2014-10-28,A,0,315,315,0,0
2014-10-28,AB,377,95,93,1,378
2014-10-28,B,0,378,378,0,0
2014-10-28,O,990,525,558,8,949
2014-10-29,A,0,412,366,0,46
2014-10-29,AB,378,124,84,2,416
2014-10-29,B,0,496,373,0,123
2014-10-29,O,949,668,544,5,1068
2014-10-30,A,46,336,346,1,35
2014-10-30,AB,416,98,84,3,427
2014-10-30,B,123,466,408,1,180
2014-10-30,O,1068,601,588,10,1071
2014-10-31,A,35,242,277,0,0
2014-10-31,AB,427,62,78,4,407
2014-10-31,B,180,253,360,0,73
2014-10-31,O,1071,453,553,5,966
2014-11-01,A,0,310,310,0,0
2014-11-01,AB,407,84,74,1,416
2014-11-01,B,73,354,355,1,71
2014-11-01,O,966,542,522,6,980
2014-11-02,A,0,400,325,0,75
2014-11-02,AB,416,102,67,0,451
2014-11-02,B,71,365,340,2,94
2014-11-02,O,980,660,540,7,1093
2014-11-03,A,75,211,286,0,0
2014-11-03,AB,451,51,81,2,419
2014-11-03,B,94,225,319,0,0
2014-11-03,O,1093,387,613,6,861
2014-11-04,A,0,346,346,0,0
2014-11-04,AB,419,62,92,0,389
2014-11-04,B,0,363,363,0,0
2014-11-04,O,861,518,607,2,770
2014-11-05,A,0,407,386,0,21
2014-11-05,AB,389,103,91,2,399
2014-11-05,B,0,464,380,1,83
2014-11-05,O,770,691,624,2,835
2014-11-06,A,21,307,328,0,0
2014-11-06,AB,399,80,91,1,387
2014-11-06,B,83,317,397,0,3
2014-11-06,O,835,493,615,6,707
2014-11-07,A,0,177,177,0,0
2014-11-07,AB,387,54,78,2,361
2014-11-07,B,3,164,167,0,0
2014-11-07,O,707,281,598,1,389
2014-11-08,A,0,299,299,0,0
2014-11-08,AB,361,76,77,2,358
2014-11-08,B,0,362,362,0,0
2014-11-08,O,389,471,575,2,283
2014-11-09,A,0,609,376,1,232
2014-11-09,AB,358,126,81,1,402
2014-11-09,B,0,613,387,2,224
2014-11-09,O,283,946,569,4,656
2014-11-10,A,232,209,361,0,80
2014-11-10,AB,402,65,92,1,374
2014-11-10,B,224,218,423,0,19
2014-11-10,O,656,333,600,3,386
2014-11-11,A,80,376,368,1,87
2014-11-11,AB,374,98,78,1,393
2014-11-11,B,19,411,424,0,6
2014-11-11,O,386,640,601,4,421
2014-11-12,A,87,453,393,0,147
2014-11-12,AB,393,131,103,6,415
2014-11-12,B,6,515,420,1,100
2014-11-12,O,421,710,616,5,510
2014-11-13,A,147,295,433,0,9
2014-11-13,AB,415,69,79,5,400
2014-11-13,B,100,384,408,0,76
2014-11-13,O,510,452,581,4,377
2014-11-14,A,9,237,246,0,0
2014-11-14,AB,400,64,83,3,378
2014-11-14,B,76,262,338,0,0
2014-11-14,O,377,362,543,2,194
2014-11-15,A,0,299,299,0,0
2014-11-15,AB,378,82,69,4,387
2014-11-15,B,0,303,303,0,0
2014-11-15,O,194,514,482,2,224
2014-11-16,A,0,532,364,1,167
2014-11-16,AB,387,122,62,4,443
2014-11-16,B,0,524,344,0,180
2014-11-16,O,224,880,481,2,621
2014-11-17,A,167,231,398,0,0
2014-11-17,AB,443,69,79,0,433
2014-11-17,B,180,282,366,0,96
2014-11-17,O,621,409,522,9,499
2014-11-18,A,0,316,316,0,0
2014-11-18,AB,433,69,85,2,415
2014-11-18,B,96,323,370,0,49
2014-11-18,O,499,550,540,2,507
2014-11-19,A,0,392,334,0,58
2014-11-19,AB,415,108,66,0,457
2014-11-19,B,49,509,396,1,161
2014-11-19,O,507,707,545,5,664
2014-11-20,A,58,437,377,1,117
2014-11-20,AB,457,107,68,4,492
2014-11-20,B,161,528,362,2,325
2014-11-20,O,664,693,524,4,829
2014-11-21,A,117,246,326,1,36
2014-11-21,AB,492,70,75,3,484
2014-11-21,B,325,237,402,1,159
2014-11-21,O,829,384,563,4,646
2014-11-22,A,36,244,280,0,0
2014-11-22,AB,484,58,64,4,474
2014-11-22,B,159,213,332,0,40
2014-11-22,O,646,406,487,4,561
2014-11-23,A,0,490,344,0,146
2014-11-23,AB,474,132,81,3,522
2014-11-23,B,40,531,350,0,221
2014-11-23,O,561,870,507,8,916
2014-11-24,A,146,206,352,0,0
2014-11-24,AB,522,71,69,1,523
2014-11-24,B,221,252,353,1,119
2014-11-24,O,916,358,568,4,702
2014-11-25,A,0,317,317,0,0
2014-11-25,AB,523,87,84,2,524
2014-11-25,B,119,318,385,0,52
2014-11-25,O,702,531,573,2,658
2014-11-26,A,0,346,346,0,0
2014-11-26,AB,524,89,94,3,516
2014-11-26,B,52,390,433,0,9
2014-11-26,O,658,619,569,5,703
2014-11-27,A,0,332,332,0,0
2014-11-27,AB,516,84,102,1,497
2014-11-27,B,9,385,384,0,10
2014-11-27,O,703,567,547,5,718
2014-11-28,A,0,294,294,0,0
2014-11-28,AB,497,107,93,11,500
2014-11-28,B,10,334,344,0,0
2014-11-28,O,718,474,558,4,630
2014-11-29,A,0,295,295,0,0
2014-11-29,AB,500,68,70,2,496
2014-11-29,B,0,318,318,0,0
2014-11-29,O,630,498,490,3,635
2014-11-30,A,0,605,349,0,256
2014-11-30,AB,496,148,71,8,565
2014-11-30,B,0,616,323,0,293
2014-11-30,O,635,996,530,8,1093
2014-12-01,A,256,215,361,0,110
2014-12-01,AB,565,47,84,5,523
2014-12-01,B,293,235,401,3,124
2014-12-01,O,1093,357,627,4,819
2014-12-02,A,110,261,342,0,29
2014-12-02,AB,523,98,91,7,523
2014-12-02,B,124,309,378,0,55
2014-12-02,O,819,458,576,7,694
2014-12-03,A,29,348,336,0,41
2014-12-03,AB,523,87,73,6,531
2014-12-03,B,55,413,358,2,108
2014-12-03,O,694,611,574,11,720
2014-12-04,A,41,429,336,1,133
2014-12-04,AB,531,119,88,4,558
2014-12-04,B,108,539,357,2,288
2014-12-04,O,720,701,619,2,800
2014-12-05,A,133,222,350,0,5
2014-12-05,AB,558,56,91,4,519
2014-12-05,B,288,306,341,1,252
2014-12-05,O,800,381,601,5,575
2014-12-06,A,5,308,306,0,7
2014-12-06,AB,519,79,91,3,504
2014-12-06,B,252,334,343,1,242
2014-12-06,O,575,537,491,0,621
2014-12-07,A,7,679,316,2,368
2014-12-07,AB,504,178,83,2,597
2014-12-07,B,242,719,358,2,601
2014-12-07,O,621,1117,578,7,1153
2014-12-08,A,368,196,351,1,212
2014-12-08,AB,597,59,104,3,549
2014-12-08,B,601,234,374,2,459
2014-12-08,O,1153,340,587,7,899
2014-12-09,A,212,395,336,1,270
2014-12-09,AB,549,103,102,6,544
2014-12-09,B,459,356,424,1,390
2014-12-09,O,899,613,602,5,905
2014-12-10,A,270,339,339,3,267
2014-12-10,AB,544,87,90,6,535
2014-12-10,B,390,410,360,3,437
2014-12-10,O,905,616,588,1,932
2014-12-11,A,267,356,375,0,248
2014-12-11,AB,535,94,88,10,531
2014-12-11,B,437,389,393,3,430
2014-12-11,O,932,583,576,4,935
2014-12-12,A,248,153,341,0,60
2014-12-12,AB,531,35,80,3,483
2014-12-12,B,430,163,386,1,206
2014-12-12,O,935,226,580,1,580
2014-12-13,A,60,295,292,0,63
2014-12-13,AB,483,62,77,4,464
2014-12-13,B,206,280,359,0,127
2014-12-13,O,580,416,553,2,441
2014-12-14,A,63,573,529,1,106
2014-12-14,AB,464,137,88,0,513
2014-12-14,B,127,577,364,5,335
2014-12-14,O,441,999,574,5,861
2014-12-15,A,106,190,296,0,0
2014-12-15,AB,513,66,77,2,500
2014-12-15,B,335,222,370,0,187
2014-12-15,O,861,329,589,2,599
2014-12-16,A,0,408,408,0,0
2014-12-16,AB,500,86,84,3,499
2014-12-16,B,187,412,365,2,232
2014-12-16,O,599,551,557,2,591
2014-12-17,A,0,407,407,0,0
2014-12-17,AB,499,91,93,4,493
2014-12-17,B,232,442,387,1,286
2014-12-17,O,591,593,585,3,596
2014-12-18,A,0,318,318,0,0
2014-12-18,AB,493,86,81,2,496
2014-12-18,B,286,388,399,0,275
2014-12-18,O,596,534,562,3,565
2014-12-19,A,0,256,256,0,0
2014-12-19,AB,496,69,99,5,461
2014-12-19,B,275,264,428,1,110
2014-12-19,O,565,399,599,3,362
2014-12-20,A,0,372,372,0,0
2014-12-20,AB,461,100,63,5,493
2014-12-20,B,110,398,341,0,167
2014-12-20,O,362,611,509,3,461
2014-12-21,A,0,484,484,0,0
2014-12-21,AB,493,135,91,7,530
2014-12-21,B,167,474,331,1,309
2014-12-21,O,461,748,574,2,633
2014-12-22,A,0,199,199,0,0
2014-12-22,AB,530,61,106,4,481
2014-12-22,B,309,236,382,0,163
2014-12-22,O,633,326,613,2,344
2014-12-23,A,0,241,241,0,0
2014-12-23,AB,481,56,83,3,451
2014-12-23,B,163,236,371,0,28
2014-12-23,O,344,338,538,1,143
2014-12-24,A,0,214,214,0,0
2014-12-24,AB,451,76,88,0,439
2014-12-24,B,28,262,290,0,0
2014-12-24,O,143,365,508,0,0
2014-12-25,A,0,234,234,0,0
2014-12-25,AB,439,48,78,2,407
2014-12-25,B,0,226,226,0,0
2014-12-25,O,0,360,360,0,0
2014-12-26,A,0,173,173,0,0
2014-12-26,AB,407,44,82,2,367
2014-12-26,B,0,171,171,0,0
2014-12-26,O,0,257,257,0,0
2014-12-27,A,0,233,233,0,0
2014-12-27,AB,367,91,57,4,397
2014-12-27,B,0,234,234,0,0
2014-12-27,O,0,393,393,0,0
2014-12-28,A,0,585,528,1,56
2014-12-28,AB,397,166,64,6,493
2014-12-28,B,0,637,324,1,312
2014-12-28,O,0,937,527,3,407
2014-12-29,A,56,237,293,0,0
2014-12-29,AB,493,43,91,3,442
2014-12-29,B,312,233,355,2,188
2014-12-29,O,407,422,552,3,274
2014-12-30,A,0,291,291,0,0
2014-12-30,AB,442,91,66,1,466
2014-12-30,B,188,302,334,1,155
2014-12-30,O,274,452,534,2,190
2014-12-31,A,0,353,353,0,0
2014-12-31,AB,466,109,88,1,486
2014-12-31,B,155,357,322,2,188
2014-12-31,O,190,528,509,1,208
2015-01-01,A,0,411,337,2,72
2015-01-01,AB,486,88,87,1,486
2015-01-01,B,188,440,345,1,282
2015-01-01,O,208,618,528,1,297
2015-01-02,A,72,324,288,1,107
2015-01-02,AB,486,102,88,5,495
2015-01-02,B,282,259,289,1,251
2015-01-02,O,297,414,535,0,176
2015-01-03,A,107,558,278,2,385
2015-01-03,AB,495,177,82,5,585
2015-01-03,B,251,485,289,1,446
2015-01-03,O,176,755,497,1,433
2015-01-04,A,385,573,293,1,664
2015-01-04,AB,585,168,84,8,661
2015-01-04,B,446,564,293,5,712
2015-01-04,O,433,768,520,2,679
2015-01-05,A,664,288,313,1,638
2015-01-05,AB,661,76,81,7,649
2015-01-05,B,712,305,331,4,682
2015-01-05,O,679,434,571,2,540
2015-01-06,A,638,334,324,3,645
2015-01-06,AB,649,86,83,7,645
2015-01-06,B,682,363,328,7,710
2015-01-06,O,540,513,530,7,516
2015-01-07,A,645,645,318,6,966
2015-01-07,AB,645,184,81,12,736
2015-01-07,B,710,704,336,5,1073
2015-01-07,O,516,1069,522,7,1056
2015-01-08,A,966,384,326,5,1019
2015-01-08,AB,736,95,94,8,729
2015-01-08,B,1073,436,327,8,1174
2015-01-08,O,1056,663,568,6,1145
2015-01-09,A,1019,415,359,8,1067
2015-01-09,AB,729,118,77,5,765
2015-01-09,B,1174,455,363,10,1256
2015-01-09,O,1145,667,565,11,1236
2015-01-10,A,1067,558,353,10,1262
2015-01-10,AB,765,149,98,14,802
2015-01-10,B,1256,557,301,4,1508
2015-01-10,O,1236,810,522,18,1506
2015-01-11,A,1262,715,375,4,1598
2015-01-11,AB,802,193,89,9,897
2015-01-11,B,1508,737,334,13,1898
2015-01-11,O,1506,1125,530,12,2089
2015-01-12,A,1598,214,363,8,1441
2015-01-12,AB,897,60,82,11,864
2015-01-12,B,1898,252,363,14,1773
2015-01-12,O,2089,415,603,11,1890
2015-01-13,A,1441,362,346,9,1448
2015-01-13,AB,864,96,88,12,860
2015-01-13,B,1773,412,341,12,1832
2015-01-13,O,1890,643,591,8,1934
2015-01-14,A,1448,552,338,8,1654
2015-01-14,AB,860,147,91,9,907
2015-01-14,B,1832,600,327,8,2097
2015-01-14,O,1934,848,623,12,2147
2015-01-15,A,1654,465,394,6,1719
2015-01-15,AB,907,121,118,18,892
2015-01-15,B,2097,529,335,12,2279
2015-01-15,O,2147,709,595,13,2248
2015-01-16,A,1719,253,374,8,1590
2015-01-16,AB,892,88,107,10,863
2015-01-16,B,2279,290,352,19,2198
2015-01-16,O,2248,441,628,16,2045
2015-01-17,A,1590,544,335,6,1793
2015-01-17,AB,863,141,95,17,892
2015-01-17,B,2198,578,300,20,2456
2015-01-17,O,2045,860,545,14,2346
2015-01-18,A,1793,462,352,10,1893
2015-01-18,AB,892,104,81,10,905
2015-01-18,B,2456,532,354,21,2613
2015-01-18,O,2346,784,543,22,2565
2015-01-19,A,1893,397,387,9,1894
2015-01-19,AB,905,101,105,20,881
2015-01-19,B,2613,439,360,23,2669
2015-01-19,O,2565,606,1488,13,1670
2015-01-20,A,1894,436,367,11,1952
2015-01-20,AB,881,116,89,20,888
2015-01-20,B,2669,524,359,22,2812
2015-01-20,O,1670,744,636,15,1763
2015-01-21,A,1952,436,368,11,2009
2015-01-21,AB,888,126,98,13,903
2015-01-21,B,2812,458,381,30,2859
2015-01-21,O,1763,731,584,11,1899
2015-01-22,A,2009,352,390,12,1959
2015-01-22,AB,903,112,86,18,911
2015-01-22,B,2859,437,413,29,2854
2015-01-22,O,1899,584,570,12,1901
2015-01-23,A,1959,143,366,8,1728
2015-01-23,AB,911,48,99,13,847
2015-01-23,B,2854,152,390,23,2593
2015-01-23,O,1901,238,647,7,1485
2015-01-24,A,1728,581,375,14,1920
2015-01-24,AB,847,170,118,13,886
2015-01-24,B,2593,745,385,21,2932
2015-01-24,O,1485,933,566,19,1833
2015-01-25,A,1920,434,369,17,1968
2015-01-25,AB,886,137,91,12,920
2015-01-25,B,2932,495,388,33,3006
2015-01-25,O,1833,773,517,11,2078
2015-01-26,A,1968,224,412,14,1766
2015-01-26,AB,920,60,96,15,869
2015-01-26,B,3006,252,432,23,2803
2015-01-26,O,2078,316,642,12,1740
2015-01-27,A,1766,289,398,10,1647
2015-01-27,AB,869,61,111,12,807
2015-01-27,B,2803,307,386,21,2703
2015-01-27,O,1740,430,566,11,1593
2015-01-28,A,1647,385,379,8,1645
2015-01-28,AB,807,135,100,14,828
2015-01-28,B,2703,485,417,25,2746
2015-01-28,O,1593,633,626,14,1586
2015-01-29,A,1645,413,369,13,1676
2015-01-29,AB,828,118,112,6,828
2015-01-29,B,2746,468,391,24,2799
2015-01-29,O,1586,673,650,8,1601
2015-01-30,A,1676,187,391,3,1469
2015-01-30,AB,828,33,94,8,759
2015-01-30,B,2799,205,407,28,2569
2015-01-30,O,1601,320,604,9,1308
2015-01-31,A,1469,380,345,9,1495
2015-01-31,AB,759,111,85,13,772
2015-01-31,B,2569,474,367,22,2654
2015-01-31,O,1308,710,570,6,1442
2015-02-01,A,1495,354,324,8,1517
2015-02-01,AB,772,90,88,12,762
2015-02-01,B,2654,396,350,24,2676
2015-02-01,O,1442,551,593,7,1393
2015-02-02,A,1517,221,371,3,1364
2015-02-02,AB,762,56,88,7,723
2015-02-02,B,2676,283,398,23,2538
2015-02-02,O,1393,348,576,14,1151
2015-02-03,A,1364,677,377,7,1657
2015-02-03,AB,723,193,91,14,811
2015-02-03,B,2538,987,452,30,3043
2015-02-03,O,1151,1263,618,8,1788
2015-02-04,A,1657,279,399,8,1529
2015-02-04,AB,811,79,88,7,795
2015-02-04,B,3043,298,424,28,2889
2015-02-04,O,1788,448,640,9,1587
2015-02-05,A,1529,415,371,3,1570
2015-02-05,AB,795,102,73,14,810
2015-02-05,B,2889,451,450,32,2858
2015-02-05,O,1587,641,622,6,1600
2015-02-06,A,1570,189,335,12,1412
2015-02-06,AB,810,23,91,5,737
2015-02-06,B,2858,171,406,12,2611
2015-02-06,O,1600,262,624,7,1231
2015-02-07,A,1412,364,321,11,1444
2015-02-07,AB,737,104,89,8,744
2015-02-07,B,2611,378,376,21,2592
2015-02-07,O,1231,609,572,8,1260
2015-02-08,A,1444,471,337,9,1569
2015-02-08,AB,744,120,99,8,757
2015-02-08,B,2592,489,410,19,2652
2015-02-08,O,1260,702,560,4,1398
2015-02-09,A,1569,273,322,6,1514
2015-02-09,AB,757,88,92,17,736
2015-02-09,B,2652,353,404,21,2580
2015-02-09,O,1398,467,558,11,1296
2015-02-10,A,1514,322,332,6,1498
2015-02-10,AB,736,90,84,8,734
2015-02-10,B,2580,364,426,17,2501
2015-02-10,O,1296,568,541,7,1316
2015-02-11,A,1498,319,340,15,1462
2015-02-11,AB,734,81,77,11,727
2015-02-11,B,2501,374,401,17,2457
2015-02-11,O,1316,523,603,10,1226
2015-02-12,A,1462,459,323,5,1593
2015-02-12,AB,727,126,136,7,710
2015-02-12,B,2457,520,441,24,2512
2015-02-12,O,1226,778,514,10,1480
2015-02-13,A,1593,194,287,11,1489
2015-02-13,AB,710,53,129,5,629
2015-02-13,B,2512,196,378,21,2309
2015-02-13,O,1480,326,556,5,1245
2015-02-14,A,1489,315,283,12,1509
2015-02-14,AB,629,74,142,6,555
2015-02-14,B,2309,412,345,18,2358
2015-02-14,O,1245,539,454,9,1321
2015-02-15,A,1509,427,290,6,1640
2015-02-15,AB,555,118,127,1,545
2015-02-15,B,2358,536,384,21,2489
2015-02-15,O,1321,734,498,15,1542
2015-02-16,A,1640,318,307,11,1640
2015-02-16,AB,545,99,160,4,480
2015-02-16,B,2489,392,388,22,2471
2015-02-16,O,1542,505,514,8,1525
2015-02-17,A,1640,365,330,9,1666
2015-02-17,AB,480,108,134,1,453
2015-02-17,B,2471,392,409,21,2433
2015-02-17,O,1525,637,505,5,1652
2015-02-18,A,1666,432,307,7,1784
2015-02-18,AB,453,106,138,5,416
2015-02-18,B,2433,509,435,26,2481
2015-02-18,O,1652,707,508,5,1846
2015-02-19,A,1784,87,296,7,1568
2015-02-19,AB,416,20,143,1,292
2015-02-19,B,2481,112,366,16,2211
2015-02-19,O,1846,170,512,6,1498
2015-02-20,A,1568,91,296,4,1359
2015-02-20,AB,292,25,124,3,190
2015-02-20,B,2211,96,347,14,1946
2015-02-20,O,1498,161,508,6,1145
2015-02-21,A,1359,235,256,10,1328
2015-02-21,AB,190,75,137,0,128
2015-02-21,B,1946,268,355,6,1853
2015-02-21,O,1145,392,457,4,1076
2015-02-22,A,1328,252,287,8,1285
2015-02-22,AB,128,56,112,1,71
2015-02-22,B,1853,225,333,11,1734
2015-02-22,O,1076,400,463,8,1005
2015-02-23,A,1285,274,282,11,1266
2015-02-23,AB,71,58,118,0,11
2015-02-23,B,1734,277,347,13,1651
2015-02-23,O,1005,430,507,3,925
2015-02-24,A,1266,413,297,5,1377
2015-02-24,AB,11,111,122,0,0
2015-02-24,B,1651,460,373,7,1731
2015-02-24,O,925,627,464,7,1081
2015-02-25,A,1377,435,331,8,1473
2015-02-25,AB,0,109,109,0,0
2015-02-25,B,1731,492,345,14,1864
2015-02-25,O,1081,687,504,8,1256
2015-02-26,A,1473,462,292,5,1638
2015-02-26,AB,0,135,131,0,4
2015-02-26,B,1864,501,385,13,1967
2015-02-26,O,1256,748,513,12,1479
2015-02-27,A,1638,245,274,11,1598
2015-02-27,AB,4,56,60,0,0
2015-02-27,B,1967,280,374,14,1859
2015-02-27,O,1479,396,484,11,1380
2015-02-28,A,1598,370,252,13,1703
2015-02-28,AB,0,119,119,0,0
2015-02-28,B,1859,433,321,14,1957
2015-02-28,O,1380,685,436,9,1620
2015-03-01,A,1703,408,281,14,1816
2015-03-01,AB,0,97,97,0,0
2015-03-01,B,1957,425,350,10,2022
2015-03-01,O,1620,623,430,9,1804
2015-03-02,A,1816,202,284,11,1723
2015-03-02,AB,0,53,53,0,0
2015-03-02,B,2022,231,369,9,1875
2015-03-02,O,1804,348,528,11,1613
2015-03-03,A,1723,297,321,12,1687
2015-03-03,AB,0,91,91,0,0
2015-03-03,B,1875,367,336,11,1895
2015-03-03,O,1613,547,491,9,1660
2015-03-04,A,1687,383,324,7,1739
2015-03-04,AB,0,92,92,0,0
2015-03-04,B,1895,421,340,6,1970
2015-03-04,O,1660,594,453,8,1793
2015-03-05,A,1739,370,309,10,1790
2015-03-05,AB,0,96,96,0,0
2015-03-05,B,1970,459,336,10,2083
2015-03-05,O,1793,600,487,9,1897
2015-03-06,A,1790,222,283,10,1719
2015-03-06,AB,0,49,49,0,0
2015-03-06,B,2083,212,343,12,1940
2015-03-06,O,1897,334,496,12,1723
2015-03-07,A,1719,485,271,19,1914
2015-03-07,AB,0,129,59,0,70
2015-03-07,B,1940,462,312,16,2074
2015-03-07,O,1723,642,404,17,1944
2015-03-08,A,1914,674,247,20,2321
2015-03-08,AB,70,170,64,1,175
2015-03-08,B,2074,675,328,18,2403
2015-03-08,O,1944,1152,492,11,2593
2015-03-09,A,2321,220,267,17,2257
2015-03-09,AB,175,52,76,0,151
2015-03-09,B,2403,253,352,14,2290
2015-03-09,O,2593,385,532,11,2435
2015-03-10,A,2257,476,323,21,2389
2015-03-10,AB,151,106,63,0,194
2015-03-10,B,2290,516,338,18,2450
2015-03-10,O,2435,752,496,20,2671
2015-03-11,A,2389,534,324,25,2574
2015-03-11,AB,194,144,84,1,253
2015-03-11,B,2450,585,337,30,2668
2015-03-11,O,2671,885,459,19,3078
2015-03-12,A,2574,404,295,27,2656
2015-03-12,AB,253,136,66,2,321
2015-03-12,B,2668,479,368,33,2746
2015-03-12,O,3078,641,472,21,3226
2015-03-13,A,2656,355,326,35,2650
2015-03-13,AB,321,79,78,3,319
2015-03-13,B,2746,342,375,26,2687
2015-03-13,O,3226,530,460,24,3272
2015-03-14,A,2650,375,283,25,2717
2015-03-14,AB,319,101,62,5,353
2015-03-14,B,2687,395,304,28,2750
2015-03-14,O,3272,594,388,28,3450
2015-03-15,A,2717,754,289,35,3147
2015-03-15,AB,353,183,62,4,470
2015-03-15,B,2750,702,344,30,3078
2015-03-15,O,3450,1172,438,41,4143
2015-03-16,A,3147,192,320,38,2981
2015-03-16,AB,470,58,79,5,444
2015-03-16,B,3078,236,323,35,2956
2015-03-16,O,4143,385,466,26,4036
2015-03-17,A,2981,331,325,26,2961
2015-03-17,AB,444,76,60,2,458
2015-03-17,B,2956,406,339,38,2985
2015-03-17,O,4036,587,438,43,4142
2015-03-18,A,2961,412,307,45,3021
2015-03-18,AB,458,84,68,4,470
2015-03-18,B,2985,461,320,29,3097
2015-03-18,O,4142,665,466,37,4304
2015-03-19,A,3021,286,322,44,2941
2015-03-19,AB,470,81,66,1,484
2015-03-19,B,3097,356,389,38,3026
2015-03-19,O,4304,478,483,43,4256
2015-03-20,A,2941,201,327,31,2784
2015-03-20,AB,484,54,75,2,461
2015-03-20,B,3026,237,335,29,2899
2015-03-20,O,4256,342,470,46,4082
2015-03-21,A,2784,291,296,25,2754
2015-03-21,AB,461,92,49,3,501
2015-03-21,B,2899,331,310,34,2886
2015-03-21,O,4082,504,420,38,4128
2015-03-22,A,2754,693,288,32,3127
2015-03-22,AB,501,178,67,5,607
2015-03-22,B,2886,716,334,47,3221
2015-03-22,O,4128,1193,429,60,4832
2015-03-23,A,3127,218,312,32,3001
2015-03-23,AB,607,54,85,4,572
2015-03-23,B,3221,250,354,27,3090
2015-03-23,O,4832,338,468,55,4647
2015-03-24,A,3001,370,322,29,3020
2015-03-24,AB,572,107,76,6,597
2015-03-24,B,3090,410,353,36,3111
2015-03-24,O,4647,648,485,52,4758
2015-03-25,A,3020,543,349,34,3180
2015-03-25,AB,597,146,84,6,653
2015-03-25,B,3111,565,343,38,3295
2015-03-25,O,4758,833,508,64,5019
2015-03-26,A,3180,386,352,46,3168
2015-03-26,AB,653,106,77,6,676
2015-03-26,B,3295,416,379,34,3298
2015-03-26,O,5019,641,455,58,5147
2015-03-27,A,3168,225,356,39,2998
2015-03-27,AB,676,55,76,8,647
2015-03-27,B,3298,236,353,36,3145
2015-03-27,O,5147,334,474,51,4956
2015-03-28,A,2998,423,323,35,3063
2015-03-28,AB,647,102,74,7,668
2015-03-28,B,3145,472,321,36,3260
2015-03-28,O,4956,689,417,64,5164
2015-03-29,A,3063,403,295,35,3136
2015-03-29,AB,668,114,55,11,716
2015-03-29,B,3260,411,320,36,3315
2015-03-29,O,5164,640,470,64,5270
2015-03-30,A,3136,203,349,31,2959
2015-03-30,AB,716,37,85,6,662
2015-03-30,B,3315,233,340,31,3177
2015-03-30,O,5270,299,492,78,4999
2015-03-31,A,2959,336,317,34,2944
2015-03-31,AB,662,76,77,5,656
2015-03-31,B,3177,386,369,40,3154
2015-03-31,O,4999,576,476,49,5050
2015-04-01,A,2944,344,324,35,2929
2015-04-01,AB,656,91,72,5,670
2015-04-01,B,3154,418,373,35,3164
2015-04-01,O,5050,552,510,55,5037
2015-04-02,A,2929,332,301,24,2936
2015-04-02,AB,670,86,79,12,665
2015-04-02,B,3164,382,352,48,3146
2015-04-02,O,5037,570,520,65,5022
2015-04-03,A,2936,263,324,37,2838
2015-04-03,AB,665,74,90,9,640
2015-04-03,B,3146,344,331,37,3122
2015-04-03,O,5022,424,484,48,4914
2015-04-04,A,2838,403,264,38,2939
2015-04-04,AB,640,98,55,6,677
2015-04-04,B,3122,459,327,35,3219
2015-04-04,O,4914,650,455,57,5052
2015-04-05,A,2939,370,269,33,3007
2015-04-05,AB,677,105,57,12,713
2015-04-05,B,3219,413,282,32,3318
2015-04-05,O,5052,626,442,66,5170
2015-04-06,A,3007,284,297,29,2965
2015-04-06,AB,713,79,68,3,721
2015-04-06,B,3318,386,374,43,3287
2015-04-06,O,5170,458,496,66,5066
2015-04-07,A,2965,447,272,42,3098
2015-04-07,AB,721,133,75,8,771
2015-04-07,B,3287,501,370,32,3386
2015-04-07,O,5066,743,495,62,5252
2015-04-08,A,3098,433,268,41,3222
2015-04-08,AB,771,101,74,6,792
2015-04-08,B,3386,456,344,45,3453
2015-04-08,O,5252,724,482,82,5412
2015-04-09,A,3222,348,270,39,3261
2015-04-09,AB,792,88,61,12,807
2015-04-09,B,3453,411,323,39,3502
2015-04-09,O,5412,581,535,73,5385
2015-04-10,A,3261,282,286,42,3215
2015-04-10,AB,807,65,80,14,778
2015-04-10,B,3502,309,335,28,3448
2015-04-10,O,5385,461,526,83,5237
2015-04-11,A,3215,453,246,50,3372
2015-04-11,AB,778,130,66,8,834
2015-04-11,B,3448,479,327,60,3540
2015-04-11,O,5237,698,446,77,5412
2015-04-12,A,3372,523,245,63,3587
2015-04-12,AB,834,125,69,13,877
2015-04-12,B,3540,590,322,42,3766
2015-04-12,O,5412,911,450,97,5776
2015-04-13,A,3587,289,280,41,3555
2015-04-13,AB,877,61,55,13,870
2015-04-13,B,3766,307,344,53,3676
2015-04-13,O,5776,453,514,65,5650
2015-04-14,A,3555,368,262,55,3606
2015-04-14,AB,870,105,66,16,893
2015-04-14,B,3676,410,349,46,3691
2015-04-14,O,5650,596,487,81,5678
2015-04-15,A,3606,387,268,63,3662
2015-04-15,AB,893,91,81,13,890
2015-04-15,B,3691,447,335,60,3743
2015-04-15,O,5678,621,515,80,5704
2015-04-16,A,3662,368,266,44,3720
2015-04-16,AB,890,82,79,12,881
2015-04-16,B,3743,408,355,52,3744
2015-04-16,O,5704,604,498,91,5719
2015-04-17,A,3720,227,269,50,3628
2015-04-17,AB,881,65,81,22,843
2015-04-17,B,3744,268,334,44,3634
2015-04-17,O,5719,347,512,98,5456
2015-04-18,A,3628,410,252,60,3726
2015-04-18,AB,843,101,86,12,846
2015-04-18,B,3634,433,276,51,3740
2015-04-18,O,5456,657,456,81,5576
2015-04-19,A,3726,651,245,60,4072
2015-04-19,AB,846,169,79,18,918
2015-04-19,B,3740,786,325,80,4121
2015-04-19,O,5576,1206,490,109,6183
2015-04-20,A,4072,415,287,82,4118
2015-04-20,AB,918,129,78,17,952
2015-04-20,B,4121,525,387,87,4172
2015-04-20,O,6183,736,576,102,6241
2015-04-21,A,4118,453,280,76,4215
2015-04-21,AB,952,133,82,19,984
2015-04-21,B,4172,511,393,63,4227
2015-04-21,O,6241,754,579,118,6298
2015-04-22,A,4215,323,273,75,4190
2015-04-22,AB,984,88,86,17,969
2015-04-22,B,4227,385,336,77,4199
2015-04-22,O,6298,558,562,93,6201
2015-04-23,A,4190,397,257,88,4242
2015-04-23,AB,969,104,75,15,983
2015-04-23,B,4199,400,398,70,4131
2015-04-23,O,6201,551,514,85,6153
2015-04-24,A,4242,247,277,91,4121
2015-04-24,AB,983,65,59,15,974
2015-04-24,B,4131,284,339,66,4010
2015-04-24,O,6153,426,554,100,5925
2015-04-25,A,4121,364,250,72,4163
2015-04-25,AB,974,103,70,20,987
2015-04-25,B,4010,422,336,73,4023
2015-04-25,O,5925,592,514,79,5924
2015-04-26,A,4163,736,265,98,4536
2015-04-26,AB,987,186,62,20,1091
2015-04-26,B,4023,703,375,77,4274
2015-04-26,O,5924,1196,536,118,6466
2015-04-27,A,4536,167,292,95,4316
2015-04-27,AB,1091,47,68,20,1050
2015-04-27,B,4274,168,336,59,4047
2015-04-27,O,6466,243,545,87,6077
2015-04-28,A,4316,304,298,87,4235
2015-04-28,AB,1050,91,74,27,1040
2015-04-28,B,4047,343,334,62,3994
2015-04-28,O,6077,592,537,88,6044
2015-04-29,A,4235,340,283,91,4201
2015-04-29,AB,1040,84,64,9,1051
2015-04-29,B,3994,319,347,52,3914
2015-04-29,O,6044,535,594,102,5883
2015-04-30,A,4201,301,279,90,4133
2015-04-30,AB,1051,82,76,18,1039
2015-04-30,B,3914,313,345,60,3822
2015-04-30,O,5883,475,574,84,5700
2015-05-01,A,4133,895,308,104,4616
2015-05-01,AB,1039,192,90,29,1112
2015-05-01,B,3822,821,690,63,3890
2015-05-01,O,5700,1355,550,91,6414
2015-05-02,A,4616,195,274,99,4438
2015-05-02,AB,1112,56,67,16,1085
2015-05-02,B,3890,249,722,34,3383
2015-05-02,O,6414,415,477,92,6260
2015-05-03,A,4438,669,284,88,4735
2015-05-03,AB,1085,157,72,27,1143
2015-05-03,B,3383,758,694,60,3387
2015-05-03,O,6260,1263,559,126,6838
2015-05-04,A,4735,131,300,100,4466
2015-05-04,AB,1143,42,87,22,1076
2015-05-04,B,3387,125,706,24,2782
2015-05-04,O,6838,198,632,124,6280
2015-05-05,A,4466,229,302,86,4307
2015-05-05,AB,1076,59,73,28,1034
2015-05-05,B,2782,288,681,27,2362
2015-05-05,O,6280,451,598,100,6033
2015-05-06,A,4307,438,292,95,4358
2015-05-06,AB,1034,117,96,12,1043
2015-05-06,B,2362,496,773,18,2067
2015-05-06,O,6033,725,547,107,6104
2015-05-07,A,4358,291,311,72,4266
2015-05-07,AB,1043,84,80,14,1033
2015-05-07,B,2067,345,751,13,1648
2015-05-07,O,6104,512,564,91,5961
2015-05-08,A,4266,321,285,63,4239
2015-05-08,AB,1033,88,82,17,1022
2015-05-08,B,1648,289,695,9,1233
2015-05-08,O,5961,474,509,100,5826
2015-05-09,A,4239,297,301,82,4153
2015-05-09,AB,1022,66,85,21,982
2015-05-09,B,1233,295,687,2,839
2015-05-09,O,5826,513,524,95,5720
2015-05-10,A,4153,704,267,101,4489
2015-05-10,AB,982,184,65,41,1060
2015-05-10,B,839,707,756,3,787
2015-05-10,O,5720,1240,533,103,6324
2015-05-11,A,4489,201,331,78,4281
2015-05-11,AB,1060,60,66,26,1028
2015-05-11,B,787,242,723,1,305
2015-05-11,O,6324,326,621,107,5922
2015-05-12,A,4281,356,309,95,4233
2015-05-12,AB,1028,110,71,20,1047
2015-05-12,B,305,401,695,0,11
2015-05-12,O,5922,628,580,95,5875
2015-05-13,A,4233,326,325,70,4164
2015-05-13,AB,1047,76,68,12,1043
2015-05-13,B,11,330,341,0,0
2015-05-13,O,5875,488,622,66,5675
2015-05-14,A,4164,340,296,70,4138
2015-05-14,AB,1043,96,79,18,1042
2015-05-14,B,0,393,368,1,24
2015-05-14,O,5675,540,570,80,5565
2015-05-15,A,4138,240,292,64,4022
2015-05-15,AB,1042,75,67,21,1029
2015-05-15,B,24,251,275,0,0
2015-05-15,O,5565,369,540,78,5316
2015-05-16,A,4022,382,288,79,4037
2015-05-16,AB,1029,111,75,19,1046
2015-05-16,B,0,429,312,2,115
2015-05-16,O,5316,594,517,64,5329
2015-05-17,A,4037,579,267,91,4258
2015-05-17,AB,1046,129,78,25,1072
2015-05-17,B,115,625,335,3,402
2015-05-17,O,5329,978,554,92,5661
2015-05-18,A,4258,211,337,91,4041
2015-05-18,AB,1072,49,83,18,1020
2015-05-18,B,402,213,370,2,243
2015-05-18,O,5661,307,574,77,5317
2015-05-19,A,4041,286,312,82,3933
2015-05-19,AB,1020,77,81,20,996
2015-05-19,B,243,348,357,0,234
2015-05-19,O,5317,502,544,52,5223
2015-05-20,A,3933,319,315,53,3884
2015-05-20,AB,996,84,85,8,987
2015-05-20,B,234,297,367,0,164
2015-05-20,O,5223,489,533,75,5104
2015-05-21,A,3884,857,297,95,4349
2015-05-21,AB,987,266,64,23,1166
2015-05-21,B,164,990,357,5,792
2015-05-21,O,5104,1331,544,92,5799
2015-05-22,A,4349,181,327,88,4115
2015-05-22,AB,1166,42,90,25,1093
2015-05-22,B,792,221,358,5,650
2015-05-22,O,5799,282,540,80,5461
2015-05-23,A,4115,306,275,86,4060
2015-05-23,AB,1093,92,68,31,1086
2015-05-23,B,650,347,297,3,697
2015-05-23,O,5461,511,532,65,5375
2015-05-24,A,4060,534,302,74,4218
2015-05-24,AB,1086,125,75,24,1112
2015-05-24,B,697,563,337,11,912
2015-05-24,O,5375,906,560,81,5640
2015-05-25,A,4218,226,271,80,4093
2015-05-25,AB,1112,63,83,24,1068
2015-05-25,B,912,278,365,7,818
2015-05-25,O,5640,425,639,65,5361
2015-05-26,A,4093,394,316,74,4097
2015-05-26,AB,1068,107,77,27,1071
2015-05-26,B,818,440,321,8,929
2015-05-26,O,5361,630,577,61,5353
2015-05-27,A,4097,538,302,89,4244
2015-05-27,AB,1071,130,91,15,1095
2015-05-27,B,929,560,332,3,1154
2015-05-27,O,5353,810,588,66,5509
2015-05-28,A,4244,303,310,85,4152
2015-05-28,AB,1095,72,76,22,1069
2015-05-28,B,1154,312,370,6,1090
2015-05-28,O,5509,448,623,49,5285
2015-05-29,A,4152,225,338,70,3969
2015-05-29,AB,1069,67,74,21,1041
2015-05-29,B,1090,288,384,5,989
2015-05-29,O,5285,433,557,63,5098
2015-05-30,A,3969,304,273,68,3932
2015-05-30,AB,1041,87,70,25,1033
2015-05-30,B,989,314,354,9,940
2015-05-30,O,5098,479,552,63,4962
2015-05-31,A,3932,487,278,96,4045
2015-05-31,AB,1033,103,77,26,1033
2015-05-31,B,940,542,352,6,1124
2015-05-31,O,4962,866,549,64,5215
2015-06-01,A,4045,286,372,70,3889
2015-06-01,AB,1033,72,90,11,1004
2015-06-01,B,1124,300,363,8,1053
2015-06-01,O,5215,458,631,58,4984
2015-06-02,A,3889,229,318,65,3735
2015-06-02,AB,1004,51,84,23,948
2015-06-02,B,1053,257,349,3,958
2015-06-02,O,4984,391,593,55,4727
2015-06-03,A,3735,403,473,56,3609
2015-06-03,AB,948,83,87,16,928
2015-06-03,B,958,452,352,2,1056
2015-06-03,O,4727,585,603,64,4645
2015-06-04,A,3609,329,323,70,3545
2015-06-04,AB,928,79,101,16,890
2015-06-04,B,1056,369,403,5,1017
2015-06-04,O,4645,546,621,41,4529
2015-06-05,A,3545,278,328,57,3438
2015-06-05,AB,890,81,91,15,865
2015-06-05,B,1017,375,375,7,1010
2015-06-05,O,4529,469,637,43,4318
2015-06-06,A,3438,316,321,60,3373
2015-06-06,AB,865,77,82,14,846
2015-06-06,B,1010,342,351,9,992
2015-06-06,O,4318,499,539,34,4244
2015-06-07,A,3373,560,305,52,3576
2015-06-07,AB,846,120,72,17,877
2015-06-07,B,992,555,348,6,1193
2015-06-07,O,4244,924,508,46,4614
2015-06-08,A,3576,278,320,52,3482
2015-06-08,AB,877,52,71,17,841
2015-06-08,B,1193,319,404,10,1098
2015-06-08,O,4614,489,594,46,4463
2015-06-09,A,3482,338,334,58,3428
2015-06-09,AB,841,64,67,9,829
2015-06-09,B,1098,374,343,11,1118
2015-06-09,O,4463,579,626,35,4381
2015-06-10,A,3428,393,306,50,3465
2015-06-10,AB,829,90,81,13,825
2015-06-10,B,1118,487,406,8,1191
2015-06-10,O,4381,766,580,61,4506
2015-06-11,A,3465,504,329,52,3588
2015-06-11,AB,825,98,89,14,820
2015-06-11,B,1191,599,377,7,1406
2015-06-11,O,4506,936,623,47,4772
2015-06-12,A,3588,494,345,53,3684
2015-06-12,AB,820,65,72,7,806
2015-06-12,B,1406,485,364,14,1513
2015-06-12,O,4772,749,613,52,4856
2015-06-13,A,3684,551,280,68,3887
2015-06-13,AB,806,121,67,11,849
2015-06-13,B,1513,647,368,16,1776
2015-06-13,O,4856,893,566,70,5113
2015-06-14,A,3887,935,252,106,4464
2015-06-14,AB,849,205,71,14,969
2015-06-14,B,1776,1089,397,21,2447
2015-06-14,O,5113,1577,617,77,5996
2015-06-15,A,4464,365,347,96,4386
2015-06-15,AB,969,81,82,19,949
2015-06-15,B,2447,413,418,17,2425
2015-06-15,O,5996,642,674,94,5870
2015-06-16,A,4386,552,345,93,4500
2015-06-16,AB,949,103,89,12,951
2015-06-16,B,2425,544,402,31,2536
2015-06-16,O,5870,876,638,89,6019
2015-06-17,A,4500,406,334,101,4471
2015-06-17,AB,951,82,74,13,946
2015-06-17,B,2536,467,472,29,2502
2015-06-17,O,6019,647,1197,78,5391
2015-06-18,A,4471,45,345,80,4091
2015-06-18,AB,946,12,66,13,879
2015-06-18,B,2502,44,416,13,2117
2015-06-18,O,5391,94,655,58,4772
2015-06-19,A,4091,68,311,44,3804
2015-06-19,AB,879,19,92,5,801
2015-06-19,B,2117,71,407,10,1771
2015-06-19,O,4772,120,607,42,4243
2015-06-20,A,3804,192,283,54,3659
2015-06-20,AB,801,28,65,6,758
2015-06-20,B,1771,208,336,12,1631
2015-06-20,O,4243,313,561,37,3958
2015-06-21,A,3659,603,332,69,3861
2015-06-21,AB,758,92,64,12,774
2015-06-21,B,1631,601,358,10,1864
2015-06-21,O,3958,1051,580,53,4376
2015-06-22,A,3861,85,298,61,3587
2015-06-22,AB,774,35,70,12,727
2015-06-22,B,1864,96,386,7,1567
2015-06-22,O,4376,183,604,36,3919
2015-06-23,A,3587,100,327,43,3317
2015-06-23,AB,727,28,85,10,660
2015-06-23,B,1567,125,371,11,1310
2015-06-23,O,3919,221,591,26,3523
2015-06-24,A,3317,216,281,35,3217
2015-06-24,AB,660,53,72,7,634
2015-06-24,B,1310,184,408,5,1081
2015-06-24,O,3523,307,571,22,3237
2015-06-25,A,3217,140,295,35,3027
2015-06-25,AB,634,28,73,6,583
2015-06-25,B,1081,161,356,8,878
2015-06-25,O,3237,239,533,18,2925
2015-06-26,A,3027,161,277,41,2870
2015-06-26,AB,583,45,49,6,573
2015-06-26,B,878,197,342,1,732
2015-06-26,O,2925,313,530,21,2687
2015-06-27,A,2870,400,264,33,2973
2015-06-27,AB,573,94,57,7,603
2015-06-27,B,732,383,297,2,816
2015-06-27,O,2687,643,535,18,2777
2015-06-28,A,2973,598,277,34,3260
2015-06-28,AB,603,142,45,7,693
2015-06-28,B,816,594,334,9,1067
2015-06-28,O,2777,983,560,16,3184
2015-06-29,A,3260,171,294,42,3095
2015-06-29,AB,693,31,76,6,642
2015-06-29,B,1067,172,373,5,861
2015-06-29,O,3184,279,581,22,2860
2015-06-30,A,3095,220,271,39,3005
2015-06-30,AB,642,51,49,5,639
2015-06-30,B,861,243,376,1,727
2015-06-30,O,2860,351,585,21,2605
2015-07-01,A,3005,270,295,36,2944
2015-07-01,AB,639,69,61,3,644
2015-07-01,B,727,254,308,4,669
2015-07-01,O,2605,408,531,13,2469
2015-07-02,A,2944,243,316,33,2838
2015-07-02,AB,644,65,60,2,647
2015-07-02,B,669,249,332,7,579
2015-07-02,O,2469,445,496,13,2405
2015-07-03,A,2838,189,305,36,2686
2015-07-03,AB,647,51,71,2,625
2015-07-03,B,579,247,351,3,472
2015-07-03,O,2405,302,513,12,2182
2015-07-04,A,2686,210,255,31,2610
2015-07-04,AB,625,64,52,12,625
2015-07-04,B,472,249,297,2,422
2015-07-04,O,2182,394,473,13,2090
2015-07-05,A,2610,958,277,50,3241
2015-07-05,AB,625,235,72,10,778
2015-07-05,B,422,929,315,5,1031
2015-07-05,O,2090,1585,494,18,3163
2015-07-06,A,3241,267,329,37,3142
2015-07-06,AB,778,79,58,7,792
2015-07-06,B,1031,221,331,5,916
2015-07-06,O,3163,412,534,18,3023
2015-07-07,A,3142,319,313,39,3109
2015-07-07,AB,792,76,62,9,797
2015-07-07,B,916,361,338,9,930
2015-07-07,O,3023,509,528,14,2990
2015-07-08,A,3109,341,316,40,3094
2015-07-08,AB,797,86,45,9,829
2015-07-08,B,930,382,344,8,960
2015-07-08,O,2990,590,584,15,2981
2015-07-09,A,3094,378,294,43,3135
2015-07-09,AB,829,103,57,14,861
2015-07-09,B,960,378,345,8,985
2015-07-09,O,2981,646,598,19,3010
2015-07-10,A,3135,301,288,50,3098
2015-07-10,AB,861,69,55,14,861
2015-07-10,B,985,273,342,8,908
2015-07-10,O,3010,467,561,13,2903
2015-07-11,A,3098,331,290,44,3095
2015-07-11,AB,861,82,48,20,875
2015-07-11,B,908,388,298,8,990
2015-07-11,O,2903,583,513,25,2948
2015-07-12,A,3095,764,277,65,3517
2015-07-12,AB,875,186,63,22,976
2015-07-12,B,990,749,351,6,1382
2015-07-12,O,2948,1167,550,33,3532
2015-07-13,A,3517,231,293,43,3412
2015-07-13,AB,976,49,64,13,948
2015-07-13,B,1382,272,381,10,1263
2015-07-13,O,3532,426,514,25,3419
2015-07-14,A,3412,291,271,43,3389
2015-07-14,AB,948,82,70,21,939
2015-07-14,B,1263,306,290,12,1267
2015-07-14,O,3419,528,505,24,3418
2015-07-15,A,3389,154,235,39,3269
2015-07-15,AB,939,50,64,18,907
2015-07-15,B,1267,191,335,10,1113
2015-07-15,O,3418,262,506,24,3150
2015-07-16,A,3269,100,265,33,3071
2015-07-16,AB,907,19,62,13,851
2015-07-16,B,1113,80,315,8,870
2015-07-16,O,3150,138,440,22,2826
2015-07-17,A,3071,1,236,21,2815
2015-07-17,AB,851,0,56,18,777
2015-07-17,B,870,3,272,6,595
2015-07-17,O,2826,9,478,13,2344
2015-07-18,A,2815,65,234,28,2618
2015-07-18,AB,777,16,54,8,731
2015-07-18,B,595,73,261,0,407
2015-07-18,O,2344,112,427,20,2009
2015-07-19,A,2618,263,255,25,2601
2015-07-19,AB,731,62,41,8,744
2015-07-19,B,407,233,256,3,381
2015-07-19,O,2009,439,425,11,2012
2015-07-20,A,2601,241,276,32,2534
2015-07-20,AB,744,54,54,7,737
2015-07-20,B,381,267,295,3,350
2015-07-20,O,2012,396,488,22,1898
2015-07-21,A,2534,298,244,19,2569
2015-07-21,AB,737,77,64,10,740
2015-07-21,B,350,313,277,1,385
2015-07-21,O,1898,438,461,11,1864
2015-07-22,A,2569,275,265,27,2552
2015-07-22,AB,740,72,60,15,737
2015-07-22,B,385,336,292,2,427
2015-07-22,O,1864,485,482,9,1858
2015-07-23,A,2552,285,245,27,2565
2015-07-23,AB,737,74,65,13,733
2015-07-23,B,427,289,328,2,386
2015-07-23,O,1858,443,485,10,1806
2015-07-24,A,2565,336,258,27,2616
2015-07-24,AB,733,86,59,9,751
2015-07-24,B,386,326,316,1,395
2015-07-24,O,1806,557,457,7,1899
2015-07-25,A,2616,432,255,37,2756
2015-07-25,AB,751,119,64,12,794
2015-07-25,B,395,501,317,2,577
2015-07-25,O,1899,797,434,15,2247
2015-07-26,A,2756,678,246,52,3136
2015-07-26,AB,794,197,97,11,883
2015-07-26,B,577,758,354,9,972
2015-07-26,O,2247,1206,445,20,2988
2015-07-27,A,3136,317,278,44,3131
2015-07-27,AB,883,78,82,15,864
2015-07-27,B,972,343,315,8,992
2015-07-27,O,2988,547,497,17,3021
2015-07-28,A,3131,557,292,55,3341
2015-07-28,AB,864,107,67,15,889
2015-07-28,B,992,569,355,8,1198
2015-07-28,O,3021,891,493,32,3387
2015-07-29,A,3341,531,271,46,3555
2015-07-29,AB,889,157,82,13,951
2015-07-29,B,1198,579,349,9,1419
2015-07-29,O,3387,937,491,27,3806
2015-07-30,A,3555,351,303,70,3533
2015-07-30,AB,951,94,76,18,951
2015-07-30,B,1419,407,362,9,1455
2015-07-30,O,3806,577,549,31,3803
2015-07-31,A,3533,186,286,48,3385
2015-07-31,AB,951,56,68,21,918
2015-07-31,B,1455,189,387,11,1246
2015-07-31,O,3803,254,515,25,3517
2015-08-01,A,3385,336,274,47,3400
2015-08-01,AB,918,93,73,18,920
2015-08-01,B,1246,403,358,12,1279
2015-08-01,O,3517,597,467,26,3621
2015-08-02,A,3400,635,276,58,3701
2015-08-02,AB,920,156,69,16,991
2015-08-02,B,1279,670,396,11,1542
2015-08-02,O,3621,1127,479,30,4239
2015-08-03,A,3701,322,322,60,3641
2015-08-03,AB,991,81,92,18,962
2015-08-03,B,1542,348,405,7,1478
2015-08-03,O,4239,565,577,46,4181
2015-08-04,A,3641,393,289,81,3664
2015-08-04,AB,962,103,83,12,970
2015-08-04,B,1478,463,378,15,1548
2015-08-04,O,4181,682,563,44,4256
2015-08-05,A,3664,452,300,68,3748
2015-08-05,AB,970,111,63,16,1002
2015-08-05,B,1548,559,411,10,1686
2015-08-05,O,4256,776,549,41,4442
2015-08-06,A,3748,371,278,55,3786
2015-08-06,AB,1002,99,74,11,1016
2015-08-06,B,1686,394,407,8,1665
2015-08-06,O,4442,641,559,43,4481
2015-08-07,A,3786,237,289,58,3676
2015-08-07,AB,1016,56,79,26,967
2015-08-07,B,1665,234,405,8,1486
2015-08-07,O,4481,364,509,44,4292
2015-08-08,A,3676,361,258,57,3722
2015-08-08,AB,967,105,95,18,959
2015-08-08,B,1486,378,356,8,1500
2015-08-08,O,4292,597,482,31,4376
2015-08-09,A,3722,651,303,78,3992
2015-08-09,AB,959,191,71,20,1059
2015-08-09,B,1500,740,333,7,1900
2015-08-09,O,4376,1110,532,59,4895
2015-08-10,A,3992,231,300,66,3857
2015-08-10,AB,1059,54,61,19,1033
2015-08-10,B,1900,258,397,15,1746
2015-08-10,O,4895,394,568,47,4674
2015-08-11,A,3857,359,315,66,3835
2015-08-11,AB,1033,91,90,24,1010
2015-08-11,B,1746,390,362,8,1766
2015-08-11,O,4674,501,539,62,4574
2015-08-12,A,3835,1126,341,97,4523
2015-08-12,AB,1010,304,92,30,1192
2015-08-12,B,1766,1198,434,16,2514
2015-08-12,O,4574,1731,540,88,5677
2015-08-13,A,4523,431,382,78,4494
2015-08-13,AB,1192,99,87,29,1175
2015-08-13,B,2514,423,460,14,2463
2015-08-13,O,5677,616,562,81,5650
2015-08-14,A,4494,268,338,82,4342
2015-08-14,AB,1175,63,105,20,1113
2015-08-14,B,2463,260,482,19,2222
2015-08-14,O,5650,433,578,68,5437
2015-08-15,A,4342,292,352,87,4195
2015-08-15,AB,1113,87,83,26,1091
2015-08-15,B,2222,289,422,17,2072
2015-08-15,O,5437,463,527,72,5301
2015-08-16,A,4195,801,318,100,4578
2015-08-16,AB,1091,187,87,18,1173
2015-08-16,B,2072,851,419,20,2484
2015-08-16,O,5301,1376,641,78,5958
2015-08-17,A,4578,205,418,76,4289
2015-08-17,AB,1173,53,100,20,1106
2015-08-17,B,2484,232,439,14,2263
2015-08-17,O,5958,346,653,74,5577
2015-08-18,A,4289,348,421,69,4147
2015-08-18,AB,1106,96,89,14,1099
2015-08-18,B,2263,407,482,11,2177
2015-08-18,O,5577,642,658,79,5482
2015-08-19,A,4147,591,427,76,4235
2015-08-19,AB,1099,180,84,21,1174
2015-08-19,B,2177,751,503,16,2409
2015-08-19,O,5482,999,671,85,5725
2015-08-20,A,4235,420,416,70,4169
2015-08-20,AB,1174,108,103,29,1150
2015-08-20,B,2409,479,535,18,2335
2015-08-20,O,5725,719,680,72,5692
2015-08-21,A,4169,238,430,75,3902
2015-08-21,AB,1150,63,119,24,1070
2015-08-21,B,2335,263,684,9,1905
2015-08-21,O,5692,441,692,84,5357
2015-08-22,A,3902,409,405,72,3834
2015-08-22,AB,1070,103,97,21,1055
2015-08-22,B,1905,484,640,5,1744
2015-08-22,O,5357,751,636,71,5401
2015-08-23,A,3834,623,395,78,3984
2015-08-23,AB,1055,175,116,23,1091
2015-08-23,B,1744,701,704,12,1729
2015-08-23,O,5401,1088,622,79,5788
2015-08-24,A,3984,266,448,68,3734
2015-08-24,AB,1091,77,113,20,1035
2015-08-24,B,1729,287,702,10,1304
2015-08-24,O,5788,413,686,69,5446
2015-08-25,A,3734,369,459,72,3572
2015-08-25,AB,1035,105,109,22,1009
2015-08-25,B,1304,438,698,3,1041
2015-08-25,O,5446,610,627,60,5369
2015-08-26,A,3572,500,436,63,3573
2015-08-26,AB,1009,126,101,17,1017
2015-08-26,B,1041,580,757,5,859
2015-08-26,O,5369,811,677,70,5433
2015-08-27,A,3573,454,460,47,3520
2015-08-27,AB,1017,117,98,19,1017
2015-08-27,B,859,523,665,0,717
2015-08-27,O,5433,665,698,73,5327
2015-08-28,A,3520,261,419,47,3315
2015-08-28,AB,1017,56,93,16,964
2015-08-28,B,717,259,725,3,248
2015-08-28,O,5327,371,657,73,4968
2015-08-29,A,3315,265,361,34,3185
2015-08-29,AB,964,61,83,10,932
2015-08-29,B,248,274,522,0,0
2015-08-29,O,4968,381,619,56,4674
2015-08-30,A,3185,580,406,47,3312
2015-08-30,AB,932,148,92,16,972
2015-08-30,B,0,610,610,0,0
2015-08-30,O,4674,951,633,63,4929
2015-08-31,A,3312,375,419,41,3227
2015-08-31,AB,972,98,99,11,960
2015-08-31,B,0,393,393,0,0
2015-08-31,O,4929,651,668,65,4847
2015-09-01,A,3227,142,402,26,2941
2015-09-01,AB,960,41,104,15,882
2015-09-01,B,0,172,172,0,0
2015-09-01,O,4847,225,657,38,4377
2015-09-02,A,2941,345,425,26,2835
2015-09-02,AB,882,85,94,11,862
2015-09-02,B,0,389,389,0,0
2015-09-02,O,4377,541,650,39,4229
2015-09-03,A,2835,315,446,31,2673
2015-09-03,AB,862,82,104,10,830
2015-09-03,B,0,329,329,0,0
2015-09-03,O,4229,501,660,35,4035
2015-09-04,A,2673,273,407,18,2521
2015-09-04,AB,830,64,88,11,795
2015-09-04,B,0,277,277,0,0
2015-09-04,O,4035,411,632,30,3784
2015-09-05,A,2521,681,368,28,2806
2015-09-05,AB,795,165,100,15,845
2015-09-05,B,0,758,418,1,339
2015-09-05,O,3784,1307,630,50,4411
2015-09-06,A,2806,629,399,35,3001
2015-09-06,AB,845,152,96,15,886
2015-09-06,B,339,654,457,4,532
2015-09-06,O,4411,1019,648,43,4739
2015-09-07,A,3001,322,451,31,2841
2015-09-07,AB,886,85,124,16,831
2015-09-07,B,532,339,525,2,344
2015-09-07,O,4739,480,700,54,4465
2015-09-08,A,2841,368,425,35,2749
2015-09-08,AB,831,93,107,13,804
2015-09-08,B,344,341,492,1,192
2015-09-08,O,4465,522,706,41,4240
2015-09-09,A,2749,375,432,36,2656
2015-09-09,AB,804,94,100,21,777
2015-09-09,B,192,467,500,0,159
2015-09-09,O,4240,681,703,45,4173
2015-09-10,A,2656,370,409,25,2592
2015-09-10,AB,777,98,106,11,758
2015-09-10,B,159,414,518,0,55
2015-09-10,O,4173,633,724,39,4043
2015-09-11,A,2592,255,398,18,2431
2015-09-11,AB,758,68,91,11,724
2015-09-11,B,55,264,319,0,0
2015-09-11,O,4043,405,726,32,3690
2015-09-12,A,2431,400,389,16,2426
2015-09-12,AB,724,83,97,8,702
2015-09-12,B,0,455,425,0,30
2015-09-12,O,3690,619,645,44,3620
2015-09-13,A,2426,735,360,28,2773
2015-09-13,AB,702,158,85,7,768
2015-09-13,B,30,770,459,1,340
2015-09-13,O,3620,1265,631,30,4224
2015-09-14,A,2773,268,460,22,2559
2015-09-14,AB,768,59,104,9,714
2015-09-14,B,340,310,432,3,215
2015-09-14,O,4224,446,699,25,3946
2015-09-15,A,2559,437,409,22,2565
2015-09-15,AB,714,95,89,12,708
2015-09-15,B,215,474,428,2,259
2015-09-15,O,3946,693,676,39,3924
2015-09-16,A,2565,451,457,22,2537
2015-09-16,AB,708,134,114,7,721
2015-09-16,B,259,546,476,3,326
2015-09-16,O,3924,808,673,50,4009
2015-09-17,A,2537,318,444,21,2390
2015-09-17,AB,721,91,87,8,717
2015-09-17,B,326,383,459,3,247
2015-09-17,O,4009,543,676,41,3835
2015-09-18,A,2390,291,404,16,2261
2015-09-18,AB,717,81,93,6,699
2015-09-18,B,247,345,457,0,135
2015-09-18,O,3835,531,704,21,3641
2015-09-19,A,2261,386,406,14,2227
2015-09-19,AB,699,118,96,5,716
2015-09-19,B,135,448,414,1,168
2015-09-19,O,3641,636,657,29,3591
2015-09-20,A,2227,661,427,21,2440
2015-09-20,AB,716,142,93,11,754
2015-09-20,B,168,695,395,7,461
2015-09-20,O,3591,1132,645,36,4042
2015-09-21,A,2440,269,749,15,1945
2015-09-21,AB,754,87,92,12,737
2015-09-21,B,461,302,469,3,291
2015-09-21,O,4042,481,691,32,3800
2015-09-22,A,1945,257,405,11,1786
2015-09-22,AB,737,85,81,6,735
2015-09-22,B,291,302,441,0,152
2015-09-22,O,3800,445,688,24,3533
2015-09-23,A,1786,181,424,8,1535
2015-09-23,AB,735,46,89,11,681
2015-09-23,B,152,222,374,0,0
2015-09-23,O,3533,333,678,16,3172
2015-09-24,A,1535,48,398,9,1176
2015-09-24,AB,681,6,79,10,598
2015-09-24,B,0,51,51,0,0
2015-09-24,O,3172,71,622,26,2595
2015-09-25,A,1176,158,419,3,912
2015-09-25,AB,598,33,91,4,536
2015-09-25,B,0,171,171,0,0
2015-09-25,O,2595,240,616,19,2200
2015-09-26,A,912,214,351,5,770
2015-09-26,AB,536,49,66,5,514
2015-09-26,B,0,210,210,0,0
2015-09-26,O,2200,332,567,10,1955
2015-09-27,A,770,374,353,2,789
2015-09-27,AB,514,98,65,4,543
2015-09-27,B,0,451,400,1,50
2015-09-27,O,1955,750,571,13,2121
2015-09-28,A,789,156,411,5,529
2015-09-28,AB,543,43,80,4,502
2015-09-28,B,50,170,220,0,0
2015-09-28,O,2121,304,596,19,1810
2015-09-29,A,529,326,373,2,480
2015-09-29,AB,502,73,74,2,499
2015-09-29,B,0,398,398,0,0
2015-09-29,O,1810,575,597,13,1775
2015-09-30,A,480,395,413,5,457
2015-09-30,AB,499,106,90,2,513
2015-09-30,B,0,428,392,0,36
2015-09-30,O,1775,634,645,14,1750
2015-10-01,A,457,269,378,0,348
2015-10-01,AB,513,78,86,1,504
2015-10-01,B,36,311,347,0,0
2015-10-01,O,1750,484,666,10,1558
2015-10-02,A,348,179,372,0,155
2015-10-02,AB,504,43,82,4,461
2015-10-02,B,0,206,206,0,0
2015-10-02,O,1558,310,702,6,1160
2015-10-03,A,155,331,365,0,121
2015-10-03,AB,461,108,74,3,492
2015-10-03,B,0,341,341,0,0
2015-10-03,O,1160,544,642,2,1060
2015-10-04,A,121,687,364,2,442
2015-10-04,AB,492,156,72,8,568
2015-10-04,B,0,686,426,1,259
2015-10-04,O,1060,1101,620,4,1537
2015-10-05,A,442,305,388,3,356
2015-10-05,AB,568,92,84,4,572
2015-10-05,B,259,357,445,1,170
2015-10-05,O,1537,546,691,10,1382
2015-10-06,A,356,275,374,0,257
2015-10-06,AB,572,73,73,7,565
2015-10-06,B,170,299,418,0,51
2015-10-06,O,1382,444,612,4,1210
2015-10-07,A,257,398,405,1,249
2015-10-07,AB,565,88,92,2,559
2015-10-07,B,51,385,386,0,50
2015-10-07,O,1210,556,616,5,1145
2015-10-08,A,249,430,366,5,308
2015-10-08,AB,559,125,88,5,591
2015-10-08,B,50,558,430,3,175
2015-10-08,O,1145,698,637,5,1201
2015-10-09,A,308,212,355,0,165
2015-10-09,AB,591,70,63,8,590
2015-10-09,B,175,235,410,0,0
2015-10-09,O,1201,329,667,4,859
2015-10-10,A,165,338,355,0,148
2015-10-10,AB,590,102,79,9,604
2015-10-10,B,0,358,358,0,0
2015-10-10,O,859,535,616,1,777
2015-10-11,A,148,513,367,3,291
2015-10-11,AB,604,161,62,5,698
2015-10-11,B,0,540,332,1,207
2015-10-11,O,777,937,630,8,1076
2015-10-12,A,291,334,411,1,213
2015-10-12,AB,698,91,90,13,686
2015-10-12,B,207,442,434,1,214
2015-10-12,O,1076,661,647,7,1083
2015-10-13,A,213,302,347,0,168
2015-10-13,AB,686,69,92,5,658
2015-10-13,B,214,375,397,2,190
2015-10-13,O,1083,497,648,7,925
2015-10-14,A,168,300,350,0,118
2015-10-14,AB,658,65,80,4,639
2015-10-14,B,190,312,359,0,143
2015-10-14,O,925,439,651,0,713
2015-10-15,A,118,300,349,3,66
2015-10-15,AB,639,73,81,5,626
2015-10-15,B,143,320,430,0,33
2015-10-15,O,713,460,612,1,560
2015-10-16,A,66,252,318,0,0
2015-10-16,AB,626,70,80,4,612
2015-10-16,B,33,253,286,0,0
2015-10-16,O,560,370,609,2,319
2015-10-17,A,0,260,260,0,0
2015-10-17,AB,612,76,60,5,623
2015-10-17,B,0,309,309,0,0
2015-10-17,O,319,472,576,1,214
2015-10-18,A,0,564,331,1,232
2015-10-18,AB,623,131,82,5,667
2015-10-18,B,0,595,342,3,250
2015-10-18,O,214,964,552,2,624
2015-10-19,A,232,212,353,0,91
2015-10-19,AB,667,66,67,4,662
2015-10-19,B,250,239,395,0,94
2015-10-19,O,624,350,570,3,401
2015-10-20,A,91,379,340,1,129
2015-10-20,AB,662,101,89,2,672
2015-10-20,B,94,469,376,1,186
2015-10-20,O,401,707,564,3,541
2015-10-21,A,129,405,358,1,175
2015-10-21,AB,672,89,86,8,667
2015-10-21,B,186,436,364,1,257
2015-10-21,O,541,631,572,2,598
2015-10-22,A,175,384,340,0,219
2015-10-22,AB,667,113,93,9,678
2015-10-22,B,257,485,377,3,362
2015-10-22,O,598,658,628,3,625
2015-10-23,A,219,226,357,0,88
2015-10-23,AB,678,53,78,8,645
2015-10-23,B,362,242,391,1,212
2015-10-23,O,625,340,587,0,378
2015-10-24,A,88,425,338,3,172
2015-10-24,AB,645,143,88,8,692
2015-10-24,B,212,450,359,1,302
2015-10-24,O,378,723,554,2,545
2015-10-25,A,172,467,334,0,305
2015-10-25,AB,692,98,82,12,696
2015-10-25,B,302,478,388,2,390
2015-10-25,O,545,750,600,3,692
2015-10-26,A,305,306,340,4,267
2015-10-26,AB,696,83,92,6,681
2015-10-26,B,390,331,425,1,295
2015-10-26,O,692,467,668,4,487
2015-10-27,A,267,388,395,0,260
2015-10-27,AB,681,101,91,3,688
2015-10-27,B,295,398,693,0,0
2015-10-27,O,487,655,644,1,497
2015-10-28,A,260,434,396,0,298
2015-10-28,AB,688,113,92,7,702
2015-10-28,B,0,434,416,0,18
2015-10-28,O,497,711,656,2,550
2015-10-29,A,298,471,769,0,0
2015-10-29,AB,702,97,95,8,696
2015-10-29,B,18,442,421,0,39
2015-10-29,O,550,711,1261,0,0
2015-10-30,A,0,309,309,0,0
2015-10-30,AB,696,71,100,6,661
2015-10-30,B,39,313,352,0,0
2015-10-30,O,0,494,494,0,0
2015-10-31,A,0,632,324,0,308
2015-10-31,AB,661,173,82,9,743
2015-10-31,B,0,716,387,1,328
2015-10-31,O,0,1094,597,0,497
2015-11-01,A,308,767,379,3,693
2015-11-01,AB,743,195,96,14,828
2015-11-01,B,328,787,419,4,692
2015-11-01,O,497,1240,637,5,1095
2015-11-02,A,693,287,417,1,562
2015-11-02,AB,828,77,73,9,823
2015-11-02,B,692,304,457,5,534
2015-11-02,O,1095,496,731,7,853
2015-11-03,A,562,439,400,4,597
2015-11-03,AB,823,107,106,16,808
2015-11-03,B,534,463,422,7,568
2015-11-03,O,853,694,706,4,837
2015-11-04,A,597,380,441,2,534
2015-11-04,AB,808,106,105,10,799
2015-11-04,B,568,489,461,4,592
2015-11-04,O,837,702,728,4,807
2015-11-05,A,534,446,432,2,546
2015-11-05,AB,799,129,96,12,820
2015-11-05,B,592,462,465,2,587
2015-11-05,O,807,733,689,4,847
2015-11-06,A,546,136,398,1,283
2015-11-06,AB,820,36,104,5,747
2015-11-06,B,587,170,463,0,294
2015-11-06,O,847,262,699,2,408
2015-11-07,A,283,272,367,0,188
2015-11-07,AB,747,61,104,8,696
2015-11-07,B,294,280,411,1,162
2015-11-07,O,408,349,640,1,116
2015-11-08,A,188,654,372,1,469
2015-11-08,AB,696,166,99,8,755
2015-11-08,B,162,601,419,2,342
2015-11-08,O,116,996,690,5,417
2015-11-09,A,469,165,431,0,203
2015-11-09,AB,755,51,115,10,681
2015-11-09,B,342,211,458,0,95
2015-11-09,O,417,335,738,0,14
2015-11-10,A,203,377,414,1,165
2015-11-10,AB,681,93,72,6,696
2015-11-10,B,95,347,406,0,36
2015-11-10,O,14,589,603,0,0
2015-11-11,A,165,277,417,0,25
2015-11-11,AB,696,78,94,4,676
2015-11-11,B,36,320,356,0,0
2015-11-11,O,0,461,461,0,0
2015-11-12,A,25,416,388,0,53
2015-11-12,AB,676,108,87,5,692
2015-11-12,B,0,420,420,0,0
2015-11-12,O,0,655,655,0,0
2015-11-13,A,53,231,284,0,0
2015-11-13,AB,692,56,81,5,662
2015-11-13,B,0,237,237,0,0
2015-11-13,O,0,367,367,0,0
2015-11-14,A,0,248,248,0,0
2015-11-14,AB,662,70,101,6,625
2015-11-14,B,0,293,293,0,0
2015-11-14,O,0,445,445,0,0
2015-11-15,A,0,521,421,0,100
2015-11-15,AB,625,137,96,8,658
2015-11-15,B,0,533,391,1,141
2015-11-15,O,0,893,568,5,320
2015-11-16,A,100,240,340,0,0
2015-11-16,AB,658,67,97,5,623
2015-11-16,B,141,275,416,0,0
2015-11-16,O,320,401,721,0,0
2015-11-17,A,0,456,421,0,35
2015-11-17,AB,623,96,95,12,612
2015-11-17,B,0,523,435,1,87
2015-11-17,O,0,770,660,0,110
2015-11-18,A,35,342,377,0,0
2015-11-18,AB,612,84,117,4,575
2015-11-18,B,87,357,421,0,23
2015-11-18,O,110,538,648,0,0
2015-11-19,A,0,433,429,0,4
2015-11-19,AB,575,113,91,11,586
2015-11-19,B,23,483,452,0,54
2015-11-19,O,0,670,655,0,15
2015-11-20,A,4,297,301,0,0
2015-11-20,AB,586,88,101,4,569
2015-11-20,B,54,306,360,0,0
2015-11-20,O,15,500,515,0,0
2015-11-21,A,0,333,333,0,0
2015-11-21,AB,569,73,80,8,554
2015-11-21,B,0,360,360,0,0
2015-11-21,O,0,488,488,0,0
2015-11-22,A,0,634,452,0,182
2015-11-22,AB,554,161,91,7,617
2015-11-22,B,0,598,397,1,200
2015-11-22,O,0,985,645,0,340
2015-11-23,A,182,310,455,0,37
2015-11-23,AB,617,78,97,3,595
2015-11-23,B,200,352,442,1,109
2015-11-23,O,340,506,718,0,128
2015-11-24,A,37,399,417,0,19
2015-11-24,AB,595,119,70,10,634
2015-11-24,B,109,485,403,3,188
2015-11-24,O,128,663,681,2,108
2015-11-25,A,19,430,403,0,46
2015-11-25,AB,634,83,89,8,620
2015-11-25,B,188,526,441,3,270
2015-11-25,O,108,758,682,2,182
2015-11-26,A,46,365,397,0,14
2015-11-26,AB,620,89,86,5,618
2015-11-26,B,270,404,468,2,204
2015-11-26,O,182,550,675,0,57
2015-11-27,A,14,226,240,0,0
2015-11-27,AB,618,71,90,6,593
2015-11-27,B,204,286,426,0,64
2015-11-27,O,57,386,443,0,0
2015-11-28,A,0,309,309,0,0
2015-11-28,AB,593,82,93,5,577
2015-11-28,B,64,366,362,0,68
2015-11-28,O,0,512,512,0,0
2015-11-29,A,0,621,405,1,215
2015-11-29,AB,577,132,106,3,600
2015-11-29,B,68,679,443,1,303
2015-11-29,O,0,1060,650,4,406
2015-11-30,A,215,247,423,0,39
2015-11-30,AB,600,79,108,5,566
2015-11-30,B,303,300,418,1,184
2015-11-30,O,406,372,666,1,111
2015-12-01,A,39,337,376,0,0
2015-12-01,AB,566,82,78,3,567
2015-12-01,B,184,416,450,1,149
2015-12-01,O,111,595,666,0,40
2015-12-02,A,0,402,402,0,0
2015-12-02,AB,567,90,90,4,563
2015-12-02,B,149,454,442,1,160
2015-12-02,O,40,676,614,1,101
2015-12-03,A,0,439,404,0,35
2015-12-03,AB,563,108,85,0,586
2015-12-03,B,160,488,421,0,227
2015-12-03,O,101,661,622,3,137
2015-12-04,A,35,221,256,0,0
2015-12-04,AB,586,59,90,2,553
2015-12-04,B,227,272,401,0,98
2015-12-04,O,137,402,539,0,0
2015-12-05,A,0,413,377,0,36
2015-12-05,AB,553,91,90,4,550
2015-12-05,B,98,443,391,1,149
2015-12-05,O,0,720,579,1,140
2015-12-06,A,36,624,410,0,250
2015-12-06,AB,550,127,69,3,605
2015-12-06,B,149,594,416,2,325
2015-12-06,O,140,1012,626,5,521
2015-12-07,A,250,261,449,0,62
2015-12-07,AB,605,76,78,7,596
2015-12-07,B,325,307,441,1,190
2015-12-07,O,521,481,658,1,343
2015-12-08,A,62,471,445,1,87
2015-12-08,AB,596,129,89,2,634
2015-12-08,B,190,537,455,4,268
2015-12-08,O,343,756,612,2,485
2015-12-09,A,87,466,440,0,113
2015-12-09,AB,634,114,181,8,559
2015-12-09,B,268,501,456,2,311
2015-12-09,O,485,690,662,2,511
2015-12-10,A,113,395,431,2,75
2015-12-10,AB,559,105,116,4,544
2015-12-10,B,311,430,430,1,310
2015-12-10,O,511,648,710,2,447
2015-12-11,A,75,238,313,0,0
2015-12-11,AB,544,63,84,3,520
2015-12-11,B,310,234,450,1,93
2015-12-11,O,447,340,604,3,180
2015-12-12,A,0,345,345,0,0
2015-12-12,AB,520,92,81,5,526
2015-12-12,B,93,372,422,1,42
2015-12-12,O,180,527,591,1,115
2015-12-13,A,0,611,431,1,179
2015-12-13,AB,526,155,80,8,593
2015-12-13,B,42,643,425,2,258
2015-12-13,O,115,1009,615,5,504
2015-12-14,A,179,205,384,0,0
2015-12-14,AB,593,46,105,2,532
2015-12-14,B,258,203,461,0,0
2015-12-14,O,504,351,603,0,252
2015-12-15,A,0,428,410,0,18
2015-12-15,AB,532,111,89,8,546
2015-12-15,B,0,413,413,0,0
2015-12-15,O,252,628,642,1,237
2015-12-16,A,18,376,394,0,0
2015-12-16,AB,546,95,112,4,525
2015-12-16,B,0,436,436,0,0
2015-12-16,O,237,615,672,0,180
2015-12-17,A,0,408,408,0,0
2015-12-17,AB,525,98,97,8,518
2015-12-17,B,0,451,451,0,0
2015-12-17,O,180,738,702,2,214
2015-12-18,A,0,270,270,0,0
2015-12-18,AB,518,72,90,1,499
2015-12-18,B,0,270,270,0,0
2015-12-18,O,214,455,669,0,0
2015-12-19,A,0,327,327,0,0
2015-12-19,AB,499,106,88,3,514
2015-12-19,B,0,375,375,0,0
2015-12-19,O,0,606,606,0,0
2015-12-20,A,0,615,406,0,209
2015-12-20,AB,514,178,77,12,603
2015-12-20,B,0,635,470,0,165
2015-12-20,O,0,1030,620,2,408
2015-12-21,A,209,159,368,0,0
2015-12-21,AB,603,52,83,2,570
2015-12-21,B,165,185,350,0,0
2015-12-21,O,408,298,670,0,36
2015-12-22,A,0,330,330,0,0
2015-12-22,AB,570,105,88,5,582
2015-12-22,B,0,361,361,0,0
2015-12-22,O,36,520,556,0,0
2015-12-23,A,0,260,260,0,0
2015-12-23,AB,582,100,108,2,572
2015-12-23,B,0,298,298,0,0
2015-12-23,O,0,424,424,0,0
2015-12-24,A,0,157,157,0,0
2015-12-24,AB,572,35,78,6,523
2015-12-24,B,0,173,173,0,0
2015-12-24,O,0,283,283,0,0
2015-12-25,A,0,254,254,0,0
2015-12-25,AB,523,63,110,6,470
2015-12-25,B,0,249,249,0,0
2015-12-25,O,0,410,410,0,0
2015-12-26,A,0,246,246,0,0
2015-12-26,AB,470,60,80,4,446
2015-12-26,B,0,284,284,0,0
2015-12-26,O,0,353,353,0,0
2015-12-27,A,0,521,380,0,141
2015-12-27,AB,446,118,87,9,468
2015-12-27,B,0,514,369,0,145
2015-12-27,O,0,783,554,2,227
2015-12-28,A,141,210,351,0,0
2015-12-28,AB,468,62,97,3,430
2015-12-28,B,145,235,380,0,0
2015-12-28,O,227,361,588,0,0
2015-12-29,A,0,265,265,0,0
2015-12-29,AB,430,74,76,4,424
2015-12-29,B,0,294,294,0,0
2015-12-29,O,0,470,470,0,0
2015-12-30,A,0,252,252,0,0
2015-12-30,AB,424,61,82,2,401
2015-12-30,B,0,297,297,0,0
2015-12-30,O,0,436,436,0,0
2015-12-31,A,0,276,276,0,0
2015-12-31,AB,401,68,105,3,361
2015-12-31,B,0,294,294,0,0
2015-12-31,O,0,423,423,0,0
2016-01-01,A,0,326,326,0,0
2016-01-01,AB,361,97,81,1,376
2016-01-01,B,0,375,375,0,0
2016-01-01,O,0,578,572,0,6
2016-01-02,A,0,224,224,0,0
2016-01-02,AB,376,83,83,2,374
2016-01-02,B,0,285,285,0,0
2016-01-02,O,6,465,471,0,0
2016-01-03,A,0,460,351,1,108
2016-01-03,AB,374,114,84,2,402
2016-01-03,B,0,469,384,0,85
2016-01-03,O,0,717,563,2,152
2016-01-04,A,108,199,307,0,0
2016-01-04,AB,402,53,86,1,368
2016-01-04,B,85,248,333,0,0
2016-01-04,O,152,331,483,0,0
2016-01-05,A,0,301,301,0,0
2016-01-05,AB,368,76,77,1,366
2016-01-05,B,0,318,318,0,0
2016-01-05,O,0,432,432,0,0
2016-01-06,A,0,300,300,0,0
2016-01-06,AB,366,101,98,7,362
2016-01-06,B,0,363,363,0,0
2016-01-06,O,0,525,525,0,0
2016-01-07,A,0,261,261,0,0
2016-01-07,AB,362,72,96,1,337
2016-01-07,B,0,312,312,0,0
2016-01-07,O,0,454,454,0,0
2016-01-08,A,0,154,154,0,0
2016-01-08,AB,337,28,82,2,281
2016-01-08,B,0,129,129,0,0
2016-01-08,O,0,227,227,0,0
2016-01-09,A,0,312,312,0,0
2016-01-09,AB,281,70,81,2,268
2016-01-09,B,0,327,300,0,27
2016-01-09,O,0,489,448,0,41
2016-01-10,A,0,733,352,3,378
2016-01-10,AB,268,188,76,3,377
2016-01-10,B,27,796,333,2,488
2016-01-10,O,41,1195,513,6,717
2016-01-11,A,378,246,378,1,245
2016-01-11,AB,377,75,78,1,373
2016-01-11,B,488,268,350,3,403
2016-01-11,O,717,433,578,8,564
2016-01-12,A,245,359,361,3,240
2016-01-12,AB,373,104,89,0,388
2016-01-12,B,403,421,361,3,460
2016-01-12,O,564,659,508,2,713
2016-01-13,A,240,301,365,0,176
2016-01-13,AB,388,104,94,1,397
2016-01-13,B,460,411,835,1,35
2016-01-13,O,713,547,542,4,714
2016-01-14,A,176,331,381,1,125
2016-01-14,AB,397,76,69,2,402
2016-01-14,B,35,378,409,0,4
2016-01-14,O,714,532,585,3,658
2016-01-15,A,125,184,309,0,0
2016-01-15,AB,402,52,74,1,379
2016-01-15,B,4,221,225,0,0
2016-01-15,O,658,292,529,0,421
2016-01-16,A,0,299,299,0,0
2016-01-16,AB,379,78,58,2,397
2016-01-16,B,0,322,322,0,0
2016-01-16,O,421,482,472,2,429
2016-01-17,A,0,607,313,2,292
2016-01-17,AB,397,134,85,4,442
2016-01-17,B,0,615,354,0,261
2016-01-17,O,429,976,531,5,869
2016-01-18,A,292,301,358,2,233
2016-01-18,AB,442,68,83,2,425
2016-01-18,B,261,284,355,3,187
2016-01-18,O,869,448,524,3,790
2016-01-19,A,233,513,353,5,388
2016-01-19,AB,425,139,123,5,436
2016-01-19,B,187,570,368,2,387
2016-01-19,O,790,846,521,6,1109
2016-01-20,A,388,510,367,6,525
2016-01-20,AB,436,132,90,4,474
2016-01-20,B,387,566,381,2,570
2016-01-20,O,1109,872,552,9,1420
2016-01-21,A,525,424,368,3,578
2016-01-21,AB,474,138,99,4,509
2016-01-21,B,570,505,357,2,716
2016-01-21,O,1420,765,575,5,1605
2016-01-22,A,578,349,367,2,558
2016-01-22,AB,509,86,88,3,504
2016-01-22,B,716,394,384,2,724
2016-01-22,O,1605,604,565,9,1635
2016-01-23,A,558,214,348,1,423
2016-01-23,AB,504,79,77,2,504
2016-01-23,B,724,306,377,5,648
2016-01-23,O,1635,425,547,6,1507
2016-01-24,A,423,703,380,3,743
2016-01-24,AB,504,210,73,6,635
2016-01-24,B,648,1027,370,8,1297
2016-01-24,O,1507,1395,543,14,2345
2016-01-25,A,743,126,364,4,501
2016-01-25,AB,635,38,107,10,556
2016-01-25,B,1297,156,381,9,1063
2016-01-25,O,2345,235,590,13,1977
2016-01-26,A,501,267,369,3,396
2016-01-26,AB,556,69,78,1,546
2016-01-26,B,1063,329,418,2,972
2016-01-26,O,1977,479,608,12,1836
2016-01-27,A,396,385,393,2,386
2016-01-27,AB,546,91,94,5,538
2016-01-27,B,972,440,406,12,994
2016-01-27,O,1836,671,619,10,1878
2016-01-28,A,386,523,375,4,530
2016-01-28,AB,538,148,85,9,592
2016-01-28,B,994,605,386,12,1201
2016-01-28,O,1878,925,671,14,2118
2016-01-29,A,530,239,360,2,407
2016-01-29,AB,592,79,98,4,569
2016-01-29,B,1201,263,451,11,1002
2016-01-29,O,2118,409,639,14,1874
2016-01-30,A,407,264,339,1,331
2016-01-30,AB,569,83,93,4,555
2016-01-30,B,1002,329,345,9,977
2016-01-30,O,1874,511,582,7,1796
2016-01-31,A,331,412,371,2,370
2016-01-31,AB,555,116,85,4,582
2016-01-31,B,977,399,360,5,1011
2016-01-31,O,1796,658,608,13,1833
2016-02-01,A,370,233,400,0,203
2016-02-01,AB,582,66,90,1,557
2016-02-01,B,1011,274,406,5,874
2016-02-01,O,1833,434,652,11,1604
2016-02-02,A,203,364,366,2,199
2016-02-02,AB,557,103,86,1,573
2016-02-02,B,874,395,367,5,897
2016-02-02,O,1604,608,624,5,1583
2016-02-03,A,199,471,423,3,244
2016-02-03,AB,573,118,81,11,599
2016-02-03,B,897,540,386,8,1043
2016-02-03,O,1583,784,610,20,1737
2016-02-04,A,244,446,376,2,312
2016-02-04,AB,599,113,85,6,621
2016-02-04,B,1043,495,450,3,1085
2016-02-04,O,1737,690,704,12,1711
2016-02-05,A,312,201,378,0,135
2016-02-05,AB,621,50,92,5,574
2016-02-05,B,1085,220,412,3,890
2016-02-05,O,1711,309,624,10,1386
2016-02-06,A,135,268,354,0,49
2016-02-06,AB,574,67,94,4,543
2016-02-06,B,890,328,331,8,879
2016-02-06,O,1386,447,551,5,1277
2016-02-07,A,49,218,267,0,0
2016-02-07,AB,543,58,90,1,510
2016-02-07,B,879,236,388,8,719
2016-02-07,O,1277,339,556,5,1055
2016-02-08,A,0,86,86,0,0
2016-02-08,AB,510,25,85,2,448
2016-02-08,B,719,96,441,1,373
2016-02-08,O,1055,134,584,0,605
2016-02-09,A,0,157,157,0,0
2016-02-09,AB,448,48,100,1,395
2016-02-09,B,373,193,372,1,193
2016-02-09,O,605,293,573,3,322
2016-02-10,A,0,283,283,0,0
2016-02-10,AB,395,61,94,2,360
2016-02-10,B,193,329,399,0,123
2016-02-10,O,322,506,565,2,261
2016-02-11,A,0,393,317,0,76
2016-02-11,AB,360,89,87,3,359
2016-02-11,B,123,409,385,1,146
2016-02-11,O,261,542,554,1,248
2016-02-12,A,76,261,326,0,11
2016-02-12,AB,359,68,91,2,334
2016-02-12,B,146,269,365,0,50
2016-02-12,O,248,437,586,0,99
2016-02-13,A,11,359,334,0,36
2016-02-13,AB,334,107,72,0,369
2016-02-13,B,50,365,343,0,72
2016-02-13,O,99,540,502,2,135
2016-02-14,A,36,378,315,0,99
2016-02-14,AB,369,105,82,1,391
2016-02-14,B,72,415,379,1,107
2016-02-14,O,135,579,499,2,213
2016-02-15,A,99,181,280,0,0
2016-02-15,AB,391,52,85,5,353
2016-02-15,B,107,284,383,0,8
2016-02-15,O,213,375,544,0,44
2016-02-16,A,0,405,343,1,61
2016-02-16,AB,353,110,68,7,388
2016-02-16,B,8,464,386,2,84
2016-02-16,O,44,648,537,0,155
2016-02-17,A,61,472,324,2,207
2016-02-17,AB,388,123,91,2,418
2016-02-17,B,84,560,387,3,254
2016-02-17,O,155,733,544,0,344
2016-02-18,A,207,524,334,3,394
2016-02-18,AB,418,160,87,1,490
2016-02-18,B,254,599,396,4,453
2016-02-18,O,344,884,528,5,695
2016-02-19,A,394,230,309,0,315
2016-02-19,AB,490,64,90,2,462
2016-02-19,B,453,263,360,1,355
2016-02-19,O,695,381,516,2,558
2016-02-20,A,315,353,301,2,365
2016-02-20,AB,462,103,96,2,467
2016-02-20,B,355,380,360,1,374
2016-02-20,O,558,535,537,3,553
2016-02-21,A,365,536,295,6,600
2016-02-21,AB,467,123,84,2,504
2016-02-21,B,374,557,379,1,551
2016-02-21,O,553,877,474,2,954
2016-02-22,A,600,347,317,3,627
2016-02-22,AB,504,102,190,6,410
2016-02-22,B,551,385,355,3,578
2016-02-22,O,954,530,594,8,882
2016-02-23,A,627,449,344,4,728
2016-02-23,AB,410,111,81,3,437
2016-02-23,B,578,524,352,6,744
2016-02-23,O,882,740,543,4,1075
2016-02-24,A,728,529,348,6,903
2016-02-24,AB,437,168,87,3,515
2016-02-24,B,744,581,412,4,909
2016-02-24,O,1075,884,585,10,1364
2016-02-25,A,903,402,369,5,931
2016-02-25,AB,515,118,88,4,541
2016-02-25,B,909,498,383,1,1023
2016-02-25,O,1364,676,588,8,1444
2016-02-26,A,931,306,363,3,871
2016-02-26,AB,541,91,90,5,537
2016-02-26,B,1023,359,374,5,1003
2016-02-26,O,1444,508,553,11,1388
2016-02-27,A,871,365,348,5,883
2016-02-27,AB,537,113,94,4,552
2016-02-27,B,1003,407,323,10,1077
2016-02-27,O,1388,575,514,9,1440
2016-02-28,A,883,490,346,6,1021
2016-02-28,AB,552,130,82,9,591
2016-02-28,B,1077,563,376,4,1260
2016-02-28,O,1440,789,484,4,1741
2016-02-29,A,1021,305,374,4,948
2016-02-29,AB,591,79,85,9,576
2016-02-29,B,1260,313,383,3,1187
2016-02-29,O,1741,497,567,10,1661
2016-03-01,A,948,371,347,4,968
2016-03-01,AB,576,78,93,2,559
2016-03-01,B,1187,326,378,13,1122
2016-03-01,O,1661,489,613,10,1527
2016-03-02,A,968,415,320,4,1059
2016-03-02,AB,559,92,83,7,561
2016-03-02,B,1122,409,370,10,1151
2016-03-02,O,1527,612,531,6,1602
2016-03-03,A,1059,327,326,6,1054
2016-03-03,AB,561,88,95,6,548
2016-03-03,B,1151,363,381,6,1127
2016-03-03,O,1602,509,603,8,1500
2016-03-04,A,1054,168,303,8,911
2016-03-04,AB,548,34,88,2,492
2016-03-04,B,1127,149,346,7,923
2016-03-04,O,1500,233,530,6,1197
2016-03-05,A,911,336,271,4,972
2016-03-05,AB,492,78,61,5,504
2016-03-05,B,923,348,376,4,891
2016-03-05,O,1197,512,561,7,1141
2016-03-06,A,972,544,283,8,1225
2016-03-06,AB,504,157,76,8,577
2016-03-06,B,891,599,361,9,1120
2016-03-06,O,1141,1010,520,8,1623
2016-03-07,A,1225,246,363,3,1105
2016-03-07,AB,577,67,90,6,548
2016-03-07,B,1120,232,332,5,1015
2016-03-07,O,1623,385,553,8,1447
2016-03-08,A,1105,428,346,8,1179
2016-03-08,AB,548,118,75,5,586
2016-03-08,B,1015,445,361,7,1092
2016-03-08,O,1447,597,571,6,1467
2016-03-09,A,1179,487,330,10,1326
2016-03-09,AB,586,156,94,5,643
2016-03-09,B,1092,615,403,8,1296
2016-03-09,O,1467,825,608,9,1675
2016-03-10,A,1326,444,323,9,1438
2016-03-10,AB,643,104,89,8,650
2016-03-10,B,1296,511,433,4,1370
2016-03-10,O,1675,723,643,14,1741
2016-03-11,A,1438,222,330,9,1321
2016-03-11,AB,650,73,102,5,616
2016-03-11,B,1370,253,395,7,1221
2016-03-11,O,1741,392,595,9,1529
2016-03-12,A,1321,329,318,6,1326
2016-03-12,AB,616,80,79,5,612
2016-03-12,B,1221,317,403,6,1129
2016-03-12,O,1529,557,584,11,1491
2016-03-13,A,1326,757,330,2,1751
2016-03-13,AB,612,194,90,11,705
2016-03-13,B,1129,727,387,12,1457
2016-03-13,O,1491,1246,624,17,2096
2016-03-14,A,1751,361,325,14,1773
2016-03-14,AB,705,99,83,2,719
2016-03-14,B,1457,380,424,10,1403
2016-03-14,O,2096,570,630,7,2029
2016-03-15,A,1773,426,360,13,1826
2016-03-15,AB,719,109,74,11,743
2016-03-15,B,1403,508,420,2,1489
2016-03-15,O,2029,733,647,14,2101
2016-03-16,A,1826,494,329,12,1979
2016-03-16,AB,743,142,91,12,782
2016-03-16,B,1489,573,445,14,1603
2016-03-16,O,2101,807,651,12,2245
2016-03-17,A,1979,421,377,5,2018
2016-03-17,AB,782,97,91,8,780
2016-03-17,B,1603,475,418,13,1647
2016-03-17,O,2245,792,629,15,2393
2016-03-18,A,2018,350,390,16,1962
2016-03-18,AB,780,81,96,9,756
2016-03-18,B,1647,361,454,13,1541
2016-03-18,O,2393,602,694,10,2291
2016-03-19,A,1962,490,360,21,2071
2016-03-19,AB,756,124,75,12,793
2016-03-19,B,1541,547,387,10,1691
2016-03-19,O,2291,847,624,16,2498
2016-03-20,A,2071,698,349,19,2401
2016-03-20,AB,793,162,69,18,868
2016-03-20,B,1691,794,395,10,2080
2016-03-20,O,2498,1189,683,25,2979
2016-03-21,A,2401,227,381,23,2224
2016-03-21,AB,868,60,83,17,828
2016-03-21,B,2080,267,418,8,1921
2016-03-21,O,2979,412,681,20,2690
2016-03-22,A,2224,340,368,13,2183
2016-03-22,AB,828,93,92,14,815
2016-03-22,B,1921,413,411,15,1908
2016-03-22,O,2690,618,695,14,2599
2016-03-23,A,2183,378,398,14,2149
2016-03-23,AB,815,92,73,13,821
2016-03-23,B,1908,417,420,12,1893
2016-03-23,O,2599,583,692,16,2474
2016-03-24,A,2149,339,398,11,2079
2016-03-24,AB,821,93,84,14,816
2016-03-24,B,1893,405,419,10,1869
2016-03-24,O,2474,610,685,14,2385
2016-03-25,A,2079,227,361,11,1934
2016-03-25,AB,816,45,86,8,767
2016-03-25,B,1869,228,392,12,1693
2016-03-25,O,2385,361,650,9,2087
2016-03-26,A,1934,491,298,18,2109
2016-03-26,AB,767,129,73,14,809
2016-03-26,B,1693,517,329,18,1863
2016-03-26,O,2087,777,628,15,2221
2016-03-27,A,2109,516,335,14,2276
2016-03-27,AB,809,124,83,11,839
2016-03-27,B,1863,461,377,14,1933
2016-03-27,O,2221,758,670,13,2296
2016-03-28,A,2276,317,387,14,2192
2016-03-28,AB,839,100,87,16,836
2016-03-28,B,1933,400,390,19,1924
2016-03-28,O,2296,586,681,10,2191
2016-03-29,A,2192,442,373,13,2248
2016-03-29,AB,836,123,87,19,853
2016-03-29,B,1924,505,444,14,1971
2016-03-29,O,2191,670,664,12,2185
2016-03-30,A,2248,433,391,13,2277
2016-03-30,AB,853,134,94,21,872
2016-03-30,B,1971,473,395,9,2040
2016-03-30,O,2185,714,684,12,2203
2016-03-31,A,2277,517,405,15,2374
2016-03-31,AB,872,116,216,13,759
2016-03-31,B,2040,566,419,14,2173
2016-03-31,O,2203,829,704,12,2316
2016-04-01,A,2374,143,367,9,2141
2016-04-01,AB,759,34,81,10,702
2016-04-01,B,2173,144,383,11,1923
2016-04-01,O,2316,205,700,17,1804
2016-04-02,A,2141,568,351,17,2341
2016-04-02,AB,702,153,70,12,773
2016-04-02,B,1923,650,366,19,2188
2016-04-02,O,1804,930,645,16,2073
2016-04-03,A,2341,487,348,23,2457
2016-04-03,AB,773,131,72,10,822
2016-04-03,B,2188,520,410,14,2284
2016-04-03,O,2073,766,643,14,2182
2016-04-04,A,2457,240,362,14,2321
2016-04-04,AB,822,57,104,7,768
2016-04-04,B,2284,250,401,15,2118
2016-04-04,O,2182,418,681,11,1908
2016-04-05,A,2321,456,368,27,2382
2016-04-05,AB,768,108,90,8,778
2016-04-05,B,2118,466,417,16,2151
2016-04-05,O,1908,692,619,8,1973
2016-04-06,A,2382,559,374,30,2537
2016-04-06,AB,778,146,103,9,812
2016-04-06,B,2151,665,410,14,2392
2016-04-06,O,1973,949,682,17,2223
2016-04-07,A,2537,426,383,37,2543
2016-04-07,AB,812,117,109,11,809
2016-04-07,B,2392,495,383,18,2486
2016-04-07,O,2223,700,772,8,2143
2016-04-08,A,2543,294,381,20,2436
2016-04-08,AB,809,74,80,14,789
2016-04-08,B,2486,294,412,9,2359
2016-04-08,O,2143,552,746,15,1934
2016-04-09,A,2436,316,340,28,2384
2016-04-09,AB,789,76,82,17,766
2016-04-09,B,2359,348,349,17,2341
2016-04-09,O,1934,551,671,14,1800
2016-04-10,A,2384,565,305,26,2618
2016-04-10,AB,766,133,73,14,812
2016-04-10,B,2341,607,345,19,2584
2016-04-10,O,1800,940,696,10,2034
2016-04-11,A,2618,203,338,19,2464
2016-04-11,AB,812,51,75,8,780
2016-04-11,B,2584,195,425,11,2343
2016-04-11,O,2034,356,727,8,1655
2016-04-12,A,2464,388,388,23,2441
2016-04-12,AB,780,98,68,13,797
2016-04-12,B,2343,412,601,16,2138
2016-04-12,O,1655,656,712,16,1583
2016-04-13,A,2441,456,356,23,2518
2016-04-13,AB,797,108,94,13,798
2016-04-13,B,2138,471,648,15,1946
2016-04-13,O,1583,739,761,13,1548
2016-04-14,A,2518,396,379,32,2503
2016-04-14,AB,798,103,82,12,807
2016-04-14,B,1946,470,630,12,1774
2016-04-14,O,1548,661,688,11,1510
2016-04-15,A,2503,246,349,22,2378
2016-04-15,AB,807,50,92,12,753
2016-04-15,B,1774,267,608,6,1427
2016-04-15,O,1510,419,644,6,1279
2016-04-16,A,2378,444,341,20,2461
2016-04-16,AB,753,111,72,6,786
2016-04-16,B,1427,451,541,9,1328
2016-04-16,O,1279,715,596,6,1392
2016-04-17,A,2461,761,367,30,2825
2016-04-17,AB,786,179,80,5,880
2016-04-17,B,1328,807,602,12,1521
2016-04-17,O,1392,1305,644,11,2042
2016-04-18,A,2825,284,346,27,2736
2016-04-18,AB,880,67,97,11,839
2016-04-18,B,1521,345,588,5,1273
2016-04-18,O,2042,455,683,11,1803
2016-04-19,A,2736,330,373,27,2666
2016-04-19,AB,839,89,95,10,823
2016-04-19,B,1273,426,571,8,1120
2016-04-19,O,1803,623,645,8,1773
2016-04-20,A,2666,397,408,23,2632
2016-04-20,AB,823,86,72,22,815
2016-04-20,B,1120,443,631,3,929
2016-04-20,O,1773,664,637,9,1791
2016-04-21,A,2632,448,395,25,2660
2016-04-21,AB,815,117,90,7,835
2016-04-21,B,929,492,573,8,840
2016-04-21,O,1791,725,647,12,1857
2016-04-22,A,2660,269,352,16,2561
2016-04-22,AB,835,66,79,13,809
2016-04-22,B,840,303,617,5,521
2016-04-22,O,1857,498,695,7,1653
2016-04-23,A,2561,413,342,22,2610
2016-04-23,AB,809,115,70,13,841
2016-04-23,B,521,465,573,3,410
2016-04-23,O,1653,696,594,13,1742
2016-04-24,A,2610,684,345,37,2912
2016-04-24,AB,841,167,80,16,912
2016-04-24,B,410,664,559,1,514
2016-04-24,O,1742,1109,607,14,2230
2016-04-25,A,2912,268,388,26,2766
2016-04-25,AB,912,90,85,14,903
2016-04-25,B,514,316,426,2,402
2016-04-25,O,2230,449,619,17,2043
2016-04-26,A,2766,313,357,33,2689
2016-04-26,AB,903,81,85,24,875
2016-04-26,B,402,370,422,0,350
2016-04-26,O,2043,505,618,10,1920
2016-04-27,A,2689,439,385,41,2702
2016-04-27,AB,875,116,80,20,891
2016-04-27,B,350,469,429,2,388
2016-04-27,O,1920,752,685,9,1978
2016-04-28,A,2702,451,347,27,2779
2016-04-28,AB,891,117,88,16,904
2016-04-28,B,388,504,430,3,459
2016-04-28,O,1978,788,630,15,2121
2016-04-29,A,2779,148,405,20,2502
2016-04-29,AB,904,45,101,5,843
2016-04-29,B,459,163,454,0,168
2016-04-29,O,2121,292,629,10,1774
2016-04-30,A,2502,291,382,21,2390
2016-04-30,AB,843,63,68,15,823
2016-04-30,B,168,285,389,2,62
2016-04-30,O,1774,437,579,6,1626
2016-05-01,A,2390,1055,358,31,3056
2016-05-01,AB,823,233,72,23,961
2016-05-01,B,62,1023,400,4,681
2016-05-01,O,1626,1649,646,21,2608
2016-05-02,A,3056,207,402,28,2833
2016-05-02,AB,961,50,76,17,918
2016-05-02,B,681,234,382,1,532
2016-05-02,O,2608,338,659,16,2271
2016-05-03,A,2833,210,363,24,2656
2016-05-03,AB,918,56,103,16,855
2016-05-03,B,532,228,393,2,365
2016-05-03,O,2271,293,635,7,1922
2016-05-04,A,2656,367,360,31,2632
2016-05-04,AB,855,101,92,9,855
2016-05-04,B,365,397,444,1,317
2016-05-04,O,1922,593,665,10,1840
2016-05-05,A,2632,388,373,23,2624
2016-05-05,AB,855,89,69,12,863
2016-05-05,B,317,441,420,0,338
2016-05-05,O,1840,642,613,10,1859
2016-05-06,A,2624,258,381,24,2477
2016-05-06,AB,863,57,85,8,827
2016-05-06,B,338,263,418,1,182
2016-05-06,O,1859,377,624,8,1604
2016-05-07,A,2477,388,294,32,2539
2016-05-07,AB,827,75,81,13,808
2016-05-07,B,182,441,323,3,297
2016-05-07,O,1604,628,587,7,1638
2016-05-08,A,2539,701,320,33,2887
2016-05-08,AB,808,172,76,21,883
2016-05-08,B,297,663,352,3,605
2016-05-08,O,1638,1200,608,7,2223
2016-05-09,A,2887,240,323,35,2769
2016-05-09,AB,883,77,87,5,868
2016-05-09,B,605,297,409,1,492
2016-05-09,O,2223,454,620,14,2043
2016-05-10,A,2769,352,340,36,2745
2016-05-10,AB,868,77,89,14,842
2016-05-10,B,492,404,375,7,514
2016-05-10,O,2043,703,597,11,2138
2016-05-11,A,2745,451,356,27,2813
2016-05-11,AB,842,82,91,12,821
2016-05-11,B,514,503,427,4,586
2016-05-11,O,2138,739,599,15,2263
2016-05-12,A,2813,548,336,46,2979
2016-05-12,AB,821,99,85,20,815
2016-05-12,B,586,609,383,7,805
2016-05-12,O,2263,872,1350,9,1776
2016-05-13,A,2979,304,379,26,2878
2016-05-13,AB,815,47,88,13,761
2016-05-13,B,805,269,381,4,689
2016-05-13,O,1776,416,650,12,1530
2016-05-14,A,2878,385,286,37,2940
2016-05-14,AB,761,86,84,6,757
2016-05-14,B,689,389,331,2,745
2016-05-14,O,1530,654,586,10,1588
2016-05-15,A,2940,733,345,40,3288
2016-05-15,AB,757,166,91,10,822
2016-05-15,B,745,688,380,7,1046
2016-05-15,O,1588,1186,588,11,2175
2016-05-16,A,3288,261,367,40,3142
2016-05-16,AB,822,55,77,6,794
2016-05-16,B,1046,268,389,7,918
2016-05-16,O,2175,454,642,11,1976
2016-05-17,A,3142,435,333,44,3200
2016-05-17,AB,794,93,81,10,796
2016-05-17,B,918,518,396,8,1032
2016-05-17,O,1976,717,547,14,2132
2016-05-18,A,3200,499,307,49,3343
2016-05-18,AB,796,130,76,14,836
2016-05-18,B,1032,581,430,6,1177
2016-05-18,O,2132,816,637,19,2292
2016-05-19,A,3343,275,385,51,3182
2016-05-19,AB,836,71,82,14,811
2016-05-19,B,1177,353,399,5,1126
2016-05-19,O,2292,471,597,15,2151
2016-05-20,A,3182,375,313,39,3205
2016-05-20,AB,811,68,102,13,764
2016-05-20,B,1126,362,420,6,1062
2016-05-20,O,2151,670,669,12,2140
2016-05-21,A,3205,779,327,45,3612
2016-05-21,AB,764,159,86,13,824
2016-05-21,B,1062,794,413,11,1432
2016-05-21,O,2140,1370,587,9,2914
2016-05-22,A,3612,535,345,49,3753
2016-05-22,AB,824,93,78,11,828
2016-05-22,B,1432,544,412,7,1557
2016-05-22,O,2914,922,568,26,3242
2016-05-23,A,3753,392,379,43,3723
2016-05-23,AB,828,69,110,10,777
2016-05-23,B,1557,408,431,4,1530
2016-05-23,O,3242,664,642,29,3235
2016-05-24,A,3723,515,362,58,3818
2016-05-24,AB,777,91,91,14,763
2016-05-24,B,1530,559,396,9,1684
2016-05-24,O,3235,806,622,24,3395
2016-05-25,A,3818,541,389,71,3899
2016-05-25,AB,763,121,71,11,802
2016-05-25,B,1684,586,413,15,1842
2016-05-25,O,3395,926,648,21,3652
2016-05-26,A,3899,487,371,56,3959
2016-05-26,AB,802,104,78,11,817
2016-05-26,B,1842,549,451,11,1929
2016-05-26,O,3652,829,655,30,3796
2016-05-27,A,3959,357,377,64,3875
2016-05-27,AB,817,92,83,13,813
2016-05-27,B,1929,373,461,10,1831
2016-05-27,O,3796,618,708,17,3689
2016-05-28,A,3875,304,301,67,3811
2016-05-28,AB,813,101,77,13,824
2016-05-28,B,1831,359,415,16,1759
2016-05-28,O,3689,529,617,14,3587
2016-05-29,A,3811,568,367,59,3953
2016-05-29,AB,824,147,76,15,880
2016-05-29,B,1759,595,449,12,1893
2016-05-29,O,3587,952,685,32,3822
2016-05-30,A,3953,305,392,57,3809
2016-05-30,AB,880,68,72,16,860
2016-05-30,B,1893,331,467,7,1750
2016-05-30,O,3822,545,734,23,3610
2016-05-31,A,3809,401,394,71,3745
2016-05-31,AB,860,98,82,12,864
2016-05-31,B,1750,447,454,11,1732
2016-05-31,O,3610,706,688,25,3603
2016-06-01,A,3745,437,373,61,3748
2016-06-01,AB,864,121,73,16,896
2016-06-01,B,1732,455,458,8,1721
2016-06-01,O,3603,692,671,26,3598
2016-06-02,A,3748,431,374,58,3747
2016-06-02,AB,896,122,83,13,922
2016-06-02,B,1721,460,434,7,1740
2016-06-02,O,3598,704,689,26,3587
2016-06-03,A,3747,416,397,64,3702
2016-06-03,AB,922,98,90,19,911
2016-06-03,B,1740,458,458,10,1730
2016-06-03,O,3587,627,722,24,3468
2016-06-04,A,3702,660,392,70,3900
2016-06-04,AB,911,169,91,24,965
2016-06-04,B,1730,740,417,11,2042
2016-06-04,O,3468,1101,669,35,3865
2016-06-05,A,3900,602,350,70,4082
2016-06-05,AB,965,182,88,22,1037
2016-06-05,B,2042,674,433,15,2268
2016-06-05,O,3865,1039,722,39,4143
2016-06-06,A,4082,58,398,54,3688
2016-06-06,AB,1037,6,77,19,947
2016-06-06,B,2268,62,458,11,1861
2016-06-06,O,4143,103,733,25,3488
2016-06-07,A,3688,97,390,55,3340
2016-06-07,AB,947,24,88,16,867
2016-06-07,B,1861,96,411,7,1539
2016-06-07,O,3488,137,784,18,2823
2016-06-08,A,3340,168,362,36,3110
2016-06-08,AB,867,47,83,13,818
2016-06-08,B,1539,194,424,7,1302
2016-06-08,O,2823,270,707,18,2368
2016-06-09,A,3110,187,383,28,2886
2016-06-09,AB,818,61,95,8,776
2016-06-09,B,1302,239,420,7,1114
2016-06-09,O,2368,369,745,11,1981
2016-06-10,A,2886,204,368,36,2686
2016-06-10,AB,776,49,89,9,727
2016-06-10,B,1114,198,424,7,881
2016-06-10,O,1981,336,719,10,1588
2016-06-11,A,2686,158,318,23,2503
2016-06-11,AB,727,45,70,9,693
2016-06-11,B,881,175,369,1,686
2016-06-11,O,1588,281,691,6,1172
2016-06-12,A,2503,722,336,36,2853
2016-06-12,AB,693,193,63,15,808
2016-06-12,B,686,749,363,10,1062
2016-06-12,O,1172,1253,688,9,1728
2016-06-13,A,2853,123,347,18,2611
2016-06-13,AB,808,30,81,13,744
2016-06-13,B,1062,132,743,2,449
2016-06-13,O,1728,201,728,9,1192
2016-06-14,A,2611,170,339,17,2425
2016-06-14,AB,744,58,81,7,714
2016-06-14,B,449,240,444,3,242
2016-06-14,O,1192,339,715,7,809
2016-06-15,A,2425,290,307,19,2389
2016-06-15,AB,714,79,78,13,702
2016-06-15,B,242,302,463,1,80
2016-06-15,O,809,436,646,3,596
2016-06-16,A,2389,234,318,19,2286
2016-06-16,AB,702,45,78,10,659
2016-06-16,B,80,240,320,0,0
2016-06-16,O,596,345,673,0,268
2016-06-17,A,2286,183,322,15,2132
2016-06-17,AB,659,53,75,6,631
2016-06-17,B,0,192,192,0,0
2016-06-17,O,268,278,546,0,0
2016-06-18,A,2132,266,325,11,2062
2016-06-18,AB,631,56,68,7,612
2016-06-18,B,0,281,281,0,0
2016-06-18,O,0,457,457,0,0
2016-06-19,A,2062,526,278,14,2296
2016-06-19,AB,612,112,81,8,635
2016-06-19,B,0,493,379,0,114
2016-06-19,O,0,820,603,1,216
2016-06-20,A,2296,261,330,12,2215
2016-06-20,AB,635,62,77,8,612
2016-06-20,B,114,299,413,0,0
2016-06-20,O,216,461,637,2,38
2016-06-21,A,2215,344,310,19,2230
2016-06-21,AB,612,93,74,3,628
2016-06-21,B,0,342,342,0,0
2016-06-21,O,38,564,602,0,0
2016-06-22,A,2230,134,289,22,2053
2016-06-22,AB,628,46,72,11,591
2016-06-22,B,0,142,142,0,0
2016-06-22,O,0,271,271,0,0
2016-06-23,A,2053,362,283,18,2114
2016-06-23,AB,591,97,66,6,616
2016-06-23,B,0,391,344,0,47
2016-06-23,O,0,590,590,0,0
2016-06-24,A,2114,325,294,15,2130
2016-06-24,AB,616,80,65,4,627
2016-06-24,B,47,390,386,0,51
2016-06-24,O,0,584,584,0,0
2016-06-25,A,2130,401,261,16,2254
2016-06-25,AB,627,114,62,5,674
2016-06-25,B,51,412,298,1,164
2016-06-25,O,0,709,530,3,176
2016-06-26,A,2254,700,253,30,2671
2016-06-26,AB,674,162,68,10,758
2016-06-26,B,164,706,301,1,568
2016-06-26,O,176,1212,562,2,824
2016-06-27,A,2671,143,308,24,2482
2016-06-27,AB,758,32,141,5,644
2016-06-27,B,568,140,335,2,371
2016-06-27,O,824,265,599,2,488
2016-06-28,A,2482,291,295,22,2456
2016-06-28,AB,644,70,127,7,580
2016-06-28,B,371,283,315,3,336
2016-06-28,O,488,437,599,2,324
2016-06-29,A,2456,274,239,23,2468
2016-06-29,AB,580,66,226,4,416
2016-06-29,B,336,319,305,4,346
2016-06-29,O,324,526,577,1,272
2016-06-30,A,2468,265,265,14,2454
2016-06-30,AB,416,62,142,0,336
2016-06-30,B,346,257,312,1,290
2016-06-30,O,272,419,588,0,103
2016-07-01,A,2454,218,461,28,2183
2016-07-01,AB,336,60,139,1,256
2016-07-01,B,290,234,303,0,221
2016-07-01,O,103,354,457,0,0
2016-07-02,A,2183,196,230,21,2128
2016-07-02,AB,256,58,125,1,188
2016-07-02,B,221,207,275,1,152
2016-07-02,O,0,364,364,0,0
2016-07-03,A,2128,693,264,25,2532
2016-07-03,AB,188,139,122,2,203
2016-07-03,B,152,746,284,4,610
2016-07-03,O,0,1155,493,0,662
2016-07-04,A,2532,155,250,18,2419
2016-07-04,AB,203,43,125,0,121
2016-07-04,B,610,167,282,4,491
2016-07-04,O,662,279,509,1,431
2016-07-05,A,2419,97,266,23,2227
2016-07-05,AB,121,16,121,0,16
2016-07-05,B,491,86,259,2,316
2016-07-05,O,431,130,501,0,60
2016-07-06,A,2227,0,217,13,1997
2016-07-06,AB,16,0,16,0,0
2016-07-06,B,316,2,262,1,55
2016-07-06,O,60,3,63,0,0
2016-07-07,A,1997,23,249,11,1760
2016-07-07,AB,0,4,4,0,0
2016-07-07,B,55,34,89,0,0
2016-07-07,O,0,48,48,0,0
2016-07-08,A,1760,102,213,8,1641
2016-07-08,AB,0,28,28,0,0
2016-07-08,B,0,130,130,0,0
2016-07-08,O,0,172,172,0,0
2016-07-09,A,1641,208,206,17,1626
2016-07-09,AB,0,52,52,0,0
2016-07-09,B,0,227,227,0,0
2016-07-09,O,0,371,371,0,0
2016-07-10,A,1626,594,247,13,1960
2016-07-10,AB,0,161,52,3,106
2016-07-10,B,0,546,228,1,317
2016-07-10,O,0,1043,489,6,548
2016-07-11,A,1960,190,216,11,1923
2016-07-11,AB,106,58,66,2,96
2016-07-11,B,317,240,296,0,261
2016-07-11,O,548,346,497,4,393
2016-07-12,A,1923,299,240,20,1962
2016-07-12,AB,96,81,64,1,112
2016-07-12,B,261,376,291,2,344
2016-07-12,O,393,554,479,4,464
2016-07-13,A,1962,381,265,25,2053
2016-07-13,AB,112,97,60,0,149
2016-07-13,B,344,411,281,4,470
2016-07-13,O,464,617,516,1,564
2016-07-14,A,2053,329,239,14,2129
2016-07-14,AB,149,74,58,0,165
2016-07-14,B,470,315,280,3,502
2016-07-14,O,564,546,505,6,599
2016-07-15,A,2129,194,248,11,2064
2016-07-15,AB,165,60,71,0,154
2016-07-15,B,502,256,320,3,435
2016-07-15,O,599,404,520,1,482
2016-07-16,A,2064,509,231,10,2332
2016-07-16,AB,154,133,54,2,231
2016-07-16,B,435,502,277,4,656
2016-07-16,O,482,802,461,2,821
2016-07-17,A,2332,836,287,26,2855
2016-07-17,AB,231,195,63,5,358
2016-07-17,B,656,855,261,3,1247
2016-07-17,O,821,1317,516,12,1610
2016-07-18,A,2855,187,288,23,2731
2016-07-18,AB,358,42,53,2,345
2016-07-18,B,1247,210,277,6,1174
2016-07-18,O,1610,330,586,11,1343
2016-07-19,A,2731,319,273,22,2755
2016-07-19,AB,345,76,58,4,359
2016-07-19,B,1174,330,342,8,1154
2016-07-19,O,1343,556,526,4,1369
2016-07-20,A,2755,451,292,35,2879
2016-07-20,AB,359,122,75,6,400
2016-07-20,B,1154,496,355,7,1288
2016-07-20,O,1369,708,614,11,1452
2016-07-21,A,2879,505,281,31,3072
2016-07-21,AB,400,141,55,1,485
2016-07-21,B,1288,576,350,6,1508
2016-07-21,O,1452,824,588,11,1677
2016-07-22,A,3072,235,305,36,2966
2016-07-22,AB,485,61,48,4,494
2016-07-22,B,1508,227,336,9,1390
2016-07-22,O,1677,416,554,7,1532
2016-07-23,A,2966,436,272,35,3095
2016-07-23,AB,494,111,72,7,526
2016-07-23,B,1390,444,349,12,1473
2016-07-23,O,1532,671,527,9,1667
2016-07-24,A,3095,665,258,45,3457
2016-07-24,AB,526,168,73,6,615
2016-07-24,B,1473,633,319,7,1780
2016-07-24,O,1667,1103,526,10,2234
2016-07-25,A,3457,252,293,47,3369
2016-07-25,AB,615,77,64,4,624
2016-07-25,B,1780,283,369,9,1685
2016-07-25,O,2234,402,598,10,2028
2016-07-26,A,3369,358,265,48,3414
2016-07-26,AB,624,88,69,6,637
2016-07-26,B,1685,394,321,11,1747
2016-07-26,O,2028,610,565,10,2063
2016-07-27,A,3414,486,484,42,3374
2016-07-27,AB,637,148,77,9,699
2016-07-27,B,1747,608,321,12,2022
2016-07-27,O,2063,916,566,7,2406
2016-07-28,A,3374,396,290,67,3413
2016-07-28,AB,699,96,87,12,696
2016-07-28,B,2022,443,308,17,2140
2016-07-28,O,2406,666,615,17,2440
2016-07-29,A,3413,221,259,48,3327
2016-07-29,AB,696,74,76,5,689
2016-07-29,B,2140,221,334,14,2013
2016-07-29,O,2440,359,594,13,2192
2016-07-30,A,3327,352,289,41,3349
2016-07-30,AB,689,107,77,5,714
2016-07-30,B,2013,380,328,8,2057
2016-07-30,O,2192,575,565,10,2192
2016-07-31,A,3349,595,293,62,3589
2016-07-31,AB,714,174,77,12,799
2016-07-31,B,2057,617,330,16,2328
2016-07-31,O,2192,1026,572,21,2625
2016-08-01,A,3589,192,308,57,3416
2016-08-01,AB,799,49,77,11,760
2016-08-01,B,2328,197,361,11,2153
2016-08-01,O,2625,287,614,17,2281
2016-08-02,A,3416,346,264,49,3449
2016-08-02,AB,760,94,99,4,751
2016-08-02,B,2153,392,322,18,2205
2016-08-02,O,2281,613,600,17,2277
2016-08-03,A,3449,424,317,56,3500
2016-08-03,AB,751,105,80,15,761
2016-08-03,B,2205,482,354,21,2312
2016-08-03,O,2277,735,643,14,2355
2016-08-04,A,3500,353,298,52,3503
2016-08-04,AB,761,97,97,13,748
2016-08-04,B,2312,441,363,17,2373
2016-08-04,O,2355,587,621,8,2313
2016-08-05,A,3503,288,357,43,3391
2016-08-05,AB,748,72,94,13,713
2016-08-05,B,2373,302,375,13,2287
2016-08-05,O,2313,457,713,20,2037
2016-08-06,A,3391,707,322,62,3714
2016-08-06,AB,713,168,92,16,773
2016-08-06,B,2287,736,406,20,2597
2016-08-06,O,2037,1117,682,17,2455
2016-08-07,A,3714,716,319,76,4035
2016-08-07,AB,773,171,91,8,845
2016-08-07,B,2597,767,432,24,2908
2016-08-07,O,2455,1277,670,20,3042
2016-08-08,A,4035,174,368,61,3780
2016-08-08,AB,845,47,103,7,782
2016-08-08,B,2908,185,419,27,2647
2016-08-08,O,3042,286,673,22,2633
2016-08-09,A,3780,514,341,70,3883
2016-08-09,AB,782,132,115,6,793
2016-08-09,B,2647,565,414,31,2767
2016-08-09,O,2633,775,686,13,2709
2016-08-10,A,3883,446,402,64,3863
2016-08-10,AB,793,105,115,13,770
2016-08-10,B,2767,507,444,21,2809
2016-08-10,O,2709,765,739,14,2721
2016-08-11,A,3863,425,376,77,3835
2016-08-11,AB,770,97,89,7,771
2016-08-11,B,2809,404,436,19,2758
2016-08-11,O,2721,652,741,19,2613
2016-08-12,A,3835,312,428,56,3663
2016-08-12,AB,771,92,97,14,752
2016-08-12,B,2758,367,439,22,2664
2016-08-12,O,2613,546,745,14,2400
2016-08-13,A,3663,475,411,65,3662
2016-08-13,AB,752,142,97,18,779
2016-08-13,B,2664,542,396,29,2781
2016-08-13,O,2400,791,668,11,2512
2016-08-14,A,3662,663,376,57,3892
2016-08-14,AB,779,171,90,7,853
2016-08-14,B,2781,689,441,43,2986
2016-08-14,O,2512,1088,711,21,2868
2016-08-15,A,3892,331,436,62,3725
2016-08-15,AB,853,86,103,9,827
2016-08-15,B,2986,379,845,23,2497
2016-08-15,O,2868,576,750,13,2681
2016-08-16,A,3725,609,405,77,3852
2016-08-16,AB,827,156,107,16,860
2016-08-16,B,2497,660,437,23,2697
2016-08-16,O,2681,944,658,19,2948
2016-08-17,A,3852,404,403,65,3788
2016-08-17,AB,860,105,103,9,853
2016-08-17,B,2697,398,439,37,2619
2016-08-17,O,2948,603,803,14,2734
2016-08-18,A,3788,384,400,58,3714
2016-08-18,AB,853,87,105,11,824
2016-08-18,B,2619,411,445,23,2562
2016-08-18,O,2734,593,776,19,2532
2016-08-19,A,3714,272,398,49,3539
2016-08-19,AB,824,86,125,6,779
2016-08-19,B,2562,316,433,31,2414
2016-08-19,O,2532,478,734,11,2265
2016-08-20,A,3539,430,314,59,3596
2016-08-20,AB,779,125,90,10,804
2016-08-20,B,2414,473,421,25,2441
2016-08-20,O,2265,704,677,15,2277
2016-08-21,A,3596,656,356,70,3826
2016-08-21,AB,804,149,112,10,831
2016-08-21,B,2441,694,437,29,2669
2016-08-21,O,2277,1073,695,14,2641
2016-08-22,A,3826,229,374,75,3606
2016-08-22,AB,831,61,123,6,763
2016-08-22,B,2669,298,430,25,2512
2016-08-22,O,2641,440,806,13,2262
2016-08-23,A,3606,362,339,40,3589
2016-08-23,AB,763,103,116,8,742
2016-08-23,B,2512,445,438,16,2503
2016-08-23,O,2262,565,737,11,2079
2016-08-24,A,3589,422,337,61,3613
2016-08-24,AB,742,137,110,11,758
2016-08-24,B,2503,565,472,18,2578
2016-08-24,O,2079,720,755,11,2033
2016-08-25,A,3613,558,383,61,3727
2016-08-25,AB,758,159,109,8,800
2016-08-25,B,2578,579,1152,6,1999
2016-08-25,O,2033,847,788,10,2082
2016-08-26,A,3727,317,374,54,3616
2016-08-26,AB,800,93,86,9,798
2016-08-26,B,1999,381,444,11,1925
2016-08-26,O,2082,551,780,10,1843
2016-08-27,A,3616,356,321,52,3599
2016-08-27,AB,798,98,108,10,778
2016-08-27,B,1925,430,429,13,1913
2016-08-27,O,1843,660,679,9,1815
2016-08-28,A,3599,610,377,72,3760
2016-08-28,AB,778,172,104,6,840
2016-08-28,B,1913,657,450,17,2103
2016-08-28,O,1815,1121,691,11,2234
2016-08-29,A,3760,336,385,65,3646
2016-08-29,AB,840,84,100,10,814
2016-08-29,B,2103,390,464,11,2018
2016-08-29,O,2234,592,790,14,2022
2016-08-30,A,3646,444,421,53,3616
2016-08-30,AB,814,107,115,17,789
2016-08-30,B,2018,472,447,9,2034
2016-08-30,O,2022,753,737,14,2024
2016-08-31,A,3616,426,362,52,3628
2016-08-31,AB,789,107,117,11,768
2016-08-31,B,2034,457,480,15,1996
2016-08-31,O,2024,714,763,13,1962
2016-09-01,A,3628,398,415,41,3570
2016-09-01,AB,768,75,99,9,735
2016-09-01,B,1996,435,478,11,1942
2016-09-01,O,1962,592,774,10,1770
2016-09-02,A,3570,243,432,50,3331
2016-09-02,AB,735,75,125,9,676
2016-09-02,B,1942,320,424,14,1824
2016-09-02,O,1770,456,751,11,1464
2016-09-03,A,3331,434,360,58,3347
2016-09-03,AB,676,129,110,6,689
2016-09-03,B,1824,523,414,11,1922
2016-09-03,O,1464,713,721,13,1443
2016-09-04,A,3347,679,360,45,3621
2016-09-04,AB,689,159,103,15,730
2016-09-04,B,1922,749,450,18,2203
2016-09-04,O,1443,1203,775,12,1859
2016-09-05,A,3621,191,406,45,3361
2016-09-05,AB,730,55,111,4,670
2016-09-05,B,2203,221,467,20,1937
2016-09-05,O,1859,355,782,11,1421
2016-09-06,A,3361,393,388,59,3307
2016-09-06,AB,670,136,102,9,695
2016-09-06,B,1937,457,467,6,1921
2016-09-06,O,1421,687,774,7,1327
2016-09-07,A,3307,477,426,40,3318
2016-09-07,AB,695,136,111,12,708
2016-09-07,B,1921,548,487,14,1968
2016-09-07,O,1327,802,777,10,1342
2016-09-08,A,3318,311,405,40,3184
2016-09-08,AB,708,99,94,10,703
2016-09-08,B,1968,387,478,10,1867
2016-09-08,O,1342,537,835,2,1042
2016-09-09,A,3184,209,395,31,2967
2016-09-09,AB,703,58,108,7,646
2016-09-09,B,1867,256,495,10,1618
2016-09-09,O,1042,386,751,8,669
2016-09-10,A,2967,262,329,31,2869
2016-09-10,AB,646,76,115,6,601
2016-09-10,B,1618,308,406,8,1512
2016-09-10,O,669,441,732,2,376
2016-09-11,A,2869,482,356,37,2958
2016-09-11,AB,601,133,115,9,610
2016-09-11,B,1512,521,455,11,1567
2016-09-11,O,376,881,756,1,500
2016-09-12,A,2958,52,417,23,2570
2016-09-12,AB,610,10,87,4,529
2016-09-12,B,1567,34,433,10,1158
2016-09-12,O,500,91,591,0,0
2016-09-13,A,2570,109,370,11,2298
2016-09-13,AB,529,39,97,3,468
2016-09-13,B,1158,123,454,3,824
2016-09-13,O,0,186,186,0,0
2016-09-14,A,2298,221,387,18,2114
2016-09-14,AB,468,67,98,3,434
2016-09-14,B,824,228,433,3,616
2016-09-14,O,0,410,410,0,0
2016-09-15,A,2114,279,375,14,2004
2016-09-15,AB,434,61,90,5,400
2016-09-15,B,616,301,418,3,496
2016-09-15,O,0,443,443,0,0
2016-09-16,A,2004,438,348,13,2081
2016-09-16,AB,400,113,83,1,429
2016-09-16,B,496,535,440,2,589
2016-09-16,O,0,815,678,0,137
2016-09-17,A,2081,258,268,14,2057
2016-09-17,AB,429,52,94,3,384
2016-09-17,B,589,284,383,5,485
2016-09-17,O,137,423,560,0,0
2016-09-18,A,2057,651,353,19,2336
2016-09-18,AB,384,160,111,3,430
2016-09-18,B,485,636,410,6,705
2016-09-18,O,0,1056,690,4,362
2016-09-19,A,2336,247,392,15,2176
2016-09-19,AB,430,58,85,1,402
2016-09-19,B,705,275,420,4,556
2016-09-19,O,362,489,700,0,151
2016-09-20,A,2176,408,392,12,2180
2016-09-20,AB,402,109,104,1,406
2016-09-20,B,556,461,445,2,570
2016-09-20,O,151,738,680,0,209
2016-09-21,A,2180,391,382,25,2164
2016-09-21,AB,406,91,119,1,377
2016-09-21,B,570,412,416,4,562
2016-09-21,O,209,609,687,1,130
2016-09-22,A,2164,327,394,8,2089
2016-09-22,AB,377,119,106,5,385
2016-09-22,B,562,371,416,5,512
2016-09-22,O,130,615,745,0,0
2016-09-23,A,2089,261,350,19,1981
2016-09-23,AB,385,96,103,3,375
2016-09-23,B,512,300,419,2,391
2016-09-23,O,0,470,470,0,0
2016-09-24,A,1981,340,348,8,1965
2016-09-24,AB,375,76,88,5,358
2016-09-24,B,391,372,369,1,393
2016-09-24,O,0,568,568,0,0
2016-09-25,A,1965,572,333,17,2187
2016-09-25,AB,358,164,111,1,410
2016-09-25,B,393,604,361,2,634
2016-09-25,O,0,1008,653,2,353
2016-09-26,A,2187,320,369,13,2125
2016-09-26,AB,410,83,100,2,391
2016-09-26,B,634,337,404,6,561
2016-09-26,O,353,523,656,2,218
2016-09-27,A,2125,491,326,19,2271
2016-09-27,AB,391,150,104,1,436
2016-09-27,B,561,541,409,5,688
2016-09-27,O,218,822,630,1,409
2016-09-28,A,2271,503,370,19,2385
2016-09-28,AB,436,154,103,7,480
2016-09-28,B,688,627,406,7,902
2016-09-28,O,409,769,658,2,518
2016-09-29,A,2385,377,335,28,2399
2016-09-29,AB,480,112,116,2,474
2016-09-29,B,902,455,453,6,898
2016-09-29,O,518,634,651,8,493
2016-09-30,A,2399,285,348,20,2316
2016-09-30,AB,474,66,105,1,434
2016-09-30,B,898,308,447,3,756
2016-09-30,O,493,408,581,0,320
2016-10-01,A,2316,267,325,16,2242
2016-10-01,AB,434,63,89,5,403
2016-10-01,B,756,285,395,5,641
2016-10-01,O,320,438,576,1,181
2016-10-02,A,2242,571,318,16,2479
2016-10-02,AB,403,150,84,2,467
2016-10-02,B,641,566,399,5,803
2016-10-02,O,181,860,571,6,464
2016-10-03,A,2479,129,358,11,2239
2016-10-03,AB,467,27,102,2,390
2016-10-03,B,803,125,416,5,507
2016-10-03,O,464,193,571,1,85
2016-10-04,A,2239,465,366,21,2317
2016-10-04,AB,390,156,89,2,455
2016-10-04,B,507,591,373,5,720
2016-10-04,O,85,833,644,2,272
2016-10-05,A,2317,375,346,27,2319
2016-10-05,AB,455,110,103,3,459
2016-10-05,B,720,388,392,4,712
2016-10-05,O,272,571,621,1,221
2016-10-06,A,2319,268,334,19,2234
2016-10-06,AB,459,99,111,3,444
2016-10-06,B,712,276,410,2,576
2016-10-06,O,221,434,599,1,55
2016-10-07,A,2234,178,343,9,2060
2016-10-07,AB,444,47,86,6,399
2016-10-07,B,576,182,396,0,362
2016-10-07,O,55,344,399,0,0
2016-10-08,A,2060,389,334,21,2094
2016-10-08,AB,399,113,90,5,417
2016-10-08,B,362,440,396,1,405
2016-10-08,O,0,658,596,0,62
2016-10-09,A,2094,663,349,21,2387
2016-10-09,AB,417,169,92,7,487
2016-10-09,B,405,674,370,1,708
2016-10-09,O,62,1068,606,5,519
2016-10-10,A,2387,224,377,16,2218
2016-10-10,AB,487,51,102,1,435
2016-10-10,B,708,267,436,3,536
2016-10-10,O,519,365,622,1,261
2016-10-11,A,2218,341,386,16,2157
2016-10-11,AB,435,84,119,2,398
2016-10-11,B,536,396,424,3,505
2016-10-11,O,261,561,627,2,193
2016-10-12,A,2157,502,391,18,2250
2016-10-12,AB,398,124,97,4,421
2016-10-12,B,505,573,446,6,626
2016-10-12,O,193,699,670,0,222
2016-10-13,A,2250,388,380,15,2243
2016-10-13,AB,421,86,113,0,394
2016-10-13,B,626,425,451,2,598
2016-10-13,O,222,594,816,0,0
2016-10-14,A,2243,307,387,22,2141
2016-10-14,AB,394,41,114,1,320
2016-10-14,B,598,345,469,3,471
2016-10-14,O,0,464,464,0,0
2016-10-15,A,2141,254,399,11,1985
2016-10-15,AB,320,57,106,4,267
2016-10-15,B,471,318,412,5,372
2016-10-15,O,0,389,389,0,0
2016-10-16,A,1985,591,354,12,2210
2016-10-16,AB,267,116,106,1,276
2016-10-16,B,372,642,451,5,558
2016-10-16,O,0,1030,584,0,446
2016-10-17,A,2210,237,401,14,2032
2016-10-17,AB,276,42,110,1,207
2016-10-17,B,558,232,438,6,346
2016-10-17,O,446,356,679,0,123
2016-10-18,A,2032,399,394,13,2024
2016-10-18,AB,207,93,111,0,189
2016-10-18,B,346,407,417,1,335
2016-10-18,O,123,590,680,0,33
2016-10-19,A,2024,427,430,11,2010
2016-10-19,AB,189,72,88,1,172
2016-10-19,B,335,446,436,2,343
2016-10-19,O,33,729,682,0,80
2016-10-20,A,2010,402,418,15,1979
2016-10-20,AB,172,74,80,2,164
2016-10-20,B,343,480,436,1,386
2016-10-20,O,80,697,669,1,107
2016-10-21,A,1979,290,412,13,1844
2016-10-21,AB,164,57,103,0,118
2016-10-21,B,386,321,445,1,261
2016-10-21,O,107,518,625,0,0
2016-10-22,A,1844,281,400,9,1716
2016-10-22,AB,118,54,84,1,87
2016-10-22,B,261,330,392,1,198
2016-10-22,O,0,508,508,0,0
2016-10-23,A,1716,644,371,12,1977
2016-10-23,AB,87,101,104,0,84
2016-10-23,B,198,649,377,1,469
2016-10-23,O,0,1002,646,2,354
2016-10-24,A,1977,179,397,10,1749
2016-10-24,AB,84,39,88,0,35
2016-10-24,B,469,216,433,1,251
2016-10-24,O,354,330,684,0,0
2016-10-25,A,1749,268,412,13,1592
2016-10-25,AB,35,42,77,0,0
2016-10-25,B,251,280,419,1,111
2016-10-25,O,0,411,411,0,0
2016-10-26,A,1592,387,448,13,1518
2016-10-26,AB,0,70,70,0,0
2016-10-26,B,111,434,431,0,114
2016-10-26,O,0,661,661,0,0
2016-10-27,A,1518,208,387,9,1330
2016-10-27,AB,0,43,43,0,0
2016-10-27,B,114,236,350,0,0
2016-10-27,O,0,392,392,0,0
2016-10-28,A,1330,142,410,8,1054
2016-10-28,AB,0,40,40,0,0
2016-10-28,B,0,178,178,0,0
2016-10-28,O,0,270,270,0,0
2016-10-29,A,1054,330,341,4,1039
2016-10-29,AB,0,73,66,0,7
2016-10-29,B,0,339,339,0,0
2016-10-29,O,0,524,524,0,0
2016-10-30,A,1039,408,383,7,1057
2016-10-30,AB,7,78,75,0,10
2016-10-30,B,0,394,367,0,27
2016-10-30,O,0,676,557,1,118
2016-10-31,A,1057,126,403,7,773
2016-10-31,AB,10,32,42,0,0
2016-10-31,B,27,135,162,0,0
2016-10-31,O,118,219,337,0,0
2016-11-01,A,773,237,368,2,640
2016-11-01,AB,0,65,65,0,0
2016-11-01,B,0,261,261,0,0
2016-11-01,O,0,407,407,0,0
2016-11-02,A,640,285,385,6,534
2016-11-02,AB,0,92,69,0,23
2016-11-02,B,0,353,353,0,0
2016-11-02,O,0,552,552,0,0
2016-11-03,A,534,298,393,3,436
2016-11-03,AB,23,66,77,0,12
2016-11-03,B,0,350,350,0,0
2016-11-03,O,0,535,535,0,0
2016-11-04,A,436,158,369,1,224
2016-11-04,AB,12,36,48,0,0
2016-11-04,B,0,194,194,0,0
2016-11-04,O,0,277,277,0,0
2016-11-05,A,224,357,337,2,242
2016-11-05,AB,0,79,79,0,0
2016-11-05,B,0,389,365,0,24
2016-11-05,O,0,562,480,1,81
2016-11-06,A,242,541,363,2,418
2016-11-06,AB,0,112,71,0,41
2016-11-06,B,24,479,365,1,137
2016-11-06,O,81,853,511,3,420
2016-11-07,A,418,260,380,3,295
2016-11-07,AB,41,62,82,0,21
2016-11-07,B,137,295,429,0,3
2016-11-07,O,420,441,564,1,296
2016-11-08,A,295,317,331,0,281
2016-11-08,AB,21,72,70,0,23
2016-11-08,B,3,344,347,0,0
2016-11-08,O,296,569,605,3,257
2016-11-09,A,281,438,324,5,390
2016-11-09,AB,23,105,74,0,54
2016-11-09,B,0,530,409,0,121
2016-11-09,O,257,794,548,1,502
2016-11-10,A,390,297,337,3,347
2016-11-10,AB,54,84,75,1,62
2016-11-10,B,121,350,358,1,112
2016-11-10,O,502,579,561,3,517
2016-11-11,A,347,312,327,5,327
2016-11-11,AB,62,96,86,0,72
2016-11-11,B,112,350,365,1,96
2016-11-11,O,517,589,573,2,531
2016-11-12,A,327,296,287,2,334
2016-11-12,AB,72,73,74,0,71
2016-11-12,B,96,355,348,1,102
2016-11-12,O,531,498,491,4,534
2016-11-13,A,334,525,614,2,243
2016-11-13,AB,71,117,73,1,114
2016-11-13,B,102,510,363,1,248
2016-11-13,O,534,847,534,8,839
2016-11-14,A,243,176,366,1,52
2016-11-14,AB,114,51,82,0,83
2016-11-14,B,248,196,382,0,62
2016-11-14,O,839,304,524,5,614
2016-11-15,A,52,341,371,0,22
2016-11-15,AB,83,87,63,1,106
2016-11-15,B,62,350,337,1,74
2016-11-15,O,614,598,545,4,663
2016-11-16,A,22,347,321,0,48
2016-11-16,AB,106,103,54,1,154
2016-11-16,B,74,360,385,0,49
2016-11-16,O,663,581,529,7,708
2016-11-17,A,48,374,370,0,52
2016-11-17,AB,154,101,85,1,169
2016-11-17,B,49,437,352,0,134
2016-11-17,O,708,653,530,7,824
2016-11-18,A,52,320,306,0,66
2016-11-18,AB,169,76,76,1,168
2016-11-18,B,134,337,368,3,100
2016-11-18,O,824,513,567,4,766
2016-11-19,A,66,509,339,1,235
2016-11-19,AB,168,145,86,2,225
2016-11-19,B,100,616,331,2,383
2016-11-19,O,766,1003,487,8,1274
2016-11-20,A,235,652,319,2,566
2016-11-20,AB,225,129,68,1,285
2016-11-20,B,383,583,361,2,603
2016-11-20,O,1274,944,514,10,1694
2016-11-21,A,566,203,366,5,398
2016-11-21,AB,285,52,87,2,248
2016-11-21,B,603,240,367,3,473
2016-11-21,O,1694,369,549,4,1510
2016-11-22,A,398,318,335,3,378
2016-11-22,AB,248,91,92,0,247
2016-11-22,B,473,395,377,2,489
2016-11-22,O,1510,525,558,13,1464
2016-11-23,A,378,414,320,4,468
2016-11-23,AB,247,102,212,2,135
2016-11-23,B,489,507,403,4,589
2016-11-23,O,1464,713,608,10,1559
2016-11-24,A,468,398,378,3,485
2016-11-24,AB,135,136,93,0,178
2016-11-24,B,589,464,428,1,624
2016-11-24,O,1559,661,593,13,1614
2016-11-25,A,485,310,333,1,461
2016-11-25,AB,178,83,93,2,166
2016-11-25,B,624,358,381,6,595
2016-11-25,O,1614,513,561,12,1554
2016-11-26,A,461,279,305,5,430
2016-11-26,AB,166,64,86,0,144
2016-11-26,B,595,306,351,2,548
2016-11-26,O,1554,495,546,11,1492
2016-11-27,A,430,548,324,3,651
2016-11-27,AB,144,158,78,2,222
2016-11-27,B,548,604,391,0,761
2016-11-27,O,1492,855,594,12,1741
2016-11-28,A,651,170,379,5,437
2016-11-28,AB,222,62,94,1,189
2016-11-28,B,761,182,392,2,549
2016-11-28,O,1741,252,558,11,1424
2016-11-29,A,437,225,359,3,300
2016-11-29,AB,189,64,93,0,160
2016-11-29,B,549,260,383,6,420
2016-11-29,O,1424,382,539,9,1258
2016-11-30,A,300,332,365,2,265
2016-11-30,AB,160,74,73,1,160
2016-11-30,B,420,361,413,2,366
2016-11-30,O,1258,512,568,10,1192
2016-12-01,A,265,337,400,0,202
2016-12-01,AB,160,94,106,1,147
2016-12-01,B,366,425,389,2,400
2016-12-01,O,1192,579,562,9,1200
2016-12-02,A,202,205,380,1,26
2016-12-02,AB,147,43,93,1,96
2016-12-02,B,400,228,445,1,182
2016-12-02,O,1200,328,551,6,971
2016-12-03,A,26,269,295,0,0
2016-12-03,AB,96,65,88,0,73
2016-12-03,B,182,313,390,0,105
2016-12-03,O,971,446,511,8,898
2016-12-04,A,0,651,339,2,310
2016-12-04,AB,73,176,89,1,159
2016-12-04,B,105,701,365,0,441
2016-12-04,O,898,1100,539,8,1451
2016-12-05,A,310,236,376,1,169
2016-12-05,AB,159,65,108,1,115
2016-12-05,B,441,244,412,0,273
2016-12-05,O,1451,382,588,4,1241
2016-12-06,A,169,283,406,0,46
2016-12-06,AB,115,68,85,0,98
2016-12-06,B,273,326,421,2,176
2016-12-06,O,1241,453,540,4,1150
2016-12-07,A,46,436,365,1,116
2016-12-07,AB,98,116,100,1,113
2016-12-07,B,176,522,405,1,292
2016-12-07,O,1150,698,601,9,1238
2016-12-08,A,116,334,450,0,0
2016-12-08,AB,113,90,96,1,106
2016-12-08,B,292,382,446,1,227
2016-12-08,O,1238,564,575,6,1221
2016-12-09,A,0,208,208,0,0
2016-12-09,AB,106,67,85,1,87
2016-12-09,B,227,218,445,0,0
2016-12-09,O,1221,315,624,2,910
2016-12-10,A,0,294,294,0,0
2016-12-10,AB,87,65,68,1,83
2016-12-10,B,0,307,307,0,0
2016-12-10,O,910,488,570,2,826
2016-12-11,A,0,313,313,0,0
2016-12-11,AB,83,94,94,1,82
2016-12-11,B,0,348,348,0,0
2016-12-11,O,826,627,552,3,898
2016-12-12,A,0,130,130,0,0
2016-12-12,AB,82,34,108,0,8
2016-12-12,B,0,139,139,0,0
2016-12-12,O,898,203,553,3,545
2016-12-13,A,0,234,234,0,0
2016-12-13,AB,8,68,76,0,0
2016-12-13,B,0,292,292,0,0
2016-12-13,O,545,446,576,2,413
2016-12-14,A,0,314,314,0,0
2016-12-14,AB,0,89,89,0,0
2016-12-14,B,0,362,362,0,0
2016-12-14,O,413,551,566,2,396
2016-12-15,A,0,344,321,0,23
2016-12-15,AB,0,99,98,0,1
2016-12-15,B,0,350,350,0,0
2016-12-15,O,396,548,553,4,387
2016-12-16,A,23,178,201,0,0
2016-12-16,AB,1,41,42,0,0
2016-12-16,B,0,166,166,0,0
2016-12-16,O,387,274,592,0,69
2016-12-17,A,0,510,337,1,172
2016-12-17,AB,0,144,93,0,51
2016-12-17,B,0,581,429,1,151
2016-12-17,O,69,795,512,0,352
2016-12-18,A,172,593,317,2,446
2016-12-18,AB,51,133,94,2,88
2016-12-18,B,151,663,403,3,408
2016-12-18,O,352,1003,510,8,837
2016-12-19,A,446,255,369,1,331
2016-12-19,AB,88,65,84,0,69
2016-12-19,B,408,261,389,6,274
2016-12-19,O,837,443,533,4,743
2016-12-20,A,331,378,331,2,376
2016-12-20,AB,69,106,92,1,82
2016-12-20,B,274,390,397,1,266
2016-12-20,O,743,593,528,6,802
2016-12-21,A,376,294,328,3,339
2016-12-21,AB,82,69,101,0,50
2016-12-21,B,266,344,415,1,194
2016-12-21,O,802,539,547,3,791
2016-12-22,A,339,352,350,0,341
2016-12-22,AB,50,93,93,0,50
2016-12-22,B,194,359,397,1,155
2016-12-22,O,791,541,544,5,783
2016-12-23,A,341,206,339,2,206
2016-12-23,AB,50,47,97,0,0
2016-12-23,B,155,207,362,0,0
2016-12-23,O,783,333,520,4,592
2016-12-24,A,206,221,309,1,117
2016-12-24,AB,0,64,64,0,0
2016-12-24,B,0,258,258,0,0
2016-12-24,O,592,341,415,3,515
2016-12-25,A,117,382,290,0,209
2016-12-25,AB,0,92,84,2,6
2016-12-25,B,0,435,335,0,100
2016-12-25,O,515,630,412,3,730
2016-12-26,A,209,180,349,0,40
2016-12-26,AB,6,51,57,0,0
2016-12-26,B,100,174,274,0,0
2016-12-26,O,730,310,500,0,540
2016-12-27,A,40,171,211,0,0
2016-12-27,AB,0,63,63,0,0
2016-12-27,B,0,194,194,0,0
2016-12-27,O,540,267,463,3,341
2016-12-28,A,0,217,217,0,0
2016-12-28,AB,0,50,50,0,0
2016-12-28,B,0,217,217,0,0
2016-12-28,O,341,347,454,1,233
2016-12-29,A,0,309,309,0,0
2016-12-29,AB,0,81,81,0,0
2016-12-29,B,0,342,342,0,0
2016-12-29,O,233,511,522,0,222
2016-12-30,A,0,186,186,0,0
2016-12-30,AB,0,66,66,0,0
2016-12-30,B,0,228,228,0,0
2016-12-30,O,222,377,435,0,164
2016-12-31,A,0,224,224,0,0
2016-12-31,AB,0,60,60,0,0
2016-12-31,B,0,260,260,0,0
2016-12-31,O,164,357,414,0,107
2017-01-01,A,0,383,290,0,93
2017-01-01,AB,0,81,68,0,13
2017-01-01,B,0,340,309,0,31
2017-01-01,O,107,503,415,1,194
2017-01-02,A,93,244,330,0,7
2017-01-02,AB,13,80,76,0,17
2017-01-02,B,31,272,303,0,0
2017-01-02,O,194,410,496,2,106
2017-01-03,A,7,167,174,0,0
2017-01-03,AB,17,37,54,0,0
2017-01-03,B,0,159,159,0,0
2017-01-03,O,106,275,381,0,0
2017-01-04,A,0,293,292,0,1
2017-01-04,AB,0,64,64,0,0
2017-01-04,B,0,291,291,0,0
2017-01-04,O,0,423,423,0,0
2017-01-05,A,1,302,270,0,33
2017-01-05,AB,0,71,70,0,1
2017-01-05,B,0,288,288,0,0
2017-01-05,O,0,490,478,0,12
2017-01-06,A,33,237,270,0,0
2017-01-06,AB,1,55,56,0,0
2017-01-06,B,0,272,272,0,0
2017-01-06,O,12,371,383,0,0
2017-01-07,A,0,426,263,0,163
2017-01-07,AB,0,87,60,0,27
2017-01-07,B,0,372,304,0,68
2017-01-07,O,0,606,427,1,178
2017-01-08,A,163,724,280,6,601
2017-01-08,AB,27,185,84,0,128
2017-01-08,B,68,761,282,3,544
2017-01-08,O,178,1238,502,4,910
2017-01-09,A,601,271,340,3,529
2017-01-09,AB,128,77,77,0,128
2017-01-09,B,544,331,336,4,535
2017-01-09,O,910,387,469,2,826
2017-01-10,A,529,356,293,4,588
2017-01-10,AB,128,85,70,1,142
2017-01-10,B,535,372,356,1,550
2017-01-10,O,826,645,478,6,987
2017-01-11,A,588,482,336,4,730
2017-01-11,AB,142,162,85,2,217
2017-01-11,B,550,612,352,5,805
2017-01-11,O,987,860,473,4,1370
2017-01-12,A,730,437,357,5,805
2017-01-12,AB,217,116,90,3,240
2017-01-12,B,805,494,373,6,920
2017-01-12,O,1370,733,463,6,1634
2017-01-13,A,805,188,347,4,642
2017-01-13,AB,240,50,88,1,201
2017-01-13,B,920,199,338,2,779
2017-01-13,O,1634,336,484,5,1481
2017-01-14,A,642,350,306,2,684
2017-01-14,AB,201,83,92,1,191
2017-01-14,B,779,414,336,5,852
2017-01-14,O,1481,584,419,11,1635
2017-01-15,A,684,578,273,9,980
2017-01-15,AB,191,163,77,1,276
2017-01-15,B,852,590,373,8,1061
2017-01-15,O,1635,964,451,12,2136
2017-01-16,A,980,249,333,8,888
2017-01-16,AB,276,69,92,1,252
2017-01-16,B,1061,302,374,5,984
2017-01-16,O,2136,417,487,14,2052
2017-01-17,A,888,406,302,6,986
2017-01-17,AB,252,109,85,2,274
2017-01-17,B,984,421,360,4,1041
2017-01-17,O,2052,643,514,13,2168
2017-01-18,A,986,579,341,5,1219
2017-01-18,AB,274,141,93,2,320
2017-01-18,B,1041,588,376,4,1249
2017-01-18,O,2168,810,468,10,2500
2017-01-19,A,1219,444,328,7,1328
2017-01-19,AB,320,114,115,1,318
2017-01-19,B,1249,485,362,6,1366
2017-01-19,O,2500,722,523,13,2686
2017-01-20,A,1328,399,318,11,1398
2017-01-20,AB,318,100,96,2,320
2017-01-20,B,1366,404,369,8,1393
2017-01-20,O,2686,590,520,21,2735
2017-01-21,A,1398,422,309,4,1507
2017-01-21,AB,320,104,85,1,338
2017-01-21,B,1393,463,318,13,1525
2017-01-21,O,2735,689,480,16,2928
2017-01-22,A,1507,506,318,15,1680
2017-01-22,AB,338,130,67,4,397
2017-01-22,B,1525,551,348,12,1716
2017-01-22,O,2928,868,466,19,3311
2017-01-23,A,1680,289,344,8,1617
2017-01-23,AB,397,59,87,1,368
2017-01-23,B,1716,323,379,12,1648
2017-01-23,O,3311,420,522,14,3195
2017-01-24,A,1617,405,360,12,1650
2017-01-24,AB,368,92,84,1,375
2017-01-24,B,1648,472,411,10,1699
2017-01-24,O,3195,676,565,25,3281
2017-01-25,A,1650,567,374,7,1836
2017-01-25,AB,375,164,108,3,428
2017-01-25,B,1699,628,362,17,1948
2017-01-25,O,3281,921,548,42,3612
2017-01-26,A,1836,391,338,20,1869
2017-01-26,AB,428,92,84,1,435
2017-01-26,B,1948,393,360,10,1971
2017-01-26,O,3612,626,555,33,3650
2017-01-27,A,1869,254,385,10,1728
2017-01-27,AB,435,79,91,4,419
2017-01-27,B,1971,250,376,14,1831
2017-01-27,O,3650,390,537,24,3479
2017-01-28,A,1728,179,328,7,1572
2017-01-28,AB,419,58,76,2,399
2017-01-28,B,1831,180,330,5,1676
2017-01-28,O,3479,299,478,22,3278
2017-01-29,A,1572,205,346,6,1425
2017-01-29,AB,399,48,90,3,354
2017-01-29,B,1676,221,359,12,1526
2017-01-29,O,3278,341,512,16,3091
2017-01-30,A,1425,178,374,8,1221
2017-01-30,AB,354,53,83,0,324
2017-01-30,B,1526,211,410,8,1319
2017-01-30,O,3091,298,509,16,2864
2017-01-31,A,1221,211,359,8,1065
2017-01-31,AB,324,48,95,1,276
2017-01-31,B,1319,225,368,9,1167
2017-01-31,O,2864,352,546,15,2655
2017-02-01,A,1065,307,384,8,980
2017-02-01,AB,276,82,91,3,264
2017-02-01,B,1167,357,352,2,1170
2017-02-01,O,2655,496,469,15,2667
2017-02-02,A,980,312,392,5,895
2017-02-02,AB,264,72,79,0,257
2017-02-02,B,1170,298,379,7,1082
2017-02-02,O,2667,535,570,14,2618
2017-02-03,A,895,256,352,1,798
2017-02-03,AB,257,44,84,2,215
2017-02-03,B,1082,287,370,6,993
2017-02-03,O,2618,381,560,22,2417
2017-02-04,A,798,315,372,4,737
2017-02-04,AB,215,71,63,1,222
2017-02-04,B,993,357,361,4,985
2017-02-04,O,2417,486,471,15,2417
2017-02-05,A,737,434,354,7,810
2017-02-05,AB,222,108,90,2,238
2017-02-05,B,985,507,351,4,1137
2017-02-05,O,2417,695,493,21,2598
2017-02-06,A,810,172,318,2,662
2017-02-06,AB,238,54,68,2,222
2017-02-06,B,1137,206,339,2,1002
2017-02-06,O,2598,293,555,14,2322
2017-02-07,A,662,311,340,3,630
2017-02-07,AB,222,92,85,1,228
2017-02-07,B,1002,341,380,10,953
2017-02-07,O,2322,478,476,15,2309
2017-02-08,A,630,363,341,6,646
2017-02-08,AB,228,92,85,2,233
2017-02-08,B,953,455,368,7,1033
2017-02-08,O,2309,646,456,17,2482
2017-02-09,A,646,777,386,4,1033
2017-02-09,AB,233,227,101,2,357
2017-02-09,B,1033,1110,378,8,1757
2017-02-09,O,2482,1461,555,17,3371
2017-02-10,A,1033,306,336,6,997
2017-02-10,AB,357,87,84,4,356
2017-02-10,B,1757,348,381,12,1712
2017-02-10,O,3371,464,510,17,3308
2017-02-11,A,997,333,310,3,1017
2017-02-11,AB,356,84,78,3,359
2017-02-11,B,1712,349,377,14,1670
2017-02-11,O,3308,476,438,24,3322
2017-02-12,A,1017,567,330,9,1245
2017-02-12,AB,359,127,84,3,399
2017-02-12,B,1670,576,360,11,1875
2017-02-12,O,3322,1017,507,25,3807
2017-02-13,A,1245,242,390,5,1092
2017-02-13,AB,399,70,87,1,381
2017-02-13,B,1875,295,411,10,1749
2017-02-13,O,3807,455,460,23,3779
2017-02-14,A,1092,431,350,7,1166
2017-02-14,AB,381,134,88,4,423
2017-02-14,B,1749,518,418,11,1838
2017-02-14,O,3779,804,534,34,4015
2017-02-15,A,1166,447,348,7,1258
2017-02-15,AB,423,120,88,4,451
2017-02-15,B,1838,550,397,14,1977
2017-02-15,O,4015,862,482,33,4362
2017-02-16,A,1258,396,351,12,1291
2017-02-16,AB,451,99,69,2,479
2017-02-16,B,1977,465,369,9,2064
2017-02-16,O,4362,652,535,41,4438
2017-02-17,A,1291,211,332,9,1161
2017-02-17,AB,479,75,82,7,465
2017-02-17,B,2064,236,375,8,1917
2017-02-17,O,4438,391,499,34,4296
2017-02-18,A,1161,363,337,11,1176
2017-02-18,AB,465,95,73,3,484
2017-02-18,B,1917,433,312,14,2024
2017-02-18,O,4296,652,426,43,4479
2017-02-19,A,1176,597,325,11,1437
2017-02-19,AB,484,152,77,4,555
2017-02-19,B,2024,645,319,25,2325
2017-02-19,O,4479,1032,433,59,5019
2017-02-20,A,1437,226,372,7,1284
2017-02-20,AB,555,64,95,7,517
2017-02-20,B,2325,274,355,19,2225
2017-02-20,O,5019,402,509,40,4872
2017-02-21,A,1284,466,369,13,1368
2017-02-21,AB,517,126,70,7,566
2017-02-21,B,2225,551,361,24,2391
2017-02-21,O,4872,741,526,49,5038
2017-02-22,A,1368,533,374,8,1519
2017-02-22,AB,566,141,90,6,611
2017-02-22,B,2391,659,377,23,2650
2017-02-22,O,5038,932,519,70,5381
2017-02-23,A,1519,398,331,8,1578
2017-02-23,AB,611,114,90,5,630
2017-02-23,B,2650,445,380,22,2693
2017-02-23,O,5381,641,519,74,5429
2017-02-24,A,1578,240,353,9,1456
2017-02-24,AB,630,64,75,4,615
2017-02-24,B,2693,316,385,28,2596
2017-02-24,O,5429,382,490,66,5255
2017-02-25,A,1456,426,341,11,1530
2017-02-25,AB,615,125,73,4,663
2017-02-25,B,2596,438,340,21,2673
2017-02-25,O,5255,726,426,69,5486
2017-02-26,A,1530,628,329,15,1814
2017-02-26,AB,663,144,64,13,730
2017-02-26,B,2673,589,361,22,2879
2017-02-26,O,5486,1003,460,102,5927
2017-02-27,A,1814,216,321,11,1698
2017-02-27,AB,730,57,87,11,689
2017-02-27,B,2879,252,362,35,2734
2017-02-27,O,5927,367,472,86,5736
2017-02-28,A,1698,473,355,7,1809
2017-02-28,AB,689,124,76,10,727
2017-02-28,B,2734,507,421,32,2788
2017-02-28,O,5736,746,529,96,5857
2017-03-01,A,1809,447,342,19,1895
2017-03-01,AB,727,117,75,14,755
2017-03-01,B,2788,518,415,31,2860
2017-03-01,O,5857,716,518,102,5953
2017-03-02,A,1895,360,374,9,1872
2017-03-02,AB,755,101,93,11,752
2017-03-02,B,2860,408,414,36,2818
2017-03-02,O,5953,621,559,100,5915
2017-03-03,A,1872,243,399,12,1704
2017-03-03,AB,752,70,87,4,731
2017-03-03,B,2818,224,407,27,2608
2017-03-03,O,5915,324,530,86,5623
2017-03-04,A,1704,386,354,12,1724
2017-03-04,AB,731,93,87,9,728
2017-03-04,B,2608,429,393,29,2615
2017-03-04,O,5623,569,498,79,5615
2017-03-05,A,1724,727,356,10,2085
2017-03-05,AB,728,151,83,11,785
2017-03-05,B,2615,729,379,32,2933
2017-03-05,O,5615,1210,546,106,6173
2017-03-06,A,2085,194,401,12,1866
2017-03-06,AB,785,62,82,7,758
2017-03-06,B,2933,224,404,30,2723
2017-03-06,O,6173,363,543,84,5909
2017-03-07,A,1866,261,353,14,1760
2017-03-07,AB,758,55,93,9,711
2017-03-07,B,2723,280,375,28,2600
2017-03-07,O,5909,413,583,78,5661
2017-03-08,A,1760,458,401,9,1808
2017-03-08,AB,711,118,76,8,745
2017-03-08,B,2600,522,423,30,2669
2017-03-08,O,5661,784,538,90,5817
2017-03-09,A,1808,334,431,13,1698
2017-03-09,AB,745,91,89,11,736
2017-03-09,B,2669,371,463,26,2551
2017-03-09,O,5817,559,577,82,5717
2017-03-10,A,1698,201,408,8,1483
2017-03-10,AB,736,44,94,11,675
2017-03-10,B,2551,216,425,10,2332
2017-03-10,O,5717,317,552,72,5410
2017-03-11,A,1483,458,343,13,1585
2017-03-11,AB,675,112,73,11,703
2017-03-11,B,2332,467,359,16,2424
2017-03-11,O,5410,714,463,62,5599
2017-03-12,A,1585,662,357,14,1876
2017-03-12,AB,703,176,74,5,800
2017-03-12,B,2424,751,344,28,2803
2017-03-12,O,5599,1208,555,100,6152
2017-03-13,A,1876,306,388,10,1784
2017-03-13,AB,800,92,105,11,776
2017-03-13,B,2803,299,423,24,2655
2017-03-13,O,6152,519,569,97,6005
2017-03-14,A,1784,389,389,12,1772
2017-03-14,AB,776,85,90,7,764
2017-03-14,B,2655,430,408,15,2662
2017-03-14,O,6005,600,543,91,5971
2017-03-15,A,1772,377,400,9,1740
2017-03-15,AB,764,86,83,11,756
2017-03-15,B,2662,452,388,23,2703
2017-03-15,O,5971,661,577,94,5961
2017-03-16,A,1740,432,388,9,1775
2017-03-16,AB,756,95,104,7,740
2017-03-16,B,2703,526,426,22,2781
2017-03-16,O,5961,731,613,88,5991
2017-03-17,A,1775,279,375,4,1675
2017-03-17,AB,740,65,99,3,703
2017-03-17,B,2781,294,406,27,2642
2017-03-17,O,5991,440,591,103,5737
2017-03-18,A,1675,346,398,12,1611
2017-03-18,AB,703,99,79,6,717
2017-03-18,B,2642,397,326,25,2688
2017-03-18,O,5737,566,501,83,5719
2017-03-19,A,1611,732,415,17,1911
2017-03-19,AB,717,178,96,15,784
2017-03-19,B,2688,816,369,31,3104
2017-03-19,O,5719,1353,532,101,6439
2017-03-20,A,1911,284,421,7,1767
2017-03-20,AB,784,68,97,8,747
2017-03-20,B,3104,300,386,30,2988
2017-03-20,O,6439,443,593,75,6214
2017-03-21,A,1767,329,382,13,1701
2017-03-21,AB,747,89,84,5,747
2017-03-21,B,2988,371,390,41,2928
2017-03-21,O,6214,563,611,99,6067
2017-03-22,A,1701,498,379,11,1809
2017-03-22,AB,747,121,86,13,769
2017-03-22,B,2928,596,408,42,3074
2017-03-22,O,6067,829,642,97,6157
2017-03-23,A,1809,388,385,9,1803
2017-03-23,AB,769,97,94,4,768
2017-03-23,B,3074,380,415,35,3004
2017-03-23,O,6157,658,593,96,6126
2017-03-24,A,1803,248,397,10,1644
2017-03-24,AB,768,61,98,5,726
2017-03-24,B,3004,268,382,34,2856
2017-03-24,O,6126,402,604,90,5834
2017-03-25,A,1644,422,334,17,1715
2017-03-25,AB,726,100,76,8,742
2017-03-25,B,2856,459,334,24,2957
2017-03-25,O,5834,684,514,107,5897
2017-03-26,A,1715,642,338,13,2006
2017-03-26,AB,742,173,81,9,825
2017-03-26,B,2957,659,333,29,3254
2017-03-26,O,5897,1009,516,119,6271
2017-03-27,A,2006,311,367,13,1937
2017-03-27,AB,825,92,76,14,827
2017-03-27,B,3254,342,392,28,3176
2017-03-27,O,6271,519,573,114,6103
2017-03-28,A,1937,459,379,11,2006
2017-03-28,AB,827,97,104,9,811
2017-03-28,B,3176,464,403,45,3192
2017-03-28,O,6103,756,599,99,6161
2017-03-29,A,2006,540,400,13,2133
2017-03-29,AB,811,124,90,13,832
2017-03-29,B,3192,584,424,47,3305
2017-03-29,O,6161,858,595,96,6328
2017-03-30,A,2133,542,393,19,2263
2017-03-30,AB,832,111,95,11,837
2017-03-30,B,3305,500,423,40,3342
2017-03-30,O,6328,862,584,102,6504
2017-03-31,A,2263,211,333,13,2128
2017-03-31,AB,837,49,86,8,792
2017-03-31,B,3342,217,392,35,3132
2017-03-31,O,6504,361,567,99,6199
2017-04-01,A,2128,366,315,12,2167
2017-04-01,AB,792,92,80,9,795
2017-04-01,B,3132,433,365,39,3161
2017-04-01,O,6199,601,529,93,6178
2017-04-02,A,2167,506,360,20,2293
2017-04-02,AB,795,118,106,14,793
2017-04-02,B,3161,556,335,39,3343
2017-04-02,O,6178,758,569,89,6278
2017-04-03,A,2293,232,414,21,2090
2017-04-03,AB,793,54,83,6,758
2017-04-03,B,3343,287,381,41,3208
2017-04-03,O,6278,435,599,99,6015
2017-04-04,A,2090,345,347,9,2079
2017-04-04,AB,758,90,80,8,760
2017-04-04,B,3208,418,405,37,3184
2017-04-04,O,6015,547,540,75,5947
2017-04-05,A,2079,448,377,14,2136
2017-04-05,AB,760,113,81,13,779
2017-04-05,B,3184,489,396,37,3240
2017-04-05,O,5947,747,545,82,6067
2017-04-06,A,2136,446,399,12,2171
2017-04-06,AB,779,120,78,14,807
2017-04-06,B,3240,512,463,34,3255
2017-04-06,O,6067,704,645,106,6020
2017-04-07,A,2171,228,360,10,2029
2017-04-07,AB,807,41,54,12,782
2017-04-07,B,3255,274,390,27,3112
2017-04-07,O,6020,411,613,82,5736
2017-04-08,A,2029,388,322,12,2083
2017-04-08,AB,782,90,63,11,798
2017-04-08,B,3112,435,365,37,3145
2017-04-08,O,5736,625,547,82,5732
2017-04-09,A,2083,570,380,9,2264
2017-04-09,AB,798,127,85,14,826
2017-04-09,B,3145,591,368,48,3320
2017-04-09,O,5732,896,580,104,5944
2017-04-10,A,2264,233,380,23,2094
2017-04-10,AB,826,56,197,5,680
2017-04-10,B,3320,228,375,34,3139
2017-04-10,O,5944,363,615,68,5624
2017-04-11,A,2094,452,371,12,2163
2017-04-11,AB,680,86,79,16,671
2017-04-11,B,3139,467,384,46,3176
2017-04-11,O,5624,737,527,82,5752
2017-04-12,A,2163,466,406,16,2207
2017-04-12,AB,671,92,78,5,680
2017-04-12,B,3176,498,391,46,3237
2017-04-12,O,5752,784,593,89,5854
2017-04-13,A,2207,336,394,25,2124
2017-04-13,AB,680,62,75,4,663
2017-04-13,B,3237,369,375,27,3204
2017-04-13,O,5854,606,629,91,5740
2017-04-14,A,2124,266,428,13,1949
2017-04-14,AB,663,28,66,6,619
2017-04-14,B,3204,301,434,35,3036
2017-04-14,O,5740,407,599,67,5481
2017-04-15,A,1949,398,377,18,1952
2017-04-15,AB,619,92,69,14,628
2017-04-15,B,3036,405,831,22,2588
2017-04-15,O,5481,650,527,85,5519
2017-04-16,A,1952,692,387,16,2241
2017-04-16,AB,628,163,67,7,717
2017-04-16,B,2588,812,307,41,3052
2017-04-16,O,5519,1263,506,106,6170
2017-04-17,A,2241,233,437,15,2022
2017-04-17,AB,717,61,59,6,713
2017-04-17,B,3052,273,372,34,2919
2017-04-17,O,6170,373,599,90,5854
2017-04-18,A,2022,277,407,9,1883
2017-04-18,AB,713,61,78,12,684
2017-04-18,B,2919,288,377,34,2796
2017-04-18,O,5854,436,611,77,5602
2017-04-19,A,1883,436,388,12,1919
2017-04-19,AB,684,91,68,3,704
2017-04-19,B,2796,449,356,32,2857
2017-04-19,O,5602,734,581,91,5664
2017-04-20,A,1919,429,354,11,1983
2017-04-20,AB,704,96,66,13,721
2017-04-20,B,2857,516,361,32,2980
2017-04-20,O,5664,776,550,102,5788
2017-04-21,A,1983,215,353,5,1840
2017-04-21,AB,721,75,66,8,722
2017-04-21,B,2980,235,356,26,2833
2017-04-21,O,5788,366,524,83,5547
2017-04-22,A,1840,422,318,13,1931
2017-04-22,AB,722,96,70,6,742
2017-04-22,B,2833,470,346,23,2934
2017-04-22,O,5547,720,482,80,5705
2017-04-23,A,1931,736,378,15,2274
2017-04-23,AB,742,163,73,10,822
2017-04-23,B,2934,750,335,40,3309
2017-04-23,O,5705,1234,454,112,6373
2017-04-24,A,2274,113,413,11,1963
2017-04-24,AB,822,21,59,5,779
2017-04-24,B,3309,130,362,33,3044
2017-04-24,O,6373,203,538,102,5936
2017-04-25,A,1963,291,343,10,1901
2017-04-25,AB,779,55,62,9,763
2017-04-25,B,3044,352,340,38,3018
2017-04-25,O,5936,521,499,87,5871
2017-04-26,A,1901,408,375,11,1923
2017-04-26,AB,763,87,50,9,791
2017-04-26,B,3018,458,334,40,3102
2017-04-26,O,5871,642,514,89,5910
2017-04-27,A,1923,385,381,10,1917
2017-04-27,AB,791,82,76,13,784
2017-04-27,B,3102,376,278,37,3163
2017-04-27,O,5910,566,535,89,5852
2017-04-28,A,1917,226,375,6,1762
2017-04-28,AB,784,67,74,8,769
2017-04-28,B,3163,278,346,43,3052
2017-04-28,O,5852,397,514,84,5651
2017-04-29,A,1762,235,346,9,1642
2017-04-29,AB,769,62,50,9,772
2017-04-29,B,3052,245,292,24,2981
2017-04-29,O,5651,399,432,75,5543
2017-04-30,A,1642,431,333,11,1729
2017-04-30,AB,772,128,60,10,830
2017-04-30,B,2981,454,279,32,3124
2017-04-30,O,5543,795,471,92,5775
2017-05-01,A,1729,898,385,18,2224
2017-05-01,AB,830,202,81,19,932
2017-05-01,B,3124,814,324,44,3570
2017-05-01,O,5775,1439,491,125,6598
2017-05-02,A,2224,269,352,25,2116
2017-05-02,AB,932,66,63,13,922
2017-05-02,B,3570,290,329,43,3488
2017-05-02,O,6598,395,530,115,6348
2017-05-03,A,2116,333,380,14,2055
2017-05-03,AB,922,87,83,19,907
2017-05-03,B,3488,381,344,34,3491
2017-05-03,O,6348,521,496,111,6262
2017-05-04,A,2055,397,377,16,2059
2017-05-04,AB,907,103,56,15,939
2017-05-04,B,3491,478,355,50,3564
2017-05-04,O,6262,635,542,95,6260
2017-05-05,A,2059,207,367,17,1882
2017-05-05,AB,939,46,75,22,888
2017-05-05,B,3564,211,340,35,3400
2017-05-05,O,6260,323,566,84,5933
2017-05-06,A,1882,375,342,8,1907
2017-05-06,AB,888,86,58,8,908
2017-05-06,B,3400,361,319,37,3405
2017-05-06,O,5933,564,446,98,5953
2017-05-07,A,1907,591,355,15,2128
2017-05-07,AB,908,128,61,13,962
2017-05-07,B,3405,630,317,50,3668
2017-05-07,O,5953,1051,490,115,6399
2017-05-08,A,2128,303,385,20,2026
2017-05-08,AB,962,61,64,24,935
2017-05-08,B,3668,413,353,52,3676
2017-05-08,O,6399,500,490,112,6297
2017-05-09,A,2026,488,366,20,2128
2017-05-09,AB,935,123,84,17,957
2017-05-09,B,3676,474,356,53,3741
2017-05-09,O,6297,804,523,104,6474
2017-05-10,A,2128,716,424,19,2401
2017-05-10,AB,957,169,71,23,1032
2017-05-10,B,3741,775,369,67,4080
2017-05-10,O,6474,1215,615,110,6964
2017-05-11,A,2401,404,388,19,2398
2017-05-11,AB,1032,109,65,25,1051
2017-05-11,B,4080,457,381,73,4083
2017-05-11,O,6964,617,548,134,6899
2017-05-12,A,2398,208,386,17,2203
2017-05-12,AB,1051,52,70,27,1006
2017-05-12,B,4083,205,355,60,3873
2017-05-12,O,6899,349,573,130,6545
2017-05-13,A,2203,365,378,20,2170
2017-05-13,AB,1006,100,64,25,1017
2017-05-13,B,3873,444,319,69,3929
2017-05-13,O,6545,654,516,118,6565
2017-05-14,A,2170,663,394,20,2419
2017-05-14,AB,1017,181,85,23,1090
2017-05-14,B,3929,695,338,65,4221
2017-05-14,O,6565,1253,558,149,7111
2017-05-15,A,2419,294,474,19,2220
2017-05-15,AB,1090,81,95,13,1063
2017-05-15,B,4221,365,398,57,4131
2017-05-15,O,7111,545,599,125,6932
2017-05-16,A,2220,411,418,19,2194
2017-05-16,AB,1063,103,80,23,1063
2017-05-16,B,4131,410,357,85,4099
2017-05-16,O,6932,600,591,119,6822
2017-05-17,A,2194,499,383,20,2290
2017-05-17,AB,1063,116,60,19,1100
2017-05-17,B,4099,537,357,70,4209
2017-05-17,O,6822,765,648,122,6817
2017-05-18,A,2290,481,407,19,2345
2017-05-18,AB,1100,125,89,27,1109
2017-05-18,B,4209,521,364,82,4284
2017-05-18,O,6817,741,618,107,6833
2017-05-19,A,2345,339,412,17,2255
2017-05-19,AB,1109,81,92,30,1068
2017-05-19,B,4284,388,340,70,4262
2017-05-19,O,6833,527,604,140,6616
2017-05-20,A,2255,631,398,21,2467
2017-05-20,AB,1068,166,85,22,1127
2017-05-20,B,4262,655,300,80,4537
2017-05-20,O,6616,966,606,120,6856
2017-05-21,A,2467,896,404,33,2926
2017-05-21,AB,1127,239,88,27,1251
2017-05-21,B,4537,912,343,110,4996
2017-05-21,O,6856,1483,580,136,7623
2017-05-22,A,2926,306,431,25,2776
2017-05-22,AB,1251,84,96,31,1208
2017-05-22,B,4996,351,382,107,4858
2017-05-22,O,7623,526,639,151,7359
2017-05-23,A,2776,410,435,33,2718
2017-05-23,AB,1208,123,97,17,1217
2017-05-23,B,4858,502,381,91,4888
2017-05-23,O,7359,701,608,159,7293
2017-05-24,A,2718,443,479,24,2658
2017-05-24,AB,1217,94,102,31,1178
2017-05-24,B,4888,473,349,110,4902
2017-05-24,O,7293,655,588,158,7202
2017-05-25,A,2658,429,412,17,2658
2017-05-25,AB,1178,123,103,35,1163
2017-05-25,B,4902,436,364,106,4868
2017-05-25,O,7202,706,622,142,7144
2017-05-26,A,2658,345,428,20,2555
2017-05-26,AB,1163,76,97,27,1115
2017-05-26,B,4868,373,386,96,4759
2017-05-26,O,7144,532,634,133,6909
2017-05-27,A,2555,66,379,21,2221
2017-05-27,AB,1115,13,84,20,1024
2017-05-27,B,4759,72,324,87,4420
2017-05-27,O,6909,133,537,110,6395
2017-05-28,A,2221,559,387,25,2368
2017-05-28,AB,1024,123,79,21,1047
2017-05-28,B,4420,567,344,84,4559
2017-05-28,O,6395,859,509,113,6632
2017-05-29,A,2368,121,387,16,2086
2017-05-29,AB,1047,34,109,12,960
2017-05-29,B,4559,149,325,81,4302
2017-05-29,O,6632,193,658,96,6071
2017-05-30,A,2086,167,407,9,1837
2017-05-30,AB,960,42,93,15,894
2017-05-30,B,4302,151,354,71,4028
2017-05-30,O,6071,232,594,76,5633
2017-05-31,A,1837,135,356,10,1606
2017-05-31,AB,894,42,101,9,826
2017-05-31,B,4028,166,325,69,3800
2017-05-31,O,5633,242,551,68,5256
2017-06-01,A,1606,180,417,1,1368
2017-06-01,AB,826,46,92,15,765
2017-06-01,B,3800,181,344,53,3584
2017-06-01,O,5256,298,563,51,4940
2017-06-02,A,1368,162,372,5,1153
2017-06-02,AB,765,54,99,8,712
2017-06-02,B,3584,181,356,42,3367
2017-06-02,O,4940,289,562,53,4614
2017-06-03,A,1153,191,348,3,993
2017-06-03,AB,712,45,73,14,670
2017-06-03,B,3367,190,284,48,3225
2017-06-03,O,4614,293,462,30,4415
2017-06-04,A,993,393,384,10,992
2017-06-04,AB,670,106,91,4,681
2017-06-04,B,3225,418,279,42,3322
2017-06-04,O,4415,747,453,49,4660
2017-06-05,A,992,106,387,5,706
2017-06-05,AB,681,25,81,4,621
2017-06-05,B,3322,111,357,33,3043
2017-06-05,O,4660,149,519,35,4255
2017-06-06,A,706,195,350,2,549
2017-06-06,AB,621,50,79,5,587
2017-06-06,B,3043,219,302,39,2921
2017-06-06,O,4255,338,514,38,4041
2017-06-07,A,549,212,379,3,379
2017-06-07,AB,587,35,90,1,531
2017-06-07,B,2921,187,311,28,2769
2017-06-07,O,4041,345,473,41,3872
2017-06-08,A,379,241,350,1,269
2017-06-08,AB,531,51,81,4,497
2017-06-08,B,2769,239,301,28,2679
2017-06-08,O,3872,373,466,32,3747
2017-06-09,A,269,107,321,0,55
2017-06-09,AB,497,33,85,3,442
2017-06-09,B,2679,149,299,19,2510
2017-06-09,O,3747,198,484,19,3442
2017-06-10,A,55,235,290,0,0
2017-06-10,AB,442,59,80,5,416
2017-06-10,B,2510,245,246,20,2489
2017-06-10,O,3442,375,411,26,3380
2017-06-11,A,0,577,304,1,272
2017-06-11,AB,416,146,75,5,482
2017-06-11,B,2489,597,269,33,2784
2017-06-11,O,3380,991,425,31,3915
2017-06-12,A,272,149,345,1,75
2017-06-12,AB,482,29,87,2,422
2017-06-12,B,2784,150,303,27,2604
2017-06-12,O,3915,203,438,26,3654
2017-06-13,A,75,256,323,0,8
2017-06-13,AB,422,51,170,1,302
2017-06-13,B,2604,294,297,16,2585
2017-06-13,O,3654,416,453,34,3583
2017-06-14,A,8,319,323,0,4
2017-06-14,AB,302,63,66,3,296
2017-06-14,B,2585,263,282,22,2544
2017-06-14,O,3583,532,462,30,3623
2017-06-15,A,4,293,297,0,0
2017-06-15,AB,296,70,69,3,294
2017-06-15,B,2544,300,280,20,2544
2017-06-15,O,3623,518,450,26,3665
2017-06-16,A,0,206,206,0,0
2017-06-16,AB,294,59,77,3,273
2017-06-16,B,2544,234,308,29,2441
2017-06-16,O,3665,310,453,24,3498
2017-06-17,A,0,297,283,0,14
2017-06-17,AB,273,63,64,2,270
2017-06-17,B,2441,292,275,12,2446
2017-06-17,O,3498,481,394,25,3560
2017-06-18,A,14,818,264,1,567
2017-06-18,AB,270,173,69,0,374
2017-06-18,B,2446,764,256,27,2927
2017-06-18,O,3560,1354,417,51,4446
2017-06-19,A,567,213,325,1,454
2017-06-19,AB,374,47,67,3,351
2017-06-19,B,2927,238,269,19,2877
2017-06-19,O,4446,332,419,53,4306
2017-06-20,A,454,303,264,1,492
2017-06-20,AB,351,64,71,0,344
2017-06-20,B,2877,309,272,29,2885
2017-06-20,O,4306,504,398,50,4362
2017-06-21,A,492,231,257,2,464
2017-06-21,AB,344,58,81,3,318
2017-06-21,B,2885,218,253,28,2822
2017-06-21,O,4362,373,412,46,4277
2017-06-22,A,464,238,281,2,419
2017-06-22,AB,318,64,80,3,299
2017-06-22,B,2822,285,263,26,2818
2017-06-22,O,4277,420,377,34,4286
2017-06-23,A,419,184,243,4,356
2017-06-23,AB,299,39,56,1,281
2017-06-23,B,2818,182,262,26,2712
2017-06-23,O,4286,281,371,37,4159
2017-06-24,A,356,199,244,1,310
2017-06-24,AB,281,53,53,2,279
2017-06-24,B,2712,242,236,28,2690
2017-06-24,O,4159,423,330,35,4217
2017-06-25,A,310,17,220,1,106
2017-06-25,AB,279,2,48,4,229
2017-06-25,B,2690,22,228,13,2471
2017-06-25,O,4217,30,309,25,3913
2017-06-26,A,106,1,107,0,0
2017-06-26,AB,229,0,44,1,184
2017-06-26,B,2471,5,215,19,2242
2017-06-26,O,3913,18,374,33,3524
2017-06-27,A,0,98,98,0,0
2017-06-27,AB,184,32,62,1,153
2017-06-27,B,2242,113,236,10,2109
2017-06-27,O,3524,218,365,16,3361
2017-06-28,A,0,187,187,0,0
2017-06-28,AB,153,54,64,1,142
2017-06-28,B,2109,195,233,10,2061
2017-06-28,O,3361,362,320,15,3388
2017-06-29,A,0,234,234,0,0
2017-06-29,AB,142,70,61,1,150
2017-06-29,B,2061,266,476,10,1841
2017-06-29,O,3388,412,330,29,3441
2017-06-30,A,0,221,221,0,0
2017-06-30,AB,150,45,55,4,136
2017-06-30,B,1841,246,218,13,1856
2017-06-30,O,3441,337,366,23,3389
2017-07-01,A,0,301,229,2,70
2017-07-01,AB,136,75,62,0,149
2017-07-01,B,1856,343,234,10,1955
2017-07-01,O,3389,657,320,28,3698
2017-07-02,A,70,591,240,4,417
2017-07-02,AB,149,137,66,0,220
2017-07-02,B,1955,653,235,18,2355
2017-07-02,O,3698,1089,361,43,4383
2017-07-03,A,417,170,253,3,331
2017-07-03,AB,220,39,68,1,190
2017-07-03,B,2355,222,256,25,2296
2017-07-03,O,4383,400,423,48,4312
2017-07-04,A,331,277,306,0,302
2017-07-04,AB,190,84,68,1,205
2017-07-04,B,2296,332,227,12,2389
2017-07-04,O,4312,526,368,44,4426
2017-07-05,A,302,312,278,0,336
2017-07-05,AB,205,85,57,1,232
2017-07-05,B,2389,336,262,14,2449
2017-07-05,O,4426,632,408,37,4613
2017-07-06,A,336,287,300,1,322
2017-07-06,AB,232,70,61,1,240
2017-07-06,B,2449,358,246,26,2535
2017-07-06,O,4613,614,403,49,4775
2017-07-07,A,322,190,285,2,225
2017-07-07,AB,240,44,66,2,216
2017-07-07,B,2535,185,274,19,2427
2017-07-07,O,4775,346,394,45,4682
2017-07-08,A,225,365,244,1,345
2017-07-08,AB,216,105,57,1,263
2017-07-08,B,2427,442,262,23,2584
2017-07-08,O,4682,701,365,66,4952
2017-07-09,A,345,681,278,2,746
2017-07-09,AB,263,187,53,6,391
2017-07-09,B,2584,733,248,33,3036
2017-07-09,O,4952,1188,429,73,5638
2017-07-10,A,746,272,335,4,679
2017-07-10,AB,391,70,69,3,389
2017-07-10,B,3036,312,282,38,3028
2017-07-10,O,5638,449,438,73,5576
2017-07-11,A,679,341,310,5,705
2017-07-11,AB,389,107,75,1,420
2017-07-11,B,3028,384,264,27,3121
2017-07-11,O,5576,598,438,81,5655
2017-07-12,A,705,393,300,6,792
2017-07-12,AB,420,124,64,3,477
2017-07-12,B,3121,462,293,44,3246
2017-07-12,O,5655,633,449,103,5736
2017-07-13,A,792,379,302,5,864
2017-07-13,AB,477,107,69,4,511
2017-07-13,B,3246,438,292,33,3359
2017-07-13,O,5736,697,467,78,5888
2017-07-14,A,864,239,288,4,811
2017-07-14,AB,511,77,74,4,510
2017-07-14,B,3359,303,280,53,3329
2017-07-14,O,5888,444,476,97,5759
2017-07-15,A,811,445,302,5,949
2017-07-15,AB,510,94,76,3,525
2017-07-15,B,3329,438,291,48,3428
2017-07-15,O,5759,660,423,84,5912
2017-07-16,A,949,611,331,11,1218
2017-07-16,AB,525,162,69,7,611
2017-07-16,B,3428,593,305,59,3657
2017-07-16,O,5912,1045,441,108,6408
2017-07-17,A,1218,215,338,5,1090
2017-07-17,AB,611,54,82,3,580
2017-07-17,B,3657,276,327,52,3554
2017-07-17,O,6408,351,451,111,6197
2017-07-18,A,1090,380,319,6,1145
2017-07-18,AB,580,83,100,10,553
2017-07-18,B,3554,395,269,51,3629
2017-07-18,O,6197,637,454,105,6275
2017-07-19,A,1145,530,340,8,1327
2017-07-19,AB,553,146,86,8,605
2017-07-19,B,3629,524,355,59,3739
2017-07-19,O,6275,907,435,126,6621
2017-07-20,A,1327,468,343,10,1442
2017-07-20,AB,605,127,88,2,642
2017-07-20,B,3739,455,320,55,3819
2017-07-20,O,6621,733,420,123,6811
2017-07-21,A,1442,272,318,5,1391
2017-07-21,AB,642,63,84,5,616
2017-07-21,B,3819,252,329,51,3691
2017-07-21,O,6811,417,484,111,6633
2017-07-22,A,1391,387,311,6,1461
2017-07-22,AB,616,93,75,8,626
2017-07-22,B,3691,435,273,48,3805
2017-07-22,O,6633,688,397,124,6800
2017-07-23,A,1461,868,340,12,1977
2017-07-23,AB,626,204,92,8,730
2017-07-23,B,3805,780,322,70,4193
2017-07-23,O,6800,1364,426,144,7594
2017-07-24,A,1977,256,395,12,1826
2017-07-24,AB,730,66,101,6,689
2017-07-24,B,4193,272,382,67,4016
2017-07-24,O,7594,432,437,143,7446
2017-07-25,A,1826,507,357,12,1964
2017-07-25,AB,689,156,91,11,743
2017-07-25,B,4016,573,342,68,4179
2017-07-25,O,7446,863,583,169,7557
2017-07-26,A,1964,424,387,14,1987
2017-07-26,AB,743,106,102,15,732
2017-07-26,B,4179,463,357,64,4221
2017-07-26,O,7557,727,556,149,7579
2017-07-27,A,1987,489,413,20,2043
2017-07-27,AB,732,127,121,8,730
2017-07-27,B,4221,494,364,73,4278
2017-07-27,O,7579,865,610,149,7685
2017-07-28,A,2043,315,395,16,1947
2017-07-28,AB,730,76,91,5,710
2017-07-28,B,4278,352,403,68,4159
2017-07-28,O,7685,594,573,140,7566
2017-07-29,A,1947,373,378,10,1932
2017-07-29,AB,710,102,110,8,694
2017-07-29,B,4159,363,367,68,4087
2017-07-29,O,7566,576,573,140,7429
2017-07-30,A,1932,566,417,12,2069
2017-07-30,AB,694,156,115,10,725
2017-07-30,B,4087,658,358,86,4301
2017-07-30,O,7429,1057,542,161,7783
2017-07-31,A,2069,182,446,8,1797
2017-07-31,AB,725,57,110,4,668
2017-07-31,B,4301,213,410,63,4041
2017-07-31,O,7783,294,597,140,7340
2017-08-01,A,1797,327,400,11,1713
2017-08-01,AB,668,112,108,4,668
2017-08-01,B,4041,380,408,62,3951
2017-08-01,O,7340,535,568,123,7184
2017-08-02,A,1713,427,432,10,1698
2017-08-02,AB,668,106,93,4,677
2017-08-02,B,3951,546,419,64,4014
2017-08-02,O,7184,696,529,134,7217
2017-08-03,A,1698,428,431,13,1682
2017-08-03,AB,677,124,105,9,687
2017-08-03,B,4014,506,406,68,4046
2017-08-03,O,7217,686,572,132,7199
2017-08-04,A,1682,267,494,7,1448
2017-08-04,AB,687,55,122,9,611
2017-08-04,B,4046,311,423,60,3874
2017-08-04,O,7199,448,591,130,6926
2017-08-05,A,1448,807,415,15,1825
2017-08-05,AB,611,194,103,9,693
2017-08-05,B,3874,839,375,82,4256
2017-08-05,O,6926,1301,527,161,7539
2017-08-06,A,1825,962,435,15,2337
2017-08-06,AB,693,236,124,3,802
2017-08-06,B,4256,1026,415,105,4762
2017-08-06,O,7539,1629,579,198,8391
2017-08-07,A,2337,247,458,19,2107
2017-08-07,AB,802,54,125,10,721
2017-08-07,B,4762,249,453,83,4475
2017-08-07,O,8391,409,616,174,8010
2017-08-08,A,2107,315,476,13,1933
2017-08-08,AB,721,81,122,5,675
2017-08-08,B,4475,370,463,67,4315
2017-08-08,O,8010,614,610,175,7839
2017-08-09,A,1933,417,466,12,1872
2017-08-09,AB,675,85,124,5,631
2017-08-09,B,4315,458,454,71,4248
2017-08-09,O,7839,734,580,158,7835
2017-08-10,A,1872,349,464,10,1747
2017-08-10,AB,631,69,99,2,599
2017-08-10,B,4248,384,452,67,4113
2017-08-10,O,7835,528,634,147,7582
2017-08-11,A,1747,140,469,9,1409
2017-08-11,AB,599,40,139,4,496
2017-08-11,B,4113,162,433,62,3780
2017-08-11,O,7582,241,594,155,7074
2017-08-12,A,1409,344,416,7,1330
2017-08-12,AB,496,79,104,0,471
2017-08-12,B,3780,360,410,54,3676
2017-08-12,O,7074,546,571,122,6927
2017-08-13,A,1330,601,434,3,1494
2017-08-13,AB,471,134,105,1,499
2017-08-13,B,3676,650,404,59,3863
2017-08-13,O,6927,1049,553,150,7273
2017-08-14,A,1494,236,435,10,1285
2017-08-14,AB,499,47,119,3,424
2017-08-14,B,3863,320,446,56,3681
2017-08-14,O,7273,457,659,124,6947
2017-08-15,A,1285,357,448,12,1182
2017-08-15,AB,424,80,120,6,378
2017-08-15,B,3681,432,489,59,3565
2017-08-15,O,6947,633,627,135,6818
2017-08-16,A,1182,384,455,8,1103
2017-08-16,AB,378,83,101,3,357
2017-08-16,B,3565,412,463,44,3470
2017-08-16,O,6818,588,614,120,6672
2017-08-17,A,1103,342,463,5,977
2017-08-17,AB,357,81,111,2,325
2017-08-17,B,3470,415,468,53,3364
2017-08-17,O,6672,562,585,128,6521
2017-08-18,A,977,346,424,6,893
2017-08-18,AB,325,75,250,0,150
2017-08-18,B,3364,360,506,38,3180
2017-08-18,O,6521,536,601,98,6358
2017-08-19,A,893,315,416,8,784
2017-08-19,AB,150,91,107,0,134
2017-08-19,B,3180,352,404,38,3090
2017-08-19,O,6358,598,554,102,6300
2017-08-20,A,784,839,426,9,1188
2017-08-20,AB,134,194,132,0,196
2017-08-20,B,3090,850,409,45,3486
2017-08-20,O,6300,1311,588,116,6907
2017-08-21,A,1188,301,486,9,994
2017-08-21,AB,196,72,125,1,142
2017-08-21,B,3486,327,485,31,3297
2017-08-21,O,6907,479,599,126,6661
2017-08-22,A,994,375,446,4,919
2017-08-22,AB,142,97,121,0,118
2017-08-22,B,3297,438,458,31,3246
2017-08-22,O,6661,650,623,106,6582
2017-08-23,A,919,395,472,3,839
2017-08-23,AB,118,98,120,2,94
2017-08-23,B,3246,462,522,51,3135
2017-08-23,O,6582,675,537,124,6596
2017-08-24,A,839,307,490,2,654
2017-08-24,AB,94,68,95,0,67
2017-08-24,B,3135,384,475,27,3017
2017-08-24,O,6596,563,566,108,6485
2017-08-25,A,654,226,472,3,405
2017-08-25,AB,67,48,104,0,11
2017-08-25,B,3017,261,499,30,2749
2017-08-25,O,6485,379,582,110,6172
2017-08-26,A,405,381,444,2,340
2017-08-26,AB,11,86,97,0,0
2017-08-26,B,2749,383,417,20,2695
2017-08-26,O,6172,642,539,90,6185
2017-08-27,A,340,601,447,1,493
2017-08-27,AB,0,118,93,0,25
2017-08-27,B,2695,592,471,18,2798
2017-08-27,O,6185,1040,496,113,6616
2017-08-28,A,493,243,445,0,291
2017-08-28,AB,25,60,85,0,0
2017-08-28,B,2798,236,463,20,2551
2017-08-28,O,6616,375,605,109,6277
2017-08-29,A,291,286,423,1,153
2017-08-29,AB,0,70,70,0,0
2017-08-29,B,2551,315,452,12,2402
2017-08-29,O,6277,459,568,93,6075
2017-08-30,A,153,210,363,0,0
2017-08-30,AB,0,33,33,0,0
2017-08-30,B,2402,189,413,18,2160
2017-08-30,O,6075,376,593,78,5780
2017-08-31,A,0,399,399,0,0
2017-08-31,AB,0,114,87,0,27
2017-08-31,B,2160,415,395,19,2161
2017-08-31,O,5780,683,602,97,5764
2017-09-01,A,0,48,48,0,0
2017-09-01,AB,27,8,35,0,0
2017-09-01,B,2161,61,384,8,1830
2017-09-01,O,5764,102,565,72,5229
2017-09-02,A,0,187,187,0,0
2017-09-02,AB,0,45,45,0,0
2017-09-02,B,1830,222,369,12,1671
2017-09-02,O,5229,333,552,62,4948
2017-09-03,A,0,410,373,0,37
2017-09-03,AB,0,76,71,0,5
2017-09-03,B,1671,390,364,8,1689
2017-09-03,O,4948,664,496,66,5050
2017-09-04,A,37,71,108,0,0
2017-09-04,AB,5,23,28,0,0
2017-09-04,B,1689,90,391,8,1380
2017-09-04,O,5050,151,559,46,4596
2017-09-05,A,0,213,213,0,0
2017-09-05,AB,0,64,64,0,0
2017-09-05,B,1380,239,340,8,1271
2017-09-05,O,4596,341,469,41,4427
2017-09-06,A,0,450,387,0,63
2017-09-06,AB,0,113,79,0,34
2017-09-06,B,1271,544,368,8,1439
2017-09-06,O,4427,809,501,58,4677
2017-09-07,A,63,374,389,0,48
2017-09-07,AB,34,91,90,0,35
2017-09-07,B,1439,370,343,10,1456
2017-09-07,O,4677,540,511,44,4662
2017-09-08,A,48,199,247,0,0
2017-09-08,AB,35,44,70,0,9
2017-09-08,B,1456,194,348,8,1294
2017-09-08,O,4662,327,526,44,4419
2017-09-09,A,0,433,323,0,110
2017-09-09,AB,9,111,77,0,43
2017-09-09,B,1294,564,336,10,1512
2017-09-09,O,4419,803,505,53,4664
2017-09-10,A,110,617,341,2,384
2017-09-10,AB,43,158,79,1,121
2017-09-10,B,1512,741,356,13,1884
2017-09-10,O,4664,1013,463,75,5139
2017-09-11,A,384,209,404,0,189
2017-09-11,AB,121,59,78,0,102
2017-09-11,B,1884,263,369,17,1761
2017-09-11,O,5139,391,547,54,4929
2017-09-12,A,189,385,416,0,158
2017-09-12,AB,102,93,87,0,108
2017-09-12,B,1761,428,347,11,1831
2017-09-12,O,4929,618,564,56,4927
2017-09-13,A,158,454,403,1,208
2017-09-13,AB,108,103,103,1,107
2017-09-13,B,1831,560,396,14,1981
2017-09-13,O,4927,734,592,57,5012
2017-09-14,A,208,338,358,0,188
2017-09-14,AB,107,85,68,2,122
2017-09-14,B,1981,339,390,11,1919
2017-09-14,O,5012,508,567,71,4882
2017-09-15,A,188,228,408,0,8
2017-09-15,AB,122,62,76,3,105
2017-09-15,B,1919,232,403,8,1740
2017-09-15,O,4882,334,536,45,4635
2017-09-16,A,8,569,370,0,207
2017-09-16,AB,105,132,86,0,151
2017-09-16,B,1740,608,377,9,1962
2017-09-16,O,4635,947,969,45,4568
2017-09-17,A,207,584,373,2,416
2017-09-17,AB,151,132,91,0,192
2017-09-17,B,1962,596,379,13,2166
2017-09-17,O,4568,921,1007,37,4445
2017-09-18,A,416,305,376,4,341
2017-09-18,AB,192,64,112,0,144
2017-09-18,B,2166,292,422,16,2020
2017-09-18,O,4445,449,1266,26,3602
2017-09-19,A,341,335,420,3,253
2017-09-19,AB,144,90,85,0,149
2017-09-19,B,2020,376,398,10,1988
2017-09-19,O,3602,542,1210,22,2912
2017-09-20,A,253,370,365,1,257
2017-09-20,AB,149,104,98,0,155
2017-09-20,B,1988,445,409,12,2012
2017-09-20,O,2912,641,1227,11,2315
2017-09-21,A,257,351,379,2,227
2017-09-21,AB,155,74,104,0,125
2017-09-21,B,2012,380,420,8,1964
2017-09-21,O,2315,497,1257,9,1546
2017-09-22,A,227,167,352,0,42
2017-09-22,AB,125,47,96,0,76
2017-09-22,B,1964,169,372,10,1751
2017-09-22,O,1546,279,1203,2,620
2017-09-23,A,42,319,361,0,0
2017-09-23,AB,76,78,76,0,78
2017-09-23,B,1751,338,380,11,1698
2017-09-23,O,620,513,1133,0,0
2017-09-24,A,0,576,346,1,229
2017-09-24,AB,78,120,94,0,104
2017-09-24,B,1698,568,386,15,1865
2017-09-24,O,0,989,989,0,0
2017-09-25,A,229,291,375,0,145
2017-09-25,AB,104,88,78,0,114
2017-09-25,B,1865,279,421,15,1708
2017-09-25,O,0,482,482,0,0
2017-09-26,A,145,361,357,0,149
2017-09-26,AB,114,105,82,1,136
2017-09-26,B,1708,428,383,11,1742
2017-09-26,O,0,621,621,0,0
2017-09-27,A,149,450,370,0,229
2017-09-27,AB,136,105,95,2,144
2017-09-27,B,1742,474,393,13,1810
2017-09-27,O,0,715,715,0,0
2017-09-28,A,229,390,405,2,212
2017-09-28,AB,144,82,94,1,131
2017-09-28,B,1810,405,388,12,1815
2017-09-28,O,0,630,630,0,0
2017-09-29,A,212,314,376,2,148
2017-09-29,AB,131,93,104,2,118
2017-09-29,B,1815,365,380,14,1786
2017-09-29,O,0,511,511,0,0
2017-09-30,A,148,327,343,1,131
2017-09-30,AB,118,92,97,0,113
2017-09-30,B,1786,355,408,11,1722
2017-09-30,O,0,514,514,0,0
2017-10-01,A,131,488,330,3,286
2017-10-01,AB,113,111,97,1,126
2017-10-01,B,1722,513,435,8,1792
2017-10-01,O,0,833,833,0,0
2017-10-02,A,286,180,437,0,29
2017-10-02,AB,126,48,96,0,78
2017-10-02,B,1792,213,442,6,1557
2017-10-02,O,0,309,309,0,0
2017-10-03,A,29,269,298,0,0
2017-10-03,AB,78,73,92,0,59
2017-10-03,B,1557,294,430,5,1416
2017-10-03,O,0,475,475,0,0
2017-10-04,A,0,402,402,0,0
2017-10-04,AB,59,108,106,0,61
2017-10-04,B,1416,446,459,7,1396
2017-10-04,O,0,627,627,0,0
2017-10-05,A,0,289,289,0,0
2017-10-05,AB,61,80,101,0,40
2017-10-05,B,1396,292,447,14,1227
2017-10-05,O,0,464,464,0,0
2017-10-06,A,0,216,216,0,0
2017-10-06,AB,40,46,86,0,0
2017-10-06,B,1227,213,430,7,1003
2017-10-06,O,0,310,310,0,0
2017-10-07,A,0,390,359,0,31
2017-10-07,AB,0,101,89,0,12
2017-10-07,B,1003,467,391,7,1072
2017-10-07,O,0,680,680,0,0
2017-10-08,A,31,562,363,1,229
2017-10-08,AB,12,130,93,0,49
2017-10-08,B,1072,623,406,4,1285
2017-10-08,O,0,957,905,0,52
2017-10-09,A,229,274,385,5,113
2017-10-09,AB,49,90,108,0,31
2017-10-09,B,1285,341,439,8,1179
2017-10-09,O,52,497,549,0,0
2017-10-10,A,113,517,370,3,257
2017-10-10,AB,31,139,89,0,81
2017-10-10,B,1179,533,645,2,1065
2017-10-10,O,0,809,637,1,171
2017-10-11,A,257,493,429,2,319
2017-10-11,AB,81,156,104,2,131
2017-10-11,B,1065,576,630,6,1005
2017-10-11,O,171,817,617,3,368
2017-10-12,A,319,391,450,2,258
2017-10-12,AB,131,110,73,0,168
2017-10-12,B,1005,469,627,4,843
2017-10-12,O,368,717,655,2,428
2017-10-13,A,258,226,365,0,119
2017-10-13,AB,168,53,105,1,115
2017-10-13,B,843,241,607,3,474
2017-10-13,O,428,363,571,1,219
2017-10-14,A,119,342,372,2,87
2017-10-14,AB,115,94,89,2,118
2017-10-14,B,474,340,564,0,250
2017-10-14,O,219,505,563,1,160
2017-10-15,A,87,662,388,2,359
2017-10-15,AB,118,136,109,1,144
2017-10-15,B,250,689,632,0,307
2017-10-15,O,160,1100,620,4,636
2017-10-16,A,359,297,413,3,240
2017-10-16,AB,144,68,100,4,108
2017-10-16,B,307,260,567,0,0
2017-10-16,O,636,410,675,1,370
2017-10-17,A,240,269,371,3,135
2017-10-17,AB,108,77,109,0,76
2017-10-17,B,0,301,301,0,0
2017-10-17,O,370,475,601,1,243
2017-10-18,A,135,261,356,0,40
2017-10-18,AB,76,65,105,0,36
2017-10-18,B,0,257,257,0,0
2017-10-18,O,243,413,656,0,0
2017-10-19,A,40,248,288,0,0
2017-10-19,AB,36,74,99,0,11
2017-10-19,B,0,274,274,0,0
2017-10-19,O,0,404,404,0,0
2017-10-20,A,0,227,227,0,0
2017-10-20,AB,11,58,69,0,0
2017-10-20,B,0,226,226,0,0
2017-10-20,O,0,357,357,0,0
2017-10-21,A,0,355,355,0,0
2017-10-21,AB,0,84,84,0,0
2017-10-21,B,0,428,428,0,0
2017-10-21,O,0,628,577,0,51
2017-10-22,A,0,528,351,1,176
2017-10-22,AB,0,143,73,2,68
2017-10-22,B,0,507,507,0,0
2017-10-22,O,51,835,657,3,226
2017-10-23,A,176,180,354,0,2
2017-10-23,AB,68,45,110,0,3
2017-10-23,B,0,190,190,0,0
2017-10-23,O,226,312,538,0,0
2017-10-24,A,2,332,334,0,0
2017-10-24,AB,3,85,88,0,0
2017-10-24,B,0,360,360,0,0
2017-10-24,O,0,575,575,0,0
2017-10-25,A,0,451,373,0,78
2017-10-25,AB,0,112,97,0,15
2017-10-25,B,0,524,524,0,0
2017-10-25,O,0,721,665,0,56
2017-10-26,A,78,395,349,0,124
2017-10-26,AB,15,133,93,0,55
2017-10-26,B,0,486,486,0,0
2017-10-26,O,56,681,650,2,85
2017-10-27,A,124,263,363,0,24
2017-10-27,AB,55,71,118,0,8
2017-10-27,B,0,357,357,0,0
2017-10-27,O,85,487,572,0,0
2017-10-28,A,24,475,358,0,141
2017-10-28,AB,8,110,104,0,14
2017-10-28,B,0,473,473,0,0
2017-10-28,O,0,699,612,1,86
2017-10-29,A,141,628,346,4,419
2017-10-29,AB,14,145,92,1,66
2017-10-29,B,0,713,574,1,138
2017-10-29,O,86,1131,605,9,603
2017-10-30,A,419,151,370,0,200
2017-10-30,AB,66,31,97,0,0
2017-10-30,B,138,160,298,0,0
2017-10-30,O,603,259,672,1,189
2017-10-31,A,200,267,373,1,93
2017-10-31,AB,0,77,77,0,0
2017-10-31,B,0,304,304,0,0
2017-10-31,O,189,461,650,0,0
2017-11-01,A,93,343,359,0,77
2017-11-01,AB,0,81,81,0,0
2017-11-01,B,0,384,384,0,0
2017-11-01,O,0,659,610,0,49
2017-11-02,A,77,360,366,1,70
2017-11-02,AB,0,85,85,0,0
2017-11-02,B,0,374,374,0,0
2017-11-02,O,49,584,623,0,10
2017-11-03,A,70,216,286,0,0
2017-11-03,AB,0,49,49,0,0
2017-11-03,B,0,239,239,0,0
2017-11-03,O,10,289,299,0,0
2017-11-04,A,0,416,341,0,75
2017-11-04,AB,0,102,102,0,0
2017-11-04,B,0,460,365,0,95
2017-11-04,O,0,639,639,0,0
2017-11-05,A,75,512,347,2,238
2017-11-05,AB,0,133,118,0,15
2017-11-05,B,95,514,368,3,238
2017-11-05,O,0,803,651,0,152
2017-11-06,A,238,166,339,0,65
2017-11-06,AB,15,44,59,0,0
2017-11-06,B,238,193,376,0,55
2017-11-06,O,152,348,500,0,0
2017-11-07,A,65,301,366,0,0
2017-11-07,AB,0,92,85,0,7
2017-11-07,B,55,307,356,0,6
2017-11-07,O,0,464,464,0,0
2017-11-08,A,0,372,372,0,0
2017-11-08,AB,7,98,103,0,2
2017-11-08,B,6,467,396,0,77
2017-11-08,O,0,623,623,0,0
2017-11-09,A,0,424,355,0,69
2017-11-09,AB,2,135,97,0,40
2017-11-09,B,77,418,409,0,86
2017-11-09,O,0,655,591,0,64
2017-11-10,A,69,190,259,0,0
2017-11-10,AB,40,63,79,0,24
2017-11-10,B,86,216,302,0,0
2017-11-10,O,64,343,407,0,0
2017-11-11,A,0,715,329,5,381
2017-11-11,AB,24,160,82,0,102
2017-11-11,B,0,710,334,2,374
2017-11-11,O,0,1289,557,3,729
2017-11-12,A,381,527,353,2,553
2017-11-12,AB,102,162,87,0,177
2017-11-12,B,374,513,360,2,525
2017-11-12,O,729,904,567,4,1062
2017-11-13,A,553,202,372,1,382
2017-11-13,AB,177,50,103,2,122
2017-11-13,B,525,248,396,2,375
2017-11-13,O,1062,314,647,6,723
2017-11-14,A,382,399,366,3,412
2017-11-14,AB,122,113,87,0,148
2017-11-14,B,375,437,372,0,440
2017-11-14,O,723,648,585,4,782
2017-11-15,A,412,292,379,2,323
2017-11-15,AB,148,95,102,1,140
2017-11-15,B,440,331,392,4,375
2017-11-15,O,782,462,663,5,576
2017-11-16,A,323,306,352,4,273
2017-11-16,AB,140,104,100,1,143
2017-11-16,B,375,392,383,3,381
2017-11-16,O,576,538,606,2,506
2017-11-17,A,273,293,348,3,215
2017-11-17,AB,143,80,108,1,114
2017-11-17,B,381,291,349,1,322
2017-11-17,O,506,445,661,0,290
2017-11-18,A,215,328,335,0,208
2017-11-18,AB,114,91,99,0,106
2017-11-18,B,322,363,354,0,331
2017-11-18,O,290,546,592,1,243
2017-11-19,A,208,578,764,0,22
2017-11-19,AB,106,147,90,0,163
2017-11-19,B,331,573,353,5,546
2017-11-19,O,243,899,594,3,545
2017-11-20,A,22,250,272,0,0
2017-11-20,AB,163,67,100,0,130
2017-11-20,B,546,284,366,0,464
2017-11-20,O,545,400,636,2,307
2017-11-21,A,0,348,345,0,3
2017-11-21,AB,130,91,90,0,131
2017-11-21,B,464,398,372,1,489
2017-11-21,O,307,619,601,4,321
2017-11-22,A,3,529,371,2,159
2017-11-22,AB,131,152,99,2,182
2017-11-22,B,489,581,382,6,682
2017-11-22,O,321,891,654,1,557
2017-11-23,A,159,469,369,3,256
2017-11-23,AB,182,121,79,0,224
2017-11-23,B,682,564,414,5,827
2017-11-23,O,557,801,603,5,750
2017-11-24,A,256,269,398,0,127
2017-11-24,AB,224,68,89,1,202
2017-11-24,B,827,311,406,11,721
2017-11-24,O,750,449,639,3,557
2017-11-25,A,127,313,342,1,97
2017-11-25,AB,202,81,87,0,196
2017-11-25,B,721,333,332,3,719
2017-11-25,O,557,548,621,3,481
2017-11-26,A,97,650,336,3,408
2017-11-26,AB,196,145,81,3,257
2017-11-26,B,719,661,332,8,1040
2017-11-26,O,481,1005,563,13,910
2017-11-27,A,408,289,392,3,302
2017-11-27,AB,257,67,102,2,220
2017-11-27,B,1040,274,385,5,924
2017-11-27,O,910,444,688,3,663
2017-11-28,A,302,401,365,2,336
2017-11-28,AB,220,97,92,2,223
2017-11-28,B,924,487,377,7,1027
2017-11-28,O,663,748,614,6,791
2017-11-29,A,336,415,356,2,393
2017-11-29,AB,223,96,187,0,132
2017-11-29,B,1027,437,402,2,1060
2017-11-29,O,791,644,669,3,763
2017-11-30,A,393,345,398,4,336
2017-11-30,AB,132,99,98,1,132
2017-11-30,B,1060,387,390,5,1052
2017-11-30,O,763,587,680,3,667
2017-12-01,A,336,113,372,0,77
2017-12-01,AB,132,25,103,1,53
2017-12-01,B,1052,119,393,7,771
2017-12-01,O,667,154,647,2,172
2017-12-02,A,77,280,351,0,6
2017-12-02,AB,53,68,99,0,22
2017-12-02,B,771,254,955,1,69
2017-12-02,O,172,459,594,0,37
2017-12-03,A,6,594,371,0,229
2017-12-03,AB,22,123,78,0,67
2017-12-03,B,69,563,359,0,273
2017-12-03,O,37,1057,604,3,487
2017-12-04,A,229,118,347,0,0
2017-12-04,AB,67,32,99,0,0
2017-12-04,B,273,143,403,0,13
2017-12-04,O,487,212,629,1,69
2017-12-05,A,0,294,294,0,0
2017-12-05,AB,0,92,79,0,13
2017-12-05,B,13,342,355,0,0
2017-12-05,O,69,482,551,0,0
2017-12-06,A,0,494,494,0,0
2017-12-06,AB,13,117,95,0,35
2017-12-06,B,0,556,362,2,192
2017-12-06,O,0,828,663,0,165
2017-12-07,A,0,370,370,0,0
2017-12-07,AB,35,120,100,0,55
2017-12-07,B,192,450,401,1,240
2017-12-07,O,165,641,564,1,241
2017-12-08,A,0,191,191,0,0
2017-12-08,AB,55,55,98,0,12
2017-12-08,B,240,232,356,1,115
2017-12-08,O,241,325,566,0,0
2017-12-09,A,0,301,301,0,0
2017-12-09,AB,12,82,94,0,0
2017-12-09,B,115,313,339,1,88
2017-12-09,O,0,524,524,0,0
2017-12-10,A,0,650,369,1,280
2017-12-10,AB,0,135,94,0,41
2017-12-10,B,88,687,359,2,414
2017-12-10,O,0,1018,573,1,444
2017-12-11,A,280,246,395,1,130
2017-12-11,AB,41,68,109,0,0
2017-12-11,B,414,270,395,3,286
2017-12-11,O,444,391,552,2,281
2017-12-12,A,130,365,401,0,94
2017-12-12,AB,0,67,67,0,0
2017-12-12,B,286,385,395,0,276
2017-12-12,O,281,581,538,7,317
2017-12-13,A,94,428,397,0,125
2017-12-13,AB,0,100,100,0,0
2017-12-13,B,276,499,417,3,355
2017-12-13,O,317,758,531,3,541
2017-12-14,A,125,301,397,2,27
2017-12-14,AB,0,81,81,0,0
2017-12-14,B,355,308,663,0,0
2017-12-14,O,541,451,562,1,429
2017-12-15,A,27,229,256,0,0
2017-12-15,AB,0,60,60,0,0
2017-12-15,B,0,236,236,0,0
2017-12-15,O,429,392,511,2,308
2017-12-16,A,0,391,367,0,24
2017-12-16,AB,0,109,74,0,35
2017-12-16,B,0,409,363,1,45
2017-12-16,O,308,655,517,5,441
2017-12-17,A,24,706,376,0,354
2017-12-17,AB,35,175,81,2,127
2017-12-17,B,45,766,383,3,425
2017-12-17,O,441,1225,533,5,1128
2017-12-18,A,354,262,386,2,228
2017-12-18,AB,127,66,103,1,89
2017-12-18,B,425,273,410,1,287
2017-12-18,O,1128,441,607,11,951
2017-12-19,A,228,353,408,1,172
2017-12-19,AB,89,94,107,1,75
2017-12-19,B,287,349,404,0,232
2017-12-19,O,951,533,549,4,931
2017-12-20,A,172,434,409,0,197
2017-12-20,AB,75,102,112,0,65
2017-12-20,B,232,478,424,0,286
2017-12-20,O,931,733,557,7,1100
2017-12-21,A,197,334,408,1,122
2017-12-21,AB,65,71,103,0,33
2017-12-21,B,286,361,409,4,234
2017-12-21,O,1100,537,590,9,1038
2017-12-22,A,122,169,291,0,0
2017-12-22,AB,33,38,71,0,0
2017-12-22,B,234,186,387,0,33
2017-12-22,O,1038,263,539,4,758
2017-12-23,A,0,251,251,0,0
2017-12-23,AB,0,82,82,0,0
2017-12-23,B,33,283,316,0,0
2017-12-23,O,758,459,519,5,693
2017-12-24,A,0,468,403,0,65
2017-12-24,AB,0,101,78,0,23
2017-12-24,B,0,493,330,0,163
2017-12-24,O,693,689,491,5,886
2017-12-25,A,65,134,199,0,0
2017-12-25,AB,23,34,57,0,0
2017-12-25,B,163,172,335,0,0
2017-12-25,O,886,246,564,3,565
2017-12-26,A,0,182,182,0,0
2017-12-26,AB,0,43,43,0,0
2017-12-26,B,0,207,207,0,0
2017-12-26,O,565,330,525,2,368
2017-12-27,A,0,229,229,0,0
2017-12-27,AB,0,77,77,0,0
2017-12-27,B,0,277,277,0,0
2017-12-27,O,368,435,527,3,273
2017-12-28,A,0,253,253,0,0
2017-12-28,AB,0,56,56,0,0
2017-12-28,B,0,260,260,0,0
2017-12-28,O,273,398,488,1,182
2017-12-29,A,0,160,160,0,0
2017-12-29,AB,0,39,39,0,0
2017-12-29,B,0,205,205,0,0
2017-12-29,O,182,307,489,0,0
2017-12-30,A,0,299,299,0,0
2017-12-30,AB,0,65,65,0,0
2017-12-30,B,0,337,330,0,7
2017-12-30,O,0,444,435,0,9
2017-12-31,A,0,354,320,0,34
2017-12-31,AB,0,74,74,0,0
2017-12-31,B,7,371,321,1,56
2017-12-31,O,9,620,477,0,152
2018-01-01,A,34,332,366,0,0
2018-01-01,AB,0,69,69,0,0
2018-01-01,B,56,411,351,0,116
2018-01-01,O,152,605,577,0,180
2018-01-02,A,0,243,243,0,0
2018-01-02,AB,0,46,46,0,0
2018-01-02,B,116,250,301,0,65
2018-01-02,O,180,392,527,0,45
2018-01-03,A,0,392,343,0,49
2018-01-03,AB,0,87,69,1,17
2018-01-03,B,65,404,343,1,125
2018-01-03,O,45,592,567,0,70
2018-01-04,A,49,363,361,2,49
2018-01-04,AB,17,89,106,0,0
2018-01-04,B,125,396,330,1,190
2018-01-04,O,70,621,574,0,117
2018-01-05,A,49,217,266,0,0
2018-01-05,AB,0,47,47,0,0
2018-01-05,B,190,223,368,0,45
2018-01-05,O,117,332,449,0,0
2018-01-06,A,0,329,294,1,34
2018-01-06,AB,0,61,61,0,0
2018-01-06,B,45,333,291,0,87
2018-01-06,O,0,548,483,0,65
2018-01-07,A,34,676,358,1,351
2018-01-07,AB,0,134,66,0,68
2018-01-07,B,87,730,359,3,455
2018-01-07,O,65,1190,538,4,713
2018-01-08,A,351,199,314,2,234
2018-01-08,AB,68,51,82,1,36
2018-01-08,B,455,171,361,2,263
2018-01-08,O,713,312,578,4,443
2018-01-09,A,234,256,366,3,121
2018-01-09,AB,36,50,74,0,12
2018-01-09,B,263,300,349,0,214
2018-01-09,O,443,452,533,3,359
2018-01-10,A,121,402,344,3,176
2018-01-10,AB,12,121,79,1,53
2018-01-10,B,214,445,360,2,297
2018-01-10,O,359,703,541,3,518
2018-01-11,A,176,424,308,2,290
2018-01-11,AB,53,98,72,1,78
2018-01-11,B,297,466,347,2,414
2018-01-11,O,518,646,499,3,662
2018-01-12,A,290,198,317,2,169
2018-01-12,AB,78,67,66,0,79
2018-01-12,B,414,239,340,1,312
2018-01-12,O,662,379,535,1,505
2018-01-13,A,169,395,286,2,276
2018-01-13,AB,79,96,68,0,107
2018-01-13,B,312,420,329,1,402
2018-01-13,O,505,624,483,8,638
2018-01-14,A,276,603,305,3,571
2018-01-14,AB,107,140,81,1,165
2018-01-14,B,402,617,349,4,666
2018-01-14,O,638,973,546,2,1063
2018-01-15,A,571,320,377,4,510
2018-01-15,AB,165,58,65,1,157
2018-01-15,B,666,285,366,5,580
2018-01-15,O,1063,501,541,7,1016
2018-01-16,A,510,452,322,8,632
2018-01-16,AB,157,133,200,0,90
2018-01-16,B,580,480,388,3,669
2018-01-16,O,1016,741,546,8,1203
2018-01-17,A,632,492,343,6,775
2018-01-17,AB,90,132,77,0,145
2018-01-17,B,669,501,359,6,805
2018-01-17,O,1203,793,536,6,1454
2018-01-18,A,775,537,378,2,932
2018-01-18,AB,145,146,85,1,205
2018-01-18,B,805,582,373,4,1010
2018-01-18,O,1454,916,572,10,1788
2018-01-19,A,932,348,356,5,919
2018-01-19,AB,205,100,84,1,220
2018-01-19,B,1010,382,403,4,985
2018-01-19,O,1788,546,575,8,1751
2018-01-20,A,919,382,307,7,987
2018-01-20,AB,220,92,62,1,249
2018-01-20,B,985,422,338,2,1067
2018-01-20,O,1751,562,491,13,1809
2018-01-21,A,987,544,365,5,1161
2018-01-21,AB,249,104,58,4,291
2018-01-21,B,1067,565,368,11,1253
2018-01-21,O,1809,873,531,16,2135
2018-01-22,A,1161,241,376,6,1020
2018-01-22,AB,291,69,77,2,281
2018-01-22,B,1253,253,365,12,1129
2018-01-22,O,2135,390,556,13,1956
2018-01-23,A,1020,414,394,3,1037
2018-01-23,AB,281,119,78,1,321
2018-01-23,B,1129,494,371,8,1244
2018-01-23,O,1956,660,546,21,2049
2018-01-24,A,1037,443,372,11,1097
2018-01-24,AB,321,114,71,2,362
2018-01-24,B,1244,535,362,8,1409
2018-01-24,O,2049,767,592,12,2212
2018-01-25,A,1097,457,412,3,1139
2018-01-25,AB,362,132,66,4,424
2018-01-25,B,1409,468,389,17,1471
2018-01-25,O,2212,816,579,16,2433
2018-01-26,A,1139,345,405,4,1075
2018-01-26,AB,424,89,90,1,422
2018-01-26,B,1471,407,420,11,1447
2018-01-26,O,2433,547,580,15,2385
2018-01-27,A,1075,354,393,3,1033
2018-01-27,AB,422,111,71,1,461
2018-01-27,B,1447,470,394,4,1519
2018-01-27,O,2385,634,564,10,2445
2018-01-28,A,1033,620,381,7,1265
2018-01-28,AB,461,177,62,5,571
2018-01-28,B,1519,648,379,10,1778
2018-01-28,O,2445,1077,557,12,2953
2018-01-29,A,1265,196,401,11,1049
2018-01-29,AB,571,52,94,5,524
2018-01-29,B,1778,219,398,8,1591
2018-01-29,O,2953,354,654,16,2637
2018-01-30,A,1049,376,397,8,1020
2018-01-30,AB,524,105,68,2,559
2018-01-30,B,1591,438,410,14,1605
2018-01-30,O,2637,700,617,20,2700
2018-01-31,A,1020,752,427,12,1333
2018-01-31,AB,559,216,70,8,697
2018-01-31,B,1605,1013,432,23,2163
2018-01-31,O,2700,1395,652,23,3420
2018-02-01,A,1333,275,393,8,1207
2018-02-01,AB,697,63,87,6,667
2018-02-01,B,2163,317,456,14,2010
2018-02-01,O,3420,424,616,23,3205
2018-02-02,A,1207,168,740,6,629
2018-02-02,AB,667,42,86,13,610
2018-02-02,B,2010,179,461,16,1712
2018-02-02,O,3205,281,624,14,2848
2018-02-03,A,629,387,368,7,641
2018-02-03,AB,610,119,73,16,640
2018-02-03,B,1712,451,405,9,1749
2018-02-03,O,2848,676,590,19,2915
2018-02-04,A,641,448,419,3,667
2018-02-04,AB,640,116,76,7,673
2018-02-04,B,1749,476,416,13,1796
2018-02-04,O,2915,790,593,16,3096
2018-02-05,A,667,191,423,4,431
2018-02-05,AB,673,68,88,8,645
2018-02-05,B,1796,199,448,11,1536
2018-02-05,O,3096,357,658,14,2781
2018-02-06,A,431,474,389,4,512
2018-02-06,AB,645,135,90,9,681
2018-02-06,B,1536,528,434,12,1618
2018-02-06,O,2781,805,698,14,2874
2018-02-07,A,512,574,412,3,671
2018-02-07,AB,681,128,90,15,704
2018-02-07,B,1618,656,486,9,1779
2018-02-07,O,2874,998,682,15,3175
2018-02-08,A,671,482,440,5,708
2018-02-08,AB,704,123,82,5,740
2018-02-08,B,1779,530,471,15,1823
2018-02-08,O,3175,806,667,21,3293
2018-02-09,A,708,217,383,3,539
2018-02-09,AB,740,67,91,7,709
2018-02-09,B,1823,224,421,8,1618
2018-02-09,O,3293,338,623,14,2994
2018-02-10,A,539,430,386,3,580
2018-02-10,AB,709,108,69,13,735
2018-02-10,B,1618,424,405,7,1630
2018-02-10,O,2994,686,639,14,3027
2018-02-11,A,580,579,414,4,741
2018-02-11,AB,735,124,84,16,759
2018-02-11,B,1630,547,401,9,1767
2018-02-11,O,3027,904,655,20,3256
2018-02-12,A,741,258,438,4,557
2018-02-12,AB,759,76,89,5,741
2018-02-12,B,1767,333,474,13,1613
2018-02-12,O,3256,448,650,18,3036
2018-02-13,A,557,495,420,4,628
2018-02-13,AB,741,139,86,10,784
2018-02-13,B,1613,571,461,11,1712
2018-02-13,O,3036,834,681,13,3176
2018-02-14,A,628,380,446,2,560
2018-02-14,AB,784,112,101,16,779
2018-02-14,B,1712,452,440,10,1714
2018-02-14,O,3176,689,702,25,3138
2018-02-15,A,560,407,407,1,559
2018-02-15,AB,779,141,87,9,824
2018-02-15,B,1714,470,404,12,1768
2018-02-15,O,3138,690,672,16,3140
2018-02-16,A,559,105,419,1,244
2018-02-16,AB,824,15,87,11,741
2018-02-16,B,1768,104,440,13,1419
2018-02-16,O,3140,170,664,15,2631
2018-02-17,A,244,235,369,0,110
2018-02-17,AB,741,73,70,8,736
2018-02-17,B,1419,277,371,5,1320
2018-02-17,O,2631,425,578,24,2454
2018-02-18,A,110,359,375,1,93
2018-02-18,AB,736,103,79,6,754
2018-02-18,B,1320,368,384,8,1296
2018-02-18,O,2454,612,592,7,2467
2018-02-19,A,93,253,346,0,0
2018-02-19,AB,754,47,80,12,709
2018-02-19,B,1296,259,414,11,1130
2018-02-19,O,2467,416,633,12,2238
2018-02-20,A,0,351,351,0,0
2018-02-20,AB,709,101,92,7,711
2018-02-20,B,1130,433,393,9,1161
2018-02-20,O,2238,596,667,12,2155
2018-02-21,A,0,424,371,0,53
2018-02-21,AB,711,118,100,9,720
2018-02-21,B,1161,518,396,9,1274
2018-02-21,O,2155,804,632,16,2311
2018-02-22,A,53,573,384,1,241
2018-02-22,AB,720,143,81,17,765
2018-02-22,B,1274,591,438,7,1420
2018-02-22,O,2311,840,649,17,2485
2018-02-23,A,241,249,391,1,98
2018-02-23,AB,765,55,82,10,728
2018-02-23,B,1420,273,412,7,1274
2018-02-23,O,2485,463,636,17,2295
2018-02-24,A,98,453,331,1,219
2018-02-24,AB,728,122,65,12,773
2018-02-24,B,1274,485,362,7,1390
2018-02-24,O,2295,741,635,11,2390
2018-02-25,A,219,617,368,2,466
2018-02-25,AB,773,142,62,11,842
2018-02-25,B,1390,680,368,9,1693
2018-02-25,O,2390,972,655,19,2688
2018-02-26,A,466,289,384,3,368
2018-02-26,AB,842,67,88,10,811
2018-02-26,B,1693,360,400,6,1647
2018-02-26,O,2688,475,1760,10,1393
2018-02-27,A,368,329,387,2,308
2018-02-27,AB,811,79,78,8,804
2018-02-27,B,1647,390,388,12,1637
2018-02-27,O,1393,588,680,4,1297
2018-02-28,A,308,614,351,2,569
2018-02-28,AB,804,150,67,19,868
2018-02-28,B,1637,658,418,12,1865
2018-02-28,O,1297,966,704,5,1554
2018-03-01,A,569,226,451,1,343
2018-03-01,AB,868,78,80,15,851
2018-03-01,B,1865,282,377,13,1757
2018-03-01,O,1554,431,702,4,1279
2018-03-02,A,343,201,370,1,173
2018-03-02,AB,851,35,54,13,819
2018-03-02,B,1757,230,386,8,1593
2018-03-02,O,1279,348,668,8,951
2018-03-03,A,173,429,352,3,247
2018-03-03,AB,819,110,66,13,850
2018-03-03,B,1593,475,354,9,1705
2018-03-03,O,951,683,640,4,990
2018-03-04,A,247,573,348,7,465
2018-03-04,AB,850,136,76,16,894
2018-03-04,B,1705,659,353,11,2000
2018-03-04,O,990,1095,658,9,1418
2018-03-05,A,465,179,376,1,267
2018-03-05,AB,894,42,76,14,846
2018-03-05,B,2000,201,396,13,1792
2018-03-05,O,1418,313,630,3,1098
2018-03-06,A,267,471,382,0,356
2018-03-06,AB,846,130,74,13,889
2018-03-06,B,1792,562,407,11,1936
2018-03-06,O,1098,774,626,13,1233
2018-03-07,A,356,424,370,5,405
2018-03-07,AB,889,111,68,16,916
2018-03-07,B,1936,521,418,14,2025
2018-03-07,O,1233,754,668,11,1308
2018-03-08,A,405,455,354,2,504
2018-03-08,AB,916,131,76,18,953
2018-03-08,B,2025,498,402,15,2106
2018-03-08,O,1308,776,645,7,1432
2018-03-09,A,504,221,403,1,321
2018-03-09,AB,953,66,70,11,938
2018-03-09,B,2106,240,402,17,1927
2018-03-09,O,1432,369,657,10,1134
2018-03-10,A,321,391,310,0,402
2018-03-10,AB,938,96,212,14,808
2018-03-10,B,1927,467,387,15,1992
2018-03-10,O,1134,750,638,10,1236
2018-03-11,A,402,825,326,2,899
2018-03-11,AB,808,151,67,13,879
2018-03-11,B,1992,854,419,20,2407
2018-03-11,O,1236,1389,632,11,1982
2018-03-12,A,899,229,390,9,729
2018-03-12,AB,879,44,79,15,829
2018-03-12,B,2407,246,401,9,2243
2018-03-12,O,1982,364,709,8,1629
2018-03-13,A,729,365,345,3,746
2018-03-13,AB,829,115,74,15,855
2018-03-13,B,2243,456,376,20,2303
2018-03-13,O,1629,632,692,7,1562
2018-03-14,A,746,486,354,7,871
2018-03-14,AB,855,102,97,11,849
2018-03-14,B,2303,517,439,21,2360
2018-03-14,O,1562,721,669,13,1601
2018-03-15,A,871,427,387,6,905
2018-03-15,AB,849,91,79,15,846
2018-03-15,B,2360,508,463,20,2385
2018-03-15,O,1601,716,678,7,1632
2018-03-16,A,905,131,328,12,696
2018-03-16,AB,846,37,81,8,794
2018-03-16,B,2385,129,390,10,2114
2018-03-16,O,1632,239,624,12,1235
2018-03-17,A,696,439,320,3,812
2018-03-17,AB,794,127,55,19,847
2018-03-17,B,2114,525,326,20,2293
2018-03-17,O,1235,725,617,10,1333
2018-03-18,A,812,772,326,8,1250
2018-03-18,AB,847,200,91,12,944
2018-03-18,B,2293,809,411,25,2666
2018-03-18,O,1333,1343,671,12,1993
2018-03-19,A,1250,248,384,7,1107
2018-03-19,AB,944,72,86,14,916
2018-03-19,B,2666,310,430,22,2524
2018-03-19,O,1993,462,707,11,1737
2018-03-20,A,1107,391,371,5,1122
2018-03-20,AB,916,122,80,15,943
2018-03-20,B,2524,507,424,27,2580
2018-03-20,O,1737,693,714,5,1711
2018-03-21,A,1122,447,378,4,1187
2018-03-21,AB,943,123,76,18,972
2018-03-21,B,2580,466,442,30,2574
2018-03-21,O,1711,687,820,8,1570
2018-03-22,A,1187,308,412,7,1076
2018-03-22,AB,972,99,82,14,975
2018-03-22,B,2574,361,401,32,2502
2018-03-22,O,1570,559,743,9,1377
2018-03-23,A,1076,204,340,6,934
2018-03-23,AB,975,56,87,18,926
2018-03-23,B,2502,243,397,18,2330
2018-03-23,O,1377,334,780,7,924
2018-03-24,A,934,365,322,8,969
2018-03-24,AB,926,90,88,20,908
2018-03-24,B,2330,362,355,15,2322
2018-03-24,O,924,569,679,5,809
2018-03-25,A,969,817,318,11,1457
2018-03-25,AB,908,196,86,18,1000
2018-03-25,B,2322,851,381,25,2767
2018-03-25,O,809,1394,676,8,1519
2018-03-26,A,1457,262,387,9,1323
2018-03-26,AB,1000,64,97,17,950
2018-03-26,B,2767,297,331,20,2713
2018-03-26,O,1519,473,763,8,1221
2018-03-27,A,1323,486,363,3,1443
2018-03-27,AB,950,118,87,13,968
2018-03-27,B,2713,531,343,29,2872
2018-03-27,O,1221,808,720,7,1302
2018-03-28,A,1443,452,420,5,1470
2018-03-28,AB,968,104,83,23,966
2018-03-28,B,2872,494,407,28,2931
2018-03-28,O,1302,789,794,3,1294
2018-03-29,A,1470,450,389,6,1525
2018-03-29,AB,966,105,82,16,973
2018-03-29,B,2931,495,375,33,3018
2018-03-29,O,1294,771,753,8,1304
2018-03-30,A,1525,367,354,6,1532
2018-03-30,AB,973,98,101,18,952
2018-03-30,B,3018,449,400,27,3040
2018-03-30,O,1304,641,730,6,1209
2018-03-31,A,1532,376,325,11,1572
2018-03-31,AB,952,108,68,14,978
2018-03-31,B,3040,417,365,36,3056
2018-03-31,O,1209,705,678,4,1232
2018-04-01,A,1572,489,358,9,1694
2018-04-01,AB,978,128,86,24,996
2018-04-01,B,3056,531,354,34,3199
2018-04-01,O,1232,814,667,9,1370
2018-04-02,A,1694,242,368,6,1562
2018-04-02,AB,996,72,83,21,964
2018-04-02,B,3199,278,398,39,3040
2018-04-02,O,1370,432,676,5,1121
2018-04-03,A,1562,368,329,12,1589
2018-04-03,AB,964,97,96,14,951
2018-04-03,B,3040,421,394,41,3026
2018-04-03,O,1121,619,674,3,1063
2018-04-04,A,1589,420,375,9,1625
2018-04-04,AB,951,101,91,11,950
2018-04-04,B,3026,428,421,35,2998
2018-04-04,O,1063,618,674,5,1002
2018-04-05,A,1625,489,388,6,1720
2018-04-05,AB,950,156,86,12,1008
2018-04-05,B,2998,579,408,43,3126
2018-04-05,O,1002,823,659,10,1156
2018-04-06,A,1720,208,357,4,1567
2018-04-06,AB,1008,55,66,18,979
2018-04-06,B,3126,223,388,36,2925
2018-04-06,O,1156,340,654,4,838
2018-04-07,A,1567,460,337,15,1675
2018-04-07,AB,979,119,71,17,1010
2018-04-07,B,2925,517,404,33,3005
2018-04-07,O,838,752,609,5,976
2018-04-08,A,1675,511,314,10,1862
2018-04-08,AB,1010,126,78,26,1032
2018-04-08,B,3005,515,393,38,3089
2018-04-08,O,976,827,555,7,1241
2018-04-09,A,1862,273,399,4,1732
2018-04-09,AB,1032,80,84,27,1001
2018-04-09,B,3089,327,384,43,2989
2018-04-09,O,1241,459,626,5,1069
2018-04-10,A,1732,479,334,11,1866
2018-04-10,AB,1001,116,81,17,1019
2018-04-10,B,2989,517,414,38,3054
2018-04-10,O,1069,767,636,5,1195
2018-04-11,A,1866,416,374,10,1898
2018-04-11,AB,1019,118,87,23,1027
2018-04-11,B,3054,541,371,38,3186
2018-04-11,O,1195,699,634,7,1253
2018-04-12,A,1898,443,380,14,1947
2018-04-12,AB,1027,104,95,30,1006
2018-04-12,B,3186,499,393,43,3249
2018-04-12,O,1253,743,678,8,1310
2018-04-13,A,1947,216,429,9,1725
2018-04-13,AB,1006,46,79,14,959
2018-04-13,B,3249,217,381,29,3056
2018-04-13,O,1310,300,626,7,977
2018-04-14,A,1725,376,394,8,1699
2018-04-14,AB,959,98,68,15,974
2018-04-14,B,3056,382,328,32,3078
2018-04-14,O,977,597,614,6,954
2018-04-15,A,1699,706,379,13,2013
2018-04-15,AB,974,166,88,19,1033
2018-04-15,B,3078,735,362,39,3412
2018-04-15,O,954,1246,595,10,1595
2018-04-16,A,2013,264,405,10,1862
2018-04-16,AB,1033,68,86,7,1008
2018-04-16,B,3412,322,367,45,3322
2018-04-16,O,1595,469,648,6,1410
2018-04-17,A,1862,386,387,14,1847
2018-04-17,AB,1008,106,85,26,1003
2018-04-17,B,3322,476,369,53,3376
2018-04-17,O,1410,673,636,3,1444
2018-04-18,A,1847,382,386,11,1832
2018-04-18,AB,1003,113,89,16,1011
2018-04-18,B,3376,472,367,40,3441
2018-04-18,O,1444,662,653,7,1446
2018-04-19,A,1832,407,422,7,1810
2018-04-19,AB,1011,100,107,22,982
2018-04-19,B,3441,479,380,58,3482
2018-04-19,O,1446,668,614,10,1490
2018-04-20,A,1810,274,393,13,1678
2018-04-20,AB,982,76,97,15,946
2018-04-20,B,3482,292,862,31,2881
2018-04-20,O,1490,461,587,14,1350
2018-04-21,A,1678,439,361,6,1750
2018-04-21,AB,946,103,93,13,943
2018-04-21,B,2881,509,345,34,3011
2018-04-21,O,1350,838,549,10,1629
2018-04-22,A,1750,656,352,14,2040
2018-04-22,AB,943,146,81,19,989
2018-04-22,B,3011,663,318,33,3323
2018-04-22,O,1629,1104,626,8,2099
2018-04-23,A,2040,334,394,14,1966
2018-04-23,AB,989,84,109,13,951
2018-04-23,B,3323,362,414,35,3236
2018-04-23,O,2099,559,610,11,2037
2018-04-24,A,1966,368,393,7,1934
2018-04-24,AB,951,83,245,6,783
2018-04-24,B,3236,420,365,42,3249
2018-04-24,O,2037,591,627,17,1984
2018-04-25,A,1934,412,395,10,1941
2018-04-25,AB,783,101,86,14,784
2018-04-25,B,3249,429,393,38,3247
2018-04-25,O,1984,675,535,9,2115
2018-04-26,A,1941,377,395,15,1908
2018-04-26,AB,784,93,99,4,774
2018-04-26,B,3247,438,391,36,3258
2018-04-26,O,2115,664,543,22,2214
2018-04-27,A,1908,253,385,10,1766
2018-04-27,AB,774,68,81,15,746
2018-04-27,B,3258,275,392,38,3103
2018-04-27,O,2214,452,561,9,2096
2018-04-28,A,1766,309,338,10,1727
2018-04-28,AB,746,55,97,6,698
2018-04-28,B,3103,344,312,41,3094
2018-04-28,O,2096,517,564,15,2034
2018-04-29,A,1727,684,326,15,2070
2018-04-29,AB,698,184,91,10,781
2018-04-29,B,3094,660,316,35,3403
2018-04-29,O,2034,1058,538,13,2541
2018-04-30,A,2070,196,375,11,1880
2018-04-30,AB,781,52,90,6,737
2018-04-30,B,3403,218,335,36,3250
2018-04-30,O,2541,355,564,12,2320
2018-05-01,A,1880,1092,399,20,2553
2018-05-01,AB,737,236,100,12,861
2018-05-01,B,3250,1081,365,64,3902
2018-05-01,O,2320,1784,602,35,3467
2018-05-02,A,2553,349,377,28,2497
2018-05-02,AB,861,84,108,10,827
2018-05-02,B,3902,406,384,74,3850
2018-05-02,O,3467,625,624,31,3437
2018-05-03,A,2497,442,400,25,2514
2018-05-03,AB,827,127,121,9,824
2018-05-03,B,3850,488,378,61,3899
2018-05-03,O,3437,758,616,29,3550
2018-05-04,A,2514,285,393,19,2387
2018-05-04,AB,824,80,88,18,798
2018-05-04,B,3899,312,706,51,3454
2018-05-04,O,3550,527,603,33,3441
2018-05-05,A,2387,429,329,20,2467
2018-05-05,AB,798,114,81,12,819
2018-05-05,B,3454,456,332,34,3544
2018-05-05,O,3441,771,513,28,3671
2018-05-06,A,2467,643,389,30,2691
2018-05-06,AB,819,150,83,11,875
2018-05-06,B,3544,706,360,54,3836
2018-05-06,O,3671,1079,529,41,4180
2018-05-07,A,2691,431,442,26,2654
2018-05-07,AB,875,113,97,16,875
2018-05-07,B,3836,457,412,72,3809
2018-05-07,O,4180,757,588,38,4311
2018-05-08,A,2654,258,431,19,2462
2018-05-08,AB,875,45,81,14,825
2018-05-08,B,3809,284,381,48,3664
2018-05-08,O,4311,401,611,20,4081
2018-05-09,A,2462,7,365,17,2087
2018-05-09,AB,825,5,101,7,722
2018-05-09,B,3664,15,398,43,3238
2018-05-09,O,4081,23,612,22,3470
2018-05-10,A,2087,68,330,12,1813
2018-05-10,AB,722,29,83,9,659
2018-05-10,B,3238,87,327,41,2957
2018-05-10,O,3470,140,514,21,3075
2018-05-11,A,1813,282,367,4,1724
2018-05-11,AB,659,85,93,6,645
2018-05-11,B,2957,293,355,27,2868
2018-05-11,O,3075,494,537,22,3010
2018-05-12,A,1724,517,340,11,1890
2018-05-12,AB,645,144,94,4,691
2018-05-12,B,2868,674,303,32,3207
2018-05-12,O,3010,1042,504,26,3522
2018-05-13,A,1890,856,342,17,2387
2018-05-13,AB,691,206,77,9,811
2018-05-13,B,3207,931,339,60,3739
2018-05-13,O,3522,1453,522,50,4403
2018-05-14,A,2387,410,384,20,2393
2018-05-14,AB,811,117,104,18,806
2018-05-14,B,3739,453,372,58,3762
2018-05-14,O,4403,612,614,41,4360
2018-05-15,A,2393,607,367,25,2608
2018-05-15,AB,806,163,117,10,842
2018-05-15,B,3762,702,341,72,4051
2018-05-15,O,4360,1013,597,49,4727
2018-05-16,A,2608,522,365,38,2727
2018-05-16,AB,842,143,96,19,870
2018-05-16,B,4051,604,349,81,4225
2018-05-16,O,4727,867,624,71,4899
2018-05-17,A,2727,51,385,16,2377
2018-05-17,AB,870,13,103,10,770
2018-05-17,B,4225,71,361,59,3876
2018-05-17,O,4899,128,640,40,4347
2018-05-18,A,2377,141,367,22,2129
2018-05-18,AB,770,42,105,5,702
2018-05-18,B,3876,131,372,51,3584
2018-05-18,O,4347,229,629,29,3918
2018-05-19,A,2129,229,279,17,2062
2018-05-19,AB,702,65,93,7,667
2018-05-19,B,3584,255,320,52,3467
2018-05-19,O,3918,406,496,33,3795
2018-05-20,A,2062,527,310,16,2263
2018-05-20,AB,667,132,100,11,688
2018-05-20,B,3467,541,306,51,3651
2018-05-20,O,3795,910,506,36,4163
2018-05-21,A,2263,122,327,12,2046
2018-05-21,AB,688,34,113,5,604
2018-05-21,B,3651,143,333,45,3416
2018-05-21,O,4163,233,612,30,3754
2018-05-22,A,2046,182,369,14,1845
2018-05-22,AB,604,45,112,6,531
2018-05-22,B,3416,210,308,46,3272
2018-05-22,O,3754,318,529,28,3515
2018-05-23,A,1845,265,308,12,1790
2018-05-23,AB,531,52,91,3,489
2018-05-23,B,3272,278,312,37,3201
2018-05-23,O,3515,480,571,20,3404
2018-05-24,A,1790,318,318,10,1780
2018-05-24,AB,489,84,92,5,476
2018-05-24,B,3201,352,333,35,3185
2018-05-24,O,3404,563,569,25,3373
2018-05-25,A,1780,191,289,18,1664
2018-05-25,AB,476,34,82,2,426
2018-05-25,B,3185,214,336,34,3029
2018-05-25,O,3373,303,530,19,3127
2018-05-26,A,1664,346,303,11,1696
2018-05-26,AB,426,74,89,5,406
2018-05-26,B,3029,360,318,32,3039
2018-05-26,O,3127,569,498,20,3178
2018-05-27,A,1696,743,291,14,2134
2018-05-27,AB,406,180,80,3,503
2018-05-27,B,3039,740,336,50,3393
2018-05-27,O,3178,1257,542,32,3861
2018-05-28,A,2134,175,343,11,1955
2018-05-28,AB,503,55,91,1,466
2018-05-28,B,3393,239,349,53,3230
2018-05-28,O,3861,366,555,28,3644
2018-05-29,A,1955,810,346,22,2397
2018-05-29,AB,466,178,113,1,530
2018-05-29,B,3230,897,360,47,3720
2018-05-29,O,3644,1531,602,45,4528
2018-05-30,A,2397,245,313,15,2314
2018-05-30,AB,530,52,98,4,480
2018-05-30,B,3720,258,364,38,3576
2018-05-30,O,4528,405,594,37,4302
2018-05-31,A,2314,202,323,16,2177
2018-05-31,AB,480,51,69,2,460
2018-05-31,B,3576,216,367,51,3374
2018-05-31,O,4302,335,549,29,4059
2018-06-01,A,2177,169,273,18,2055
2018-06-01,AB,460,50,83,3,424
2018-06-01,B,3374,202,350,37,3189
2018-06-01,O,4059,292,565,25,3761
2018-06-02,A,2055,235,256,16,2018
2018-06-02,AB,424,52,92,0,384
2018-06-02,B,3189,279,309,38,3121
2018-06-02,O,3761,439,524,19,3657
2018-06-03,A,2018,832,336,25,2489
2018-06-03,AB,384,201,95,5,485
2018-06-03,B,3121,852,328,41,3604
2018-06-03,O,3657,1546,576,60,4567
2018-06-04,A,2489,259,331,16,2401
2018-06-04,AB,485,62,77,3,467
2018-06-04,B,3604,284,366,49,3473
2018-06-04,O,4567,457,583,47,4394
2018-06-05,A,2401,273,342,18,2314
2018-06-05,AB,467,57,68,3,453
2018-06-05,B,3473,284,310,45,3402
2018-06-05,O,4394,434,608,42,4178
2018-06-06,A,2314,282,698,14,1884
2018-06-06,AB,453,62,82,1,432
2018-06-06,B,3402,323,333,33,3359
2018-06-06,O,4178,515,564,33,4096
2018-06-07,A,1884,239,320,7,1796
2018-06-07,AB,432,46,77,2,399
2018-06-07,B,3359,246,329,47,3229
2018-06-07,O,4096,333,622,39,3768
2018-06-08,A,1796,302,320,13,1765
2018-06-08,AB,399,49,75,2,371
2018-06-08,B,3229,291,311,45,3164
2018-06-08,O,3768,432,542,22,3636
2018-06-09,A,1765,235,288,10,1702
2018-06-09,AB,371,54,75,1,349
2018-06-09,B,3164,224,317,30,3041
2018-06-09,O,3636,373,533,15,3461
2018-06-10,A,1702,593,314,10,1971
2018-06-10,AB,349,145,85,2,407
2018-06-10,B,3041,599,328,41,3271
2018-06-10,O,3461,1057,549,31,3938
2018-06-11,A,1971,214,323,13,1849
2018-06-11,AB,407,58,80,1,384
2018-06-11,B,3271,233,360,43,3101
2018-06-11,O,3938,364,582,34,3686
2018-06-12,A,1849,238,292,8,1787
2018-06-12,AB,384,46,71,3,356
2018-06-12,B,3101,225,344,32,2950
2018-06-12,O,3686,412,544,26,3528
2018-06-13,A,1787,245,310,14,1708
2018-06-13,AB,356,60,88,1,327
2018-06-13,B,2950,236,325,29,2832
2018-06-13,O,3528,360,521,25,3342
2018-06-14,A,1708,87,300,8,1487
2018-06-14,AB,327,24,61,0,290
2018-06-14,B,2832,118,301,28,2621
2018-06-14,O,3342,173,493,22,3000
2018-06-15,A,1487,0,252,7,1228
2018-06-15,AB,290,0,81,1,208
2018-06-15,B,2621,0,266,15,2340
2018-06-15,O,3000,0,489,19,2492
2018-06-16,A,1228,20,269,5,974
2018-06-16,AB,208,4,75,0,137
2018-06-16,B,2340,35,252,15,2108
2018-06-16,O,2492,47,427,6,2106
2018-06-17,A,974,243,248,3,966
2018-06-17,AB,137,75,61,1,150
2018-06-17,B,2108,277,247,16,2122
2018-06-17,O,2106,434,445,14,2081
2018-06-18,A,966,176,289,6,847
2018-06-18,AB,150,47,71,1,125
2018-06-18,B,2122,179,294,7,2000
2018-06-18,O,2081,335,450,14,1952
2018-06-19,A,847,251,281,3,814
2018-06-19,AB,125,66,81,0,110
2018-06-19,B,2000,276,271,11,1994
2018-06-19,O,1952,482,465,11,1958
2018-06-20,A,814,266,301,8,771
2018-06-20,AB,110,64,67,1,106
2018-06-20,B,1994,285,274,13,1992
2018-06-20,O,1958,505,465,17,1981
2018-06-21,A,771,288,323,8,728
2018-06-21,AB,106,91,66,1,130
2018-06-21,B,1992,307,268,11,2020
2018-06-21,O,1981,457,457,13,1968
2018-06-22,A,728,291,298,4,717
2018-06-22,AB,130,65,70,0,125
2018-06-22,B,2020,302,271,11,2040
2018-06-22,O,1968,571,511,10,2018
2018-06-23,A,717,418,270,8,857
2018-06-23,AB,125,105,69,1,160
2018-06-23,B,2040,432,222,16,2234
2018-06-23,O,2018,725,449,13,2281
2018-06-24,A,857,743,255,11,1334
2018-06-24,AB,160,168,66,1,261
2018-06-24,B,2234,761,257,24,2714
2018-06-24,O,2281,1277,468,15,3075
2018-06-25,A,1334,256,280,5,1305
2018-06-25,AB,261,55,79,1,236
2018-06-25,B,2714,281,269,24,2702
2018-06-25,O,3075,453,503,17,3008
2018-06-26,A,1305,371,296,9,1371
2018-06-26,AB,236,100,71,0,265
2018-06-26,B,2702,444,253,24,2869
2018-06-26,O,3008,616,471,21,3132
2018-06-27,A,1371,445,322,9,1485
2018-06-27,AB,265,127,74,4,314
2018-06-27,B,2869,496,283,31,3051
2018-06-27,O,3132,764,485,23,3388
2018-06-28,A,1485,419,274,12,1618
2018-06-28,AB,314,114,71,5,352
2018-06-28,B,3051,482,249,35,3249
2018-06-28,O,3388,761,514,23,3612
2018-06-29,A,1618,286,279,11,1614
2018-06-29,AB,352,73,80,4,341
2018-06-29,B,3249,319,285,32,3251
2018-06-29,O,3612,441,548,31,3474
2018-06-30,A,1614,478,298,17,1777
2018-06-30,AB,341,101,71,2,369
2018-06-30,B,3251,433,233,50,3401
2018-06-30,O,3474,716,440,27,3723
2018-07-01,A,1777,696,281,12,2180
2018-07-01,AB,369,171,65,3,472
2018-07-01,B,3401,767,230,54,3884
2018-07-01,O,3723,1168,512,33,4346
2018-07-02,A,2180,220,329,17,2054
2018-07-02,AB,472,66,79,6,453
2018-07-02,B,3884,240,288,51,3785
2018-07-02,O,4346,404,553,49,4148
2018-07-03,A,2054,298,273,11,2068
2018-07-03,AB,453,92,81,1,463
2018-07-03,B,3785,349,266,62,3806
2018-07-03,O,4148,569,506,34,4177
2018-07-04,A,2068,447,317,17,2181
2018-07-04,AB,463,114,72,4,501
2018-07-04,B,3806,482,301,69,3918
2018-07-04,O,4177,744,566,42,4313
2018-07-05,A,2181,341,322,21,2179
2018-07-05,AB,501,79,73,5,502
2018-07-05,B,3918,366,274,62,3948
2018-07-05,O,4313,585,557,42,4299
2018-07-06,A,2179,196,294,9,2072
2018-07-06,AB,502,44,74,2,470
2018-07-06,B,3948,261,304,47,3858
2018-07-06,O,4299,398,524,39,4134
2018-07-07,A,2072,396,299,16,2153
2018-07-07,AB,470,81,76,3,472
2018-07-07,B,3858,404,291,70,3901
2018-07-07,O,4134,587,481,28,4212
2018-07-08,A,2153,687,351,21,2468
2018-07-08,AB,472,182,77,4,573
2018-07-08,B,3901,702,277,68,4258
2018-07-08,O,4212,1170,499,55,4828
2018-07-09,A,2468,270,358,9,2371
2018-07-09,AB,573,71,62,4,578
2018-07-09,B,4258,330,334,84,4170
2018-07-09,O,4828,432,553,48,4659
2018-07-10,A,2371,439,324,23,2463
2018-07-10,AB,578,129,75,6,626
2018-07-10,B,4170,483,293,70,4290
2018-07-10,O,4659,693,538,53,4761
2018-07-11,A,2463,556,348,26,2645
2018-07-11,AB,626,141,63,8,696
2018-07-11,B,4290,580,310,84,4476
2018-07-11,O,4761,912,565,68,5040
2018-07-12,A,2645,532,344,36,2797
2018-07-12,AB,696,128,91,7,726
2018-07-12,B,4476,541,295,108,4614
2018-07-12,O,5040,789,562,64,5203
2018-07-13,A,2797,282,374,34,2671
2018-07-13,AB,726,75,97,12,692
2018-07-13,B,4614,272,368,86,4432
2018-07-13,O,5203,512,593,54,5068
2018-07-14,A,2671,466,324,26,2787
2018-07-14,AB,692,110,74,8,720
2018-07-14,B,4432,564,320,94,4582
2018-07-14,O,5068,752,528,55,5237
2018-07-15,A,2787,965,355,65,3332
2018-07-15,AB,720,261,91,11,879
2018-07-15,B,4582,992,326,115,5133
2018-07-15,O,5237,1657,663,104,6127
2018-07-16,A,3332,248,425,48,3107
2018-07-16,AB,879,67,97,11,838
2018-07-16,B,5133,308,332,96,5013
2018-07-16,O,6127,418,643,97,5805
2018-07-17,A,3107,332,380,36,3023
2018-07-17,AB,838,88,118,8,800
2018-07-17,B,5013,422,359,104,4972
2018-07-17,O,5805,593,702,87,5609
2018-07-18,A,3023,541,431,27,3106
2018-07-18,AB,800,117,97,15,805
2018-07-18,B,4972,540,370,114,5028
2018-07-18,O,5609,816,690,78,5657
2018-07-19,A,3106,475,415,27,3139
2018-07-19,AB,805,111,112,8,796
2018-07-19,B,5028,536,356,111,5097
2018-07-19,O,5657,815,678,89,5705
2018-07-20,A,3139,303,445,36,2961
2018-07-20,AB,796,75,90,10,771
2018-07-20,B,5097,393,392,110,4988
2018-07-20,O,5705,466,691,74,5406
2018-07-21,A,2961,378,385,33,2921
2018-07-21,AB,771,95,105,11,750
2018-07-21,B,4988,399,394,102,4891
2018-07-21,O,5406,601,643,62,5302
2018-07-22,A,2921,636,384,35,3138
2018-07-22,AB,750,157,112,11,784
2018-07-22,B,4891,671,388,125,5049
2018-07-22,O,5302,1060,677,70,5615
2018-07-23,A,3138,312,450,35,2965
2018-07-23,AB,784,76,96,11,753
2018-07-23,B,5049,385,395,103,4936
2018-07-23,O,5615,575,725,79,5386
2018-07-24,A,2965,396,460,37,2864
2018-07-24,AB,753,84,118,6,713
2018-07-24,B,4936,455,413,109,4869
2018-07-24,O,5386,673,668,75,5316
2018-07-25,A,2864,511,451,31,2893
2018-07-25,AB,713,119,99,5,728
2018-07-25,B,4869,642,437,95,4979
2018-07-25,O,5316,912,686,82,5460
2018-07-26,A,2893,379,465,31,2776
2018-07-26,AB,728,114,127,6,709
2018-07-26,B,4979,583,404,96,5062
2018-07-26,O,5460,759,715,77,5427
2018-07-27,A,2776,248,432,28,2564
2018-07-27,AB,709,67,114,3,659
2018-07-27,B,5062,272,441,108,4785
2018-07-27,O,5427,449,1781,29,4066
2018-07-28,A,2564,417,459,26,2496
2018-07-28,AB,659,107,101,5,660
2018-07-28,B,4785,405,366,89,4735
2018-07-28,O,4066,691,681,34,4042
2018-07-29,A,2496,801,980,27,2290
2018-07-29,AB,660,179,102,7,730
2018-07-29,B,4735,771,376,95,5035
2018-07-29,O,4042,1292,662,57,4615
2018-07-30,A,2290,302,447,12,2133
2018-07-30,AB,730,63,124,12,657
2018-07-30,B,5035,290,432,108,4785
2018-07-30,O,4615,451,752,44,4270
2018-07-31,A,2133,462,469,11,2115
2018-07-31,AB,657,109,128,5,633
2018-07-31,B,4785,462,403,111,4733
2018-07-31,O,4270,728,715,28,4255
2018-08-01,A,2115,441,468,11,2077
2018-08-01,AB,633,99,122,5,605
2018-08-01,B,4733,477,459,67,4684
2018-08-01,O,4255,648,759,35,4109
2018-08-02,A,2077,443,515,15,1990
2018-08-02,AB,605,95,129,5,566
2018-08-02,B,4684,451,430,89,4616
2018-08-02,O,4109,641,727,28,3995
2018-08-03,A,1990,173,456,11,1696
2018-08-03,AB,566,39,120,5,480
2018-08-03,B,4616,201,466,79,4272
2018-08-03,O,3995,328,665,19,3639
2018-08-04,A,1696,361,407,9,1641
2018-08-04,AB,480,78,99,4,455
2018-08-04,B,4272,397,421,65,4183
2018-08-04,O,3639,607,654,29,3563
2018-08-05,A,1641,565,428,10,1768
2018-08-05,AB,455,121,90,2,484
2018-08-05,B,4183,592,422,83,4270
2018-08-05,O,3563,984,648,22,3877
2018-08-06,A,1768,400,490,12,1666
2018-08-06,AB,484,98,122,4,456
2018-08-06,B,4270,426,435,83,4178
2018-08-06,O,3877,629,762,25,3719
2018-08-07,A,1666,421,481,8,1598
2018-08-07,AB,456,121,117,3,457
2018-08-07,B,4178,498,444,68,4164
2018-08-07,O,3719,718,673,27,3737
2018-08-08,A,1598,554,460,6,1686
2018-08-08,AB,457,145,121,3,478
2018-08-08,B,4164,666,455,94,4281
2018-08-08,O,3737,923,780,24,3856
2018-08-09,A,1686,426,503,19,1590
2018-08-09,AB,478,113,121,1,469
2018-08-09,B,4281,524,801,60,3944
2018-08-09,O,3856,719,788,24,3763
2018-08-10,A,1590,287,516,15,1346
2018-08-10,AB,469,92,116,2,443
2018-08-10,B,3944,317,424,46,3791
2018-08-10,O,3763,443,815,32,3359
2018-08-11,A,1346,616,475,7,1480
2018-08-11,AB,443,151,114,4,476
2018-08-11,B,3791,694,403,66,4016
2018-08-11,O,3359,979,703,22,3613
2018-08-12,A,1480,818,480,11,1807
2018-08-12,AB,476,205,129,6,546
2018-08-12,B,4016,907,420,87,4416
2018-08-12,O,3613,1368,734,42,4205
2018-08-13,A,1807,308,450,8,1657
2018-08-13,AB,546,78,100,3,521
2018-08-13,B,4416,341,424,70,4263
2018-08-13,O,4205,535,793,37,3910
2018-08-14,A,1657,403,473,7,1580
2018-08-14,AB,521,99,121,2,497
2018-08-14,B,4263,469,462,61,4209
2018-08-14,O,3910,591,758,28,3715
2018-08-15,A,1580,532,475,11,1626
2018-08-15,AB,497,145,126,1,515
2018-08-15,B,4209,622,483,71,4277
2018-08-15,O,3715,850,731,37,3797
2018-08-16,A,1626,394,469,9,1542
2018-08-16,AB,515,95,90,3,517
2018-08-16,B,4277,473,446,72,4232
2018-08-16,O,3797,718,752,28,3735
2018-08-17,A,1542,296,501,13,1324
2018-08-17,AB,517,84,120,3,478
2018-08-17,B,4232,338,501,69,4000
2018-08-17,O,3735,587,767,24,3531
2018-08-18,A,1324,911,453,14,1768
2018-08-18,AB,478,245,110,2,611
2018-08-18,B,4000,980,404,95,4481
2018-08-18,O,3531,1553,714,42,4328
2018-08-19,A,1768,1065,515,12,2306
2018-08-19,AB,611,250,121,11,729
2018-08-19,B,4481,1114,465,103,5027
2018-08-19,O,4328,1854,772,74,5336
2018-08-20,A,2306,239,550,12,1983
2018-08-20,AB,729,67,118,10,668
2018-08-20,B,5027,244,548,86,4637
2018-08-20,O,5336,389,875,57,4793
2018-08-21,A,1983,179,538,6,1618
2018-08-21,AB,668,46,120,5,589
2018-08-21,B,4637,214,548,78,4225
2018-08-21,O,4793,314,791,40,4276
2018-08-22,A,1618,27,537,3,1105
2018-08-22,AB,589,4,97,3,493
2018-08-22,B,4225,29,486,55,3713
2018-08-22,O,4276,40,767,24,3525
2018-08-23,A,1105,114,507,3,709
2018-08-23,AB,493,32,123,2,400
2018-08-23,B,3713,129,479,40,3323
2018-08-23,O,3525,219,736,19,2989
2018-08-24,A,709,177,537,0,349
2018-08-24,AB,400,48,125,2,321
2018-08-24,B,3323,194,484,36,2997
2018-08-24,O,2989,332,807,18,2496
2018-08-25,A,349,350,455,0,244
2018-08-25,AB,321,78,94,2,303
2018-08-25,B,2997,388,428,28,2929
2018-08-25,O,2496,638,756,14,2364
2018-08-26,A,244,582,463,3,360
2018-08-26,AB,303,138,129,2,310
2018-08-26,B,2929,593,414,41,3067
2018-08-26,O,2364,1017,734,13,2634
2018-08-27,A,360,248,477,0,131
2018-08-27,AB,310,55,100,0,265
2018-08-27,B,3067,265,481,23,2828
2018-08-27,O,2634,403,795,15,2227
2018-08-28,A,131,314,445,0,0
2018-08-28,AB,265,93,96,2,260
2018-08-28,B,2828,368,449,22,2725
2018-08-28,O,2227,577,770,12,2022
2018-08-29,A,0,404,404,0,0
2018-08-29,AB,260,120,105,2,273
2018-08-29,B,2725,446,464,23,2684
2018-08-29,O,2022,701,797,14,1912
2018-08-30,A,0,238,238,0,0
2018-08-30,AB,273,67,97,2,241
2018-08-30,B,2684,306,445,13,2532
2018-08-30,O,1912,404,777,11,1528
2018-08-31,A,0,545,503,1,41
2018-08-31,AB,241,138,115,1,263
2018-08-31,B,2532,629,461,17,2683
2018-08-31,O,1528,940,756,11,1701
2018-09-01,A,41,259,300,0,0
2018-09-01,AB,263,81,90,1,253
2018-09-01,B,2683,272,403,17,2535
2018-09-01,O,1701,512,746,14,1453
2018-09-02,A,0,554,436,0,118
2018-09-02,AB,253,139,102,2,288
2018-09-02,B,2535,606,441,30,2670
2018-09-02,O,1453,973,720,12,1694
2018-09-03,A,118,181,299,0,0
2018-09-03,AB,288,44,108,1,223
2018-09-03,B,2670,210,442,23,2415
2018-09-03,O,1694,318,825,8,1179
2018-09-04,A,0,325,325,0,0
2018-09-04,AB,223,100,113,3,207
2018-09-04,B,2415,400,421,17,2377
2018-09-04,O,1179,624,811,5,987
2018-09-05,A,0,401,401,0,0
2018-09-05,AB,207,110,119,1,197
2018-09-05,B,2377,422,483,20,2296
2018-09-05,O,987,690,775,5,897
2018-09-06,A,0,381,381,0,0
2018-09-06,AB,197,78,107,0,168
2018-09-06,B,2296,402,476,21,2201
2018-09-06,O,897,596,810,2,681
2018-09-07,A,0,202,202,0,0
2018-09-07,AB,168,49,108,0,109
2018-09-07,B,2201,206,448,12,1947
2018-09-07,O,681,372,776,2,275
2018-09-08,A,0,385,385,0,0
2018-09-08,AB,109,98,99,0,108
2018-09-08,B,1947,434,427,11,1943
2018-09-08,O,275,633,682,1,225
2018-09-09,A,0,551,376,1,174
2018-09-09,AB,108,137,94,1,150
2018-09-09,B,1943,591,421,11,2102
2018-09-09,O,225,932,756,5,396
2018-09-10,A,174,201,375,0,0
2018-09-10,AB,150,33,96,2,85
2018-09-10,B,2102,220,474,16,1832
2018-09-10,O,396,308,704,0,0
2018-09-11,A,0,174,174,0,0
2018-09-11,AB,85,46,115,0,16
2018-09-11,B,1832,183,400,9,1606
2018-09-11,O,0,287,287,0,0
2018-09-12,A,0,249,249,0,0
2018-09-12,AB,16,75,91,0,0
2018-09-12,B,1606,277,455,10,1418
2018-09-12,O,0,468,468,0,0
2018-09-13,A,0,419,377,0,42
2018-09-13,AB,0,101,100,0,1
2018-09-13,B,1418,454,423,14,1435
2018-09-13,O,0,711,711,0,0
2018-09-14,A,42,283,325,0,0
2018-09-14,AB,1,66,67,0,0
2018-09-14,B,1435,291,403,8,1315
2018-09-14,O,0,417,417,0,0
2018-09-15,A,0,270,270,0,0
2018-09-15,AB,0,71,71,0,0
2018-09-15,B,1315,299,387,8,1219
2018-09-15,O,0,440,440,0,0
2018-09-16,A,0,667,370,1,296
2018-09-16,AB,0,146,86,1,59
2018-09-16,B,1219,698,428,6,1483
2018-09-16,O,0,1137,643,2,492
2018-09-17,A,296,252,365,1,182
2018-09-17,AB,59,58,86,0,31
2018-09-17,B,1483,268,410,6,1335
2018-09-17,O,492,381,641,3,229
2018-09-18,A,182,327,363,0,146
2018-09-18,AB,31,58,89,0,0
2018-09-18,B,1335,352,398,3,1286
2018-09-18,O,229,547,597,2,177
2018-09-19,A,146,414,353,2,205
2018-09-19,AB,0,104,86,0,18
2018-09-19,B,1286,536,371,7,1444
2018-09-19,O,177,737,607,4,303
2018-09-20,A,205,301,341,0,165
2018-09-20,AB,18,88,106,0,0
2018-09-20,B,1444,372,405,9,1402
2018-09-20,O,303,529,623,1,208
2018-09-21,A,165,289,334,1,119
2018-09-21,AB,0,67,67,0,0
2018-09-21,B,1402,297,378,3,1318
2018-09-21,O,208,475,667,0,16
2018-09-22,A,119,277,320,0,76
2018-09-22,AB,0,70,70,0,0
2018-09-22,B,1318,336,938,4,712
2018-09-22,O,16,487,503,0,0
2018-09-23,A,76,554,366,2,262
2018-09-23,AB,0,152,75,0,77
2018-09-23,B,712,584,397,1,898
2018-09-23,O,0,976,624,2,350
2018-09-24,A,262,276,350,3,185
2018-09-24,AB,77,99,87,1,88
2018-09-24,B,898,281,446,3,730
2018-09-24,O,350,432,679,1,102
2018-09-25,A,185,393,390,0,188
2018-09-25,AB,88,111,92,2,105
2018-09-25,B,730,408,431,5,702
2018-09-25,O,102,581,666,0,17
2018-09-26,A,188,592,411,4,365
2018-09-26,AB,105,149,102,1,151
2018-09-26,B,702,593,427,7,861
2018-09-26,O,17,854,871,0,0
2018-09-27,A,365,480,355,5,485
2018-09-27,AB,151,122,109,1,163
2018-09-27,B,861,536,472,8,917
2018-09-27,O,0,740,712,0,28
2018-09-28,A,485,261,399,1,346
2018-09-28,AB,163,65,87,1,140
2018-09-28,B,917,248,469,3,693
2018-09-28,O,28,414,442,0,0
2018-09-29,A,346,419,339,4,422
2018-09-29,AB,140,119,95,1,163
2018-09-29,B,693,449,392,6,744
2018-09-29,O,0,649,617,1,31
2018-09-30,A,422,628,377,9,664
2018-09-30,AB,163,181,96,1,247
2018-09-30,B,744,683,421,8,998
2018-09-30,O,31,1160,642,5,544
2018-10-01,A,664,228,391,0,501
2018-10-01,AB,247,80,72,4,251
2018-10-01,B,998,253,411,6,834
2018-10-01,O,544,486,679,1,350
2018-10-02,A,501,354,388,2,465
2018-10-02,AB,251,103,97,1,256
2018-10-02,B,834,406,446,10,784
2018-10-02,O,350,613,688,0,275
2018-10-03,A,465,407,445,0,427
2018-10-03,AB,256,107,102,1,260
2018-10-03,B,784,477,448,7,806
2018-10-03,O,275,657,691,1,240
2018-10-04,A,427,302,389,4,336
2018-10-04,AB,260,102,85,1,276
2018-10-04,B,806,341,431,5,711
2018-10-04,O,240,528,697,1,70
2018-10-05,A,336,285,385,3,233
2018-10-05,AB,276,77,106,0,247
2018-10-05,B,711,306,382,2,633
2018-10-05,O,70,451,521,0,0
2018-10-06,A,233,447,380,1,299
2018-10-06,AB,247,118,81,3,281
2018-10-06,B,633,526,360,7,792
2018-10-06,O,0,757,559,0,198
2018-10-07,A,299,588,355,2,530
2018-10-07,AB,281,149,83,1,346
2018-10-07,B,792,568,427,7,926
2018-10-07,O,198,1007,600,7,598
2018-10-08,A,530,362,420,3,469
2018-10-08,AB,346,80,101,1,324
2018-10-08,B,926,383,462,4,843
2018-10-08,O,598,531,699,3,427
2018-10-09,A,469,359,381,2,445
2018-10-09,AB,324,89,98,1,314
2018-10-09,B,843,395,460,4,774
2018-10-09,O,427,622,681,2,366
2018-10-10,A,445,385,401,6,423
2018-10-10,AB,314,94,113,1,294
2018-10-10,B,774,443,423,3,791
2018-10-10,O,366,620,684,6,296
2018-10-11,A,423,428,447,3,401
2018-10-11,AB,294,107,97,5,299
2018-10-11,B,791,499,438,8,844
2018-10-11,O,296,693,690,1,298
2018-10-12,A,401,261,432,0,230
2018-10-12,AB,299,70,104,1,264
2018-10-12,B,844,284,441,5,682
2018-10-12,O,298,425,640,0,83
2018-10-13,A,230,476,388,0,318
2018-10-13,AB,264,104,108,2,258
2018-10-13,B,682,525,427,7,773
2018-10-13,O,83,818,624,1,276
2018-10-14,A,318,676,400,3,591
2018-10-14,AB,258,159,93,3,321
2018-10-14,B,773,699,412,4,1056
2018-10-14,O,276,1163,653,5,781
2018-10-15,A,591,200,400,3,388
2018-10-15,AB,321,36,124,0,233
2018-10-15,B,1056,170,476,0,750
2018-10-15,O,781,324,705,2,398
2018-10-16,A,388,299,423,2,262
2018-10-16,AB,233,68,85,1,215
2018-10-16,B,750,338,415,4,669
2018-10-16,O,398,507,707,0,198
2018-10-17,A,262,434,461,2,233
2018-10-17,AB,215,116,112,0,219
2018-10-17,B,669,476,428,5,712
2018-10-17,O,198,739,730,2,205
2018-10-18,A,233,459,428,1,263
2018-10-18,AB,219,117,99,1,236
2018-10-18,B,712,501,457,6,750
2018-10-18,O,205,701,721,1,184
2018-10-19,A,263,269,462,2,68
2018-10-19,AB,236,69,120,0,185
2018-10-19,B,750,274,441,7,576
2018-10-19,O,184,489,671,0,2
2018-10-20,A,68,322,390,0,0
2018-10-20,AB,185,82,128,0,139
2018-10-20,B,576,324,420,3,477
2018-10-20,O,2,546,548,0,0
2018-10-21,A,0,629,443,1,185
2018-10-21,AB,139,140,85,2,192
2018-10-21,B,477,616,387,8,698
2018-10-21,O,0,1101,653,4,444
2018-10-22,A,185,244,429,0,0
2018-10-22,AB,192,55,115,1,131
2018-10-22,B,698,258,469,4,483
2018-10-22,O,444,443,771,1,115
2018-10-23,A,0,451,422,0,29
2018-10-23,AB,131,116,97,1,149
2018-10-23,B,483,543,481,3,542
2018-10-23,O,115,748,667,3,193
2018-10-24,A,29,460,482,0,7
2018-10-24,AB,149,94,136,0,107
2018-10-24,B,542,490,475,4,553
2018-10-24,O,193,768,669,2,290
2018-10-25,A,7,435,436,0,6
2018-10-25,AB,107,117,122,1,101
2018-10-25,B,553,469,1022,0,0
2018-10-25,O,290,678,719,1,248
2018-10-26,A,6,373,379,0,0
2018-10-26,AB,101,116,111,1,105
2018-10-26,B,0,402,402,0,0
2018-10-26,O,248,700,713,1,234
2018-10-27,A,0,346,346,0,0
2018-10-27,AB,105,106,101,0,110
2018-10-27,B,0,405,405,0,0
2018-10-27,O,234,633,652,2,213
2018-10-28,A,0,690,464,0,226
2018-10-28,AB,110,163,93,2,178
2018-10-28,B,0,722,488,1,233
2018-10-28,O,213,1140,636,1,716
2018-10-29,A,226,271,460,1,36
2018-10-29,AB,178,79,108,1,148
2018-10-29,B,233,308,498,0,43
2018-10-29,O,716,438,696,2,456
2018-10-30,A,36,391,427,0,0
2018-10-30,AB,148,93,110,0,131
2018-10-30,B,43,442,448,1,36
2018-10-30,O,456,599,688,3,364
2018-10-31,A,0,398,398,0,0
2018-10-31,AB,131,95,119,1,106
2018-10-31,B,36,427,463,0,0
2018-10-31,O,364,598,698,2,262
2018-11-01,A,0,356,356,0,0
2018-11-01,AB,106,99,130,0,75
2018-11-01,B,0,389,389,0,0
2018-11-01,O,262,611,748,0,125
2018-11-02,A,0,193,193,0,0
2018-11-02,AB,75,44,119,0,0
2018-11-02,B,0,193,193,0,0
2018-11-02,O,125,254,379,0,0
2018-11-03,A,0,303,303,0,0
2018-11-03,AB,0,67,67,0,0
2018-11-03,B,0,352,352,0,0
2018-11-03,O,0,520,520,0,0
2018-11-04,A,0,585,422,0,163
2018-11-04,AB,0,134,104,0,30
2018-11-04,B,0,553,435,1,117
2018-11-04,O,0,991,666,5,320
2018-11-05,A,163,228,391,0,0
2018-11-05,AB,30,57,87,0,0
2018-11-05,B,117,242,359,0,0
2018-11-05,O,320,351,671,0,0
2018-11-06,A,0,345,345,0,0
2018-11-06,AB,0,85,85,0,0
2018-11-06,B,0,332,332,0,0
2018-11-06,O,0,518,518,0,0
2018-11-07,A,0,325,325,0,0
2018-11-07,AB,0,98,95,0,3
2018-11-07,B,0,338,338,0,0
2018-11-07,O,0,510,510,0,0
2018-11-08,A,0,342,342,0,0
2018-11-08,AB,3,106,84,1,24
2018-11-08,B,0,355,355,0,0
2018-11-08,O,0,524,524,0,0
2018-11-09,A,0,210,210,0,0
2018-11-09,AB,24,67,91,0,0
2018-11-09,B,0,208,208,0,0
2018-11-09,O,0,351,351,0,0
2018-11-10,A,0,693,389,1,303
2018-11-10,AB,0,177,85,0,92
2018-11-10,B,0,676,395,1,280
2018-11-10,O,0,1216,596,3,617
2018-11-11,A,303,715,441,3,574
2018-11-11,AB,92,168,91,1,168
2018-11-11,B,280,754,410,6,618
2018-11-11,O,617,1111,631,7,1090
2018-11-12,A,574,409,452,2,529
2018-11-12,AB,168,98,105,0,161
2018-11-12,B,618,435,474,5,574
2018-11-12,O,1090,621,685,4,1022
2018-11-13,A,529,434,473,1,489
2018-11-13,AB,161,101,95,0,167
2018-11-13,B,574,478,451,6,595
2018-11-13,O,1022,689,635,13,1063
2018-11-14,A,489,478,478,1,488
2018-11-14,AB,167,110,99,3,175
2018-11-14,B,595,498,485,4,604
2018-11-14,O,1063,793,624,5,1227
2018-11-15,A,488,514,475,5,522
2018-11-15,AB,175,115,108,0,182
2018-11-15,B,604,511,478,6,631
2018-11-15,O,1227,824,689,7,1355
2018-11-16,A,522,302,447,0,377
2018-11-16,AB,182,82,108,0,156
2018-11-16,B,631,348,449,0,530
2018-11-16,O,1355,516,655,7,1209
2018-11-17,A,377,358,400,0,335
2018-11-17,AB,156,111,84,3,180
2018-11-17,B,530,441,431,4,536
2018-11-17,O,1209,659,614,9,1245
2018-11-18,A,335,828,451,5,707
2018-11-18,AB,180,223,93,2,308
2018-11-18,B,536,940,446,5,1025
2018-11-18,O,1245,1489,626,10,2098
2018-11-19,A,707,350,457,1,599
2018-11-19,AB,308,56,116,2,246
2018-11-19,B,1025,392,485,3,929
2018-11-19,O,2098,569,706,11,1950
2018-11-20,A,599,143,486,1,255
2018-11-20,AB,246,32,101,1,176
2018-11-20,B,929,170,450,4,645
2018-11-20,O,1950,230,628,9,1543
2018-11-21,A,255,493,445,2,301
2018-11-21,AB,176,115,115,0,176
2018-11-21,B,645,554,452,5,742
2018-11-21,O,1543,848,694,7,1690
2018-11-22,A,301,465,465,1,300
2018-11-22,AB,176,110,108,1,177
2018-11-22,B,742,542,449,2,833
2018-11-22,O,1690,767,689,12,1756
2018-11-23,A,300,307,427,2,178
2018-11-23,AB,177,64,109,2,130
2018-11-23,B,833,316,473,6,670
2018-11-23,O,1756,498,666,13,1575
2018-11-24,A,178,357,397,2,136
2018-11-24,AB,130,90,96,1,123
2018-11-24,B,670,425,438,4,653
2018-11-24,O,1575,626,617,6,1578
2018-11-25,A,136,677,390,1,422
2018-11-25,AB,123,105,94,1,133
2018-11-25,B,653,615,442,5,821
2018-11-25,O,1578,1045,635,13,1975
2018-11-26,A,422,332,482,1,271
2018-11-26,AB,133,78,91,1,119
2018-11-26,B,821,349,513,5,652
2018-11-26,O,1975,541,691,14,1811
2018-11-27,A,271,367,474,2,162
2018-11-27,AB,119,65,114,0,70
2018-11-27,B,652,356,460,5,543
2018-11-27,O,1811,560,654,16,1701
2018-11-28,A,162,427,493,1,95
2018-11-28,AB,70,100,105,0,65
2018-11-28,B,543,442,413,5,567
2018-11-28,O,1701,659,665,7,1688
2018-11-29,A,95,344,439,0,0
2018-11-29,AB,65,44,88,1,20
2018-11-29,B,567,396,442,4,517
2018-11-29,O,1688,554,697,11,1534
2018-11-30,A,0,223,223,0,0
2018-11-30,AB,20,58,78,0,0
2018-11-30,B,517,280,474,0,323
2018-11-30,O,1534,411,699,12,1234
2018-12-01,A,0,291,291,0,0
2018-12-01,AB,0,61,61,0,0
2018-12-01,B,323,288,389,3,219
2018-12-01,O,1234,469,602,5,1096
2018-12-02,A,0,784,401,4,379
2018-12-02,AB,0,160,96,0,64
2018-12-02,B,219,801,459,3,558
2018-12-02,O,1096,1289,684,12,1689
2018-12-03,A,379,266,475,1,169
2018-12-03,AB,64,73,101,0,36
2018-12-03,B,558,301,515,0,344
2018-12-03,O,1689,397,654,8,1424
2018-12-04,A,169,400,419,0,150
2018-12-04,AB,36,123,90,2,67
2018-12-04,B,344,449,470,4,319
2018-12-04,O,1424,658,663,2,1417
2018-12-05,A,150,454,391,2,211
2018-12-05,AB,67,100,104,0,63
2018-12-05,B,319,535,482,1,371
2018-12-05,O,1417,786,711,8,1484
2018-12-06,A,211,400,434,1,176
2018-12-06,AB,63,114,91,0,86
2018-12-06,B,371,512,499,0,384
2018-12-06,O,1484,725,719,10,1480
2018-12-07,A,176,197,373,0,0
2018-12-07,AB,86,50,93,0,43
2018-12-07,B,384,229,613,0,0
2018-12-07,O,1480,319,720,5,1074
2018-12-08,A,0,376,376,0,0
2018-12-08,AB,43,108,93,1,57
2018-12-08,B,0,451,451,0,0
2018-12-08,O,1074,696,607,8,1155
2018-12-09,A,0,474,440,0,34
2018-12-09,AB,57,104,82,0,79
2018-12-09,B,0,471,455,0,16
2018-12-09,O,1155,785,642,6,1292
2018-12-10,A,34,154,188,0,0
2018-12-10,AB,79,43,100,0,22
2018-12-10,B,16,186,202,0,0
2018-12-10,O,1292,244,694,6,836
2018-12-11,A,0,341,341,0,0
2018-12-11,AB,22,89,83,0,28
2018-12-11,B,0,323,323,0,0
2018-12-11,O,836,501,671,8,658
2018-12-12,A,0,251,251,0,0
2018-12-12,AB,28,72,100,0,0
2018-12-12,B,0,292,292,0,0
2018-12-12,O,658,443,639,2,460
2018-12-13,A,0,403,403,0,0
2018-12-13,AB,0,80,80,0,0
2018-12-13,B,0,422,422,0,0
2018-12-13,O,460,620,626,2,452
2018-12-14,A,0,207,207,0,0
2018-12-14,AB,0,54,54,0,0
2018-12-14,B,0,207,207,0,0
2018-12-14,O,452,344,609,0,187
2018-12-15,A,0,332,332,0,0
2018-12-15,AB,0,127,89,1,37
2018-12-15,B,0,408,408,0,0
2018-12-15,O,187,641,529,2,297
2018-12-16,A,0,458,397,2,59
2018-12-16,AB,37,118,76,0,79
2018-12-16,B,0,449,449,0,0
2018-12-16,O,297,788,575,5,505
2018-12-17,A,59,224,283,0,0
2018-12-17,AB,79,68,80,0,67
2018-12-17,B,0,277,277,0,0
2018-12-17,O,505,412,591,1,325
2018-12-18,A,0,372,372,0,0
2018-12-18,AB,67,107,79,1,94
2018-12-18,B,0,406,406,0,0
2018-12-18,O,325,622,587,1,359
2018-12-19,A,0,373,373,0,0
2018-12-19,AB,94,91,98,0,87
2018-12-19,B,0,428,415,1,12
2018-12-19,O,359,613,516,1,455
2018-12-20,A,0,273,273,0,0
2018-12-20,AB,87,82,86,1,82
2018-12-20,B,12,300,312,0,0
2018-12-20,O,455,466,571,0,350
2018-12-21,A,0,174,174,0,0
2018-12-21,AB,82,44,76,0,50
2018-12-21,B,0,188,188,0,0
2018-12-21,O,350,343,542,1,150
2018-12-22,A,0,320,320,0,0
2018-12-22,AB,50,91,62,3,76
2018-12-22,B,0,350,350,0,0
2018-12-22,O,150,513,488,0,175
2018-12-23,A,0,561,391,0,170
2018-12-23,AB,76,151,92,2,133
2018-12-23,B,0,586,382,0,204
2018-12-23,O,175,1015,515,2,673
2018-12-24,A,170,194,364,0,0
2018-12-24,AB,133,43,97,0,79
2018-12-24,B,204,207,366,0,45
2018-12-24,O,673,379,602,3,447
2018-12-25,A,0,305,305,0,0
2018-12-25,AB,79,68,75,0,72
2018-12-25,B,45,327,372,0,0
2018-12-25,O,447,435,536,2,344
2018-12-26,A,0,180,180,0,0
2018-12-26,AB,72,50,86,1,35
2018-12-26,B,0,211,211,0,0
2018-12-26,O,344,300,549,3,92
2018-12-27,A,0,328,328,0,0
2018-12-27,AB,35,86,84,1,36
2018-12-27,B,0,318,318,0,0
2018-12-27,O,92,499,525,0,66
2018-12-28,A,0,198,198,0,0
2018-12-28,AB,36,63,69,0,30
2018-12-28,B,0,254,254,0,0
2018-12-28,O,66,378,444,0,0
2018-12-29,A,0,403,309,1,93
2018-12-29,AB,30,84,66,0,48
2018-12-29,B,0,359,359,0,0
2018-12-29,O,0,619,512,0,107
2018-12-30,A,93,473,322,2,242
2018-12-30,AB,48,102,82,0,68
2018-12-30,B,0,585,380,2,203
2018-12-30,O,107,837,458,3,483
2018-12-31,A,242,212,403,0,51
2018-12-31,AB,68,61,69,0,60
2018-12-31,B,203,230,382,0,51
2018-12-31,O,483,354,551,2,284
2019-01-01,A,51,363,380,0,34
2019-01-01,AB,60,92,76,1,75
2019-01-01,B,51,429,368,3,109
2019-01-01,O,284,629,541,2,370
2019-01-02,A,34,216,250,0,0
2019-01-02,AB,75,52,72,0,55
2019-01-02,B,109,216,325,0,0
2019-01-02,O,370,302,540,1,131
2019-01-03,A,0,358,358,0,0
2019-01-03,AB,55,94,81,1,67
2019-01-03,B,0,408,397,0,11
2019-01-03,O,131,581,515,0,197
2019-01-04,A,0,205,205,0,0
2019-01-04,AB,67,42,91,0,18
2019-01-04,B,11,223,234,0,0
2019-01-04,O,197,334,515,0,16
2019-01-05,A,0,335,297,0,38
2019-01-05,AB,18,87,62,0,43
2019-01-05,B,0,356,295,0,61
2019-01-05,O,16,585,479,1,121
2019-01-06,A,38,624,293,1,368
2019-01-06,AB,43,176,81,0,138
2019-01-06,B,61,604,353,1,311
2019-01-06,O,121,1043,498,8,658
2019-01-07,A,368,152,338,1,181
2019-01-07,AB,138,39,70,1,106
2019-01-07,B,311,212,355,0,168
2019-01-07,O,658,318,534,2,440
2019-01-08,A,181,318,348,0,151
2019-01-08,AB,106,93,67,3,129
2019-01-08,B,168,332,385,1,114
2019-01-08,O,440,541,483,2,496
2019-01-09,A,151,470,355,2,264
2019-01-09,AB,129,127,79,1,176
2019-01-09,B,114,506,383,1,236
2019-01-09,O,496,760,571,5,680
2019-01-10,A,264,424,336,0,352
2019-01-10,AB,176,112,66,2,220
2019-01-10,B,236,470,379,2,325
2019-01-10,O,680,791,551,8,912
2019-01-11,A,352,310,334,0,328
2019-01-11,AB,220,70,73,1,216
2019-01-11,B,325,311,398,2,236
2019-01-11,O,912,579,574,4,913
2019-01-12,A,328,405,297,2,434
2019-01-12,AB,216,86,74,1,227
2019-01-12,B,236,377,341,3,269
2019-01-12,O,913,578,498,4,989
2019-01-13,A,434,862,342,3,951
2019-01-13,AB,227,202,74,2,353
2019-01-13,B,269,691,353,4,603
2019-01-13,O,989,1284,508,10,1755
2019-01-14,A,951,248,349,7,843
2019-01-14,AB,353,89,88,2,352
2019-01-14,B,603,286,414,4,471
2019-01-14,O,1755,404,574,9,1576
2019-01-15,A,843,366,379,7,823
2019-01-15,AB,352,98,110,5,335
2019-01-15,B,471,426,392,2,503
2019-01-15,O,1576,617,525,13,1655
2019-01-16,A,823,419,352,7,883
2019-01-16,AB,335,108,77,0,366
2019-01-16,B,503,454,380,5,572
2019-01-16,O,1655,668,584,11,1728
2019-01-17,A,883,493,377,2,997
2019-01-17,AB,366,103,82,1,386
2019-01-17,B,572,550,416,3,703
2019-01-17,O,1728,784,657,11,1844
2019-01-18,A,997,271,363,0,905
2019-01-18,AB,386,78,72,3,389
2019-01-18,B,703,292,387,0,608
2019-01-18,O,1844,403,606,8,1633
2019-01-19,A,905,390,358,4,933
2019-01-19,AB,389,92,76,4,401
2019-01-19,B,608,436,326,3,715
2019-01-19,O,1633,645,592,14,1672
2019-01-20,A,933,705,347,9,1282
2019-01-20,AB,401,172,79,3,491
2019-01-20,B,715,852,372,9,1186
2019-01-20,O,1672,1228,578,22,2300
2019-01-21,A,1282,625,420,7,1480
2019-01-21,AB,491,185,106,5,565
2019-01-21,B,1186,901,426,6,1655
2019-01-21,O,2300,1226,687,20,2819
2019-01-22,A,1480,206,371,9,1306
2019-01-22,AB,565,61,81,3,542
2019-01-22,B,1655,247,437,6,1459
2019-01-22,O,2819,306,628,17,2480
2019-01-23,A,1306,464,404,10,1356
2019-01-23,AB,542,138,72,4,604
2019-01-23,B,1459,642,451,13,1637
2019-01-23,O,2480,821,613,15,2673
2019-01-24,A,1356,482,391,13,1434
2019-01-24,AB,604,109,78,6,629
2019-01-24,B,1637,498,410,11,1714
2019-01-24,O,2673,789,616,11,2835
2019-01-25,A,1434,324,386,7,1365
2019-01-25,AB,629,95,89,9,626
2019-01-25,B,1714,399,442,13,1658
2019-01-25,O,2835,563,697,26,2675
2019-01-26,A,1365,501,360,10,1496
2019-01-26,AB,626,130,83,4,669
2019-01-26,B,1658,568,423,19,1784
2019-01-26,O,2675,846,630,16,2875
2019-01-27,A,1496,634,374,11,1745
2019-01-27,AB,669,139,90,8,710
2019-01-27,B,1784,639,407,16,2000
2019-01-27,O,2875,1071,630,27,3289
2019-01-28,A,1745,250,407,7,1581
2019-01-28,AB,710,76,90,8,688
2019-01-28,B,2000,277,429,10,1838
2019-01-28,O,3289,433,649,27,3046
2019-01-29,A,1581,392,399,10,1564
2019-01-29,AB,688,91,107,7,665
2019-01-29,B,1838,433,414,14,1843
2019-01-29,O,3046,647,696,25,2972
2019-01-30,A,1564,439,389,8,1606
2019-01-30,AB,665,107,94,6,672
2019-01-30,B,1843,462,471,18,1816
2019-01-30,O,2972,706,683,23,2972
2019-01-31,A,1606,377,429,13,1541
2019-01-31,AB,672,107,85,7,687
2019-01-31,B,1816,401,430,9,1778
2019-01-31,O,2972,700,693,15,2964
2019-02-01,A,1541,366,419,9,1479
2019-02-01,AB,687,81,94,9,665
2019-02-01,B,1778,322,484,17,1599
2019-02-01,O,2964,559,717,23,2783
2019-02-02,A,1479,351,363,9,1458
2019-02-02,AB,665,62,86,7,634
2019-02-02,B,1599,385,410,8,1566
2019-02-02,O,2783,574,603,20,2734
2019-02-03,A,1458,467,370,9,1546
2019-02-03,AB,634,115,77,10,662
2019-02-03,B,1566,486,402,12,1638
2019-02-03,O,2734,828,630,15,2917
2019-02-04,A,1546,202,415,10,1323
2019-02-04,AB,662,56,97,11,610
2019-02-04,B,1638,238,477,8,1391
2019-02-04,O,2917,393,648,20,2642
2019-02-05,A,1323,233,375,8,1173
2019-02-05,AB,610,60,98,7,565
2019-02-05,B,1391,263,461,4,1189
2019-02-05,O,2642,384,663,20,2343
2019-02-06,A,1173,293,403,7,1056
2019-02-06,AB,565,64,96,5,528
2019-02-06,B,1189,285,447,7,1020
2019-02-06,O,2343,448,642,17,2132
2019-02-07,A,1056,299,380,5,970
2019-02-07,AB,528,77,88,4,513
2019-02-07,B,1020,317,437,4,896
2019-02-07,O,2132,485,654,11,1952
2019-02-08,A,970,182,388,3,761
2019-02-08,AB,513,31,84,0,460
2019-02-08,B,896,217,441,4,668
2019-02-08,O,1952,316,592,7,1669
2019-02-09,A,761,376,413,6,718
2019-02-09,AB,460,108,84,3,481
2019-02-09,B,668,404,417,4,651
2019-02-09,O,1669,610,553,13,1713
2019-02-10,A,718,580,382,3,913
2019-02-10,AB,481,141,94,4,524
2019-02-10,B,651,635,406,4,876
2019-02-10,O,1713,988,618,9,2074
2019-02-11,A,913,303,397,3,816
2019-02-11,AB,524,94,85,3,530
2019-02-11,B,876,354,440,1,789
2019-02-11,O,2074,574,575,10,2063
2019-02-12,A,816,303,351,3,765
2019-02-12,AB,530,92,94,10,518
2019-02-12,B,789,369,400,5,753
2019-02-12,O,2063,554,598,16,2003
2019-02-13,A,765,443,416,6,786
2019-02-13,AB,518,111,96,2,531
2019-02-13,B,753,514,455,7,805
2019-02-13,O,2003,764,637,14,2116
2019-02-14,A,786,517,409,10,884
2019-02-14,AB,531,117,82,4,562
2019-02-14,B,805,573,455,8,915
2019-02-14,O,2116,757,621,8,2244
2019-02-15,A,884,217,422,5,674
2019-02-15,AB,562,55,73,3,541
2019-02-15,B,915,273,431,3,754
2019-02-15,O,2244,382,677,15,1934
2019-02-16,A,674,481,398,3,754
2019-02-16,AB,541,101,92,8,542
2019-02-16,B,754,553,410,6,891
2019-02-16,O,1934,765,583,14,2102
2019-02-17,A,754,569,348,7,968
2019-02-17,AB,542,146,87,5,596
2019-02-17,B,891,615,435,8,1063
2019-02-17,O,2102,1029,580,26,2525
2019-02-18,A,968,228,389,3,804
2019-02-18,AB,596,58,89,1,564
2019-02-18,B,1063,272,445,4,886
2019-02-18,O,2525,373,634,8,2256
2019-02-19,A,804,395,373,8,818
2019-02-19,AB,564,128,94,2,596
2019-02-19,B,886,525,443,4,964
2019-02-19,O,2256,693,610,17,2322
2019-02-20,A,818,488,404,5,897
2019-02-20,AB,596,130,97,8,621
2019-02-20,B,964,568,397,6,1129
2019-02-20,O,2322,899,602,19,2600
2019-02-21,A,897,433,381,3,946
2019-02-21,AB,621,106,81,8,638
2019-02-21,B,1129,441,457,3,1110
2019-02-21,O,2600,659,633,15,2611
2019-02-22,A,946,369,411,6,898
2019-02-22,AB,638,83,81,8,632
2019-02-22,B,1110,377,396,8,1083
2019-02-22,O,2611,578,649,16,2524
2019-02-23,A,898,428,883,1,442
2019-02-23,AB,632,94,98,7,621
2019-02-23,B,1083,450,385,7,1141
2019-02-23,O,2524,727,536,16,2699
2019-02-24,A,442,774,384,5,827
2019-02-24,AB,621,189,73,6,731
2019-02-24,B,1141,797,423,15,1500
2019-02-24,O,2699,1262,567,19,3375
2019-02-25,A,827,312,397,7,735
2019-02-25,AB,731,68,83,10,706
2019-02-25,B,1500,338,422,8,1408
2019-02-25,O,3375,522,596,18,3283
2019-02-26,A,735,466,395,5,801
2019-02-26,AB,706,115,81,7,733
2019-02-26,B,1408,546,397,10,1547
2019-02-26,O,3283,842,651,24,3450
2019-02-27,A,801,531,401,1,930
2019-02-27,AB,733,108,88,6,747
2019-02-27,B,1547,610,460,15,1682
2019-02-27,O,3450,820,583,25,3662
2019-02-28,A,930,413,384,5,954
2019-02-28,AB,747,109,68,12,776
2019-02-28,B,1682,488,423,10,1737
2019-02-28,O,3662,702,667,25,3672
2019-03-01,A,954,228,395,5,782
2019-03-01,AB,776,49,83,10,732
2019-03-01,B,1737,227,401,9,1554
2019-03-01,O,3672,380,580,19,3453
2019-03-02,A,782,346,359,1,768
2019-03-02,AB,732,83,77,10,728
2019-03-02,B,1554,374,405,3,1520
2019-03-02,O,3453,570,583,14,3426
2019-03-03,A,768,696,388,5,1071
2019-03-03,AB,728,161,81,7,801
2019-03-03,B,1520,723,417,11,1815
2019-03-03,O,3426,1146,561,42,3969
2019-03-04,A,1071,213,411,5,868
2019-03-04,AB,801,52,108,6,739
2019-03-04,B,1815,231,998,7,1041
2019-03-04,O,3969,381,596,24,3730
2019-03-05,A,868,548,392,7,1017
2019-03-05,AB,739,120,76,12,771
2019-03-05,B,1041,582,463,6,1154
2019-03-05,O,3730,845,628,33,3914
2019-03-06,A,1017,509,412,3,1111
2019-03-06,AB,771,125,99,14,783
2019-03-06,B,1154,536,442,7,1241
2019-03-06,O,3914,774,625,45,4018
2019-03-07,A,1111,436,437,6,1104
2019-03-07,AB,783,106,94,10,785
2019-03-07,B,1241,494,433,9,1293
2019-03-07,O,4018,730,650,25,4073
2019-03-08,A,1104,248,461,1,890
2019-03-08,AB,785,49,87,12,735
2019-03-08,B,1293,245,473,6,1059
2019-03-08,O,4073,388,635,36,3790
2019-03-09,A,890,490,410,11,959
2019-03-09,AB,735,111,84,10,752
2019-03-09,B,1059,462,417,3,1101
2019-03-09,O,3790,770,545,42,3973
2019-03-10,A,959,918,415,8,1454
2019-03-10,AB,752,171,77,12,834
2019-03-10,B,1101,912,450,16,1547
2019-03-10,O,3973,1514,625,49,4813
2019-03-11,A,1454,227,456,6,1219
2019-03-11,AB,834,43,99,11,767
2019-03-11,B,1547,237,463,9,1312
2019-03-11,O,4813,345,672,46,4440
2019-03-12,A,1219,372,426,6,1159
2019-03-12,AB,767,75,79,11,752
2019-03-12,B,1312,442,462,11,1281
2019-03-12,O,4440,681,647,56,4418
2019-03-13,A,1159,599,456,8,1294
2019-03-13,AB,752,124,117,11,748
2019-03-13,B,1281,675,441,9,1506
2019-03-13,O,4418,965,614,69,4700
2019-03-14,A,1294,416,417,16,1277
2019-03-14,AB,748,95,97,8,738
2019-03-14,B,1506,426,463,8,1461
2019-03-14,O,4700,690,682,48,4660
2019-03-15,A,1277,265,467,2,1073
2019-03-15,AB,738,71,98,6,705
2019-03-15,B,1461,256,433,7,1277
2019-03-15,O,4660,409,636,44,4389
2019-03-16,A,1073,456,420,8,1101
2019-03-16,AB,705,109,84,6,724
2019-03-16,B,1277,516,422,7,1364
2019-03-16,O,4389,746,604,43,4488
2019-03-17,A,1101,805,434,9,1463
2019-03-17,AB,724,187,80,8,823
2019-03-17,B,1364,827,413,9,1769
2019-03-17,O,4488,1332,635,59,5126
2019-03-18,A,1463,363,451,11,1364
2019-03-18,AB,823,97,97,13,810
2019-03-18,B,1769,409,440,13,1725
2019-03-18,O,5126,611,685,61,4991
2019-03-19,A,1364,559,459,9,1455
2019-03-19,AB,810,172,88,15,879
2019-03-19,B,1725,672,477,13,1907
2019-03-19,O,4991,978,707,54,5208
2019-03-20,A,1455,497,484,9,1459
2019-03-20,AB,879,120,111,17,871
2019-03-20,B,1907,569,468,9,1999
2019-03-20,O,5208,823,732,76,5223
2019-03-21,A,1459,383,434,10,1398
2019-03-21,AB,871,118,85,16,888
2019-03-21,B,1999,407,474,13,1919
2019-03-21,O,5223,624,687,76,5084
2019-03-22,A,1398,219,478,7,1132
2019-03-22,AB,888,53,85,5,851
2019-03-22,B,1919,251,460,10,1700
2019-03-22,O,5084,388,678,54,4740
2019-03-23,A,1132,359,417,7,1067
2019-03-23,AB,851,101,82,14,856
2019-03-23,B,1700,387,396,18,1673
2019-03-23,O,4740,662,609,52,4741
2019-03-24,A,1067,753,435,12,1373
2019-03-24,AB,856,193,101,14,934
2019-03-24,B,1673,738,412,4,1995
2019-03-24,O,4741,1227,621,66,5281
2019-03-25,A,1373,314,485,8,1194
2019-03-25,AB,934,61,84,8,903
2019-03-25,B,1995,302,483,7,1807
2019-03-25,O,5281,531,635,56,5121
2019-03-26,A,1194,501,443,10,1242
2019-03-26,AB,903,123,92,16,918
2019-03-26,B,1807,492,435,10,1854
2019-03-26,O,5121,807,651,82,5195
2019-03-27,A,1242,504,435,6,1305
2019-03-27,AB,918,118,100,11,925
2019-03-27,B,1854,552,467,13,1926
2019-03-27,O,5195,911,691,76,5339
2019-03-28,A,1305,429,451,6,1277
2019-03-28,AB,925,119,90,12,942
2019-03-28,B,1926,444,508,12,1850
2019-03-28,O,5339,688,624,67,5336
2019-03-29,A,1277,201,425,9,1044
2019-03-29,AB,942,62,103,17,884
2019-03-29,B,1850,267,519,13,1585
2019-03-29,O,5336,401,684,60,4993
2019-03-30,A,1044,305,390,5,954
2019-03-30,AB,884,79,82,19,862
2019-03-30,B,1585,406,448,10,1533
2019-03-30,O,4993,571,568,73,4923
2019-03-31,A,954,501,367,9,1079
2019-03-31,AB,862,134,97,10,889
2019-03-31,B,1533,566,434,8,1657
2019-03-31,O,4923,882,624,51,5130
2019-04-01,A,1079,178,382,7,868
2019-04-01,AB,889,37,87,13,826
2019-04-01,B,1657,183,459,6,1375
2019-04-01,O,5130,315,673,56,4716
2019-04-02,A,868,348,397,4,815
2019-04-02,AB,826,114,81,21,838
2019-04-02,B,1375,373,460,6,1282
2019-04-02,O,4716,594,593,47,4670
2019-04-03,A,815,327,409,5,728
2019-04-03,AB,838,96,99,11,824
2019-04-03,B,1282,388,477,9,1184
2019-04-03,O,4670,532,602,41,4559
2019-04-04,A,728,377,369,3,733
2019-04-04,AB,824,94,97,12,809
2019-04-04,B,1184,415,462,6,1131
2019-04-04,O,4559,607,629,54,4483
2019-04-05,A,733,185,405,0,513
2019-04-05,AB,809,58,89,7,771
2019-04-05,B,1131,203,465,8,861
2019-04-05,O,4483,346,620,34,4175
2019-04-06,A,513,444,320,2,635
2019-04-06,AB,771,115,77,11,798
2019-04-06,B,861,488,436,7,906
2019-04-06,O,4175,726,578,36,4287
2019-04-07,A,635,625,346,4,910
2019-04-07,AB,798,158,122,12,822
2019-04-07,B,906,672,441,9,1128
2019-04-07,O,4287,1017,529,60,4715
2019-04-08,A,910,225,394,3,738
2019-04-08,AB,822,54,78,10,788
2019-04-08,B,1128,223,428,6,917
2019-04-08,O,4715,360,641,44,4390
2019-04-09,A,738,545,402,6,875
2019-04-09,AB,788,145,101,16,816
2019-04-09,B,917,578,437,4,1054
2019-04-09,O,4390,877,611,51,4605
2019-04-10,A,875,425,339,6,955
2019-04-10,AB,816,118,108,12,814
2019-04-10,B,1054,483,481,8,1048
2019-04-10,O,4605,681,609,62,4615
2019-04-11,A,955,476,345,5,1081
2019-04-11,AB,814,112,97,10,819
2019-04-11,B,1048,519,472,4,1091
2019-04-11,O,4615,822,629,53,4755
2019-04-12,A,1081,259,333,9,998
2019-04-12,AB,819,56,89,12,774
2019-04-12,B,1091,272,421,6,936
2019-04-12,O,4755,420,562,32,4581
2019-04-13,A,998,439,298,6,1133
2019-04-13,AB,774,108,86,11,785
2019-04-13,B,936,479,427,1,987
2019-04-13,O,4581,832,513,62,4838
2019-04-14,A,1133,777,300,10,1600
2019-04-14,AB,785,167,79,14,859
2019-04-14,B,987,772,427,7,1325
2019-04-14,O,4838,1308,556,70,5520
2019-04-15,A,1600,394,365,9,1620
2019-04-15,AB,859,92,99,8,844
2019-04-15,B,1325,438,433,7,1323
2019-04-15,O,5520,670,673,68,5449
2019-04-16,A,1620,469,359,14,1716
2019-04-16,AB,844,92,92,13,831
2019-04-16,B,1323,511,436,8,1390
2019-04-16,O,5449,747,594,80,5522
2019-04-17,A,1716,557,290,13,1970
2019-04-17,AB,831,108,68,11,860
2019-04-17,B,1390,638,414,9,1605
2019-04-17,O,5522,969,647,76,5768
2019-04-18,A,1970,421,309,12,2070
2019-04-18,AB,860,99,85,12,862
2019-04-18,B,1605,493,421,10,1667
2019-04-18,O,5768,739,640,86,5781
2019-04-19,A,2070,233,322,12,1969
2019-04-19,AB,862,38,77,14,809
2019-04-19,B,1667,301,420,6,1542
2019-04-19,O,5781,387,619,78,5471
2019-04-20,A,1969,428,327,8,2062
2019-04-20,AB,809,94,85,11,807
2019-04-20,B,1542,523,388,15,1662
2019-04-20,O,5471,783,585,75,5594
2019-04-21,A,2062,733,293,24,2478
2019-04-21,AB,807,162,94,13,862
2019-04-21,B,1662,736,418,14,1966
2019-04-21,O,5594,1277,579,104,6188
2019-04-22,A,2478,283,350,22,2389
2019-04-22,AB,862,65,84,14,829
2019-04-22,B,1966,278,425,9,1810
2019-04-22,O,6188,494,675,88,5919
2019-04-23,A,2389,420,334,18,2457
2019-04-23,AB,829,104,84,7,842
2019-04-23,B,1810,460,454,6,1810
2019-04-23,O,5919,696,630,78,5907
2019-04-24,A,2457,418,348,30,2497
2019-04-24,AB,842,92,93,7,834
2019-04-24,B,1810,490,454,7,1839
2019-04-24,O,5907,707,582,98,5934
2019-04-25,A,2497,399,345,21,2530
2019-04-25,AB,834,109,80,10,853
2019-04-25,B,1839,443,464,7,1811
2019-04-25,O,5934,699,583,83,5967
2019-04-26,A,2530,332,340,14,2508
2019-04-26,AB,853,64,99,10,808
2019-04-26,B,1811,369,460,7,1713
2019-04-26,O,5967,555,575,88,5859
2019-04-27,A,2508,530,285,34,2719
2019-04-27,AB,808,107,76,12,827
2019-04-27,B,1713,551,386,5,1873
2019-04-27,O,5859,944,546,91,6166
2019-04-28,A,2719,871,317,46,3227
2019-04-28,AB,827,165,68,15,909
2019-04-28,B,1873,816,419,12,2258
2019-04-28,O,6166,1363,548,114,6867
2019-04-29,A,3227,376,354,44,3205
2019-04-29,AB,909,95,70,15,919
2019-04-29,B,2258,414,452,16,2204
2019-04-29,O,6867,585,627,123,6702
2019-04-30,A,3205,447,326,54,3272
2019-04-30,AB,919,108,75,11,941
2019-04-30,B,2204,500,423,14,2267
2019-04-30,O,6702,715,632,107,6678
2019-05-01,A,3272,1216,383,81,4024
2019-05-01,AB,941,272,79,28,1106
2019-05-01,B,2267,1190,470,27,2960
2019-05-01,O,6678,2006,684,166,7834
2019-05-02,A,4024,399,412,80,3931
2019-05-02,AB,1106,105,77,29,1105
2019-05-02,B,2960,470,496,40,2894
2019-05-02,O,7834,631,659,151,7655
2019-05-03,A,3931,403,399,69,3866
2019-05-03,AB,1105,96,95,23,1083
2019-05-03,B,2894,503,502,30,2865
2019-05-03,O,7655,711,1641,131,6594
2019-05-04,A,3866,459,359,66,3900
2019-05-04,AB,1083,88,78,18,1075
2019-05-04,B,2865,497,416,30,2916
2019-05-04,O,6594,830,632,102,6690
2019-05-05,A,3900,778,348,88,4242
2019-05-05,AB,1075,153,94,22,1112
2019-05-05,B,2916,754,462,36,3172
2019-05-05,O,6690,1250,664,130,7146
2019-05-06,A,4242,56,383,59,3856
2019-05-06,AB,1112,9,96,22,1003
2019-05-06,B,3172,66,520,28,2690
2019-05-06,O,7146,94,755,96,6389
2019-05-07,A,3856,102,381,45,3532
2019-05-07,AB,1003,36,79,17,943
2019-05-07,B,2690,142,438,18,2376
2019-05-07,O,6389,197,719,96,5771
2019-05-08,A,3532,129,355,42,3264
2019-05-08,AB,943,28,83,7,881
2019-05-08,B,2376,135,442,7,2062
2019-05-08,O,5771,197,730,62,5176
2019-05-09,A,3264,182,388,50,3008
2019-05-09,AB,881,35,118,12,786
2019-05-09,B,2062,193,422,14,1819
2019-05-09,O,5176,291,669,57,4741
2019-05-10,A,3008,167,349,28,2798
2019-05-10,AB,786,31,82,6,729
2019-05-10,B,1819,176,437,6,1552
2019-05-10,O,4741,266,626,43,4338
2019-05-11,A,2798,263,299,29,2733
2019-05-11,AB,729,71,73,13,714
2019-05-11,B,1552,279,377,4,1450
2019-05-11,O,4338,459,613,43,4141
2019-05-12,A,2733,645,323,41,3014
2019-05-12,AB,714,127,73,7,761
2019-05-12,B,1450,657,393,6,1708
2019-05-12,O,4141,1053,575,46,4573
2019-05-13,A,3014,108,358,39,2725
2019-05-13,AB,761,19,94,12,674
2019-05-13,B,1708,131,448,7,1384
2019-05-13,O,4573,179,662,34,4056
2019-05-14,A,2725,127,314,26,2512
2019-05-14,AB,674,31,88,2,615
2019-05-14,B,1384,154,452,4,1082
2019-05-14,O,4056,181,658,29,3550
2019-05-15,A,2512,256,336,25,2407
2019-05-15,AB,615,46,71,3,587
2019-05-15,B,1082,247,402,1,926
2019-05-15,O,3550,390,601,22,3317
2019-05-16,A,2407,234,328,17,2296
2019-05-16,AB,587,71,77,5,576
2019-05-16,B,926,291,445,2,770
2019-05-16,O,3317,402,563,26,3130
2019-05-17,A,2296,146,308,20,2114
2019-05-17,AB,576,40,69,4,543
2019-05-17,B,770,159,409,2,518
2019-05-17,O,3130,237,568,21,2778
2019-05-18,A,2114,253,268,16,2083
2019-05-18,AB,543,75,70,2,546
2019-05-18,B,518,261,367,3,409
2019-05-18,O,2778,398,493,17,2666
2019-05-19,A,2083,898,274,19,2688
2019-05-19,AB,546,197,92,9,642
2019-05-19,B,409,904,391,8,914
2019-05-19,O,2666,1576,557,22,3663
2019-05-20,A,2688,178,310,22,2534
2019-05-20,AB,642,53,77,6,612
2019-05-20,B,914,190,366,5,733
2019-05-20,O,3663,243,582,27,3297
2019-05-21,A,2534,196,334,25,2371
2019-05-21,AB,612,48,80,7,573
2019-05-21,B,733,213,401,3,542
2019-05-21,O,3297,331,573,19,3036
2019-05-22,A,2371,214,303,23,2259
2019-05-22,AB,573,45,93,8,517
2019-05-22,B,542,251,393,4,396
2019-05-22,O,3036,418,559,17,2878
2019-05-23,A,2259,211,262,15,2193
2019-05-23,AB,517,55,80,4,488
2019-05-23,B,396,238,392,1,241
2019-05-23,O,2878,351,520,12,2697
2019-05-24,A,2193,246,289,18,2132
2019-05-24,AB,488,63,94,1,456
2019-05-24,B,241,252,334,0,159
2019-05-24,O,2697,441,526,19,2593
2019-05-25,A,2132,278,259,13,2138
2019-05-25,AB,456,70,59,4,463
2019-05-25,B,159,266,375,0,50
2019-05-25,O,2593,431,493,21,2510
2019-05-26,A,2138,725,261,25,2577
2019-05-26,AB,463,172,70,5,560
2019-05-26,B,50,720,362,2,406
2019-05-26,O,2510,1220,517,11,3202
2019-05-27,A,2577,154,272,14,2445
2019-05-27,AB,560,36,83,4,509
2019-05-27,B,406,133,394,2,143
2019-05-27,O,3202,247,524,14,2911
2019-05-28,A,2445,220,242,25,2398
2019-05-28,AB,509,60,61,3,505
2019-05-28,B,143,219,362,0,0
2019-05-28,O,2911,386,494,8,2795
2019-05-29,A,2398,190,255,28,2305
2019-05-29,AB,505,48,68,5,480
2019-05-29,B,0,251,251,0,0
2019-05-29,O,2795,380,499,21,2655
2019-05-30,A,2305,180,236,20,2229
2019-05-30,AB,480,39,70,3,446
2019-05-30,B,0,213,213,0,0
2019-05-30,O,2655,283,479,18,2441
2019-05-31,A,2229,130,224,15,2120
2019-05-31,AB,446,25,47,1,423
2019-05-31,B,0,140,140,0,0
2019-05-31,O,2441,217,414,17,2227
2019-06-01,A,2120,164,201,16,2067
2019-06-01,AB,423,41,56,1,407
2019-06-01,B,0,199,199,0,0
2019-06-01,O,2227,291,362,18,2138
2019-06-02,A,2067,418,208,13,2264
2019-06-02,AB,407,102,48,1,460
2019-06-02,B,0,397,256,0,141
2019-06-02,O,2138,709,388,20,2439
2019-06-03,A,2264,150,186,23,2205
2019-06-03,AB,460,34,69,3,422
2019-06-03,B,141,157,298,0,0
2019-06-03,O,2439,249,376,16,2296
2019-06-04,A,2205,87,182,17,2093
2019-06-04,AB,422,25,71,0,376
2019-06-04,B,0,99,99,0,0
2019-06-04,O,2296,158,357,15,2082
2019-06-05,A,2093,1,162,14,1918
2019-06-05,AB,376,0,56,1,319
2019-06-05,B,0,3,3,0,0
2019-06-05,O,2082,5,353,7,1727
2019-06-06,A,1918,43,193,10,1758
2019-06-06,AB,319,12,45,2,284
2019-06-06,B,0,54,54,0,0
2019-06-06,O,1727,91,324,8,1486
2019-06-07,A,1758,111,192,10,1667
2019-06-07,AB,284,34,52,2,264
2019-06-07,B,0,117,117,0,0
2019-06-07,O,1486,190,795,5,876
2019-06-08,A,1667,174,196,10,1635
2019-06-08,AB,264,43,42,3,262
2019-06-08,B,0,187,187,0,0
2019-06-08,O,876,346,297,5,920
2019-06-09,A,1635,484,183,12,1924
2019-06-09,AB,262,120,67,1,314
2019-06-09,B,0,514,217,2,295
2019-06-09,O,920,876,360,9,1427
2019-06-10,A,1924,242,203,10,1953
2019-06-10,AB,314,49,51,1,311
2019-06-10,B,295,252,268,1,278
2019-06-10,O,1427,374,386,8,1407
2019-06-11,A,1953,438,196,23,2172
2019-06-11,AB,311,121,43,2,387
2019-06-11,B,278,471,264,3,482
2019-06-11,O,1407,687,389,9,1696
2019-06-12,A,2172,390,200,18,2344
2019-06-12,AB,387,106,45,2,446
2019-06-12,B,482,444,226,4,696
2019-06-12,O,1696,707,405,9,1989
2019-06-13,A,2344,435,215,22,2542
2019-06-13,AB,446,104,63,1,486
2019-06-13,B,696,503,271,7,921
2019-06-13,O,1989,789,380,16,2382
2019-06-14,A,2542,453,244,26,2725
2019-06-14,AB,486,123,65,2,542
2019-06-14,B,921,465,310,2,1074
2019-06-14,O,2382,818,442,19,2739
2019-06-15,A,2725,460,199,39,2947
2019-06-15,AB,542,124,58,6,602
2019-06-15,B,1074,504,254,3,1321
2019-06-15,O,2739,855,410,15,3169
2019-06-16,A,2947,916,232,60,3571
2019-06-16,AB,602,200,61,9,732
2019-06-16,B,1321,892,282,9,1922
2019-06-16,O,3169,1510,418,30,4231
2019-06-17,A,3571,303,284,52,3538
2019-06-17,AB,732,88,70,10,740
2019-06-17,B,1922,346,358,13,1897
2019-06-17,O,4231,561,516,36,4240
2019-06-18,A,3538,409,259,71,3617
2019-06-18,AB,740,118,62,9,787
2019-06-18,B,1897,444,318,12,2011
2019-06-18,O,4240,663,480,42,4381
2019-06-19,A,3617,475,275,69,3748
2019-06-19,AB,787,125,150,13,749
2019-06-19,B,2011,544,285,10,2260
2019-06-19,O,4381,822,504,43,4656
2019-06-20,A,3748,481,520,60,3649
2019-06-20,AB,749,140,80,14,795
2019-06-20,B,2260,512,335,15,2422
2019-06-20,O,4656,753,496,60,4853
2019-06-21,A,3649,221,274,48,3548
2019-06-21,AB,795,58,80,10,763
2019-06-21,B,2422,290,380,24,2308
2019-06-21,O,4853,425,509,57,4712
2019-06-22,A,3548,556,220,49,3835
2019-06-22,AB,763,144,49,11,847
2019-06-22,B,2308,600,301,21,2586
2019-06-22,O,4712,968,511,68,5101
2019-06-23,A,3835,801,265,77,4294
2019-06-23,AB,847,201,73,11,964
2019-06-23,B,2586,835,327,20,3074
2019-06-23,O,5101,1311,533,64,5815
2019-06-24,A,4294,329,270,86,4267
2019-06-24,AB,964,74,72,13,953
2019-06-24,B,3074,326,385,31,2984
2019-06-24,O,5815,535,549,73,5728
2019-06-25,A,4267,387,301,94,4259
2019-06-25,AB,953,106,78,16,965
2019-06-25,B,2984,414,349,32,3017
2019-06-25,O,5728,668,565,73,5758
2019-06-26,A,4259,382,331,96,4214
2019-06-26,AB,965,93,65,14,979
2019-06-26,B,3017,423,345,33,3062
2019-06-26,O,5758,678,594,87,5755
2019-06-27,A,4214,377,328,81,4182
2019-06-27,AB,979,89,87,28,953
2019-06-27,B,3062,483,326,37,3182
2019-06-27,O,5755,649,566,109,5729
2019-06-28,A,4182,224,333,58,4015
2019-06-28,AB,953,67,77,13,930
2019-06-28,B,3182,271,382,33,3038
2019-06-28,O,5729,407,606,80,5450
2019-06-29,A,4015,361,264,65,4047
2019-06-29,AB,930,113,77,27,939
2019-06-29,B,3038,391,363,31,3035
2019-06-29,O,5450,625,556,70,5449
2019-06-30,A,4047,576,302,77,4244
2019-06-30,AB,939,155,62,17,1015
2019-06-30,B,3035,582,336,43,3238
2019-06-30,O,5449,958,575,86,5746
2019-07-01,A,4244,149,324,50,4019
2019-07-01,AB,1015,47,66,12,984
2019-07-01,B,3238,195,362,33,3038
2019-07-01,O,5746,302,630,78,5340
2019-07-02,A,4019,239,319,73,3866
2019-07-02,AB,984,74,71,17,970
2019-07-02,B,3038,265,385,34,2884
2019-07-02,O,5340,456,628,52,5116
2019-07-03,A,3866,423,310,62,3917
2019-07-03,AB,970,122,79,19,994
2019-07-03,B,2884,466,389,38,2923
2019-07-03,O,5116,834,671,62,5217
2019-07-04,A,3917,364,353,57,3871
2019-07-04,AB,994,102,75,24,997
2019-07-04,B,2923,367,395,37,2858
2019-07-04,O,5217,585,685,64,5053
2019-07-05,A,3871,149,375,51,3594
2019-07-05,AB,997,45,84,17,941
2019-07-05,B,2858,185,409,19,2615
2019-07-05,O,5053,348,681,46,4674
2019-07-06,A,3594,331,299,64,3562
2019-07-06,AB,941,87,77,11,940
2019-07-06,B,2615,362,397,31,2549
2019-07-06,O,4674,557,585,51,4595
2019-07-07,A,3562,848,360,65,3985
2019-07-07,AB,940,198,79,22,1037
2019-07-07,B,2549,871,401,37,2982
2019-07-07,O,4595,1372,634,86,5247
2019-07-08,A,3985,257,387,57,3798
2019-07-08,AB,1037,70,86,18,1003
2019-07-08,B,2982,318,454,31,2815
2019-07-08,O,5247,426,703,59,4911
2019-07-09,A,3798,380,350,68,3760
2019-07-09,AB,1003,95,78,17,1003
2019-07-09,B,2815,402,439,34,2744
2019-07-09,O,4911,647,700,49,4809
2019-07-10,A,3760,552,411,66,3835
2019-07-10,AB,1003,141,112,14,1018
2019-07-10,B,2744,598,448,20,2874
2019-07-10,O,4809,893,709,41,4952
2019-07-11,A,3835,330,374,61,3730
2019-07-11,AB,1018,79,99,14,984
2019-07-11,B,2874,362,433,26,2777
2019-07-11,O,4952,557,734,48,4727
2019-07-12,A,3730,212,396,62,3484
2019-07-12,AB,984,61,97,14,934
2019-07-12,B,2777,259,406,28,2602
2019-07-12,O,4727,378,737,47,4321
2019-07-13,A,3484,490,348,51,3575
2019-07-13,AB,934,128,75,17,970
2019-07-13,B,2602,523,409,22,2694
2019-07-13,O,4321,871,617,57,4518
2019-07-14,A,3575,751,386,62,3878
2019-07-14,AB,970,181,80,21,1050
2019-07-14,B,2694,805,415,35,3049
2019-07-14,O,4518,1273,686,62,5043
2019-07-15,A,3878,267,370,65,3710
2019-07-15,AB,1050,71,86,17,1018
2019-07-15,B,3049,300,395,28,2926
2019-07-15,O,5043,468,693,43,4775
2019-07-16,A,3710,396,366,55,3685
2019-07-16,AB,1018,110,75,23,1030
2019-07-16,B,2926,474,448,35,2917
2019-07-16,O,4775,689,648,47,4769
2019-07-17,A,3685,417,391,68,3643
2019-07-17,AB,1030,98,97,19,1012
2019-07-17,B,2917,427,458,30,2856
2019-07-17,O,4769,668,666,51,4720
2019-07-18,A,3643,365,385,48,3575
2019-07-18,AB,1012,83,102,14,979
2019-07-18,B,2856,360,412,29,2775
2019-07-18,O,4720,596,658,54,4604
2019-07-19,A,3575,200,388,51,3336
2019-07-19,AB,979,51,102,21,907
2019-07-19,B,2775,210,439,18,2528
2019-07-19,O,4604,365,683,46,4240
2019-07-20,A,3336,424,328,47,3385
2019-07-20,AB,907,99,83,19,904
2019-07-20,B,2528,441,366,22,2581
2019-07-20,O,4240,712,611,47,4294
2019-07-21,A,3385,901,383,67,3836
2019-07-21,AB,904,192,77,16,1003
2019-07-21,B,2581,859,395,28,3017
2019-07-21,O,4294,1386,648,72,4960
2019-07-22,A,3836,336,377,77,3718
2019-07-22,AB,1003,85,95,17,976
2019-07-22,B,3017,395,475,34,2903
2019-07-22,O,4960,582,735,57,4750
2019-07-23,A,3718,380,381,51,3666
2019-07-23,AB,976,82,88,18,952
2019-07-23,B,2903,425,412,28,2888
2019-07-23,O,4750,716,681,59,4726
2019-07-24,A,3666,539,400,58,3747
2019-07-24,AB,952,137,105,17,967
2019-07-24,B,2888,637,466,34,3025
2019-07-24,O,4726,974,671,66,4963
2019-07-25,A,3747,523,408,67,3795
2019-07-25,AB,967,99,91,12,963
2019-07-25,B,3025,568,459,24,3110
2019-07-25,O,4963,799,731,62,4969
2019-07-26,A,3795,429,359,57,3808
2019-07-26,AB,963,81,94,16,934
2019-07-26,B,3110,442,432,40,3080
2019-07-26,O,4969,695,669,63,4932
2019-07-27,A,3808,395,359,70,3774
2019-07-27,AB,934,77,161,14,836
2019-07-27,B,3080,420,457,22,3021
2019-07-27,O,4932,613,656,57,4832
2019-07-28,A,3774,678,353,74,4025
2019-07-28,AB,836,160,92,21,883
2019-07-28,B,3021,719,424,40,3276
2019-07-28,O,4832,1166,664,56,5278
2019-07-29,A,4025,221,398,47,3801
2019-07-29,AB,883,50,97,7,829
2019-07-29,B,3276,233,459,26,3024
2019-07-29,O,5278,341,665,55,4899
2019-07-30,A,3801,322,379,59,3685
2019-07-30,AB,829,62,101,11,779
2019-07-30,B,3024,367,444,34,2913
2019-07-30,O,4899,529,641,58,4729
2019-07-31,A,3685,295,387,66,3527
2019-07-31,AB,779,84,82,10,771
2019-07-31,B,2913,355,495,28,2745
2019-07-31,O,4729,537,673,49,4544
2019-08-01,A,3527,387,420,43,3451
2019-08-01,AB,771,84,94,13,748
2019-08-01,B,2745,416,511,27,2623
2019-08-01,O,4544,597,686,37,4418
2019-08-02,A,3451,240,393,42,3256
2019-08-02,AB,748,45,83,12,698
2019-08-02,B,2623,282,490,18,2397
2019-08-02,O,4418,421,697,31,4111
2019-08-03,A,3256,603,385,47,3427
2019-08-03,AB,698,163,90,9,762
2019-08-03,B,2397,671,436,23,2609
2019-08-03,O,4111,1020,628,43,4460
2019-08-04,A,3427,813,412,51,3777
2019-08-04,AB,762,151,97,9,807
2019-08-04,B,2609,848,495,25,2937
2019-08-04,O,4460,1368,690,62,5076
2019-08-05,A,3777,196,475,41,3457
2019-08-05,AB,807,58,90,11,764
2019-08-05,B,2937,213,513,19,2618
2019-08-05,O,5076,331,736,53,4618
2019-08-06,A,3457,401,409,51,3398
2019-08-06,AB,764,93,105,9,743
2019-08-06,B,2618,440,516,17,2525
2019-08-06,O,4618,687,693,49,4563
2019-08-07,A,3398,470,426,46,3396
2019-08-07,AB,743,116,103,5,751
2019-08-07,B,2525,507,480,25,2527
2019-08-07,O,4563,843,671,67,4668
2019-08-08,A,3396,400,468,40,3288
2019-08-08,AB,751,97,106,4,738
2019-08-08,B,2527,426,520,21,2412
2019-08-08,O,4668,680,701,52,4595
2019-08-09,A,3288,197,447,44,2994
2019-08-09,AB,738,34,81,8,683
2019-08-09,B,2412,218,767,14,1849
2019-08-09,O,4595,364,640,44,4275
2019-08-10,A,2994,166,406,26,2728
2019-08-10,AB,683,37,77,11,632
2019-08-10,B,1849,174,414,11,1598
2019-08-10,O,4275,254,605,31,3893
2019-08-11,A,2728,136,445,27,2392
2019-08-11,AB,632,17,82,9,558
2019-08-11,B,1598,122,449,12,1259
2019-08-11,O,3893,224,585,34,3498
2019-08-12,A,2392,194,435,21,2130
2019-08-12,AB,558,38,88,5,503
2019-08-12,B,1259,187,437,11,998
2019-08-12,O,3498,338,622,13,3201
2019-08-13,A,2130,179,595,9,1705
2019-08-13,AB,503,55,94,3,461
2019-08-13,B,998,193,402,4,785
2019-08-13,O,3201,310,633,18,2860
2019-08-14,A,1705,317,575,5,1442
2019-08-14,AB,461,51,77,2,433
2019-08-14,B,785,345,471,5,654
2019-08-14,O,2860,521,639,15,2727
2019-08-15,A,1442,347,578,11,1200
2019-08-15,AB,433,101,74,2,458
2019-08-15,B,654,364,431,1,586
2019-08-15,O,2727,567,670,12,2612
2019-08-16,A,1200,157,568,6,783
2019-08-16,AB,458,36,88,4,402
2019-08-16,B,586,140,425,3,298
2019-08-16,O,2612,275,656,6,2225
2019-08-17,A,783,365,532,8,608
2019-08-17,AB,402,84,71,1,414
2019-08-17,B,298,414,391,4,317
2019-08-17,O,2225,640,619,21,2225
2019-08-18,A,608,754,627,1,734
2019-08-18,AB,414,172,74,4,508
2019-08-18,B,317,759,372,2,702
2019-08-18,O,2225,1282,637,11,2859
2019-08-19,A,734,152,637,1,248
2019-08-19,AB,508,46,87,5,462
2019-08-19,B,702,220,411,3,508
2019-08-19,O,2859,318,677,20,2480
2019-08-20,A,248,390,580,0,58
2019-08-20,AB,462,85,92,3,452
2019-08-20,B,508,413,421,5,495
2019-08-20,O,2480,665,616,7,2522
2019-08-21,A,58,366,424,0,0
2019-08-21,AB,452,86,86,3,449
2019-08-21,B,495,462,457,1,499
2019-08-21,O,2522,651,616,16,2541
2019-08-22,A,0,380,380,0,0
2019-08-22,AB,449,91,77,3,460
2019-08-22,B,499,418,422,4,491
2019-08-22,O,2541,621,643,14,2505
2019-08-23,A,0,271,271,0,0
2019-08-23,AB,460,62,84,3,435
2019-08-23,B,491,286,412,0,365
2019-08-23,O,2505,466,605,17,2349
2019-08-24,A,0,1085,586,3,496
2019-08-24,AB,435,256,77,1,613
2019-08-24,B,365,1153,384,6,1128
2019-08-24,O,2349,1694,608,24,3411
2019-08-25,A,496,1104,620,4,976
2019-08-25,AB,613,276,82,11,796
2019-08-25,B,1128,1269,439,18,1940
2019-08-25,O,3411,1867,628,51,4599
2019-08-26,A,976,253,612,5,612
2019-08-26,AB,796,68,95,10,759
2019-08-26,B,1940,267,442,13,1752
2019-08-26,O,4599,431,658,28,4344
2019-08-27,A,612,307,400,3,516
2019-08-27,AB,759,68,87,14,726
2019-08-27,B,1752,350,414,13,1675
2019-08-27,O,4344,517,669,41,4151
2019-08-28,A,516,379,420,5,470
2019-08-28,AB,726,79,80,5,720
2019-08-28,B,1675,361,454,8,1574
2019-08-28,O,4151,556,675,33,3999
2019-08-29,A,470,361,419,2,410
2019-08-29,AB,720,108,81,8,739
2019-08-29,B,1574,417,462,5,1524
2019-08-29,O,3999,648,631,30,3986
2019-08-30,A,410,157,394,0,173
2019-08-30,AB,739,37,91,10,675
2019-08-30,B,1524,178,461,6,1235
2019-08-30,O,3986,310,638,25,3633
2019-08-31,A,173,492,375,4,286
2019-08-31,AB,675,114,89,10,690
2019-08-31,B,1235,522,425,9,1323
2019-08-31,O,3633,915,581,43,3924
2019-09-01,A,286,533,412,5,402
2019-09-01,AB,690,107,84,8,705
2019-09-01,B,1323,560,454,3,1426
2019-09-01,O,3924,959,655,46,4182
2019-09-02,A,402,170,399,1,172
2019-09-02,AB,705,42,99,10,638
2019-09-02,B,1426,196,464,8,1150
2019-09-02,O,4182,292,676,28,3770
2019-09-03,A,172,397,416,0,153
2019-09-03,AB,638,128,82,6,678
2019-09-03,B,1150,506,433,11,1212
2019-09-03,O,3770,635,645,33,3727
2019-09-04,A,153,335,377,1,110
2019-09-04,AB,678,70,94,9,645
2019-09-04,B,1212,384,422,8,1166
2019-09-04,O,3727,569,697,25,3574
2019-09-05,A,110,334,436,0,8
2019-09-05,AB,645,78,74,8,641
2019-09-05,B,1166,367,450,4,1079
2019-09-05,O,3574,578,670,18,3464
2019-09-06,A,8,139,147,0,0
2019-09-06,AB,641,36,83,4,590
2019-09-06,B,1079,150,377,2,850
2019-09-06,O,3464,236,605,13,3082
2019-09-07,A,0,354,354,0,0
2019-09-07,AB,590,101,75,7,609
2019-09-07,B,850,400,374,9,867
2019-09-07,O,3082,612,581,16,3097
2019-09-08,A,0,628,423,1,204
2019-09-08,AB,609,131,84,6,650
2019-09-08,B,867,586,371,6,1076
2019-09-08,O,3097,999,593,20,3483
2019-09-09,A,204,138,342,0,0
2019-09-09,AB,650,30,78,5,597
2019-09-09,B,1076,128,453,6,745
2019-09-09,O,3483,208,681,19,2991
2019-09-10,A,0,258,258,0,0
2019-09-10,AB,597,53,96,5,549
2019-09-10,B,745,312,408,4,645
2019-09-10,O,2991,465,663,15,2778
2019-09-11,A,0,445,435,0,10
2019-09-11,AB,549,124,104,1,568
2019-09-11,B,645,524,446,5,718
2019-09-11,O,2778,776,678,16,2860
2019-09-12,A,10,377,387,0,0
2019-09-12,AB,568,81,87,8,554
2019-09-12,B,718,423,454,5,682
2019-09-12,O,2860,605,682,15,2768
2019-09-13,A,0,197,197,0,0
2019-09-13,AB,554,35,70,7,512
2019-09-13,B,682,226,441,2,465
2019-09-13,O,2768,320,693,14,2381
2019-09-14,A,0,308,308,0,0
2019-09-14,AB,512,81,83,5,505
2019-09-14,B,465,357,438,5,379
2019-09-14,O,2381,570,609,16,2326
2019-09-15,A,0,638,424,1,213
2019-09-15,AB,505,144,85,7,557
2019-09-15,B,379,623,448,3,551
2019-09-15,O,2326,1018,709,10,2625
2019-09-16,A,213,413,462,0,164
2019-09-16,AB,557,100,88,5,564
2019-09-16,B,551,516,490,6,571
2019-09-16,O,2625,728,739,21,2593
2019-09-17,A,164,208,372,0,0
2019-09-17,AB,564,45,84,2,523
2019-09-17,B,571,231,444,0,358
2019-09-17,O,2593,381,666,14,2294
2019-09-18,A,0,369,369,0,0
2019-09-18,AB,523,88,99,6,506
2019-09-18,B,358,427,471,3,311
2019-09-18,O,2294,637,727,20,2184
2019-09-19,A,0,354,354,0,0
2019-09-19,AB,506,67,83,3,487
2019-09-19,B,311,363,465,0,209
2019-09-19,O,2184,591,1497,3,1275
2019-09-20,A,0,251,251,0,0
2019-09-20,AB,487,65,85,2,465
2019-09-20,B,209,262,411,1,59
2019-09-20,O,1275,357,684,7,941
2019-09-21,A,0,411,411,0,0
2019-09-21,AB,465,113,81,2,495
2019-09-21,B,59,525,429,0,155
2019-09-21,O,941,797,665,2,1071
2019-09-22,A,0,895,446,3,446
2019-09-22,AB,495,190,94,2,589
2019-09-22,B,155,881,480,1,555
2019-09-22,O,1071,1508,628,11,1940
2019-09-23,A,446,266,425,1,286
2019-09-23,AB,589,72,91,5,565
2019-09-23,B,555,333,435,1,452
2019-09-23,O,1940,504,692,16,1736
2019-09-24,A,286,312,416,4,178
2019-09-24,AB,565,69,83,8,543
2019-09-24,B,452,352,387,3,414
2019-09-24,O,1736,510,698,12,1536
2019-09-25,A,178,348,394,2,130
2019-09-25,AB,543,71,89,2,523
2019-09-25,B,414,383,419,1,377
2019-09-25,O,1536,605,687,10,1444
2019-09-26,A,130,356,398,0,88
2019-09-26,AB,523,89,93,8,511
2019-09-26,B,377,387,435,2,327
2019-09-26,O,1444,602,675,5,1366
2019-09-27,A,88,269,357,0,0
2019-09-27,AB,511,83,84,4,506
2019-09-27,B,327,308,413,0,222
2019-09-27,O,1366,484,667,7,1176
2019-09-28,A,0,396,375,0,21
2019-09-28,AB,506,92,67,4,527
2019-09-28,B,222,502,391,0,333
2019-09-28,O,1176,796,639,6,1327
2019-09-29,A,21,615,394,2,240
2019-09-29,AB,527,132,72,7,580
2019-09-29,B,333,641,384,7,583
2019-09-29,O,1327,1055,666,11,1705
2019-09-30,A,240,251,408,1,82
2019-09-30,AB,580,71,80,4,567
2019-09-30,B,583,306,382,3,504
2019-09-30,O,1705,390,662,7,1426
2019-10-01,A,82,302,384,0,0
2019-10-01,AB,567,96,87,2,574
2019-10-01,B,504,321,418,2,405
2019-10-01,O,1426,499,712,9,1204
2019-10-02,A,0,347,347,0,0
2019-10-02,AB,574,94,74,6,588
2019-10-02,B,405,401,427,1,378
2019-10-02,O,1204,676,739,7,1134
2019-10-03,A,0,371,371,0,0
2019-10-03,AB,588,89,78,8,591
2019-10-03,B,378,461,432,3,404
2019-10-03,O,1134,651,738,2,1045
2019-10-04,A,0,201,201,0,0
2019-10-04,AB,591,63,78,2,574
2019-10-04,B,404,231,445,0,190
2019-10-04,O,1045,374,718,2,699
2019-10-05,A,0,477,411,0,66
2019-10-05,AB,574,108,75,6,601
2019-10-05,B,190,556,400,1,345
2019-10-05,O,699,824,677,1,845
2019-10-06,A,66,649,424,2,289
2019-10-06,AB,601,142,93,5,645
2019-10-06,B,345,722,373,7,687
2019-10-06,O,845,1144,675,8,1306
2019-10-07,A,289,265,379,0,175
2019-10-07,AB,645,69,94,2,618
2019-10-07,B,687,273,438,3,519
2019-10-07,O,1306,417,748,7,968
2019-10-08,A,175,317,403,0,89
2019-10-08,AB,618,79,117,6,574
2019-10-08,B,519,332,404,3,444
2019-10-08,O,968,528,720,4,772
2019-10-09,A,89,377,388,0,78
2019-10-09,AB,574,86,96,3,561
2019-10-09,B,444,449,438,2,453
2019-10-09,O,772,691,744,5,714
2019-10-10,A,78,428,385,1,120
2019-10-10,AB,561,97,90,6,562
2019-10-10,B,453,450,442,1,460
2019-10-10,O,714,701,693,6,716
2019-10-11,A,120,231,351,0,0
2019-10-11,AB,562,54,85,4,527
2019-10-11,B,460,261,431,1,289
2019-10-11,O,716,405,687,3,431
2019-10-12,A,0,397,391,0,6
2019-10-12,AB,527,97,83,4,537
2019-10-12,B,289,416,363,1,341
2019-10-12,O,431,739,617,3,550
2019-10-13,A,6,635,343,2,296
2019-10-13,AB,537,125,104,1,557
2019-10-13,B,341,587,412,6,510
2019-10-13,O,550,970,690,4,826
2019-10-14,A,296,196,432,0,60
2019-10-14,AB,557,49,118,5,483
2019-10-14,B,510,231,428,4,309
2019-10-14,O,826,345,744,2,425
2019-10-15,A,60,446,452,0,54
2019-10-15,AB,483,113,96,1,499
2019-10-15,B,309,471,421,3,356
2019-10-15,O,425,700,744,3,378
2019-10-16,A,54,393,387,0,60
2019-10-16,AB,499,120,105,2,512
2019-10-16,B,356,492,403,4,441
2019-10-16,O,378,755,755,0,378
2019-10-17,A,60,380,410,0,30
2019-10-17,AB,512,78,93,2,495
2019-10-17,B,441,409,422,2,426
2019-10-17,O,378,622,743,3,254
2019-10-18,A,30,195,225,0,0
2019-10-18,AB,495,53,72,5,471
2019-10-18,B,426,228,430,3,221
2019-10-18,O,254,309,563,0,0
2019-10-19,A,0,492,332,1,159
2019-10-19,AB,471,109,82,1,497
2019-10-19,B,221,493,400,0,314
2019-10-19,O,0,732,680,0,52
2019-10-20,A,159,640,409,4,386
2019-10-20,AB,497,131,90,5,533
2019-10-20,B,314,704,390,4,624
2019-10-20,O,52,1119,682,4,485
2019-10-21,A,386,209,386,0,209
2019-10-21,AB,533,53,84,5,497
2019-10-21,B,624,243,399,5,463
2019-10-21,O,485,372,693,1,163
2019-10-22,A,209,376,403,1,181
2019-10-22,AB,497,98,77,5,513
2019-10-22,B,463,432,426,9,460
2019-10-22,O,163,622,680,0,105
2019-10-23,A,181,409,407,3,180
2019-10-23,AB,513,100,79,4,530
2019-10-23,B,460,451,419,4,488
2019-10-23,O,105,665,755,0,15
2019-10-24,A,180,453,435,2,196
2019-10-24,AB,530,101,98,5,528
2019-10-24,B,488,464,430,2,520
2019-10-24,O,15,704,719,0,0
2019-10-25,A,196,292,396,0,92
2019-10-25,AB,528,94,99,5,518
2019-10-25,B,520,356,405,3,468
2019-10-25,O,0,542,542,0,0
2019-10-26,A,92,315,363,1,43
2019-10-26,AB,518,77,76,3,516
2019-10-26,B,468,349,387,3,427
2019-10-26,O,0,500,500,0,0
2019-10-27,A,43,403,379,0,67
2019-10-27,AB,516,102,94,7,517
2019-10-27,B,427,454,404,3,474
2019-10-27,O,0,741,663,2,76
2019-10-28,A,67,271,338,0,0
2019-10-28,AB,517,75,102,4,486
2019-10-28,B,474,282,397,2,357
2019-10-28,O,76,496,572,0,0
2019-10-29,A,0,224,224,0,0
2019-10-29,AB,486,60,93,5,448
2019-10-29,B,357,261,381,0,237
2019-10-29,O,0,413,413,0,0
2019-10-30,A,0,253,253,0,0
2019-10-30,AB,448,73,85,3,433
2019-10-30,B,237,297,379,1,154
2019-10-30,O,0,452,452,0,0
2019-10-31,A,0,273,273,0,0
2019-10-31,AB,433,70,87,4,412
2019-10-31,B,154,268,386,0,36
2019-10-31,O,0,420,420,0,0
2019-11-01,A,0,128,128,0,0
2019-11-01,AB,412,25,101,3,333
2019-11-01,B,36,145,181,0,0
2019-11-01,O,0,226,226,0,0
2019-11-02,A,0,404,397,0,7
2019-11-02,AB,333,108,101,1,339
2019-11-02,B,0,449,449,0,0
2019-11-02,O,0,691,623,1,67
2019-11-03,A,7,572,579,0,0
2019-11-03,AB,339,152,84,1,406
2019-11-03,B,0,682,359,6,317
2019-11-03,O,67,1017,641,0,443
2019-11-04,A,0,207,207,0,0
2019-11-04,AB,406,57,80,3,380
2019-11-04,B,317,244,561,0,0
2019-11-04,O,443,378,682,1,138
2019-11-05,A,0,258,258,0,0
2019-11-05,AB,380,77,104,2,351
2019-11-05,B,0,285,285,0,0
2019-11-05,O,138,524,640,0,22
2019-11-06,A,0,367,367,0,0
2019-11-06,AB,351,108,81,3,375
2019-11-06,B,0,433,351,1,81
2019-11-06,O,22,597,619,0,0
2019-11-07,A,0,373,373,0,0
2019-11-07,AB,375,98,84,4,385
2019-11-07,B,81,388,362,0,107
2019-11-07,O,0,657,656,0,1
2019-11-08,A,0,222,222,0,0
2019-11-08,AB,385,50,95,2,338
2019-11-08,B,107,241,348,0,0
2019-11-08,O,1,374,375,0,0
2019-11-09,A,0,641,333,0,308
2019-11-09,AB,338,154,75,1,416
2019-11-09,B,0,700,364,1,335
2019-11-09,O,0,1294,613,2,679
2019-11-10,A,308,723,331,2,698
2019-11-10,AB,416,154,88,5,477
2019-11-10,B,335,711,386,2,658
2019-11-10,O,679,1230,612,4,1293
2019-11-11,A,698,190,430,2,456
2019-11-11,AB,477,52,88,1,440
2019-11-11,B,658,190,383,6,459
2019-11-11,O,1293,336,640,3,986
2019-11-12,A,456,294,373,3,374
2019-11-12,AB,440,65,96,2,407
2019-11-12,B,459,329,406,1,381
2019-11-12,O,986,483,681,3,785
2019-11-13,A,374,380,429,2,323
2019-11-13,AB,407,86,99,4,390
2019-11-13,B,381,403,389,2,393
2019-11-13,O,785,689,637,5,832
2019-11-14,A,323,406,389,0,340
2019-11-14,AB,390,101,100,3,388
2019-11-14,B,393,414,372,1,434
2019-11-14,O,832,700,697,7,828
2019-11-15,A,340,177,367,0,150
2019-11-15,AB,388,43,79,0,352
2019-11-15,B,434,202,375,3,258
2019-11-15,O,828,308,696,1,439
2019-11-16,A,150,381,337,2,192
2019-11-16,AB,352,116,90,2,376
2019-11-16,B,258,418,325,1,350
2019-11-16,O,439,599,600,2,436
2019-11-17,A,192,628,389,1,430
2019-11-17,AB,376,152,89,6,433
2019-11-17,B,350,613,396,2,565
2019-11-17,O,436,1062,649,4,845
2019-11-18,A,430,190,361,0,259
2019-11-18,AB,433,41,80,4,390
2019-11-18,B,565,220,385,2,398
2019-11-18,O,845,344,738,1,450
2019-11-19,A,259,368,358,1,268
2019-11-19,AB,390,73,97,4,362
2019-11-19,B,398,422,408,5,407
2019-11-19,O,450,645,624,5,466
2019-11-20,A,268,374,363,1,278
2019-11-20,AB,362,99,84,1,376
2019-11-20,B,407,399,391,2,413
2019-11-20,O,466,641,635,4,468
2019-11-21,A,278,414,350,3,339
2019-11-21,AB,376,108,93,2,389
2019-11-21,B,413,425,373,6,459
2019-11-21,O,468,649,694,2,421
2019-11-22,A,339,226,349,2,214
2019-11-22,AB,389,54,78,4,361
2019-11-22,B,459,258,351,5,361
2019-11-22,O,421,406,678,1,148
2019-11-23,A,214,406,362,2,256
2019-11-23,AB,361,75,79,2,355
2019-11-23,B,361,462,371,4,448
2019-11-23,O,148,742,637,1,252
2019-11-24,A,256,634,373,3,514
2019-11-24,AB,355,116,72,4,395
2019-11-24,B,448,681,394,9,726
2019-11-24,O,252,1066,586,7,725
2019-11-25,A,514,179,392,2,299
2019-11-25,AB,395,46,97,1,343
2019-11-25,B,726,199,403,2,520
2019-11-25,O,725,293,688,3,327
2019-11-26,A,299,422,336,4,381
2019-11-26,AB,343,111,109,4,341
2019-11-26,B,520,489,409,2,598
2019-11-26,O,327,702,676,4,349
2019-11-27,A,381,396,390,3,384
2019-11-27,AB,341,84,90,2,333
2019-11-27,B,598,460,416,2,640
2019-11-27,O,349,719,638,0,430
2019-11-28,A,384,358,365,3,374
2019-11-28,AB,333,81,91,2,321
2019-11-28,B,640,401,438,1,602
2019-11-28,O,430,645,709,3,363
2019-11-29,A,374,228,375,1,226
2019-11-29,AB,321,60,91,1,289
2019-11-29,B,602,269,405,3,463
2019-11-29,O,363,369,658,0,74
2019-11-30,A,226,435,354,2,305
2019-11-30,AB,289,116,81,2,322
2019-11-30,B,463,487,371,2,577
2019-11-30,O,74,743,668,2,147
2019-12-01,A,305,626,382,4,545
2019-12-01,AB,322,129,84,1,366
2019-12-01,B,577,617,407,2,785
2019-12-01,O,147,1162,709,3,597
2019-12-02,A,545,179,404,0,320
2019-12-02,AB,366,56,90,1,331
2019-12-02,B,785,230,415,3,597
2019-12-02,O,597,383,683,6,291
2019-12-03,A,320,275,366,1,228
2019-12-03,AB,331,74,70,4,331
2019-12-03,B,597,310,386,3,518
2019-12-03,O,291,510,801,0,0
2019-12-04,A,228,329,370,0,187
2019-12-04,AB,331,83,81,2,331
2019-12-04,B,518,341,369,2,488
2019-12-04,O,0,524,524,0,0
2019-12-05,A,187,322,366,0,143
2019-12-05,AB,331,81,82,4,326
2019-12-05,B,488,388,407,3,466
2019-12-05,O,0,558,558,0,0
2019-12-06,A,143,172,315,0,0
2019-12-06,AB,326,48,107,1,266
2019-12-06,B,466,205,393,2,276
2019-12-06,O,0,329,329,0,0
2019-12-07,A,0,417,361,0,56
2019-12-07,AB,266,96,81,2,279
2019-12-07,B,276,442,361,0,357
2019-12-07,O,0,697,651,0,46
2019-12-08,A,56,560,358,1,257
2019-12-08,AB,279,119,60,3,335
2019-12-08,B,357,589,383,5,558
2019-12-08,O,46,909,634,3,318
2019-12-09,A,257,200,374,0,83
2019-12-09,AB,335,61,63,0,333
2019-12-09,B,558,224,432,3,347
2019-12-09,O,318,363,681,0,0
2019-12-10,A,83,435,396,1,121
2019-12-10,AB,333,109,76,3,363
2019-12-10,B,347,472,353,3,463
2019-12-10,O,0,694,678,0,16
2019-12-11,A,121,386,359,1,147
2019-12-11,AB,363,91,67,2,385
2019-12-11,B,463,423,411,2,473
2019-12-11,O,16,613,629,0,0
2019-12-12,A,147,455,379,0,223
2019-12-12,AB,385,102,63,3,421
2019-12-12,B,473,465,433,0,505
2019-12-12,O,0,729,710,1,18
2019-12-13,A,223,226,362,1,86
2019-12-13,AB,421,66,74,2,411
2019-12-13,B,505,229,421,1,312
2019-12-13,O,18,381,399,0,0
2019-12-14,A,86,384,351,2,117
2019-12-14,AB,411,96,78,3,426
2019-12-14,B,312,420,371,5,356
2019-12-14,O,0,633,610,0,23
2019-12-15,A,117,766,346,4,533
2019-12-15,AB,426,180,80,2,524
2019-12-15,B,356,768,402,1,721
2019-12-15,O,23,1257,675,5,600
2019-12-16,A,533,302,393,5,437
2019-12-16,AB,524,54,89,4,485
2019-12-16,B,721,312,374,5,654
2019-12-16,O,600,444,684,4,356
2019-12-17,A,437,377,376,1,437
2019-12-17,AB,485,113,79,3,516
2019-12-17,B,654,452,426,1,679
2019-12-17,O,356,615,690,6,275
2019-12-18,A,437,369,363,4,439
2019-12-18,AB,516,81,83,3,511
2019-12-18,B,679,440,422,5,692
2019-12-18,O,275,612,699,2,186
2019-12-19,A,439,356,402,3,390
2019-12-19,AB,511,98,81,3,525
2019-12-19,B,692,384,443,1,632
2019-12-19,O,186,615,702,0,99
2019-12-20,A,390,292,381,3,298
2019-12-20,AB,525,71,98,3,495
2019-12-20,B,632,281,395,4,514
2019-12-20,O,99,523,622,0,0
2019-12-21,A,298,300,326,0,272
2019-12-21,AB,495,84,81,3,495
2019-12-21,B,514,319,400,3,430
2019-12-21,O,0,510,510,0,0
2019-12-22,A,272,542,371,2,441
2019-12-22,AB,495,120,71,2,542
2019-12-22,B,430,506,374,5,557
2019-12-22,O,0,877,560,1,316
2019-12-23,A,441,150,338,1,252
2019-12-23,AB,542,48,68,0,522
2019-12-23,B,557,190,393,2,352
2019-12-23,O,316,277,593,0,0
2019-12-24,A,252,217,372,0,97
2019-12-24,AB,522,51,73,6,494
2019-12-24,B,352,210,376,1,185
2019-12-24,O,0,332,332,0,0
2019-12-25,A,97,323,340,0,80
2019-12-25,AB,494,72,79,5,482
2019-12-25,B,185,323,373,1,134
2019-12-25,O,0,534,534,0,0
2019-12-26,A,80,242,322,0,0
2019-12-26,AB,482,60,72,5,465
2019-12-26,B,134,310,388,0,56
2019-12-26,O,0,432,432,0,0
2019-12-27,A,0,199,199,0,0
2019-12-27,AB,465,49,180,4,330
2019-12-27,B,56,230,286,0,0
2019-12-27,O,0,348,348,0,0
2019-12-28,A,0,356,311,1,44
2019-12-28,AB,330,95,63,0,362
2019-12-28,B,0,403,338,0,65
2019-12-28,O,0,576,536,0,40
2019-12-29,A,44,590,294,1,339
2019-12-29,AB,362,133,75,1,419
2019-12-29,B,65,541,360,0,246
2019-12-29,O,40,944,596,4,384
2019-12-30,A,339,206,346,0,199
2019-12-30,AB,419,43,76,2,384
2019-12-30,B,246,228,403,0,71
2019-12-30,O,384,315,598,0,101
2019-12-31,A,199,275,339,1,134
2019-12-31,AB,384,75,80,2,377
2019-12-31,B,71,277,348,0,0
2019-12-31,O,101,442,543,0,0
2020-01-01,A,134,418,329,0,223
2020-01-01,AB,377,120,71,3,423
2020-01-01,B,0,444,388,0,56
2020-01-01,O,0,664,582,1,81
2020-01-02,A,223,161,312,1,71
2020-01-02,AB,423,36,74,3,382
2020-01-02,B,56,151,207,0,0
2020-01-02,O,81,294,375,0,0
2020-01-03,A,71,196,267,0,0
2020-01-03,AB,382,44,84,1,341
2020-01-03,B,0,209,209,0,0
2020-01-03,O,0,338,338,0,0
2020-01-04,A,0,342,295,0,47
2020-01-04,AB,341,83,65,1,358
2020-01-04,B,0,347,347,0,0
2020-01-04,O,0,529,529,0,0
2020-01-05,A,47,604,311,2,338
2020-01-05,AB,358,131,69,3,417
2020-01-05,B,0,609,388,1,220
2020-01-05,O,0,1001,568,3,430
2020-01-06,A,338,162,328,2,170
2020-01-06,AB,417,34,71,1,379
2020-01-06,B,220,165,359,0,26
2020-01-06,O,430,292,567,2,153
2020-01-07,A,170,285,334,0,121
2020-01-07,AB,379,88,78,3,386
2020-01-07,B,26,301,327,0,0
2020-01-07,O,153,453,543,1,62
2020-01-08,A,121,425,320,0,226
2020-01-08,AB,386,117,76,2,425
2020-01-08,B,0,503,398,1,104
2020-01-08,O,62,710,569,2,201
2020-01-09,A,226,309,346,1,188
2020-01-09,AB,425,76,78,4,419
2020-01-09,B,104,330,383,0,51
2020-01-09,O,201,524,579,0,146
2020-01-10,A,188,334,335,0,187
2020-01-10,AB,419,75,71,1,422
2020-01-10,B,51,401,347,0,105
2020-01-10,O,146,561,558,0,149
2020-01-11,A,187,382,307,0,262
2020-01-11,AB,422,91,63,3,447
2020-01-11,B,105,434,344,0,195
2020-01-11,O,149,645,513,1,280
2020-01-12,A,262,569,308,3,520
2020-01-12,AB,447,141,67,5,516
2020-01-12,B,195,574,324,1,444
2020-01-12,O,280,1018,572,4,722
2020-01-13,A,520,186,317,2,387
2020-01-13,AB,516,49,74,1,490
2020-01-13,B,444,181,335,3,287
2020-01-13,O,722,321,545,3,495
2020-01-14,A,387,314,294,1,406
2020-01-14,AB,490,85,81,2,492
2020-01-14,B,287,381,328,3,337
2020-01-14,O,495,548,518,3,522
2020-01-15,A,406,465,299,1,571
2020-01-15,AB,492,147,78,3,558
2020-01-15,B,337,584,357,1,563
2020-01-15,O,522,836,571,7,780
2020-01-16,A,571,366,314,5,618
2020-01-16,AB,558,104,74,8,580
2020-01-16,B,563,423,334,4,648
2020-01-16,O,780,596,581,3,792
2020-01-17,A,618,225,296,2,545
2020-01-17,AB,580,63,84,4,555
2020-01-17,B,648,271,358,4,557
2020-01-17,O,792,431,540,2,681
2020-01-18,A,545,445,270,4,716
2020-01-18,AB,555,117,67,4,601
2020-01-18,B,557,552,331,5,773
2020-01-18,O,681,734,497,5,913
2020-01-19,A,716,535,316,5,930
2020-01-19,AB,601,147,68,7,673
2020-01-19,B,773,606,350,5,1024
2020-01-19,O,913,982,513,12,1370
2020-01-20,A,930,301,299,5,927
2020-01-20,AB,673,89,74,8,680
2020-01-20,B,1024,343,348,8,1011
2020-01-20,O,1370,508,636,7,1235
2020-01-21,A,927,400,307,8,1012
2020-01-21,AB,680,110,67,10,713
2020-01-21,B,1011,464,350,10,1115
2020-01-21,O,1235,716,594,5,1352
2020-01-22,A,1012,474,324,10,1152
2020-01-22,AB,713,103,95,8,713
2020-01-22,B,1115,505,395,7,1218
2020-01-22,O,1352,769,578,10,1533
2020-01-23,A,1152,316,340,3,1125
2020-01-23,AB,713,100,84,8,721
2020-01-23,B,1218,341,375,8,1176
2020-01-23,O,1533,556,632,9,1448
2020-01-24,A,1125,225,353,6,991
2020-01-24,AB,721,55,85,7,684
2020-01-24,B,1176,243,381,4,1034
2020-01-24,O,1448,410,601,14,1243
2020-01-25,A,991,309,306,6,988
2020-01-25,AB,684,68,70,7,675
2020-01-25,B,1034,270,361,7,936
2020-01-25,O,1243,489,525,4,1203
2020-01-26,A,988,282,342,7,921
2020-01-26,AB,675,73,74,8,666
2020-01-26,B,936,304,356,5,879
2020-01-26,O,1203,499,556,4,1142
2020-01-27,A,921,224,338,9,798
2020-01-27,AB,666,61,82,7,638
2020-01-27,B,879,240,367,3,749
2020-01-27,O,1142,401,636,7,900
2020-01-28,A,798,242,310,1,729
2020-01-28,AB,638,79,77,5,635
2020-01-28,B,749,269,380,6,632
2020-01-28,O,900,479,556,4,819
2020-01-29,A,729,241,321,6,643
2020-01-29,AB,635,65,78,7,615
2020-01-29,B,632,310,399,4,539
2020-01-29,O,819,556,559,3,813
2020-01-30,A,643,303,315,4,627
2020-01-30,AB,615,75,78,11,601
2020-01-30,B,539,400,327,0,612
2020-01-30,O,813,557,588,6,776
2020-01-31,A,627,191,307,4,507
2020-01-31,AB,601,46,75,3,569
2020-01-31,B,612,214,372,2,452
2020-01-31,O,776,338,563,1,550
2020-02-01,A,507,338,295,4,546
2020-02-01,AB,569,95,61,7,596
2020-02-01,B,452,402,370,6,478
2020-02-01,O,550,548,527,5,566
2020-02-02,A,546,447,285,3,705
2020-02-02,AB,596,133,70,6,653
2020-02-02,B,478,469,354,4,589
2020-02-02,O,566,709,548,1,726
2020-02-03,A,705,251,312,3,641
2020-02-03,AB,653,54,68,4,635
2020-02-03,B,589,249,380,5,453
2020-02-03,O,726,392,599,2,517
2020-02-04,A,641,274,272,9,634
2020-02-04,AB,635,107,87,7,648
2020-02-04,B,453,343,422,4,370
2020-02-04,O,517,484,581,1,419
2020-02-05,A,634,405,299,8,732
2020-02-05,AB,648,110,88,9,661
2020-02-05,B,370,491,368,2,491
2020-02-05,O,419,740,549,5,605
2020-02-06,A,732,371,319,2,782
2020-02-06,AB,661,101,77,16,669
2020-02-06,B,491,406,395,3,499
2020-02-06,O,605,702,600,2,705
2020-02-07,A,782,263,316,3,726
2020-02-07,AB,669,63,85,7,640
2020-02-07,B,499,270,377,4,388
2020-02-07,O,705,413,594,4,520
2020-02-08,A,726,711,755,4,678
2020-02-08,AB,640,227,79,14,774
2020-02-08,B,388,970,396,5,957
2020-02-08,O,520,1346,558,8,1300
2020-02-09,A,678,561,333,8,898
2020-02-09,AB,774,154,84,10,834
2020-02-09,B,957,599,386,5,1165
2020-02-09,O,1300,1005,526,18,1761
2020-02-10,A,898,188,277,2,807
2020-02-10,AB,834,53,79,13,795
2020-02-10,B,1165,209,404,3,967
2020-02-10,O,1761,290,619,14,1418
2020-02-11,A,807,322,273,2,854
2020-02-11,AB,795,93,83,17,788
2020-02-11,B,967,377,398,8,938
2020-02-11,O,1418,542,593,8,1359
2020-02-12,A,854,396,330,5,915
2020-02-12,AB,788,94,94,13,775
2020-02-12,B,938,481,398,9,1012
2020-02-12,O,1359,691,558,15,1477
2020-02-13,A,915,304,315,7,897
2020-02-13,AB,775,75,93,6,751
2020-02-13,B,1012,359,422,4,945
2020-02-13,O,1477,553,595,12,1423
2020-02-14,A,897,195,314,5,773
2020-02-14,AB,751,57,85,11,712
2020-02-14,B,945,208,405,6,742
2020-02-14,O,1423,313,596,6,1134
2020-02-15,A,773,419,285,7,900
2020-02-15,AB,712,123,81,11,743
2020-02-15,B,742,478,370,6,844
2020-02-15,O,1134,744,537,8,1333
2020-02-16,A,900,688,313,9,1266
2020-02-16,AB,743,149,82,13,797
2020-02-16,B,844,723,375,6,1186
2020-02-16,O,1333,1102,596,12,1827
2020-02-17,A,1266,302,308,4,1256
2020-02-17,AB,797,74,89,15,767
2020-02-17,B,1186,329,391,3,1121
2020-02-17,O,1827,459,622,8,1656
2020-02-18,A,1256,323,309,5,1265
2020-02-18,AB,767,90,56,8,793
2020-02-18,B,1121,356,391,3,1083
2020-02-18,O,1656,486,584,10,1548
2020-02-19,A,1265,380,295,4,1346
2020-02-19,AB,793,104,66,7,824
2020-02-19,B,1083,449,416,7,1109
2020-02-19,O,1548,690,546,4,1688
2020-02-20,A,1346,380,346,13,1367
2020-02-20,AB,824,117,86,12,843
2020-02-20,B,1109,479,371,5,1212
2020-02-20,O,1688,725,544,7,1862
2020-02-21,A,1367,279,296,15,1335
2020-02-21,AB,843,65,99,15,794
2020-02-21,B,1212,320,337,10,1185
2020-02-21,O,1862,483,585,10,1750
2020-02-22,A,1335,547,288,11,1583
2020-02-22,AB,794,135,73,11,845
2020-02-22,B,1185,548,377,5,1351
2020-02-22,O,1750,851,514,15,2072
2020-02-23,A,1583,591,295,10,1869
2020-02-23,AB,845,122,80,13,874
2020-02-23,B,1351,619,383,9,1578
2020-02-23,O,2072,1025,533,11,2553
2020-02-24,A,1869,213,340,14,1728
2020-02-24,AB,874,44,81,16,821
2020-02-24,B,1578,224,393,12,1397
2020-02-24,O,2553,415,561,16,2391
2020-02-25,A,1728,452,331,12,1837
2020-02-25,AB,821,116,94,11,832
2020-02-25,B,1397,494,410,8,1473
2020-02-25,O,2391,780,590,16,2565
2020-02-26,A,1837,543,297,16,2067
2020-02-26,AB,832,130,60,13,889
2020-02-26,B,1473,510,416,6,1561
2020-02-26,O,2565,896,613,17,2831
2020-02-27,A,2067,356,357,15,2051
2020-02-27,AB,889,87,70,8,898
2020-02-27,B,1561,382,432,10,1501
2020-02-27,O,2831,577,580,14,2814
2020-02-28,A,2051,313,718,14,1632
2020-02-28,AB,898,67,88,7,870
2020-02-28,B,1501,308,446,6,1357
2020-02-28,O,2814,564,580,12,2786
2020-02-29,A,1632,551,295,13,1875
2020-02-29,AB,870,116,69,18,899
2020-02-29,B,1357,585,366,10,1566
2020-02-29,O,2786,936,507,24,3191
2020-03-01,A,1875,718,323,27,2243
2020-03-01,AB,899,130,85,26,918
2020-03-01,B,1566,682,388,14,1846
2020-03-01,O,3191,1145,561,28,3747
2020-03-02,A,2243,258,350,14,2137
2020-03-02,AB,918,65,88,21,874
2020-03-02,B,1846,267,386,6,1721
2020-03-02,O,3747,427,646,24,3504
2020-03-03,A,2137,284,370,13,2038
2020-03-03,AB,874,79,83,18,852
2020-03-03,B,1721,361,422,11,1649
2020-03-03,O,3504,518,601,24,3397
2020-03-04,A,2038,438,350,14,2112
2020-03-04,AB,852,113,85,12,868
2020-03-04,B,1649,474,418,7,1698
2020-03-04,O,3397,725,608,26,3488
2020-03-05,A,2112,412,371,10,2143
2020-03-05,AB,868,84,88,14,850
2020-03-05,B,1698,440,417,17,1704
2020-03-05,O,3488,664,588,30,3534
2020-03-06,A,2143,230,379,7,1987
2020-03-06,AB,850,55,78,9,818
2020-03-06,B,1704,276,377,10,1593
2020-03-06,O,3534,400,590,27,3317
2020-03-07,A,1987,484,333,18,2120
2020-03-07,AB,818,116,66,15,853
2020-03-07,B,1593,537,363,9,1758
2020-03-07,O,3317,814,558,25,3548
2020-03-08,A,2120,771,363,21,2507
2020-03-08,AB,853,164,68,19,930
2020-03-08,B,1758,761,368,16,2135
2020-03-08,O,3548,1390,636,37,4265
2020-03-09,A,2507,217,394,20,2310
2020-03-09,AB,930,59,86,9,894
2020-03-09,B,2135,240,381,14,1980
2020-03-09,O,4265,395,636,32,3992
2020-03-10,A,2310,448,388,17,2353
2020-03-10,AB,894,114,86,17,905
2020-03-10,B,1980,543,362,17,2144
2020-03-10,O,3992,861,593,35,4225
2020-03-11,A,2353,321,408,15,2251
2020-03-11,AB,905,62,76,9,882
2020-03-11,B,2144,323,371,8,2088
2020-03-11,O,4225,516,633,31,4077
2020-03-12,A,2251,389,371,23,2246
2020-03-12,AB,882,87,75,14,880
2020-03-12,B,2088,448,352,16,2168
2020-03-12,O,4077,623,656,29,4015
2020-03-13,A,2246,148,404,8,1982
2020-03-13,AB,880,42,207,11,704
2020-03-13,B,2168,192,364,14,1982
2020-03-13,O,4015,276,660,28,3603
2020-03-14,A,1982,373,353,12,1990
2020-03-14,AB,704,101,82,8,715
2020-03-14,B,1982,398,361,13,2006
2020-03-14,O,3603,627,571,30,3629
2020-03-15,A,1990,406,350,15,2031
2020-03-15,AB,715,74,67,8,714
2020-03-15,B,2006,456,342,9,2111
2020-03-15,O,3629,753,1284,15,3083
2020-03-16,A,2031,135,401,16,1749
2020-03-16,AB,714,24,78,6,654
2020-03-16,B,2111,152,340,15,1908
2020-03-16,O,3083,234,633,19,2665
2020-03-17,A,1749,137,325,11,1550
2020-03-17,AB,654,33,70,6,611
2020-03-17,B,1908,162,344,11,1715
2020-03-17,O,2665,263,602,14,2312
2020-03-18,A,1550,99,348,11,1290
2020-03-18,AB,611,21,72,6,554
2020-03-18,B,1715,128,344,6,1493
2020-03-18,O,2312,178,509,16,1965
2020-03-19,A,1290,161,360,3,1088
2020-03-19,AB,554,27,65,2,514
2020-03-19,B,1493,180,314,10,1349
2020-03-19,O,1965,288,503,13,1737
2020-03-20,A,1088,213,352,5,944
2020-03-20,AB,514,41,63,3,489
2020-03-20,B,1349,220,296,11,1262
2020-03-20,O,1737,372,542,14,1553
2020-03-21,A,944,218,317,6,839
2020-03-21,AB,489,50,62,1,476
2020-03-21,B,1262,216,271,9,1198
2020-03-21,O,1553,351,514,12,1378
2020-03-22,A,839,111,289,5,656
2020-03-22,AB,476,31,57,2,448
2020-03-22,B,1198,140,270,2,1066
2020-03-22,O,1378,232,505,7,1098
2020-03-23,A,656,223,322,5,552
2020-03-23,AB,448,42,63,3,424
2020-03-23,B,1066,242,456,6,846
2020-03-23,O,1098,388,515,2,969
2020-03-24,A,552,272,308,1,515
2020-03-24,AB,424,69,68,7,418
2020-03-24,B,846,352,311,5,882
2020-03-24,O,969,539,518,9,981
2020-03-25,A,515,350,297,5,563
2020-03-25,AB,418,83,58,3,440
2020-03-25,B,882,385,256,2,1009
2020-03-25,O,981,607,482,10,1096
2020-03-26,A,563,304,300,1,566
2020-03-26,AB,440,67,54,8,445
2020-03-26,B,1009,348,291,3,1063
2020-03-26,O,1096,623,525,5,1189
2020-03-27,A,566,267,329,1,503
2020-03-27,AB,445,63,58,2,448
2020-03-27,B,1063,288,270,4,1077
2020-03-27,O,1189,433,500,9,1113
2020-03-28,A,503,234,262,1,474
2020-03-28,AB,448,64,55,2,455
2020-03-28,B,1077,253,243,12,1075
2020-03-28,O,1113,490,473,10,1120
2020-03-29,A,474,224,259,3,436
2020-03-29,AB,455,48,46,3,454
2020-03-29,B,1075,228,225,6,1072
2020-03-29,O,1120,381,445,7,1049
2020-03-30,A,436,193,301,2,326
2020-03-30,AB,454,32,45,2,439
2020-03-30,B,1072,230,248,6,1048
2020-03-30,O,1049,369,459,2,957
2020-03-31,A,326,237,272,3,288
2020-03-31,AB,439,53,47,2,443
2020-03-31,B,1048,290,256,3,1079
2020-03-31,O,957,459,448,7,961
2020-04-01,A,288,216,291,1,212
2020-04-01,AB,443,56,40,3,456
2020-04-01,B,1079,255,249,8,1077
2020-04-01,O,961,418,474,5,900
2020-04-02,A,212,190,278,1,123
2020-04-02,AB,456,55,50,2,459
2020-04-02,B,1077,214,256,8,1027
2020-04-02,O,900,290,445,5,740
2020-04-03,A,123,127,250,0,0
2020-04-03,AB,459,24,58,2,423
2020-04-03,B,1027,126,260,5,888
2020-04-03,O,740,224,432,4,528
2020-04-04,A,0,148,148,0,0
2020-04-04,AB,423,36,38,3,418
2020-04-04,B,888,159,216,2,829
2020-04-04,O,528,268,389,2,405
2020-04-05,A,0,165,165,0,0
2020-04-05,AB,418,36,42,1,411
2020-04-05,B,829,184,200,5,808
2020-04-05,O,405,298,321,2,380
2020-04-06,A,0,152,152,0,0
2020-04-06,AB,411,28,52,1,386
2020-04-06,B,808,169,190,3,784
2020-04-06,O,380,250,377,1,252
2020-04-07,A,0,180,180,0,0
2020-04-07,AB,386,49,44,2,389
2020-04-07,B,784,218,193,3,806
2020-04-07,O,252,351,380,5,218
2020-04-08,A,0,161,161,0,0
2020-04-08,AB,389,35,41,1,382
2020-04-08,B,806,188,196,8,790
2020-04-08,O,218,300,370,1,147
2020-04-09,A,0,165,165,0,0
2020-04-09,AB,382,32,38,3,373
2020-04-09,B,790,170,179,10,771
2020-04-09,O,147,246,303,0,90
2020-04-10,A,0,158,158,0,0
2020-04-10,AB,373,36,33,1,375
2020-04-10,B,771,177,191,5,752
2020-04-10,O,90,304,322,0,72
2020-04-11,A,0,259,178,0,81
2020-04-11,AB,375,50,29,2,394
2020-04-11,B,752,271,180,8,835
2020-04-11,O,72,455,280,2,245
2020-04-12,A,81,265,173,0,173
2020-04-12,AB,394,58,22,4,426
2020-04-12,B,835,281,180,8,928
2020-04-12,O,245,616,283,4,574
2020-04-13,A,173,240,237,1,175
2020-04-13,AB,426,35,32,3,426
2020-04-13,B,928,271,179,3,1017
2020-04-13,O,574,572,302,4,840
2020-04-14,A,175,274,167,3,279
2020-04-14,AB,426,49,39,3,433
2020-04-14,B,1017,284,188,4,1109
2020-04-14,O,840,676,341,7,1168
2020-04-15,A,279,335,215,4,395
2020-04-15,AB,433,73,34,6,466
2020-04-15,B,1109,395,188,8,1308
2020-04-15,O,1168,729,337,7,1553
2020-04-16,A,395,301,215,4,477
2020-04-16,AB,466,78,24,6,514
2020-04-16,B,1308,319,208,7,1412
2020-04-16,O,1553,591,355,7,1782
2020-04-17,A,477,263,202,2,536
2020-04-17,AB,514,48,28,2,532
2020-04-17,B,1412,266,220,12,1446
2020-04-17,O,1782,544,374,13,1939
2020-04-18,A,536,306,188,4,650
2020-04-18,AB,532,60,39,2,551
2020-04-18,B,1446,342,205,11,1572
2020-04-18,O,1939,674,775,12,1826
2020-04-19,A,650,289,204,2,733
2020-04-19,AB,551,69,28,2,590
2020-04-19,B,1572,330,198,6,1698
2020-04-19,O,1826,639,374,10,2081
2020-04-20,A,733,333,221,5,840
2020-04-20,AB,590,76,41,7,618
2020-04-20,B,1698,413,226,11,1874
2020-04-20,O,2081,659,389,21,2330
2020-04-21,A,840,469,216,2,1091
2020-04-21,AB,618,122,47,6,687
2020-04-21,B,1874,527,212,14,2175
2020-04-21,O,2330,892,438,20,2764
2020-04-22,A,1091,469,231,8,1321
2020-04-22,AB,687,111,45,11,742
2020-04-22,B,2175,560,247,14,2474
2020-04-22,O,2764,884,492,24,3132
2020-04-23,A,1321,403,219,11,1494
2020-04-23,AB,742,90,42,12,778
2020-04-23,B,2474,517,256,25,2710
2020-04-23,O,3132,778,514,18,3378
2020-04-24,A,1494,63,194,5,1358
2020-04-24,AB,778,16,39,10,745
2020-04-24,B,2710,74,227,21,2536
2020-04-24,O,3378,175,451,14,3088
2020-04-25,A,1358,138,210,12,1274
2020-04-25,AB,745,24,38,5,726
2020-04-25,B,2536,171,215,20,2472
2020-04-25,O,3088,291,392,16,2971
2020-04-26,A,1274,238,207,8,1297
2020-04-26,AB,726,52,28,11,739
2020-04-26,B,2472,212,208,24,2452
2020-04-26,O,2971,399,413,16,2941
2020-04-27,A,1297,165,206,6,1250
2020-04-27,AB,739,50,47,11,731
2020-04-27,B,2452,170,212,17,2393
2020-04-27,O,2941,310,421,20,2810
2020-04-28,A,1250,246,212,9,1275
2020-04-28,AB,731,64,41,7,747
2020-04-28,B,2393,260,197,16,2440
2020-04-28,O,2810,445,416,19,2820
2020-04-29,A,1275,239,225,5,1284
2020-04-29,AB,747,70,43,12,762
2020-04-29,B,2440,274,201,15,2498
2020-04-29,O,2820,514,440,16,2878
2020-04-30,A,1284,290,212,13,1349
2020-04-30,AB,762,52,44,6,764
2020-04-30,B,2498,315,225,22,2566
2020-04-30,O,2878,487,470,21,2874
2020-05-01,A,1349,269,220,14,1384
2020-05-01,AB,764,54,57,15,746
2020-05-01,B,2566,256,222,19,2581
2020-05-01,O,2874,440,460,19,2835
2020-05-02,A,1384,243,223,10,1394
2020-05-02,AB,746,41,56,9,722
2020-05-02,B,2581,256,214,19,2604
2020-05-02,O,2835,404,431,18,2790
2020-05-03,A,1394,305,228,11,1460
2020-05-03,AB,722,64,40,11,735
2020-05-03,B,2604,320,202,22,2700
2020-05-03,O,2790,624,440,16,2958
2020-05-04,A,1460,190,209,7,1434
2020-05-04,AB,735,48,47,10,726
2020-05-04,B,2700,225,220,23,2682
2020-05-04,O,2958,333,432,12,2847
2020-05-05,A,1434,185,217,8,1394
2020-05-05,AB,726,56,82,8,692
2020-05-05,B,2682,196,235,26,2617
2020-05-05,O,2847,362,494,18,2697
2020-05-06,A,1394,291,223,7,1455
2020-05-06,AB,692,51,52,8,683
2020-05-06,B,2617,274,218,20,2653
2020-05-06,O,2697,418,504,10,2601
2020-05-07,A,1455,386,227,10,1604
2020-05-07,AB,683,91,45,8,721
2020-05-07,B,2653,398,255,25,2771
2020-05-07,O,2601,766,473,20,2874
2020-05-08,A,1604,280,252,6,1626
2020-05-08,AB,721,66,46,11,730
2020-05-08,B,2771,231,249,28,2725
2020-05-08,O,2874,406,482,16,2782
2020-05-09,A,1626,256,239,10,1633
2020-05-09,AB,730,71,35,6,760
2020-05-09,B,2725,266,199,32,2760
2020-05-09,O,2782,531,487,21,2805
2020-05-10,A,1633,436,240,6,1823
2020-05-10,AB,760,75,44,13,778
2020-05-10,B,2760,377,224,31,2882
2020-05-10,O,2805,757,501,18,3043
2020-05-11,A,1823,243,265,14,1787
2020-05-11,AB,778,54,48,14,770
2020-05-11,B,2882,267,249,32,2868
2020-05-11,O,3043,436,510,21,2948
2020-05-12,A,1787,179,240,11,1715
2020-05-12,AB,770,39,50,11,748
2020-05-12,B,2868,204,220,37,2815
2020-05-12,O,2948,322,543,14,2713
2020-05-13,A,1715,180,234,9,1652
2020-05-13,AB,748,62,41,7,762
2020-05-13,B,2815,221,263,19,2754
2020-05-13,O,2713,331,556,17,2471
2020-05-14,A,1652,212,237,8,1619
2020-05-14,AB,762,61,46,12,765
2020-05-14,B,2754,243,237,32,2728
2020-05-14,O,2471,334,487,10,2308
2020-05-15,A,1619,196,215,5,1595
2020-05-15,AB,765,55,51,11,758
2020-05-15,B,2728,192,233,30,2657
2020-05-15,O,2308,314,494,9,2119
2020-05-16,A,1595,343,199,10,1729
2020-05-16,AB,758,104,54,8,800
2020-05-16,B,2657,399,247,26,2783
2020-05-16,O,2119,624,453,18,2272
2020-05-17,A,1729,527,223,17,2016
2020-05-17,AB,800,117,55,21,841
2020-05-17,B,2783,548,213,31,3087
2020-05-17,O,2272,875,438,19,2690
2020-05-18,A,2016,191,238,14,1955
2020-05-18,AB,841,58,54,10,835
2020-05-18,B,3087,223,241,40,3029
2020-05-18,O,2690,404,476,13,2605
2020-05-19,A,1955,224,245,15,1919
2020-05-19,AB,835,79,56,7,851
2020-05-19,B,3029,272,198,36,3067
2020-05-19,O,2605,436,465,14,2562
2020-05-20,A,1919,371,260,10,2020
2020-05-20,AB,851,70,51,10,860
2020-05-20,B,3067,390,221,43,3193
2020-05-20,O,2562,574,532,14,2590
2020-05-21,A,2020,412,223,17,2192
2020-05-21,AB,860,108,56,19,893
2020-05-21,B,3193,402,263,36,3296
2020-05-21,O,2590,602,487,20,2685
2020-05-22,A,2192,331,255,12,2256
2020-05-22,AB,893,75,58,16,894
2020-05-22,B,3296,332,242,44,3342
2020-05-22,O,2685,551,430,15,2791
2020-05-23,A,2256,308,213,20,2331
2020-05-23,AB,894,91,46,13,926
2020-05-23,B,3342,261,207,50,3346
2020-05-23,O,2791,465,458,15,2783
2020-05-24,A,2331,3,228,16,2090
2020-05-24,AB,926,0,46,14,866
2020-05-24,B,3346,3,184,40,3125
2020-05-24,O,2783,5,446,17,2325
2020-05-25,A,2090,186,247,15,2014
2020-05-25,AB,866,51,53,13,851
2020-05-25,B,3125,173,232,40,3026
2020-05-25,O,2325,231,473,14,2069
2020-05-26,A,2014,342,274,19,2063
2020-05-26,AB,851,107,56,12,890
2020-05-26,B,3026,379,198,45,3162
2020-05-26,O,2069,573,860,14,1768
2020-05-27,A,2063,430,264,16,2213
2020-05-27,AB,890,110,57,12,931
2020-05-27,B,3162,442,213,54,3337
2020-05-27,O,1768,674,472,12,1958
2020-05-28,A,2213,424,284,26,2327
2020-05-28,AB,931,109,58,15,967
2020-05-28,B,3337,459,210,51,3535
2020-05-28,O,1958,681,501,13,2125
2020-05-29,A,2327,429,276,20,2460
2020-05-29,AB,967,128,58,13,1024
2020-05-29,B,3535,394,219,43,3667
2020-05-29,O,2125,684,537,11,2261
2020-05-30,A,2460,782,268,36,2938
2020-05-30,AB,1024,212,48,23,1165
2020-05-30,B,3667,831,201,78,4219
2020-05-30,O,2261,1306,478,20,3069
2020-05-31,A,2938,921,284,43,3532
2020-05-31,AB,1165,207,68,36,1268
2020-05-31,B,4219,868,248,81,4758
2020-05-31,O,3069,1386,572,31,3852
2020-06-01,A,3532,288,311,35,3474
2020-06-01,AB,1268,91,69,38,1252
2020-06-01,B,4758,329,279,86,4722
2020-06-01,O,3852,540,607,31,3754
2020-06-02,A,3474,352,325,55,3446
2020-06-02,AB,1252,90,71,32,1239
2020-06-02,B,4722,358,267,107,4706
2020-06-02,O,3754,582,529,31,3776
2020-06-03,A,3446,376,338,51,3433
2020-06-03,AB,1239,94,79,27,1227
2020-06-03,B,4706,371,270,88,4719
2020-06-03,O,3776,610,604,26,3756
2020-06-04,A,3433,350,293,39,3451
2020-06-04,AB,1227,76,80,30,1193
2020-06-04,B,4719,348,278,92,4697
2020-06-04,O,3756,606,586,29,3747
2020-06-05,A,3451,322,302,60,3411
2020-06-05,AB,1193,87,88,28,1164
2020-06-05,B,4697,345,287,72,4683
2020-06-05,O,3747,587,597,24,3713
2020-06-06,A,3411,629,284,66,3690
2020-06-06,AB,1164,163,70,29,1228
2020-06-06,B,4683,639,296,102,4924
2020-06-06,O,3713,1224,531,53,4353
2020-06-07,A,3690,737,296,87,4044
2020-06-07,AB,1228,159,80,32,1275
2020-06-07,B,4924,775,284,142,5273
2020-06-07,O,4353,1402,640,69,5046
2020-06-08,A,4044,377,360,80,3981
2020-06-08,AB,1275,91,97,28,1241
2020-06-08,B,5273,432,296,117,5292
2020-06-08,O,5046,747,680,81,5032
2020-06-09,A,3981,379,310,75,3975
2020-06-09,AB,1241,105,78,24,1244
2020-06-09,B,5292,421,350,122,5241
2020-06-09,O,5032,718,713,57,4980
2020-06-10,A,3975,304,298,59,3922
2020-06-10,AB,1244,69,67,22,1224
2020-06-10,B,5241,303,293,113,5138
2020-06-10,O,4980,482,674,52,4736
2020-06-11,A,3922,309,336,66,3829
2020-06-11,AB,1224,85,81,31,1197
2020-06-11,B,5138,333,339,104,5028
2020-06-11,O,4736,546,699,40,4543
2020-06-12,A,3829,213,381,59,3602
2020-06-12,AB,1197,39,91,19,1126
2020-06-12,B,5028,206,350,94,4790
2020-06-12,O,4543,371,668,40,4206
2020-06-13,A,3602,483,324,67,3694
2020-06-13,AB,1126,101,71,18,1138
2020-06-13,B,4790,513,320,107,4876
2020-06-13,O,4206,841,661,48,4338
2020-06-14,A,3694,727,338,70,4013
2020-06-14,AB,1138,176,92,28,1194
2020-06-14,B,4876,705,304,127,5150
2020-06-14,O,4338,1167,705,69,4731
2020-06-15,A,4013,215,343,68,3817
2020-06-15,AB,1194,69,84,20,1159
2020-06-15,B,5150,258,378,106,4924
2020-06-15,O,4731,456,727,49,4411
2020-06-16,A,3817,272,319,60,3710
2020-06-16,AB,1159,59,73,22,1123
2020-06-16,B,4924,277,373,82,4746
2020-06-16,O,4411,476,714,36,4137
2020-06-17,A,3710,349,352,58,3649
2020-06-17,AB,1123,87,94,13,1103
2020-06-17,B,4746,420,334,90,4742
2020-06-17,O,4137,598,696,51,3988
2020-06-18,A,3649,237,369,57,3460
2020-06-18,AB,1103,59,73,14,1075
2020-06-18,B,4742,223,368,84,4513
2020-06-18,O,3988,419,685,35,3687
2020-06-19,A,3460,292,336,47,3369
2020-06-19,AB,1075,72,84,24,1039
2020-06-19,B,4513,328,369,72,4400
2020-06-19,O,3687,494,703,25,3453
2020-06-20,A,3369,469,311,49,3478
2020-06-20,AB,1039,107,73,26,1047
2020-06-20,B,4400,504,311,82,4511
2020-06-20,O,3453,784,635,28,3574
2020-06-21,A,3478,685,363,58,3742
2020-06-21,AB,1047,153,78,12,1110
2020-06-21,B,4511,739,326,99,4825
2020-06-21,O,3574,1170,668,37,4039
2020-06-22,A,3742,186,386,42,3500
2020-06-22,AB,1110,56,88,19,1059
2020-06-22,B,4825,236,391,96,4574
2020-06-22,O,4039,349,706,31,3651
2020-06-23,A,3500,243,360,55,3328
2020-06-23,AB,1059,59,86,20,1012
2020-06-23,B,4574,301,375,72,4428
2020-06-23,O,3651,489,745,27,3368
2020-06-24,A,3328,255,418,50,3115
2020-06-24,AB,1012,67,81,16,982
2020-06-24,B,4428,295,379,68,4276
2020-06-24,O,3368,404,736,11,3025
2020-06-25,A,3115,290,386,36,2983
2020-06-25,AB,982,72,82,13,959
2020-06-25,B,4276,348,377,79,4168
2020-06-25,O,3025,523,716,17,2815
2020-06-26,A,2983,202,783,10,2392
2020-06-26,AB,959,39,84,16,898
2020-06-26,B,4168,188,412,47,3897
2020-06-26,O,2815,326,721,11,2409
2020-06-27,A,2392,538,340,28,2562
2020-06-27,AB,898,110,81,13,914
2020-06-27,B,3897,577,374,65,4035
2020-06-27,O,2409,926,646,14,2675
2020-06-28,A,2562,744,351,39,2916
2020-06-28,AB,914,174,83,10,995
2020-06-28,B,4035,752,399,72,4316
2020-06-28,O,2675,1269,741,20,3183
2020-06-29,A,2916,190,392,36,2678
2020-06-29,AB,995,53,74,14,960
2020-06-29,B,4316,219,394,62,4079
2020-06-29,O,3183,352,721,17,2797
2020-06-30,A,2678,242,333,23,2564
2020-06-30,AB,960,46,70,17,919
2020-06-30,B,4079,264,381,58,3904
2020-06-30,O,2797,423,662,18,2540
2020-07-01,A,2564,289,352,23,2478
2020-07-01,AB,919,63,75,16,891
2020-07-01,B,3904,347,375,57,3819
2020-07-01,O,2540,477,712,19,2286
2020-07-02,A,2478,237,361,15,2339
2020-07-02,AB,891,63,80,19,855
2020-07-02,B,3819,284,366,49,3688
2020-07-02,O,2286,393,678,11,1990
2020-07-03,A,2339,146,309,16,2160
2020-07-03,AB,855,48,78,12,813
2020-07-03,B,3688,180,366,34,3468
2020-07-03,O,1990,298,681,8,1599
2020-07-04,A,2160,438,316,18,2264
2020-07-04,AB,813,85,68,12,818
2020-07-04,B,3468,513,353,52,3576
2020-07-04,O,1599,766,634,8,1723
2020-07-05,A,2264,571,310,22,2503
2020-07-05,AB,818,120,75,16,847
2020-07-05,B,3576,616,358,61,3773
2020-07-05,O,1723,1115,653,18,2167
2020-07-06,A,2503,266,338,23,2408
2020-07-06,AB,847,58,60,7,838
2020-07-06,B,3773,260,391,51,3591
2020-07-06,O,2167,448,703,17,1895
2020-07-07,A,2408,200,334,19,2255
2020-07-07,AB,838,50,66,10,812
2020-07-07,B,3591,246,342,44,3451
2020-07-07,O,1895,407,676,14,1612
2020-07-08,A,2255,262,322,22,2173
2020-07-08,AB,812,74,63,11,812
2020-07-08,B,3451,278,353,33,3343
2020-07-08,O,1612,465,623,11,1443
2020-07-09,A,2173,311,310,12,2162
2020-07-09,AB,812,88,89,8,803
2020-07-09,B,3343,305,328,29,3291
2020-07-09,O,1443,518,602,5,1354
2020-07-10,A,2162,186,303,8,2037
2020-07-10,AB,803,50,62,14,777
2020-07-10,B,3291,198,357,34,3098
2020-07-10,O,1354,301,595,10,1050
2020-07-11,A,2037,415,319,16,2117
2020-07-11,AB,777,100,70,12,795
2020-07-11,B,3098,458,336,43,3177
2020-07-11,O,1050,663,579,1,1133
2020-07-12,A,2117,666,309,17,2457
2020-07-12,AB,795,152,64,15,868
2020-07-12,B,3177,656,332,44,3457
2020-07-12,O,1133,1069,566,11,1625
2020-07-13,A,2457,221,303,19,2356
2020-07-13,AB,868,58,69,13,844
2020-07-13,B,3457,244,327,43,3331
2020-07-13,O,1625,447,620,9,1443
2020-07-14,A,2356,301,347,24,2286
2020-07-14,AB,844,74,75,16,827
2020-07-14,B,3331,305,295,31,3310
2020-07-14,O,1443,513,573,10,1373
2020-07-15,A,2286,376,295,20,2347
2020-07-15,AB,827,82,62,16,831
2020-07-15,B,3310,414,351,34,3339
2020-07-15,O,1373,628,556,12,1433
2020-07-16,A,2347,225,348,22,2202
2020-07-16,AB,831,56,73,8,806
2020-07-16,B,3339,261,371,40,3189
2020-07-16,O,1433,405,604,11,1223
2020-07-17,A,2202,203,304,8,2093
2020-07-17,AB,806,57,71,10,782
2020-07-17,B,3189,219,329,40,3039
2020-07-17,O,1223,359,622,15,945
2020-07-18,A,2093,471,289,19,2256
2020-07-18,AB,782,111,74,6,813
2020-07-18,B,3039,485,313,29,3182
2020-07-18,O,945,837,554,9,1219
2020-07-19,A,2256,603,315,31,2513
2020-07-19,AB,813,160,75,21,877
2020-07-19,B,3182,698,325,34,3521
2020-07-19,O,1219,1165,549,16,1819
2020-07-20,A,2513,214,321,29,2377
2020-07-20,AB,877,58,85,10,840
2020-07-20,B,3521,216,324,49,3364
2020-07-20,O,1819,359,623,8,1547
2020-07-21,A,2377,244,288,16,2317
2020-07-21,AB,840,70,65,11,834
2020-07-21,B,3364,261,336,41,3248
2020-07-21,O,1547,427,542,13,1419
2020-07-22,A,2317,370,313,24,2350
2020-07-22,AB,834,81,89,12,814
2020-07-22,B,3248,435,348,46,3289
2020-07-22,O,1419,655,619,9,1446
2020-07-23,A,2350,398,304,26,2418
2020-07-23,AB,814,77,68,8,815
2020-07-23,B,3289,407,351,45,3300
2020-07-23,O,1446,559,606,7,1392
2020-07-24,A,2418,212,354,28,2248
2020-07-24,AB,815,56,75,8,788
2020-07-24,B,3300,252,317,36,3199
2020-07-24,O,1392,388,621,7,1152
2020-07-25,A,2248,373,327,22,2272
2020-07-25,AB,788,81,75,21,773
2020-07-25,B,3199,448,322,41,3284
2020-07-25,O,1152,630,552,10,1220
2020-07-26,A,2272,558,337,24,2469
2020-07-26,AB,773,156,68,13,848
2020-07-26,B,3284,614,328,54,3516
2020-07-26,O,1220,1042,554,14,1694
2020-07-27,A,2469,144,367,18,2228
2020-07-27,AB,848,44,52,10,830
2020-07-27,B,3516,173,348,35,3306
2020-07-27,O,1694,267,601,10,1350
2020-07-28,A,2228,235,342,24,2097
2020-07-28,AB,830,64,65,10,819
2020-07-28,B,3306,274,337,35,3208
2020-07-28,O,1350,371,556,9,1156
2020-07-29,A,2097,272,315,9,2045
2020-07-29,AB,819,60,71,11,797
2020-07-29,B,3208,297,319,41,3145
2020-07-29,O,1156,453,599,3,1007
2020-07-30,A,2045,215,325,11,1924
2020-07-30,AB,797,47,60,11,773
2020-07-30,B,3145,231,309,33,3034
2020-07-30,O,1007,398,592,2,811
2020-07-31,A,1924,61,259,11,1715
2020-07-31,AB,773,11,62,11,711
2020-07-31,B,3034,74,332,21,2755
2020-07-31,O,811,168,594,1,384
2020-08-01,A,1715,146,278,12,1571
2020-08-01,AB,711,29,57,5,678
2020-08-01,B,2755,164,284,22,2613
2020-08-01,O,384,317,564,0,137
2020-08-02,A,1571,307,286,14,1578
2020-08-02,AB,678,53,65,7,659
2020-08-02,B,2613,334,308,17,2622
2020-08-02,O,137,616,499,0,254
2020-08-03,A,1578,176,297,6,1451
2020-08-03,AB,659,40,56,5,638
2020-08-03,B,2622,198,305,18,2497
2020-08-03,O,254,453,587,1,119
2020-08-04,A,1451,225,305,9,1362
2020-08-04,AB,638,60,50,4,644
2020-08-04,B,2497,270,346,27,2394
2020-08-04,O,119,569,592,1,95
2020-08-05,A,1362,309,307,7,1357
2020-08-05,AB,644,72,70,3,643
2020-08-05,B,2394,359,328,12,2413
2020-08-05,O,95,607,619,1,82
2020-08-06,A,1357,352,289,11,1409
2020-08-06,AB,643,91,69,5,660
2020-08-06,B,2413,370,346,16,2421
2020-08-06,O,82,636,586,0,132
2020-08-07,A,1409,249,302,7,1349
2020-08-07,AB,660,54,54,4,656
2020-08-07,B,2421,264,469,12,2204
2020-08-07,O,132,447,572,0,7
2020-08-08,A,1349,748,312,17,1768
2020-08-08,AB,656,133,60,8,721
2020-08-08,B,2204,848,306,27,2719
2020-08-08,O,7,1014,561,4,456
2020-08-09,A,1768,892,334,22,2304
2020-08-09,AB,721,182,63,15,825
2020-08-09,B,2719,1103,334,51,3437
2020-08-09,O,456,1275,621,9,1101
2020-08-10,A,2304,292,369,13,2214
2020-08-10,AB,825,54,87,8,784
2020-08-10,B,3437,356,346,44,3403
2020-08-10,O,1101,411,621,6,885
2020-08-11,A,2214,435,348,18,2283
2020-08-11,AB,784,90,71,11,792
2020-08-11,B,3403,436,364,49,3426
2020-08-11,O,885,620,590,5,910
2020-08-12,A,2283,414,350,18,2329
2020-08-12,AB,792,92,71,9,804
2020-08-12,B,3426,454,368,44,3468
2020-08-12,O,910,679,593,5,991
2020-08-13,A,2329,388,334,19,2364
2020-08-13,AB,804,79,62,13,808
2020-08-13,B,3468,425,423,46,3424
2020-08-13,O,991,556,614,6,927
2020-08-14,A,2364,329,361,22,2310
2020-08-14,AB,808,71,64,9,806
2020-08-14,B,3424,373,415,51,3331
2020-08-14,O,927,531,631,5,822
2020-08-15,A,2310,633,377,15,2551
2020-08-15,AB,806,143,60,12,877
2020-08-15,B,3331,673,397,41,3566
2020-08-15,O,822,956,640,6,1132
2020-08-16,A,2551,793,346,32,2966
2020-08-16,AB,877,164,59,18,964
2020-08-16,B,3566,874,408,70,3962
2020-08-16,O,1132,1190,620,13,1689
2020-08-17,A,2966,227,372,34,2787
2020-08-17,AB,964,61,82,13,930
2020-08-17,B,3962,280,466,53,3723
2020-08-17,O,1689,353,665,9,1368
2020-08-18,A,2787,316,342,32,2729
2020-08-18,AB,930,56,69,20,897
2020-08-18,B,3723,338,421,42,3598
2020-08-18,O,1368,510,641,6,1231
2020-08-19,A,2729,425,354,33,2767
2020-08-19,AB,897,122,62,12,945
2020-08-19,B,3598,500,419,57,3622
2020-08-19,O,1231,689,634,15,1271
2020-08-20,A,2767,372,368,27,2744
2020-08-20,AB,945,84,76,13,940
2020-08-20,B,3622,376,452,57,3489
2020-08-20,O,1271,607,674,4,1200
2020-08-21,A,2744,233,395,21,2561
2020-08-21,AB,940,60,66,17,917
2020-08-21,B,3489,267,466,38,3252
2020-08-21,O,1200,413,646,8,959
2020-08-22,A,2561,470,353,26,2652
2020-08-22,AB,917,94,78,22,911
2020-08-22,B,3252,488,425,38,3277
2020-08-22,O,959,726,603,6,1076
2020-08-23,A,2652,695,369,41,2937
2020-08-23,AB,911,192,64,17,1022
2020-08-23,B,3277,735,420,36,3556
2020-08-23,O,1076,1233,619,16,1674
2020-08-24,A,2937,215,356,28,2768
2020-08-24,AB,1022,62,69,18,997
2020-08-24,B,3556,274,411,35,3384
2020-08-24,O,1674,413,670,13,1404
2020-08-25,A,2768,386,389,40,2725
2020-08-25,AB,997,74,69,21,981
2020-08-25,B,3384,398,430,38,3314
2020-08-25,O,1404,544,677,9,1262
2020-08-26,A,2725,399,384,37,2703
2020-08-26,AB,981,107,85,16,987
2020-08-26,B,3314,428,478,34,3230
2020-08-26,O,1262,673,642,7,1286
2020-08-27,A,2703,339,405,32,2605
2020-08-27,AB,987,99,82,11,993
2020-08-27,B,3230,387,473,31,3113
2020-08-27,O,1286,545,656,5,1170
2020-08-28,A,2605,211,405,17,2394
2020-08-28,AB,993,49,72,21,949
2020-08-28,B,3113,213,460,36,2830
2020-08-28,O,1170,309,650,4,825
2020-08-29,A,2394,421,357,25,2433
2020-08-29,AB,949,79,66,21,941
2020-08-29,B,2830,478,448,28,2832
2020-08-29,O,825,713,664,7,867
2020-08-30,A,2433,613,375,25,2646
2020-08-30,AB,941,167,75,21,1012
2020-08-30,B,2832,684,476,28,3012
2020-08-30,O,867,1112,679,13,1287
2020-08-31,A,2646,731,442,35,2900
2020-08-31,AB,1012,183,71,23,1101
2020-08-31,B,3012,806,498,49,3271
2020-08-31,O,1287,1253,687,19,1834
2020-09-01,A,2900,250,433,40,2677
2020-09-01,AB,1101,61,72,28,1062
2020-09-01,B,3271,256,491,33,3003
2020-09-01,O,1834,425,764,14,1481
2020-09-02,A,2677,312,445,21,2523
2020-09-02,AB,1062,73,91,19,1025
2020-09-02,B,3003,306,481,34,2794
2020-09-02,O,1481,514,745,4,1246
2020-09-03,A,2523,239,453,26,2283
2020-09-03,AB,1025,62,94,16,977
2020-09-03,B,2794,282,484,20,2572
2020-09-03,O,1246,379,765,5,855
2020-09-04,A,2283,163,435,15,1996
2020-09-04,AB,977,35,82,17,913
2020-09-04,B,2572,171,532,9,2202
2020-09-04,O,855,256,719,3,389
2020-09-05,A,1996,341,416,18,1903
2020-09-05,AB,913,85,72,16,910
2020-09-05,B,2202,431,449,10,2174
2020-09-05,O,389,645,719,2,313
2020-09-06,A,1903,657,442,20,2098
2020-09-06,AB,910,150,172,8,880
2020-09-06,B,2174,770,513,16,2415
2020-09-06,O,313,1159,692,5,775
2020-09-07,A,2098,198,461,9,1826
2020-09-07,AB,880,63,96,12,835
2020-09-07,B,2415,203,482,14,2122
2020-09-07,O,775,369,723,3,418
2020-09-08,A,1826,307,410,9,1714
2020-09-08,AB,835,45,97,18,765
2020-09-08,B,2122,275,450,15,1932
2020-09-08,O,418,475,721,1,171
2020-09-09,A,1714,248,465,8,1489
2020-09-09,AB,765,72,94,6,737
2020-09-09,B,1932,299,530,14,1687
2020-09-09,O,171,463,634,0,0
2020-09-10,A,1489,219,406,3,1299
2020-09-10,AB,737,54,83,5,703
2020-09-10,B,1687,266,439,11,1503
2020-09-10,O,0,424,424,0,0
2020-09-11,A,1299,232,433,12,1086
2020-09-11,AB,703,51,83,11,660
2020-09-11,B,1503,225,474,6,1248
2020-09-11,O,0,367,367,0,0
2020-09-12,A,1086,373,412,7,1040
2020-09-12,AB,660,91,91,3,657
2020-09-12,B,1248,382,415,9,1206
2020-09-12,O,0,612,612,0,0
2020-09-13,A,1040,622,440,5,1217
2020-09-13,AB,657,144,82,10,709
2020-09-13,B,1206,642,462,9,1377
2020-09-13,O,0,1181,655,1,525
2020-09-14,A,1217,221,428,8,1002
2020-09-14,AB,709,62,88,6,677
2020-09-14,B,1377,233,440,11,1159
2020-09-14,O,525,376,695,2,204
2020-09-15,A,1002,197,424,3,772
2020-09-15,AB,677,42,89,1,629
2020-09-15,B,1159,222,413,11,957
2020-09-15,O,204,379,583,0,0
2020-09-16,A,772,598,410,5,955
2020-09-16,AB,629,125,69,5,680
2020-09-16,B,957,637,425,7,1162
2020-09-16,O,0,1019,645,4,370
2020-09-17,A,955,179,389,4,741
2020-09-17,AB,680,54,85,5,644
2020-09-17,B,1162,213,460,6,909
2020-09-17,O,370,311,681,0,0
2020-09-18,A,741,156,399,4,494
2020-09-18,AB,644,53,97,3,597
2020-09-18,B,909,179,396,2,690
2020-09-18,O,0,309,309,0,0
2020-09-19,A,494,433,339,5,583
2020-09-19,AB,597,110,92,8,607
2020-09-19,B,690,479,365,1,803
2020-09-19,O,0,772,772,0,0
2020-09-20,A,583,586,377,4,788
2020-09-20,AB,607,146,88,4,661
2020-09-20,B,803,625,371,7,1050
2020-09-20,O,0,1080,928,1,151
2020-09-21,A,788,156,439,2,503
2020-09-21,AB,661,53,82,8,624
2020-09-21,B,1050,195,422,3,820
2020-09-21,O,151,293,444,0,0
2020-09-22,A,503,257,353,2,405
2020-09-22,AB,624,75,82,3,614
2020-09-22,B,820,273,409,5,679
2020-09-22,O,0,471,471,0,0
2020-09-23,A,405,276,383,2,296
2020-09-23,AB,614,70,86,9,589
2020-09-23,B,679,326,399,0,606
2020-09-23,O,0,492,492,0,0
2020-09-24,A,296,286,375,1,206
2020-09-24,AB,589,61,81,5,564
2020-09-24,B,606,337,387,3,553
2020-09-24,O,0,492,492,0,0
2020-09-25,A,206,161,367,0,0
2020-09-25,AB,564,22,85,2,499
2020-09-25,B,553,168,368,3,350
2020-09-25,O,0,262,262,0,0
2020-09-26,A,0,356,309,0,47
2020-09-26,AB,499,82,69,3,509
2020-09-26,B,350,466,321,4,491
2020-09-26,O,0,625,625,0,0
2020-09-27,A,47,643,341,0,349
2020-09-27,AB,509,158,68,5,594
2020-09-27,B,491,761,375,8,869
2020-09-27,O,0,1142,854,0,288
2020-09-28,A,349,204,402,2,149
2020-09-28,AB,594,36,77,4,549
2020-09-28,B,869,209,390,5,683
2020-09-28,O,288,330,618,0,0
2020-09-29,A,149,304,377,0,76
2020-09-29,AB,549,80,96,4,529
2020-09-29,B,683,376,361,4,694
2020-09-29,O,0,508,508,0,0
2020-09-30,A,76,311,339,0,48
2020-09-30,AB,529,85,82,3,529
2020-09-30,B,694,330,313,3,708
2020-09-30,O,0,543,543,0,0
2020-10-01,A,48,316,351,0,13
2020-10-01,AB,529,62,69,4,518
2020-10-01,B,708,342,393,6,651
2020-10-01,O,0,526,526,0,0
2020-10-02,A,13,159,172,0,0
2020-10-02,AB,518,33,73,3,475
2020-10-02,B,651,189,323,1,516
2020-10-02,O,0,281,281,0,0
2020-10-03,A,0,369,310,0,59
2020-10-03,AB,475,67,72,6,464
2020-10-03,B,516,432,300,3,645
2020-10-03,O,0,627,627,0,0
2020-10-04,A,59,605,308,3,353
2020-10-04,AB,464,105,74,1,494
2020-10-04,B,645,651,305,4,987
2020-10-04,O,0,972,831,0,141
2020-10-05,A,353,209,374,0,188
2020-10-05,AB,494,40,84,2,448
2020-10-05,B,987,230,386,5,826
2020-10-05,O,141,295,436,0,0
2020-10-06,A,188,234,356,0,66
2020-10-06,AB,448,44,65,2,425
2020-10-06,B,826,232,360,6,692
2020-10-06,O,0,383,383,0,0
2020-10-07,A,66,199,265,0,0
2020-10-07,AB,425,43,76,2,390
2020-10-07,B,692,245,322,2,613
2020-10-07,O,0,308,308,0,0
2020-10-08,A,0,239,239,0,0
2020-10-08,AB,390,45,72,2,361
2020-10-08,B,613,269,342,4,536
2020-10-08,O,0,375,375,0,0
2020-10-09,A,0,164,164,0,0
2020-10-09,AB,361,27,61,2,325
2020-10-09,B,536,197,380,0,353
2020-10-09,O,0,278,278,0,0
2020-10-10,A,0,431,281,0,150
2020-10-10,AB,325,88,46,2,365
2020-10-10,B,353,459,271,2,539
2020-10-10,O,0,641,574,0,67
2020-10-11,A,150,664,347,3,464
2020-10-11,AB,365,138,55,2,446
2020-10-11,B,539,656,356,7,832
2020-10-11,O,67,1070,590,2,545
2020-10-12,A,464,167,631,0,0
2020-10-12,AB,446,41,58,2,427
2020-10-12,B,832,171,356,2,645
2020-10-12,O,545,276,661,2,158
2020-10-13,A,0,258,258,0,0
2020-10-13,AB,427,70,61,5,431
2020-10-13,B,645,266,339,3,569
2020-10-13,O,158,450,608,0,0
2020-10-14,A,0,290,280,0,10
2020-10-14,AB,431,85,72,4,440
2020-10-14,B,569,305,348,2,524
2020-10-14,O,0,494,494,0,0
2020-10-15,A,10,238,248,0,0
2020-10-15,AB,440,41,76,3,402
2020-10-15,B,524,321,334,2,509
2020-10-15,O,0,400,400,0,0
2020-10-16,A,0,394,349,0,45
2020-10-16,AB,402,107,86,1,422
2020-10-16,B,509,492,344,6,651
2020-10-16,O,0,572,572,0,0
2020-10-17,A,45,578,340,0,283
2020-10-17,AB,422,139,68,4,489
2020-10-17,B,651,873,311,10,1203
2020-10-17,O,0,836,554,2,280
2020-10-18,A,283,735,354,5,659
2020-10-18,AB,489,184,68,3,602
2020-10-18,B,1203,1014,359,10,1848
2020-10-18,O,280,1143,623,5,795
2020-10-19,A,659,253,718,2,192
2020-10-19,AB,602,59,79,10,572
2020-10-19,B,1848,307,381,17,1757
2020-10-19,O,795,388,632,3,548
2020-10-20,A,192,266,377,1,80
2020-10-20,AB,572,59,70,5,556
2020-10-20,B,1757,299,342,14,1700
2020-10-20,O,548,396,619,1,324
2020-10-21,A,80,312,367,0,25
2020-10-21,AB,556,92,97,3,548
2020-10-21,B,1700,394,381,12,1701
2020-10-21,O,324,543,637,1,229
2020-10-22,A,25,278,303,0,0
2020-10-22,AB,548,68,72,1,543
2020-10-22,B,1701,361,389,10,1663
2020-10-22,O,229,513,618,0,124
2020-10-23,A,0,368,351,0,17
2020-10-23,AB,543,71,87,1,526
2020-10-23,B,1663,339,329,7,1666
2020-10-23,O,124,461,585,0,0
2020-10-24,A,17,690,307,3,397
2020-10-24,AB,526,115,61,3,577
2020-10-24,B,1666,519,318,13,1854
2020-10-24,O,0,833,556,2,275
2020-10-25,A,397,844,373,7,861
2020-10-25,AB,577,142,85,3,631
2020-10-25,B,1854,825,342,19,2318
2020-10-25,O,275,1154,637,3,789
2020-10-26,A,861,220,394,2,685
2020-10-26,AB,631,49,71,5,604
2020-10-26,B,2318,189,360,10,2137
2020-10-26,O,789,298,689,0,398
2020-10-27,A,685,301,389,3,594
2020-10-27,AB,604,69,70,3,600
2020-10-27,B,2137,300,391,14,2032
2020-10-27,O,398,407,644,0,161
2020-10-28,A,594,297,375,5,511
2020-10-28,AB,600,66,68,9,589
2020-10-28,B,2032,328,364,15,1981
2020-10-28,O,161,502,663,0,0
2020-10-29,A,511,397,358,3,547
2020-10-29,AB,589,117,104,7,595
2020-10-29,B,1981,434,331,13,2071
2020-10-29,O,0,683,649,0,34
2020-10-30,A,547,304,383,5,463
2020-10-30,AB,595,74,69,4,596
2020-10-30,B,2071,300,335,13,2023
2020-10-30,O,34,460,494,0,0
2020-10-31,A,463,488,343,4,604
2020-10-31,AB,596,110,79,5,622
2020-10-31,B,2023,457,315,21,2144
2020-10-31,O,0,713,628,1,84
2020-11-01,A,604,606,386,4,820
2020-11-01,AB,622,130,84,8,660
2020-11-01,B,2144,660,328,19,2457
2020-11-01,O,84,1015,647,6,446
2020-11-02,A,820,162,418,6,558
2020-11-02,AB,660,43,77,9,617
2020-11-02,B,2457,206,335,14,2314
2020-11-02,O,446,258,662,0,42
2020-11-03,A,558,218,424,1,351
2020-11-03,AB,617,59,87,8,581
2020-11-03,B,2314,224,353,11,2174
2020-11-03,O,42,378,420,0,0
2020-11-04,A,351,302,387,2,264
2020-11-04,AB,581,76,85,4,568
2020-11-04,B,2174,263,370,11,2056
2020-11-04,O,0,423,423,0,0
2020-11-05,A,264,275,419,1,119
2020-11-05,AB,568,69,71,4,562
2020-11-05,B,2056,293,409,13,1927
2020-11-05,O,0,423,423,0,0
2020-11-06,A,119,238,357,0,0
2020-11-06,AB,562,59,78,7,536
2020-11-06,B,1927,236,394,11,1758
2020-11-06,O,0,353,353,0,0
2020-11-07,A,0,503,370,1,132
2020-11-07,AB,536,152,72,8,608
2020-11-07,B,1758,594,318,6,2028
2020-11-07,O,0,834,610,3,221
2020-11-08,A,132,532,382,1,281
2020-11-08,AB,608,134,81,7,654
2020-11-08,B,2028,615,361,16,2266
2020-11-08,O,221,920,636,0,505
2020-11-09,A,281,167,406,0,42
2020-11-09,AB,654,41,105,5,585
2020-11-09,B,2266,212,380,8,2090
2020-11-09,O,505,312,675,0,142
2020-11-10,A,42,271,313,0,0
2020-11-10,AB,585,63,113,7,528
2020-11-10,B,2090,308,376,9,2013
2020-11-10,O,142,458,600,0,0
2020-11-11,A,0,264,264,0,0
2020-11-11,AB,528,43,91,3,477
2020-11-11,B,2013,285,380,9,1909
2020-11-11,O,0,416,416,0,0
2020-11-12,A,0,287,287,0,0
2020-11-12,AB,477,67,85,7,452
2020-11-12,B,1909,294,423,15,1765
2020-11-12,O,0,464,464,0,0
2020-11-13,A,0,239,239,0,0
2020-11-13,AB,452,52,92,2,410
2020-11-13,B,1765,290,394,7,1654
2020-11-13,O,0,468,468,0,0
2020-11-14,A,0,770,411,1,358
2020-11-14,AB,410,169,80,4,495
2020-11-14,B,1654,806,355,12,2093
2020-11-14,O,0,1153,709,4,440
2020-11-15,A,358,690,414,3,631
2020-11-15,AB,495,167,98,2,562
2020-11-15,B,2093,713,379,14,2413
2020-11-15,O,440,1156,686,8,902
2020-11-16,A,631,168,429,2,368
2020-11-16,AB,562,46,97,2,509
2020-11-16,B,2413,218,384,14,2233
2020-11-16,O,902,312,700,3,511
2020-11-17,A,368,222,398,2,190
2020-11-17,AB,509,53,83,2,477
2020-11-17,B,2233,245,364,10,2104
2020-11-17,O,511,370,720,1,160
2020-11-18,A,190,291,393,1,87
2020-11-18,AB,477,74,94,2,455
2020-11-18,B,2104,336,376,9,2055
2020-11-18,O,160,446,606,0,0
2020-11-19,A,87,294,381,0,0
2020-11-19,AB,455,79,91,3,440
2020-11-19,B,2055,319,380,11,1983
2020-11-19,O,0,466,466,0,0
2020-11-20,A,0,215,215,0,0
2020-11-20,AB,440,68,97,2,409
2020-11-20,B,1983,213,365,16,1815
2020-11-20,O,0,383,383,0,0
2020-11-21,A,0,490,398,0,92
2020-11-21,AB,409,145,87,2,465
2020-11-21,B,1815,608,346,6,2071
2020-11-21,O,0,858,700,2,156
2020-11-22,A,92,756,412,4,432
2020-11-22,AB,465,175,81,6,553
2020-11-22,B,2071,758,348,17,2464
2020-11-22,O,156,1226,649,5,728
2020-11-23,A,432,174,406,0,200
2020-11-23,AB,553,51,91,2,511
2020-11-23,B,2464,202,364,17,2285
2020-11-23,O,728,322,695,4,351
2020-11-24,A,200,238,383,0,55
2020-11-24,AB,511,68,78,0,501
2020-11-24,B,2285,263,342,18,2188
2020-11-24,O,351,407,644,0,114
2020-11-25,A,55,240,295,0,0
2020-11-25,AB,501,58,118,3,438
2020-11-25,B,2188,271,320,13,2126
2020-11-25,O,114,442,556,0,0
2020-11-26,A,0,257,257,0,0
2020-11-26,AB,438,55,91,2,400
2020-11-26,B,2126,256,352,11,2019
2020-11-26,O,0,484,484,0,0
2020-11-27,A,0,169,169,0,0
2020-11-27,AB,400,33,85,5,343
2020-11-27,B,2019,177,397,9,1790
2020-11-27,O,0,324,324,0,0
2020-11-28,A,0,409,321,1,87
2020-11-28,AB,343,111,90,2,362
2020-11-28,B,1790,488,303,9,1966
2020-11-28,O,0,730,602,0,128
2020-11-29,A,87,772,338,4,517
2020-11-29,AB,362,164,81,4,441
2020-11-29,B,1966,749,345,20,2350
2020-11-29,O,128,1223,606,4,741
2020-11-30,A,517,249,361,3,402
2020-11-30,AB,441,41,107,0,375
2020-11-30,B,2350,247,380,12,2205
2020-11-30,O,741,357,673,7,418
2020-12-01,A,402,214,333,1,282
2020-12-01,AB,375,56,100,4,327
2020-12-01,B,2205,266,337,14,2120
2020-12-01,O,418,391,601,1,207
2020-12-02,A,282,246,331,2,195
2020-12-02,AB,327,56,86,4,293
2020-12-02,B,2120,281,369,14,2018
2020-12-02,O,207,407,614,0,0
2020-12-03,A,195,246,348,0,93
2020-12-03,AB,293,61,83,1,270
2020-12-03,B,2018,251,335,16,1918
2020-12-03,O,0,427,427,0,0
2020-12-04,A,93,180,273,0,0
2020-12-04,AB,270,30,96,4,200
2020-12-04,B,1918,214,370,12,1750
2020-12-04,O,0,307,307,0,0
2020-12-05,A,0,383,305,0,78
2020-12-05,AB,200,97,73,3,221
2020-12-05,B,1750,464,323,13,1878
2020-12-05,O,0,704,606,1,97
2020-12-06,A,78,773,331,2,518
2020-12-06,AB,221,170,86,0,305
2020-12-06,B,1878,759,330,16,2291
2020-12-06,O,97,1302,618,4,777
2020-12-07,A,518,136,335,1,318
2020-12-07,AB,305,30,70,1,264
2020-12-07,B,2291,131,352,12,2058
2020-12-07,O,777,264,562,1,478
2020-12-08,A,318,201,325,2,192
2020-12-08,AB,264,56,61,2,257
2020-12-08,B,2058,205,292,9,1962
2020-12-08,O,478,354,617,0,215
2020-12-09,A,192,303,315,3,177
2020-12-09,AB,257,62,71,1,247
2020-12-09,B,1962,313,350,12,1913
2020-12-09,O,215,488,636,0,67
2020-12-10,A,177,232,291,2,116
2020-12-10,AB,247,57,77,1,226
2020-12-10,B,1913,243,325,22,1809
2020-12-10,O,67,389,456,0,0
2020-12-11,A,116,248,321,0,43
2020-12-11,AB,226,48,85,1,188
2020-12-11,B,1809,254,302,14,1747
2020-12-11,O,0,433,433,0,0
2020-12-12,A,43,451,290,1,203
2020-12-12,AB,188,124,72,1,239
2020-12-12,B,1747,488,274,17,1944
2020-12-12,O,0,734,535,1,198
2020-12-13,A,203,682,345,2,538
2020-12-13,AB,239,143,76,1,305
2020-12-13,B,1944,696,307,13,2320
2020-12-13,O,198,1171,566,3,800
2020-12-14,A,538,156,362,3,329
2020-12-14,AB,305,31,76,0,260
2020-12-14,B,2320,191,305,11,2195
2020-12-14,O,800,250,586,4,460
2020-12-15,A,329,225,303,2,249
2020-12-15,AB,260,64,66,2,256
2020-12-15,B,2195,295,317,8,2165
2020-12-15,O,460,437,601,4,292
2020-12-16,A,249,288,347,1,189
2020-12-16,AB,256,54,90,1,219
2020-12-16,B,2165,273,289,14,2135
2020-12-16,O,292,424,565,0,151
2020-12-17,A,189,292,322,1,158
2020-12-17,AB,219,52,83,2,186
2020-12-17,B,2135,305,296,18,2126
2020-12-17,O,151,441,538,0,54
2020-12-18,A,158,237,295,1,99
2020-12-18,AB,186,50,70,2,164
2020-12-18,B,2126,263,309,10,2070
2020-12-18,O,54,423,477,0,0
2020-12-19,A,99,376,242,2,231
2020-12-19,AB,164,84,70,2,176
2020-12-19,B,2070,473,266,20,2257
2020-12-19,O,0,722,530,0,192
2020-12-20,A,231,706,323,4,610
2020-12-20,AB,176,153,82,2,245
2020-12-20,B,2257,718,296,22,2657
2020-12-20,O,192,1191,557,4,822
2020-12-21,A,610,204,338,0,476
2020-12-21,AB,245,41,80,3,203
2020-12-21,B,2657,212,294,18,2557
2020-12-21,O,822,339,561,4,596
2020-12-22,A,476,233,319,4,386
2020-12-22,AB,203,65,78,1,189
2020-12-22,B,2557,245,288,16,2498
2020-12-22,O,596,457,510,3,540
2020-12-23,A,386,326,304,1,407
2020-12-23,AB,189,98,82,2,203
2020-12-23,B,2498,350,318,15,2515
2020-12-23,O,540,566,558,6,542
2020-12-24,A,407,283,323,2,365
2020-12-24,AB,203,82,84,1,200
2020-12-24,B,2515,353,317,20,2531
2020-12-24,O,542,512,530,1,523
2020-12-25,A,365,279,330,2,312
2020-12-25,AB,200,68,73,1,194
2020-12-25,B,2531,294,333,19,2473
2020-12-25,O,523,479,535,4,463
2020-12-26,A,312,389,298,3,400
2020-12-26,AB,194,105,75,1,223
2020-12-26,B,2473,419,318,21,2553
2020-12-26,O,463,653,470,4,642
2020-12-27,A,400,568,284,4,680
2020-12-27,AB,223,125,89,1,258
2020-12-27,B,2553,561,313,20,2781
2020-12-27,O,642,983,490,8,1127
2020-12-28,A,680,185,306,7,552
2020-12-28,AB,258,39,94,1,202
2020-12-28,B,2781,195,328,23,2625
2020-12-28,O,1127,343,555,3,912
2020-12-29,A,552,211,302,3,458
2020-12-29,AB,202,57,74,2,183
2020-12-29,B,2625,236,335,20,2506
2020-12-29,O,912,399,541,5,765
2020-12-30,A,458,315,302,4,467
2020-12-30,AB,183,80,99,1,163
2020-12-30,B,2506,363,317,25,2527
2020-12-30,O,765,518,546,3,734
2020-12-31,A,467,292,308,1,450
2020-12-31,AB,163,70,95,1,137
2020-12-31,B,2527,300,335,21,2471
2020-12-31,O,734,494,548,7,673
2021-01-01,A,450,336,327,4,455
2021-01-01,AB,137,76,82,2,129
2021-01-01,B,2471,358,318,24,2487
2021-01-01,O,673,546,576,4,639
2021-01-02,A,455,361,325,9,482
2021-01-02,AB,129,69,66,3,129
2021-01-02,B,2487,392,281,14,2584
2021-01-02,O,639,553,471,4,717
2021-01-03,A,482,512,276,7,711
2021-01-03,AB,129,122,65,0,186
2021-01-03,B,2584,557,262,17,2862
2021-01-03,O,717,948,506,7,1152
2021-01-04,A,711,143,339,1,514
2021-01-04,AB,186,35,81,0,140
2021-01-04,B,2862,126,316,19,2653
2021-01-04,O,1152,228,522,1,857
2021-01-05,A,514,159,279,2,392
2021-01-05,AB,140,37,79,0,98
2021-01-05,B,2653,182,281,25,2529
2021-01-05,O,857,330,470,7,710
2021-01-06,A,392,216,304,1,303
2021-01-06,AB,98,63,71,2,88
2021-01-06,B,2529,237,273,22,2471
2021-01-06,O,710,392,511,2,589
2021-01-07,A,303,219,336,0,186
2021-01-07,AB,88,54,65,0,77
2021-01-07,B,2471,289,302,22,2436
2021-01-07,O,589,417,482,5,519
2021-01-08,A,186,194,332,0,48
2021-01-08,AB,77,45,78,0,44
2021-01-08,B,2436,168,277,16,2311
2021-01-08,O,519,339,467,2,389
2021-01-09,A,48,357,279,0,126
2021-01-09,AB,44,92,78,0,58
2021-01-09,B,2311,461,252,20,2500
2021-01-09,O,389,653,438,2,602
2021-01-10,A,126,448,299,2,273
2021-01-10,AB,58,115,69,1,103
2021-01-10,B,2500,510,288,24,2698
2021-01-10,O,602,824,448,6,972
2021-01-11,A,273,157,354,1,75
2021-01-11,AB,103,34,76,0,61
2021-01-11,B,2698,182,273,25,2582
2021-01-11,O,972,286,498,3,757
2021-01-12,A,75,266,341,0,0
2021-01-12,AB,61,58,69,0,50
2021-01-12,B,2582,326,306,31,2571
2021-01-12,O,757,419,476,6,694
2021-01-13,A,0,326,310,0,16
2021-01-13,AB,50,95,64,0,81
2021-01-13,B,2571,363,244,20,2670
2021-01-13,O,694,591,491,4,790
2021-01-14,A,16,165,181,0,0
2021-01-14,AB,81,38,80,2,37
2021-01-14,B,2670,204,271,21,2582
2021-01-14,O,790,322,492,3,617
2021-01-15,A,0,206,206,0,0
2021-01-15,AB,37,62,88,0,11
2021-01-15,B,2582,251,297,17,2519
2021-01-15,O,617,420,455,2,580
2021-01-16,A,0,488,279,2,207
2021-01-16,AB,11,123,81,2,51
2021-01-16,B,2519,563,266,39,2777
2021-01-16,O,580,867,420,9,1018
2021-01-17,A,207,604,289,3,519
2021-01-17,AB,51,160,69,2,140
2021-01-17,B,2777,737,266,29,3219
2021-01-17,O,1018,1075,436,12,1645
2021-01-18,A,519,184,313,0,390
2021-01-18,AB,140,46,82,2,102
2021-01-18,B,3219,201,285,39,3096
2021-01-18,O,1645,313,480,2,1476
2021-01-19,A,390,174,274,1,289
2021-01-19,AB,102,50,69,0,83
2021-01-19,B,3096,211,295,34,2978
2021-01-19,O,1476,361,476,4,1357
2021-01-20,A,289,258,323,1,223
2021-01-20,AB,83,75,95,0,63
2021-01-20,B,2978,295,275,28,2970
2021-01-20,O,1357,491,470,5,1373
2021-01-21,A,223,251,313,1,160
2021-01-21,AB,63,83,79,0,67
2021-01-21,B,2970,280,224,26,3000
2021-01-21,O,1373,456,455,7,1367
2021-01-22,A,160,260,256,0,164
2021-01-22,AB,67,56,79,0,44
2021-01-22,B,3000,285,264,31,2990
2021-01-22,O,1367,421,451,7,1330
2021-01-23,A,164,503,264,1,402
2021-01-23,AB,44,125,70,2,97
2021-01-23,B,2990,567,278,41,3238
2021-01-23,O,1330,984,448,14,1852
2021-01-24,A,402,688,276,2,812
2021-01-24,AB,97,133,74,1,155
2021-01-24,B,3238,742,302,42,3636
2021-01-24,O,1852,1302,485,15,2654
2021-01-25,A,812,266,305,6,767
2021-01-25,AB,155,70,85,0,140
2021-01-25,B,3636,299,282,47,3606
2021-01-25,O,2654,559,499,12,2702
2021-01-26,A,767,273,292,4,744
2021-01-26,AB,140,65,74,0,131
2021-01-26,B,3606,331,273,52,3612
2021-01-26,O,2702,567,454,23,2792
2021-01-27,A,744,251,298,2,695
2021-01-27,AB,131,46,70,1,106
2021-01-27,B,3612,285,278,47,3572
2021-01-27,O,2792,499,531,8,2752
2021-01-28,A,695,444,322,7,810
2021-01-28,AB,106,100,66,0,140
2021-01-28,B,3572,492,286,53,3725
2021-01-28,O,2752,788,503,19,3018
2021-01-29,A,810,250,340,4,716
2021-01-29,AB,140,57,69,0,128
2021-01-29,B,3725,285,546,52,3412
2021-01-29,O,3018,464,765,14,2703
2021-01-30,A,716,526,294,10,938
2021-01-30,AB,128,111,71,1,167
2021-01-30,B,3412,555,274,47,3646
2021-01-30,O,2703,960,1250,9,2404
2021-01-31,A,938,612,330,6,1214
2021-01-31,AB,167,125,67,1,224
2021-01-31,B,3646,703,260,64,4025
2021-01-31,O,2404,1071,837,15,2623
2021-02-01,A,1214,266,283,9,1188
2021-02-01,AB,224,68,84,0,208
2021-02-01,B,4025,288,303,62,3948
2021-02-01,O,2623,446,898,15,2156
2021-02-02,A,1188,246,320,6,1108
2021-02-02,AB,208,68,71,2,203
2021-02-02,B,3948,290,276,59,3903
2021-02-02,O,2156,491,847,12,1788
2021-02-03,A,1108,364,301,8,1163
2021-02-03,AB,203,83,69,3,214
2021-02-03,B,3903,363,269,57,3940
2021-02-03,O,1788,596,838,12,1534
2021-02-04,A,1163,293,349,4,1103
2021-02-04,AB,214,66,84,2,194
2021-02-04,B,3940,310,314,57,3879
2021-02-04,O,1534,460,807,5,1182
2021-02-05,A,1103,192,295,9,991
2021-02-05,AB,194,47,68,0,173
2021-02-05,B,3879,241,297,64,3759
2021-02-05,O,1182,365,840,7,700
2021-02-06,A,991,504,294,7,1194
2021-02-06,AB,173,106,88,2,189
2021-02-06,B,3759,577,264,77,3995
2021-02-06,O,700,857,829,3,725
2021-02-07,A,1194,637,305,4,1522
2021-02-07,AB,189,135,63,2,259
2021-02-07,B,3995,694,272,93,4324
2021-02-07,O,725,1061,813,4,969
2021-02-08,A,1522,216,336,8,1394
2021-02-08,AB,259,49,82,1,225
2021-02-08,B,4324,228,364,63,4125
2021-02-08,O,969,395,901,6,457
2021-02-09,A,1394,311,348,7,1350
2021-02-09,AB,225,87,65,2,245
2021-02-09,B,4125,314,327,65,4047
2021-02-09,O,457,535,826,0,166
2021-02-10,A,1350,361,333,4,1374
2021-02-10,AB,245,83,70,1,257
2021-02-10,B,4047,406,334,63,4056
2021-02-10,O,166,642,808,0,0
2021-02-11,A,1374,311,315,11,1359
2021-02-11,AB,257,76,81,1,251
2021-02-11,B,4056,341,346,56,3995
2021-02-11,O,0,535,535,0,0
2021-02-12,A,1359,286,293,11,1341
2021-02-12,AB,251,69,84,3,233
2021-02-12,B,3995,324,307,55,3957
2021-02-12,O,0,532,532,0,0
2021-02-13,A,1341,521,314,8,1540
2021-02-13,AB,233,149,85,1,296
2021-02-13,B,3957,585,334,79,4129
2021-02-13,O,0,915,888,0,27
2021-02-14,A,1540,620,341,14,1805
2021-02-14,AB,296,138,69,3,362
2021-02-14,B,4129,633,360,69,4333
2021-02-14,O,27,971,947,0,51
2021-02-15,A,1805,231,346,6,1684
2021-02-15,AB,362,59,78,6,337
2021-02-15,B,4333,266,398,66,4135
2021-02-15,O,51,468,519,0,0
2021-02-16,A,1684,253,335,10,1592
2021-02-16,AB,337,48,77,0,308
2021-02-16,B,4135,317,341,84,4027
2021-02-16,O,0,482,482,0,0
2021-02-17,A,1592,265,324,2,1531
2021-02-17,AB,308,56,88,1,275
2021-02-17,B,4027,317,354,67,3923
2021-02-17,O,0,497,497,0,0
2021-02-18,A,1531,292,348,16,1459
2021-02-18,AB,275,67,76,1,265
2021-02-18,B,3923,357,374,68,3838
2021-02-18,O,0,578,578,0,0
2021-02-19,A,1459,199,310,7,1341
2021-02-19,AB,265,44,97,5,207
2021-02-19,B,3838,219,370,53,3634
2021-02-19,O,0,337,337,0,0
2021-02-20,A,1341,505,308,9,1529
2021-02-20,AB,207,99,72,1,233
2021-02-20,B,3634,559,313,50,3830
2021-02-20,O,0,854,545,0,309
2021-02-21,A,1529,635,319,12,1833
2021-02-21,AB,233,122,63,0,292
2021-02-21,B,3830,645,345,66,4064
2021-02-21,O,309,1081,517,4,869
2021-02-22,A,1833,235,331,12,1725
2021-02-22,AB,292,57,78,3,268
2021-02-22,B,4064,237,366,73,3862
2021-02-22,O,869,352,594,6,621
2021-02-23,A,1725,307,300,6,1726
2021-02-23,AB,268,54,88,0,234
2021-02-23,B,3862,368,347,50,3833
2021-02-23,O,621,505,554,7,565
2021-02-24,A,1726,276,341,10,1651
2021-02-24,AB,234,55,69,1,219
2021-02-24,B,3833,286,391,46,3682
2021-02-24,O,565,421,551,2,433
2021-02-25,A,1651,320,345,10,1616
2021-02-25,AB,219,63,73,2,207
2021-02-25,B,3682,339,387,42,3592
2021-02-25,O,433,557,557,3,430
2021-02-26,A,1616,267,325,10,1548
2021-02-26,AB,207,57,63,3,198
2021-02-26,B,3592,268,356,50,3454
2021-02-26,O,430,460,579,2,309
2021-02-27,A,1548,513,305,9,1747
2021-02-27,AB,198,104,84,2,216
2021-02-27,B,3454,622,343,56,3677
2021-02-27,O,309,908,532,4,681
2021-02-28,A,1747,790,315,15,2207
2021-02-28,AB,216,164,70,3,307
2021-02-28,B,3677,887,355,60,4149
2021-02-28,O,681,1404,502,11,1572
2021-03-01,A,2207,181,312,12,2064
2021-03-01,AB,307,34,82,1,258
2021-03-01,B,4149,216,353,56,3956
2021-03-01,O,1572,324,576,11,1309
2021-03-02,A,2064,256,307,13,2000
2021-03-02,AB,258,68,79,1,246
2021-03-02,B,3956,314,326,70,3874
2021-03-02,O,1309,557,580,4,1282
2021-03-03,A,2000,323,308,12,2003
2021-03-03,AB,246,63,65,1,243
2021-03-03,B,3874,318,342,59,3791
2021-03-03,O,1282,529,556,8,1247
2021-03-04,A,2003,489,332,13,2147
2021-03-04,AB,243,137,82,2,296
2021-03-04,B,3791,511,320,64,3918
2021-03-04,O,1247,784,636,9,1386
2021-03-05,A,2147,224,285,18,2068
2021-03-05,AB,296,59,69,1,285
2021-03-05,B,3918,258,340,71,3765
2021-03-05,O,1386,436,567,5,1250
2021-03-06,A,2068,483,309,14,2228
2021-03-06,AB,285,106,78,2,311
2021-03-06,B,3765,578,342,67,3934
2021-03-06,O,1250,836,523,12,1551
2021-03-07,A,2228,566,262,35,2497
2021-03-07,AB,311,141,52,3,397
2021-03-07,B,3934,676,334,84,4192
2021-03-07,O,1551,1137,555,14,2119
2021-03-08,A,2497,159,300,17,2339
2021-03-08,AB,397,43,72,1,367
2021-03-08,B,4192,166,381,66,3911
2021-03-08,O,2119,247,572,7,1787
2021-03-09,A,2339,240,274,18,2287
2021-03-09,AB,367,58,109,2,314
2021-03-09,B,3911,282,370,57,3766
2021-03-09,O,1787,445,560,8,1664
2021-03-10,A,2287,340,318,15,2294
2021-03-10,AB,314,98,84,4,324
2021-03-10,B,3766,328,321,57,3716
2021-03-10,O,1664,523,527,8,1652
2021-03-11,A,2294,310,305,22,2277
2021-03-11,AB,324,81,71,1,333
2021-03-11,B,3716,354,335,53,3682
2021-03-11,O,1652,550,479,5,1718
2021-03-12,A,2277,189,275,18,2173
2021-03-12,AB,333,38,77,0,294
2021-03-12,B,3682,239,319,48,3554
2021-03-12,O,1718,320,532,7,1499
2021-03-13,A,2173,476,262,22,2365
2021-03-13,AB,294,125,69,2,348
2021-03-13,B,3554,558,282,50,3780
2021-03-13,O,1499,882,456,9,1916
2021-03-14,A,2365,696,269,32,2760
2021-03-14,AB,348,152,66,2,432
2021-03-14,B,3780,744,283,82,4159
2021-03-14,O,1916,1189,497,16,2592
2021-03-15,A,2760,167,267,28,2632
2021-03-15,AB,432,54,93,4,389
2021-03-15,B,4159,209,346,61,3961
2021-03-15,O,2592,306,522,11,2365
2021-03-16,A,2632,254,276,18,2592
2021-03-16,AB,389,81,73,2,395
2021-03-16,B,3961,337,314,64,3920
2021-03-16,O,2365,495,486,15,2359
2021-03-17,A,2592,338,299,28,2603
2021-03-17,AB,395,79,78,2,394
2021-03-17,B,3920,392,301,71,3940
2021-03-17,O,2359,548,476,17,2414
2021-03-18,A,2603,319,295,21,2606
2021-03-18,AB,394,87,79,1,401
2021-03-18,B,3940,367,313,54,3940
2021-03-18,O,2414,539,484,11,2458
2021-03-19,A,2606,270,317,29,2530
2021-03-19,AB,401,85,84,1,401
2021-03-19,B,3940,293,281,69,3883
2021-03-19,O,2458,497,529,20,2406
2021-03-20,A,2530,513,261,26,2756
2021-03-20,AB,401,112,71,0,442
2021-03-20,B,3883,605,279,50,4159
2021-03-20,O,2406,870,446,20,2810
2021-03-21,A,2756,811,284,44,3239
2021-03-21,AB,442,166,78,4,526
2021-03-21,B,4159,833,257,105,4630
2021-03-21,O,2810,1420,497,25,3708
2021-03-22,A,3239,188,317,36,3074
2021-03-22,AB,526,41,63,3,501
2021-03-22,B,4630,205,290,76,4469
2021-03-22,O,3708,338,588,27,3431
2021-03-23,A,3074,318,328,41,3023
2021-03-23,AB,501,84,81,6,498
2021-03-23,B,4469,382,281,95,4475
2021-03-23,O,3431,508,558,26,3355
2021-03-24,A,3023,240,303,34,2926
2021-03-24,AB,498,68,73,2,491
2021-03-24,B,4475,313,307,78,4403
2021-03-24,O,3355,465,588,16,3216
2021-03-25,A,2926,300,288,31,2907
2021-03-25,AB,491,100,85,5,501
2021-03-25,B,4403,385,308,78,4402
2021-03-25,O,3216,613,570,22,3237
2021-03-26,A,2907,209,288,39,2789
2021-03-26,AB,501,52,73,2,478
2021-03-26,B,4402,235,307,87,4243
2021-03-26,O,3237,378,512,26,3077
2021-03-27,A,2789,501,291,41,2958
2021-03-27,AB,478,123,64,7,530
2021-03-27,B,4243,492,267,79,4389
2021-03-27,O,3077,816,528,17,3348
2021-03-28,A,2958,727,326,47,3312
2021-03-28,AB,530,174,91,5,608
2021-03-28,B,4389,825,306,111,4797
2021-03-28,O,3348,1286,483,39,4112
2021-03-29,A,3312,190,311,41,3150
2021-03-29,AB,608,55,83,7,573
2021-03-29,B,4797,226,330,91,4602
2021-03-29,O,4112,279,542,33,3816
2021-03-30,A,3150,246,326,34,3036
2021-03-30,AB,573,66,64,1,574
2021-03-30,B,4602,299,270,84,4547
2021-03-30,O,3816,432,520,29,3699
2021-03-31,A,3036,308,307,44,2993
2021-03-31,AB,574,82,73,3,580
2021-03-31,B,4547,325,304,67,4501
2021-03-31,O,3699,574,502,36,3735
2021-04-01,A,2993,281,339,37,2898
2021-04-01,AB,580,77,94,4,559
2021-04-01,B,4501,320,344,77,4400
2021-04-01,O,3735,475,512,25,3673
2021-04-02,A,2898,220,296,31,2791
2021-04-02,AB,559,54,89,3,521
2021-04-02,B,4400,222,620,50,3952
2021-04-02,O,3673,377,532,32,3486
2021-04-03,A,2791,443,294,33,2907
2021-04-03,AB,521,106,65,3,559
2021-04-03,B,3952,444,267,70,4059
2021-04-03,O,3486,744,488,32,3710
2021-04-04,A,2907,728,282,45,3308
2021-04-04,AB,559,161,77,3,640
2021-04-04,B,4059,742,311,91,4399
2021-04-04,O,3710,1194,467,49,4388
2021-04-05,A,3308,226,285,46,3203
2021-04-05,AB,640,55,77,6,612
2021-04-05,B,4399,260,324,77,4258
2021-04-05,O,4388,361,545,34,4170
2021-04-06,A,3203,294,321,30,3146
2021-04-06,AB,612,84,90,8,598
2021-04-06,B,4258,369,331,83,4213
2021-04-06,O,4170,561,509,34,4188
2021-04-07,A,3146,346,308,52,3132
2021-04-07,AB,598,71,84,7,578
2021-04-07,B,4213,353,320,72,4174
2021-04-07,O,4188,532,529,57,4134
2021-04-08,A,3132,388,303,41,3176
2021-04-08,AB,578,77,65,6,584
2021-04-08,B,4174,469,383,84,4176
2021-04-08,O,4134,665,547,50,4202
2021-04-09,A,3176,325,327,37,3137
2021-04-09,AB,584,86,80,5,585
2021-04-09,B,4176,380,341,71,4144
2021-04-09,O,4202,500,558,41,4103
2021-04-10,A,3137,563,282,53,3365
2021-04-10,AB,585,137,82,7,633
2021-04-10,B,4144,613,359,86,4312
2021-04-10,O,4103,1009,443,34,4635
2021-04-11,A,3365,973,284,70,3984
2021-04-11,AB,633,211,68,7,769
2021-04-11,B,4312,892,315,86,4803
2021-04-11,O,4635,1502,454,71,5612
2021-04-12,A,3984,491,359,75,4041
2021-04-12,AB,769,128,103,17,777
2021-04-12,B,4803,567,383,88,4899
2021-04-12,O,5612,833,534,81,5830
2021-04-13,A,4041,59,330,59,3711
2021-04-13,AB,777,10,78,11,698
2021-04-13,B,4899,58,380,83,4494
2021-04-13,O,5830,117,487,81,5379
2021-04-14,A,3711,122,360,46,3427
2021-04-14,AB,698,31,86,5,638
2021-04-14,B,4494,135,310,76,4243
2021-04-14,O,5379,234,544,68,5001
2021-04-15,A,3427,151,323,49,3206
2021-04-15,AB,638,41,86,9,584
2021-04-15,B,4243,158,357,64,3980
2021-04-15,O,5001,282,509,50,4724
2021-04-16,A,3206,152,655,24,2679
2021-04-16,AB,584,31,72,1,542
2021-04-16,B,3980,159,361,54,3724
2021-04-16,O,4724,253,478,42,4457
2021-04-17,A,2679,285,300,28,2636
2021-04-17,AB,542,59,60,1,540
2021-04-17,B,3724,287,319,50,3642
2021-04-17,O,4457,495,448,36,4468
2021-04-18,A,2636,570,301,29,2876
2021-04-18,AB,540,138,61,6,611
2021-04-18,B,3642,574,334,65,3817
2021-04-18,O,4468,1000,485,55,4928
2021-04-19,A,2876,119,289,26,2680
2021-04-19,AB,611,21,75,6,551
2021-04-19,B,3817,118,380,37,3518
2021-04-19,O,4928,161,555,45,4489
2021-04-20,A,2680,125,304,24,2477
2021-04-20,AB,551,23,76,3,495
2021-04-20,B,3518,146,323,37,3304
2021-04-20,O,4489,237,521,46,4159
2021-04-21,A,2477,162,282,17,2340
2021-04-21,AB,495,52,82,2,463
2021-04-21,B,3304,222,323,45,3158
2021-04-21,O,4159,304,505,31,3927
2021-04-22,A,2340,178,280,16,2222
2021-04-22,AB,463,54,74,3,440
2021-04-22,B,3158,221,375,36,2968
2021-04-22,O,3927,300,518,27,3682
2021-04-23,A,2222,186,315,13,2080
2021-04-23,AB,440,42,66,1,415
2021-04-23,B,2968,212,383,31,2766
2021-04-23,O,3682,315,453,33,3511
2021-04-24,A,2080,253,296,16,2021
2021-04-24,AB,415,60,52,1,422
2021-04-24,B,2766,353,331,21,2767
2021-04-24,O,3511,480,448,27,3516
2021-04-25,A,2021,700,278,18,2425
2021-04-25,AB,422,188,67,1,542
2021-04-25,B,2767,708,343,32,3100
2021-04-25,O,3516,1172,463,44,4181
2021-04-26,A,2425,133,286,22,2250
2021-04-26,AB,542,35,93,6,478
2021-04-26,B,3100,113,319,34,2860
2021-04-26,O,4181,233,536,33,3845
2021-04-27,A,2250,201,272,16,2163
2021-04-27,AB,478,42,61,3,456
2021-04-27,B,2860,222,358,25,2699
2021-04-27,O,3845,350,499,24,3672
2021-04-28,A,2163,220,293,11,2079
2021-04-28,AB,456,48,69,4,431
2021-04-28,B,2699,252,334,15,2602
2021-04-28,O,3672,361,445,28,3560
2021-04-29,A,2079,287,282,14,2070
2021-04-29,AB,431,70,54,3,444
2021-04-29,B,2602,288,317,25,2548
2021-04-29,O,3560,438,472,27,3499
2021-04-30,A,2070,199,281,15,1973
2021-04-30,AB,444,36,54,3,423
2021-04-30,B,2548,230,301,24,2453
2021-04-30,O,3499,331,424,23,3383
2021-05-01,A,1973,629,295,23,2284
2021-05-01,AB,423,165,55,6,527
2021-05-01,B,2453,720,303,32,2838
2021-05-01,O,3383,1120,473,28,4002
2021-05-02,A,2284,545,292,24,2513
2021-05-02,AB,527,128,52,7,596
2021-05-02,B,2838,547,293,33,3059
2021-05-02,O,4002,912,460,34,4420
2021-05-03,A,2513,130,325,21,2297
2021-05-03,AB,596,40,55,3,578
2021-05-03,B,3059,172,378,28,2825
2021-05-03,O,4420,266,480,30,4176
2021-05-04,A,2297,205,301,23,2178
2021-05-04,AB,578,47,61,4,560
2021-05-04,B,2825,230,323,22,2710
2021-05-04,O,4176,329,411,53,4041
2021-05-05,A,2178,183,287,14,2060
2021-05-05,AB,560,56,61,2,553
2021-05-05,B,2710,210,294,29,2597
2021-05-05,O,4041,355,462,29,3905
2021-05-06,A,2060,234,298,9,1987
2021-05-06,AB,553,47,53,4,543
2021-05-06,B,2597,254,319,19,2513
2021-05-06,O,3905,389,456,29,3809
2021-05-07,A,1987,164,293,12,1846
2021-05-07,AB,543,41,60,5,519
2021-05-07,B,2513,210,287,23,2413
2021-05-07,O,3809,337,438,20,3688
2021-05-08,A,1846,345,234,9,1948
2021-05-08,AB,519,88,52,2,553
2021-05-08,B,2413,440,275,23,2555
2021-05-08,O,3688,689,429,29,3919
2021-05-09,A,1948,448,258,18,2120
2021-05-09,AB,553,89,49,5,588
2021-05-09,B,2555,446,287,27,2687
2021-05-09,O,3919,788,394,49,4264
2021-05-10,A,2120,197,245,18,2054
2021-05-10,AB,588,35,66,5,552
2021-05-10,B,2687,194,281,26,2574
2021-05-10,O,4264,347,1160,27,3424
2021-05-11,A,2054,238,238,12,2042
2021-05-11,AB,552,60,53,6,553
2021-05-11,B,2574,259,274,18,2541
2021-05-11,O,3424,428,433,29,3390
2021-05-12,A,2042,165,227,14,1966
2021-05-12,AB,553,26,55,6,518
2021-05-12,B,2541,192,295,15,2423
2021-05-12,O,3390,306,361,24,3311
2021-05-13,A,1966,0,230,12,1724
2021-05-13,AB,518,0,48,2,468
2021-05-13,B,2423,0,275,11,2137
2021-05-13,O,3311,0,382,18,2911
2021-05-14,A,1724,234,216,10,1732
2021-05-14,AB,468,38,49,5,452
2021-05-14,B,2137,298,277,20,2138
2021-05-14,O,2911,436,418,19,2910
2021-05-15,A,1732,535,204,9,2054
2021-05-15,AB,452,106,43,4,511
2021-05-15,B,2138,640,261,16,2501
2021-05-15,O,2910,940,400,29,3421
2021-05-16,A,2054,688,207,20,2515
2021-05-16,AB,511,164,57,6,612
2021-05-16,B,2501,805,309,28,2969
2021-05-16,O,3421,1243,412,39,4213
2021-05-17,A,2515,327,256,19,2567
2021-05-17,AB,612,65,48,4,625
2021-05-17,B,2969,377,289,40,3017
2021-05-17,O,4213,611,432,40,4352
2021-05-18,A,2567,335,265,26,2611
2021-05-18,AB,625,69,38,7,649
2021-05-18,B,3017,381,334,23,3041
2021-05-18,O,4352,578,422,49,4459
2021-05-19,A,2611,329,224,25,2691
2021-05-19,AB,649,91,44,9,687
2021-05-19,B,3041,396,319,44,3074
2021-05-19,O,4459,672,454,46,4631
2021-05-20,A,2691,276,293,25,2649
2021-05-20,AB,687,66,44,7,702
2021-05-20,B,3074,310,327,30,3027
2021-05-20,O,4631,559,475,49,4666
2021-05-21,A,2649,248,272,19,2606
2021-05-21,AB,702,53,57,11,687
2021-05-21,B,3027,266,345,30,2918
2021-05-21,O,4666,434,491,53,4556
2021-05-22,A,2606,584,259,35,2896
2021-05-22,AB,687,117,63,4,737
2021-05-22,B,2918,644,357,36,3169
2021-05-22,O,4556,962,449,64,5005
2021-05-23,A,2896,782,289,32,3357
2021-05-23,AB,737,168,58,12,835
2021-05-23,B,3169,875,334,53,3657
2021-05-23,O,5005,1361,481,76,5809
2021-05-24,A,3357,218,324,39,3212
2021-05-24,AB,835,57,47,12,833
2021-05-24,B,3657,235,392,36,3464
2021-05-24,O,5809,411,528,73,5619
2021-05-25,A,3212,251,316,48,3099
2021-05-25,AB,833,56,50,13,826
2021-05-25,B,3464,288,317,53,3382
2021-05-25,O,5619,454,510,66,5497
2021-05-26,A,3099,366,322,36,3107
2021-05-26,AB,826,68,53,8,833
2021-05-26,B,3382,427,363,55,3391
2021-05-26,O,5497,691,546,99,5543
2021-05-27,A,3107,277,330,37,3017
2021-05-27,AB,833,60,58,14,821
2021-05-27,B,3391,260,362,42,3247
2021-05-27,O,5543,488,794,65,5172
2021-05-28,A,3017,269,302,31,2953
2021-05-28,AB,821,62,47,6,830
2021-05-28,B,3247,324,361,40,3170
2021-05-28,O,5172,527,578,74,5047
2021-05-29,A,2953,399,323,38,2991
2021-05-29,AB,830,93,52,10,861
2021-05-29,B,3170,455,344,39,3242
2021-05-29,O,5047,731,517,57,5204
2021-05-30,A,2991,533,307,40,3177
2021-05-30,AB,861,102,53,12,898
2021-05-30,B,3242,527,350,34,3385
2021-05-30,O,5204,888,486,76,5530
2021-05-31,A,3177,226,317,41,3045
2021-05-31,AB,898,62,74,17,869
2021-05-31,B,3385,303,371,45,3272
2021-05-31,O,5530,436,547,71,5348
2021-06-01,A,3045,190,301,39,2895
2021-06-01,AB,869,38,42,10,855
2021-06-01,B,3272,211,358,34,3091
2021-06-01,O,5348,350,510,62,5126
2021-06-02,A,2895,279,328,23,2823
2021-06-02,AB,855,54,67,6,836
2021-06-02,B,3091,290,370,34,2977
2021-06-02,O,5126,444,485,53,5032
2021-06-03,A,2823,336,314,34,2811
2021-06-03,AB,836,70,58,11,837
2021-06-03,B,2977,407,389,34,2961
2021-06-03,O,5032,547,501,66,5012
2021-06-04,A,2811,186,306,31,2660
2021-06-04,AB,837,39,62,18,796
2021-06-04,B,2961,241,389,25,2788
2021-06-04,O,5012,335,503,52,4792
2021-06-05,A,2660,404,299,33,2732
2021-06-05,AB,796,93,65,10,814
2021-06-05,B,2788,461,314,38,2897
2021-06-05,O,4792,731,439,65,5019
2021-06-06,A,2732,488,302,35,2883
2021-06-06,AB,814,118,60,16,856
2021-06-06,B,2897,579,342,39,3095
2021-06-06,O,5019,898,477,70,5370
2021-06-07,A,2883,332,316,26,2873
2021-06-07,AB,856,87,65,15,863
2021-06-07,B,3095,359,360,38,3056
2021-06-07,O,5370,581,528,67,5356
2021-06-08,A,2873,244,330,25,2762
2021-06-08,AB,863,51,61,15,838
2021-06-08,B,3056,299,376,29,2950
2021-06-08,O,5356,489,529,81,5235
2021-06-09,A,2762,337,315,37,2747
2021-06-09,AB,838,100,64,9,865
2021-06-09,B,2950,385,381,33,2921
2021-06-09,O,5235,573,509,63,5236
2021-06-10,A,2747,317,339,28,2697
2021-06-10,AB,865,78,84,17,842
2021-06-10,B,2921,369,374,38,2878
2021-06-10,O,5236,565,493,65,5243
2021-06-11,A,2697,238,381,23,2531
2021-06-11,AB,842,58,66,10,824
2021-06-11,B,2878,313,374,27,2790
2021-06-11,O,5243,447,537,61,5092
2021-06-12,A,2531,459,285,41,2664
2021-06-12,AB,824,105,56,18,855
2021-06-12,B,2790,513,387,39,2877
2021-06-12,O,5092,814,482,72,5352
2021-06-13,A,2664,672,341,24,2971
2021-06-13,AB,855,132,66,9,912
2021-06-13,B,2877,676,388,39,3126
2021-06-13,O,5352,1089,498,78,5865
2021-06-14,A,2971,450,362,34,3025
2021-06-14,AB,912,110,67,15,940
2021-06-14,B,3126,503,401,35,3193
2021-06-14,O,5865,829,596,83,6015
2021-06-15,A,3025,369,340,40,3014
2021-06-15,AB,940,94,76,16,942
2021-06-15,B,3193,441,390,36,3208
2021-06-15,O,6015,702,539,102,6076
2021-06-16,A,3014,371,315,46,3024
2021-06-16,AB,942,99,69,18,954
2021-06-16,B,3208,456,403,30,3231
2021-06-16,O,6076,620,557,98,6041
2021-06-17,A,3024,393,341,40,3036
2021-06-17,AB,954,88,83,20,939
2021-06-17,B,3231,417,424,39,3185
2021-06-17,O,6041,654,554,84,6057
2021-06-18,A,3036,288,358,34,2932
2021-06-18,AB,939,63,71,18,913
2021-06-18,B,3185,311,436,33,3027
2021-06-18,O,6057,452,601,85,5823
2021-06-19,A,2932,522,326,35,3093
2021-06-19,AB,913,122,64,19,952
2021-06-19,B,3027,603,384,40,3206
2021-06-19,O,5823,922,528,93,6124
2021-06-20,A,3093,665,334,49,3375
2021-06-20,AB,952,157,76,16,1017
2021-06-20,B,3206,726,345,34,3553
2021-06-20,O,6124,1191,527,100,6688
2021-06-21,A,3375,248,363,43,3217
2021-06-21,AB,1017,61,73,15,990
2021-06-21,B,3553,265,445,41,3332
2021-06-21,O,6688,430,563,100,6455
2021-06-22,A,3217,258,354,26,3095
2021-06-22,AB,990,73,88,11,964
2021-06-22,B,3332,281,343,47,3223
2021-06-22,O,6455,434,531,111,6247
2021-06-23,A,3095,318,347,33,3033
2021-06-23,AB,964,74,72,16,950
2021-06-23,B,3223,373,415,29,3152
2021-06-23,O,6247,507,552,91,6111
2021-06-24,A,3033,233,316,36,2914
2021-06-24,AB,950,59,88,19,902
2021-06-24,B,3152,299,395,32,3024
2021-06-24,O,6111,438,512,95,5942
2021-06-25,A,2914,264,357,25,2796
2021-06-25,AB,902,58,78,13,869
2021-06-25,B,3024,286,391,31,2888
2021-06-25,O,5942,424,517,75,5774
2021-06-26,A,2796,513,334,36,2939
2021-06-26,AB,869,136,83,16,906
2021-06-26,B,2888,573,351,42,3068
2021-06-26,O,5774,871,489,103,6053
2021-06-27,A,2939,515,318,47,3089
2021-06-27,AB,906,128,63,5,966
2021-06-27,B,3068,582,380,47,3223
2021-06-27,O,6053,949,510,112,6380
2021-06-28,A,3089,218,339,33,2935
2021-06-28,AB,966,40,66,13,927
2021-06-28,B,3223,220,381,29,3033
2021-06-28,O,6380,366,487,98,6161
2021-06-29,A,2935,218,310,27,2816
2021-06-29,AB,927,57,75,14,895
2021-06-29,B,3033,272,410,41,2854
2021-06-29,O,6161,461,535,78,6009
2021-06-30,A,2816,272,328,37,2723
2021-06-30,AB,895,68,61,16,886
2021-06-30,B,2854,293,368,26,2753
2021-06-30,O,6009,491,494,85,5921
2021-07-01,A,2723,276,307,31,2661
2021-07-01,AB,886,66,93,20,839
2021-07-01,B,2753,354,379,23,2705
2021-07-01,O,5921,521,495,83,5864
2021-07-02,A,2661,191,357,16,2479
2021-07-02,AB,839,39,86,13,779
2021-07-02,B,2705,215,441,26,2453
2021-07-02,O,5864,345,537,81,5591
2021-07-03,A,2479,310,295,33,2461
2021-07-03,AB,779,72,75,8,768
2021-07-03,B,2453,384,375,17,2445
2021-07-03,O,5591,581,480,72,5620
2021-07-04,A,2461,436,277,24,2596
2021-07-04,AB,768,114,73,12,797
2021-07-04,B,2445,518,379,22,2562
2021-07-04,O,5620,718,510,92,5736
2021-07-05,A,2596,159,316,13,2426
2021-07-05,AB,797,41,77,11,750
2021-07-05,B,2562,180,385,19,2338
2021-07-05,O,5736,277,503,67,5443
2021-07-06,A,2426,192,347,17,2254
2021-07-06,AB,750,53,86,5,712
2021-07-06,B,2338,204,373,13,2156
2021-07-06,O,5443,313,519,62,5175
2021-07-07,A,2254,216,299,22,2149
2021-07-07,AB,712,67,78,10,691
2021-07-07,B,2156,247,376,8,2019
2021-07-07,O,5175,396,536,62,4973
2021-07-08,A,2149,218,304,15,2048
2021-07-08,AB,691,55,66,7,673
2021-07-08,B,2019,241,374,9,1877
2021-07-08,O,4973,374,538,41,4768
2021-07-09,A,2048,205,289,17,1947
2021-07-09,AB,673,49,79,5,638
2021-07-09,B,1877,242,387,12,1720
2021-07-09,O,4768,326,471,42,4581
2021-07-10,A,1947,421,287,16,2065
2021-07-10,AB,638,88,76,6,644
2021-07-10,B,1720,439,324,14,1821
2021-07-10,O,4581,664,435,51,4759
2021-07-11,A,2065,377,266,13,2163
2021-07-11,AB,644,81,55,9,661
2021-07-11,B,1821,432,361,19,1873
2021-07-11,O,4759,663,461,48,4913
2021-07-12,A,2163,154,302,4,2011
2021-07-12,AB,661,43,78,7,619
2021-07-12,B,1873,160,376,17,1640
2021-07-12,O,4913,255,513,56,4599
2021-07-13,A,2011,165,286,11,1879
2021-07-13,AB,619,34,58,2,593
2021-07-13,B,1640,177,325,11,1481
2021-07-13,O,4599,305,450,39,4415
2021-07-14,A,1879,186,289,15,1761
2021-07-14,AB,593,46,58,6,575
2021-07-14,B,1481,204,314,5,1366
2021-07-14,O,4415,351,427,38,4301
2021-07-15,A,1761,196,278,7,1672
2021-07-15,AB,575,41,48,5,563
2021-07-15,B,1366,201,322,7,1238
2021-07-15,O,4301,291,445,33,4114
2021-07-16,A,1672,128,262,9,1529
2021-07-16,AB,563,42,72,4,529
2021-07-16,B,1238,165,335,7,1061
2021-07-16,O,4114,215,411,30,3888
2021-07-17,A,1529,320,208,6,1635
2021-07-17,AB,529,69,57,5,536
2021-07-17,B,1061,349,305,8,1097
2021-07-17,O,3888,515,346,33,4024
2021-07-18,A,1635,330,237,10,1718
2021-07-18,AB,536,77,57,2,554
2021-07-18,B,1097,399,343,5,1148
2021-07-18,O,4024,611,399,42,4194
2021-07-19,A,1718,96,241,12,1561
2021-07-19,AB,554,27,56,7,518
2021-07-19,B,1148,122,298,0,972
2021-07-19,O,4194,198,413,31,3948
2021-07-20,A,1561,47,220,16,1372
2021-07-20,AB,518,9,53,5,469
2021-07-20,B,972,47,304,9,706
2021-07-20,O,3948,95,366,30,3647
2021-07-21,A,1372,151,233,12,1278
2021-07-21,AB,469,33,49,4,449
2021-07-21,B,706,157,301,2,560
2021-07-21,O,3647,264,369,26,3516
2021-07-22,A,1278,312,252,9,1329
2021-07-22,AB,449,76,63,4,458
2021-07-22,B,560,385,256,3,686
2021-07-22,O,3516,576,367,26,3699
2021-07-23,A,1329,188,234,6,1277
2021-07-23,AB,458,53,45,0,466
2021-07-23,B,686,247,281,2,650
2021-07-23,O,3699,351,374,24,3652
2021-07-24,A,1277,370,214,12,1421
2021-07-24,AB,466,103,45,4,520
2021-07-24,B,650,441,257,4,830
2021-07-24,O,3652,766,336,39,4043
2021-07-25,A,1421,444,233,10,1622
2021-07-25,AB,520,84,52,5,547
2021-07-25,B,830,487,294,2,1021
2021-07-25,O,4043,793,391,46,4399
2021-07-26,A,1622,174,245,6,1545
2021-07-26,AB,547,43,61,6,523
2021-07-26,B,1021,183,293,2,909
2021-07-26,O,4399,337,401,41,4294
2021-07-27,A,1545,203,215,6,1527
2021-07-27,AB,523,40,45,6,512
2021-07-27,B,909,245,259,4,891
2021-07-27,O,4294,366,370,42,4248
2021-07-28,A,1527,266,211,10,1572
2021-07-28,AB,512,70,58,8,516
2021-07-28,B,891,312,242,5,956
2021-07-28,O,4248,485,411,45,4277
2021-07-29,A,1572,277,274,9,1566
2021-07-29,AB,516,69,59,7,519
2021-07-29,B,956,301,276,7,974
2021-07-29,O,4277,474,372,36,4343
2021-07-30,A,1566,240,253,13,1540
2021-07-30,AB,519,57,56,4,516
2021-07-30,B,974,252,276,3,947
2021-07-30,O,4343,375,404,38,4276
2021-07-31,A,1540,401,212,16,1713
2021-07-31,AB,516,80,50,0,546
2021-07-31,B,947,400,256,8,1083
2021-07-31,O,4276,661,382,49,4506
2021-08-01,A,1713,434,233,15,1899
2021-08-01,AB,546,105,59,6,586
2021-08-01,B,1083,501,288,5,1291
2021-08-01,O,4506,745,407,63,4781
2021-08-02,A,1899,203,242,11,1849
2021-08-02,AB,586,62,66,4,578
2021-08-02,B,1291,258,301,6,1242
2021-08-02,O,4781,378,428,46,4685
2021-08-03,A,1849,261,221,6,1883
2021-08-03,AB,578,66,56,7,581
2021-08-03,B,1242,261,273,8,1222
2021-08-03,O,4685,380,406,54,4605
2021-08-04,A,1883,321,239,19,1946
2021-08-04,AB,581,76,58,8,591
2021-08-04,B,1222,361,295,5,1283
2021-08-04,O,4605,513,424,47,4647
2021-08-05,A,1946,299,246,14,1985
2021-08-05,AB,591,72,61,5,597
2021-08-05,B,1283,295,265,2,1311
2021-08-05,O,4647,441,414,47,4627
2021-08-06,A,1985,335,234,10,2076
2021-08-06,AB,597,74,67,8,596
2021-08-06,B,1311,358,274,14,1381
2021-08-06,O,4627,517,450,63,4631
2021-08-07,A,2076,408,256,18,2210
2021-08-07,AB,596,87,43,6,634
2021-08-07,B,1381,484,266,9,1590
2021-08-07,O,4631,723,417,51,4886
2021-08-08,A,2210,493,239,27,2437
2021-08-08,AB,634,119,57,10,686
2021-08-08,B,1590,534,277,11,1836
2021-08-08,O,4886,893,453,64,5262
2021-08-09,A,2437,170,257,23,2327
2021-08-09,AB,686,45,68,9,654
2021-08-09,B,1836,210,261,15,1770
2021-08-09,O,5262,324,430,62,5094
2021-08-10,A,2327,335,250,21,2391
2021-08-10,AB,654,82,61,5,670
2021-08-10,B,1770,388,314,9,1835
2021-08-10,O,5094,657,449,75,5227
2021-08-11,A,2391,215,281,21,2304
2021-08-11,AB,670,44,55,8,651
2021-08-11,B,1835,237,321,11,1740
2021-08-11,O,5227,397,464,67,5093
2021-08-12,A,2304,222,271,15,2240
2021-08-12,AB,651,48,66,11,622
2021-08-12,B,1740,234,293,10,1671
2021-08-12,O,5093,449,446,59,5037
2021-08-13,A,2240,234,281,14,2179
2021-08-13,AB,622,61,69,9,605
2021-08-13,B,1671,251,322,10,1590
2021-08-13,O,5037,414,487,66,4898
2021-08-14,A,2179,468,266,28,2353
2021-08-14,AB,605,102,62,6,639
2021-08-14,B,1590,484,275,14,1785
2021-08-14,O,4898,766,426,60,5178
2021-08-15,A,2353,531,273,27,2584
2021-08-15,AB,639,110,58,6,685
2021-08-15,B,1785,581,311,21,2034
2021-08-15,O,5178,864,489,67,5486
2021-08-16,A,2584,184,275,18,2475
2021-08-16,AB,685,40,72,7,646
2021-08-16,B,2034,189,305,17,1901
2021-08-16,O,5486,348,489,69,5276
2021-08-17,A,2475,196,265,31,2375
2021-08-17,AB,646,57,71,5,627
2021-08-17,B,1901,261,284,4,1874
2021-08-17,O,5276,382,508,55,5095
2021-08-18,A,2375,240,295,25,2295
2021-08-18,AB,627,66,51,7,635
2021-08-18,B,1874,327,292,8,1901
2021-08-18,O,5095,454,522,63,4964
2021-08-19,A,2295,362,282,20,2355
2021-08-19,AB,635,69,72,8,624
2021-08-19,B,1901,359,327,14,1919
2021-08-19,O,4964,595,482,51,5026
2021-08-20,A,2355,220,327,22,2226
2021-08-20,AB,624,49,63,0,610
2021-08-20,B,1919,219,304,11,1823
2021-08-20,O,5026,389,567,55,4793
2021-08-21,A,2226,499,264,16,2445
2021-08-21,AB,610,152,71,4,687
2021-08-21,B,1823,569,310,8,2074
2021-08-21,O,4793,937,464,66,5200
2021-08-22,A,2445,616,300,37,2724
2021-08-22,AB,687,125,79,18,715
2021-08-22,B,2074,653,320,23,2384
2021-08-22,O,5200,1024,538,87,5599
2021-08-23,A,2724,214,318,29,2591
2021-08-23,AB,715,45,69,5,686
2021-08-23,B,2384,253,340,12,2285
2021-08-23,O,5599,364,528,83,5352
2021-08-24,A,2591,274,313,23,2529
2021-08-24,AB,686,72,71,4,683
2021-08-24,B,2285,312,339,17,2241
2021-08-24,O,5352,466,483,62,5273
2021-08-25,A,2529,300,292,17,2520
2021-08-25,AB,683,61,75,9,660
2021-08-25,B,2241,342,329,13,2241
2021-08-25,O,5273,524,554,66,5177
2021-08-26,A,2520,321,325,19,2497
2021-08-26,AB,660,93,72,7,674
2021-08-26,B,2241,357,346,13,2239
2021-08-26,O,5177,558,558,45,5132
2021-08-27,A,2497,286,315,22,2446
2021-08-27,AB,674,79,78,8,667
2021-08-27,B,2239,320,333,21,2205
2021-08-27,O,5132,503,506,68,5061
2021-08-28,A,2446,494,300,19,2621
2021-08-28,AB,667,124,56,11,724
2021-08-28,B,2205,539,357,18,2369
2021-08-28,O,5061,896,507,84,5366
2021-08-29,A,2621,728,291,37,3021
2021-08-29,AB,724,166,83,14,793
2021-08-29,B,2369,771,375,28,2737
2021-08-29,O,5366,1269,507,99,6029
2021-08-30,A,3021,397,348,36,3034
2021-08-30,AB,793,88,73,12,796
2021-08-30,B,2737,400,392,23,2722
2021-08-30,O,6029,596,571,78,5976
2021-08-31,A,3034,806,332,51,3457
2021-08-31,AB,796,185,90,10,881
2021-08-31,B,2722,857,385,34,3160
2021-08-31,O,5976,1358,626,94,6614
2021-09-01,A,3457,332,357,54,3378
2021-09-01,AB,881,84,83,15,867
2021-09-01,B,3160,376,366,38,3132
2021-09-01,O,6614,511,636,106,6383
2021-09-02,A,3378,340,339,48,3331
2021-09-02,AB,867,91,98,12,848
2021-09-02,B,3132,370,398,38,3066
2021-09-02,O,6383,569,554,103,6295
2021-09-03,A,3331,204,317,51,3167
2021-09-03,AB,848,62,99,9,802
2021-09-03,B,3066,236,372,35,2895
2021-09-03,O,6295,396,592,104,5995
2021-09-04,A,3167,517,303,48,3333
2021-09-04,AB,802,112,80,12,822
2021-09-04,B,2895,530,382,33,3010
2021-09-04,O,5995,859,558,107,6189
2021-09-05,A,3333,534,302,58,3507
2021-09-05,AB,822,119,73,15,853
2021-09-05,B,3010,581,418,35,3138
2021-09-05,O,6189,883,580,98,6394
2021-09-06,A,3507,185,348,45,3299
2021-09-06,AB,853,47,81,14,805
2021-09-06,B,3138,225,423,31,2909
2021-09-06,O,6394,353,581,98,6068
2021-09-07,A,3299,286,337,38,3210
2021-09-07,AB,805,64,87,13,769
2021-09-07,B,2909,328,407,24,2806
2021-09-07,O,6068,443,600,83,5828
2021-09-08,A,3210,303,337,37,3139
2021-09-08,AB,769,64,129,8,696
2021-09-08,B,2806,351,417,30,2710
2021-09-08,O,5828,542,690,70,5610
2021-09-09,A,3139,247,350,40,2996
2021-09-09,AB,696,68,92,6,666
2021-09-09,B,2710,292,408,24,2570
2021-09-09,O,5610,456,591,63,5412
2021-09-10,A,2996,229,349,24,2852
2021-09-10,AB,666,52,75,6,637
2021-09-10,B,2570,250,418,23,2379
2021-09-10,O,5412,390,594,61,5147
2021-09-11,A,2852,503,320,43,2992
2021-09-11,AB,637,125,66,12,684
2021-09-11,B,2379,541,366,19,2535
2021-09-11,O,5147,846,551,64,5378
2021-09-12,A,2992,615,325,40,3242
2021-09-12,AB,684,151,78,14,743
2021-09-12,B,2535,649,410,33,2741
2021-09-12,O,5378,1115,544,89,5860
2021-09-13,A,3242,201,349,37,3057
2021-09-13,AB,743,50,71,15,707
2021-09-13,B,2741,233,415,22,2537
2021-09-13,O,5860,368,671,82,5475
2021-09-14,A,3057,236,371,36,2886
2021-09-14,AB,707,64,82,9,680
2021-09-14,B,2537,259,390,16,2390
2021-09-14,O,5475,423,624,67,5207
2021-09-15,A,2886,319,369,30,2806
2021-09-15,AB,680,83,88,14,661
2021-09-15,B,2390,374,432,17,2315
2021-09-15,O,5207,563,580,62,5128
2021-09-16,A,2806,733,365,41,3133
2021-09-16,AB,661,207,84,7,777
2021-09-16,B,2315,850,448,22,2695
2021-09-16,O,5128,1290,640,61,5717
2021-09-17,A,3133,231,358,35,2971
2021-09-17,AB,777,50,76,11,740
2021-09-17,B,2695,274,449,21,2499
2021-09-17,O,5717,397,656,63,5395
2021-09-18,A,2971,460,334,39,3058
2021-09-18,AB,740,115,92,9,754
2021-09-18,B,2499,471,411,23,2536
2021-09-18,O,5395,737,570,76,5486
2021-09-19,A,3058,667,351,48,3326
2021-09-19,AB,754,141,76,14,805
2021-09-19,B,2536,744,435,24,2821
2021-09-19,O,5486,1168,572,94,5988
2021-09-20,A,3326,197,377,44,3102
2021-09-20,AB,805,60,77,9,779
2021-09-20,B,2821,248,447,27,2595
2021-09-20,O,5988,388,661,77,5638
2021-09-21,A,3102,217,381,31,2907
2021-09-21,AB,779,57,72,9,755
2021-09-21,B,2595,256,437,18,2396
2021-09-21,O,5638,386,662,60,5302
2021-09-22,A,2907,248,353,29,2773
2021-09-22,AB,755,61,86,4,726
2021-09-22,B,2396,301,472,11,2214
2021-09-22,O,5302,397,668,74,4957
2021-09-23,A,2773,303,374,24,2678
2021-09-23,AB,726,58,85,8,691
2021-09-23,B,2214,344,397,13,2148
2021-09-23,O,4957,519,615,55,4806
2021-09-24,A,2678,200,349,21,2508
2021-09-24,AB,691,42,74,8,651
2021-09-24,B,2148,219,413,15,1939
2021-09-24,O,4806,345,676,37,4438
2021-09-25,A,2508,423,326,22,2583
2021-09-25,AB,651,90,71,4,666
2021-09-25,B,1939,481,413,17,1990
2021-09-25,O,4438,722,607,43,4510
2021-09-26,A,2583,610,339,28,2826
2021-09-26,AB,666,129,78,6,711
2021-09-26,B,1990,704,413,11,2270
2021-09-26,O,4510,1089,605,58,4936
2021-09-27,A,2826,191,357,25,2635
2021-09-27,AB,711,28,74,8,657
2021-09-27,B,2270,241,434,11,2066
2021-09-27,O,4936,334,634,49,4587
2021-09-28,A,2635,277,367,25,2520
2021-09-28,AB,657,64,82,5,634
2021-09-28,B,2066,285,461,14,1876
2021-09-28,O,4587,474,591,43,4427
2021-09-29,A,2520,339,334,31,2494
2021-09-29,AB,634,78,68,9,635
2021-09-29,B,1876,425,439,13,1849
2021-09-29,O,4427,632,636,48,4375
2021-09-30,A,2494,323,363,18,2436
2021-09-30,AB,635,60,80,4,611
2021-09-30,B,1849,380,429,10,1790
2021-09-30,O,4375,621,594,43,4359
2021-10-01,A,2436,185,302,17,2302
2021-10-01,AB,611,44,81,5,569
2021-10-01,B,1790,222,376,3,1633
2021-10-01,O,4359,315,600,32,4042
2021-10-02,A,2302,433,278,18,2439
2021-10-02,AB,569,81,66,6,578
2021-10-02,B,1633,466,387,9,1703
2021-10-02,O,4042,731,567,44,4162
2021-10-03,A,2439,639,287,31,2760
2021-10-03,AB,578,122,55,10,635
2021-10-03,B,1703,641,386,14,1944
2021-10-03,O,4162,1020,548,50,4584
2021-10-04,A,2760,174,322,23,2589
2021-10-04,AB,635,25,115,9,536
2021-10-04,B,1944,166,443,7,1660
2021-10-04,O,4584,310,621,35,4238
2021-10-05,A,2589,204,309,21,2463
2021-10-05,AB,536,52,74,5,509
2021-10-05,B,1660,229,386,2,1501
2021-10-05,O,4238,363,615,36,3950
2021-10-06,A,2463,235,297,17,2384
2021-10-06,AB,509,51,71,7,482
2021-10-06,B,1501,244,399,4,1342
2021-10-06,O,3950,384,592,24,3718
2021-10-07,A,2384,238,323,33,2266
2021-10-07,AB,482,59,55,3,483
2021-10-07,B,1342,256,382,6,1210
2021-10-07,O,3718,393,573,19,3519
2021-10-08,A,2266,187,357,12,2084
2021-10-08,AB,483,27,105,4,401
2021-10-08,B,1210,225,406,7,1022
2021-10-08,O,3519,336,570,20,3265
2021-10-09,A,2084,519,260,14,2329
2021-10-09,AB,401,85,59,1,426
2021-10-09,B,1022,566,362,10,1216
2021-10-09,O,3265,870,539,20,3576
2021-10-10,A,2329,638,292,33,2642
2021-10-10,AB,426,117,72,3,468
2021-10-10,B,1216,647,393,5,1465
2021-10-10,O,3576,1091,596,34,4037
2021-10-11,A,2642,177,369,20,2430
2021-10-11,AB,468,30,74,2,422
2021-10-11,B,1465,200,427,4,1234
2021-10-11,O,4037,278,593,36,3686
2021-10-12,A,2430,227,326,18,2313
2021-10-12,AB,422,51,68,2,403
2021-10-12,B,1234,327,381,2,1178
2021-10-12,O,3686,425,575,19,3517
2021-10-13,A,2313,285,322,20,2256
2021-10-13,AB,403,68,63,4,404
2021-10-13,B,1178,330,413,8,1087
2021-10-13,O,3517,523,553,24,3463
2021-10-14,A,2256,296,349,13,2190
2021-10-14,AB,404,53,66,2,389
2021-10-14,B,1087,344,423,4,1004
2021-10-14,O,3463,488,562,28,3361
2021-10-15,A,2190,183,332,8,2033
2021-10-15,AB,389,31,67,2,351
2021-10-15,B,1004,220,423,4,797
2021-10-15,O,3361,337,601,15,3082
2021-10-16,A,2033,388,313,12,2096
2021-10-16,AB,351,90,61,0,380
2021-10-16,B,797,459,341,8,907
2021-10-16,O,3082,705,513,21,3253
2021-10-17,A,2096,562,288,27,2343
2021-10-17,AB,380,100,147,1,332
2021-10-17,B,907,608,394,5,1116
2021-10-17,O,3253,992,555,29,3661
2021-10-18,A,2343,198,322,20,2199
2021-10-18,AB,332,38,57,1,312
2021-10-18,B,1116,198,422,4,888
2021-10-18,O,3661,335,582,24,3390
2021-10-19,A,2199,384,316,24,2243
2021-10-19,AB,312,77,60,0,329
2021-10-19,B,888,430,402,2,914
2021-10-19,O,3390,682,535,20,3517
2021-10-20,A,2243,191,307,21,2106
2021-10-20,AB,329,48,61,1,315
2021-10-20,B,914,232,365,2,779
2021-10-20,O,3517,367,560,29,3295
2021-10-21,A,2106,216,349,10,1963
2021-10-21,AB,315,56,65,1,305
2021-10-21,B,779,272,372,5,674
2021-10-21,O,3295,409,559,14,3131
2021-10-22,A,1963,179,280,10,1852
2021-10-22,AB,305,47,67,0,285
2021-10-22,B,674,184,390,3,465
2021-10-22,O,3131,303,603,13,2818
2021-10-23,A,1852,359,264,13,1934
2021-10-23,AB,285,90,59,1,315
2021-10-23,B,465,368,353,0,480
2021-10-23,O,2818,622,503,19,2918
2021-10-24,A,1934,627,289,14,2258
2021-10-24,AB,315,139,49,1,404
2021-10-24,B,480,707,377,4,806
2021-10-24,O,2918,1086,504,27,3473
2021-10-25,A,2258,144,305,17,2080
2021-10-25,AB,404,40,59,0,385
2021-10-25,B,806,153,370,4,585
2021-10-25,O,3473,247,560,19,3141
2021-10-26,A,2080,187,319,11,1937
2021-10-26,AB,385,48,62,3,368
2021-10-26,B,585,198,358,1,424
2021-10-26,O,3141,310,537,19,2895
2021-10-27,A,1937,338,269,13,1993
2021-10-27,AB,368,59,56,1,370
2021-10-27,B,424,366,384,2,404
2021-10-27,O,2895,562,507,15,2935
2021-10-28,A,1993,292,299,12,1974
2021-10-28,AB,370,66,62,3,371
2021-10-28,B,404,314,353,2,363
2021-10-28,O,2935,477,479,7,2926
2021-10-29,A,1974,311,330,11,1944
2021-10-29,AB,371,73,52,2,390
2021-10-29,B,363,274,347,2,288
2021-10-29,O,2926,426,769,10,2573
2021-10-30,A,1944,425,259,12,2098
2021-10-30,AB,390,75,75,5,385
2021-10-30,B,288,472,339,5,416
2021-10-30,O,2573,718,473,16,2802
2021-10-31,A,2098,559,285,17,2355
2021-10-31,AB,385,135,67,2,451
2021-10-31,B,416,614,352,1,677
2021-10-31,O,2802,1001,512,24,3267
2021-11-01,A,2355,241,314,16,2266
2021-11-01,AB,451,54,58,2,445
2021-11-01,B,677,255,352,7,573
2021-11-01,O,3267,391,580,14,3064
2021-11-02,A,2266,238,299,13,2192
2021-11-02,AB,445,78,53,4,466
2021-11-02,B,573,306,341,0,538
2021-11-02,O,3064,456,533,19,2968
2021-11-03,A,2192,250,308,19,2115
2021-11-03,AB,466,70,53,1,482
2021-11-03,B,538,310,372,2,474
2021-11-03,O,2968,452,525,20,2875
2021-11-04,A,2115,477,277,15,2300
2021-11-04,AB,482,111,60,2,531
2021-11-04,B,474,521,363,5,627
2021-11-04,O,2875,915,566,17,3207
2021-11-05,A,2300,199,302,13,2184
2021-11-05,AB,531,62,59,5,529
2021-11-05,B,627,242,333,4,532
2021-11-05,O,3207,402,553,13,3043
2021-11-06,A,2184,365,275,15,2259
2021-11-06,AB,529,97,44,5,577
2021-11-06,B,532,445,350,5,622
2021-11-06,O,3043,643,520,15,3151
2021-11-07,A,2259,635,315,25,2554
2021-11-07,AB,577,134,69,7,635
2021-11-07,B,622,557,356,6,817
2021-11-07,O,3151,970,546,28,3547
2021-11-08,A,2554,148,321,22,2359
2021-11-08,AB,635,34,71,7,591
2021-11-08,B,817,183,333,3,664
2021-11-08,O,3547,295,583,16,3243
2021-11-09,A,2359,227,305,15,2266
2021-11-09,AB,591,49,70,5,565
2021-11-09,B,664,268,331,3,598
2021-11-09,O,3243,427,546,19,3105
2021-11-10,A,2266,283,307,16,2226
2021-11-10,AB,565,83,59,3,586
2021-11-10,B,598,337,344,0,591
2021-11-10,O,3105,501,575,16,3015
2021-11-11,A,2226,294,290,13,2217
2021-11-11,AB,586,79,70,5,590
2021-11-11,B,591,344,315,3,617
2021-11-11,O,3015,544,604,18,2937
2021-11-12,A,2217,204,304,19,2098
2021-11-12,AB,590,56,72,4,570
2021-11-12,B,617,221,329,4,505
2021-11-12,O,2937,327,601,13,2650
2021-11-13,A,2098,565,255,19,2389
2021-11-13,AB,570,149,69,6,644
2021-11-13,B,505,587,294,2,796
2021-11-13,O,2650,978,512,17,3099
2021-11-14,A,2389,745,313,31,2790
2021-11-14,AB,644,151,80,5,710
2021-11-14,B,796,754,314,9,1227
2021-11-14,O,3099,1336,580,36,3819
2021-11-15,A,2790,250,316,29,2695
2021-11-15,AB,710,66,75,11,690
2021-11-15,B,1227,228,354,9,1092
2021-11-15,O,3819,384,604,27,3572
2021-11-16,A,2695,270,303,26,2636
2021-11-16,AB,690,81,65,8,698
2021-11-16,B,1092,290,362,3,1017
2021-11-16,O,3572,491,578,19,3466
2021-11-17,A,2636,338,299,28,2647
2021-11-17,AB,698,82,71,5,704
2021-11-17,B,1017,368,330,4,1051
2021-11-17,O,3466,539,600,25,3380
2021-11-18,A,2647,408,347,21,2687
2021-11-18,AB,704,115,85,14,720
2021-11-18,B,1051,476,350,11,1166
2021-11-18,O,3380,676,618,17,3421
2021-11-19,A,2687,243,667,17,2246
2021-11-19,AB,720,54,69,9,696
2021-11-19,B,1166,273,354,12,1073
2021-11-19,O,3421,402,584,27,3212
2021-11-20,A,2246,436,309,16,2357
2021-11-20,AB,696,110,76,12,718
2021-11-20,B,1073,485,333,8,1217
2021-11-20,O,3212,778,549,29,3412
2021-11-21,A,2357,612,322,28,2619
2021-11-21,AB,718,157,64,12,799
2021-11-21,B,1217,696,313,9,1591
2021-11-21,O,3412,1044,565,34,3857
2021-11-22,A,2619,250,333,24,2512
2021-11-22,AB,799,51,82,16,752
2021-11-22,B,1591,262,361,7,1485
2021-11-22,O,3857,371,552,28,3648
2021-11-23,A,2512,268,336,27,2417
2021-11-23,AB,752,72,61,14,749
2021-11-23,B,1485,300,364,11,1410
2021-11-23,O,3648,446,567,18,3509
2021-11-24,A,2417,301,321,13,2384
2021-11-24,AB,749,87,84,7,745
2021-11-24,B,1410,356,363,7,1396
2021-11-24,O,3509,510,570,16,3433
2021-11-25,A,2384,356,349,30,2361
2021-11-25,AB,745,89,206,7,621
2021-11-25,B,1396,395,365,10,1416
2021-11-25,O,3433,633,613,22,3431
2021-11-26,A,2361,234,307,18,2270
2021-11-26,AB,621,41,81,3,578
2021-11-26,B,1416,231,353,5,1289
2021-11-26,O,3431,380,531,21,3259
2021-11-27,A,2270,401,293,18,2360
2021-11-27,AB,578,104,69,3,610
2021-11-27,B,1289,422,305,5,1401
2021-11-27,O,3259,652,547,15,3349
2021-11-28,A,2360,690,310,17,2723
2021-11-28,AB,610,168,78,12,688
2021-11-28,B,1401,679,384,10,1686
2021-11-28,O,3349,1198,561,27,3959
2021-11-29,A,2723,204,337,20,2570
2021-11-29,AB,688,55,85,7,651
2021-11-29,B,1686,233,389,6,1524
2021-11-29,O,3959,328,620,24,3643
2021-11-30,A,2570,349,321,36,2562
2021-11-30,AB,651,71,77,4,641
2021-11-30,B,1524,365,354,6,1529
2021-11-30,O,3643,575,634,25,3559
2021-12-01,A,2562,324,362,31,2493
2021-12-01,AB,641,88,89,5,635
2021-12-01,B,1529,395,384,12,1528
2021-12-01,O,3559,566,629,29,3467
2021-12-02,A,2493,367,377,28,2455
2021-12-02,AB,635,99,73,12,649
2021-12-02,B,1528,372,370,9,1521
2021-12-02,O,3467,553,597,14,3409
2021-12-03,A,2455,221,376,26,2274
2021-12-03,AB,649,62,85,6,620
2021-12-03,B,1521,216,936,9,792
2021-12-03,O,3409,385,637,26,3131
2021-12-04,A,2274,414,317,19,2352
2021-12-04,AB,620,121,76,9,656
2021-12-04,B,792,489,326,8,947
2021-12-04,O,3131,711,540,21,3281
2021-12-05,A,2352,696,327,28,2693
2021-12-05,AB,656,161,65,7,745
2021-12-05,B,947,709,345,10,1301
2021-12-05,O,3281,1173,584,31,3839
2021-12-06,A,2693,215,377,19,2512
2021-12-06,AB,745,53,98,5,695
2021-12-06,B,1301,269,384,11,1175
2021-12-06,O,3839,428,647,21,3599
2021-12-07,A,2512,271,395,17,2371
2021-12-07,AB,695,68,85,11,667
2021-12-07,B,1175,334,351,3,1155
2021-12-07,O,3599,482,563,24,3494
2021-12-08,A,2371,287,343,18,2297
2021-12-08,AB,667,61,80,3,645
2021-12-08,B,1155,272,384,9,1034
2021-12-08,O,3494,474,595,19,3354
2021-12-09,A,2297,340,364,15,2258
2021-12-09,AB,645,81,90,5,631
2021-12-09,B,1034,388,372,5,1045
2021-12-09,O,3354,502,644,20,3192
2021-12-10,A,2258,203,340,14,2107
2021-12-10,AB,631,56,67,14,606
2021-12-10,B,1045,285,390,5,935
2021-12-10,O,3192,411,564,24,3015
2021-12-11,A,2107,474,346,16,2219
2021-12-11,AB,606,127,84,6,643
2021-12-11,B,935,476,361,6,1044
2021-12-11,O,3015,774,541,16,3232
2021-12-12,A,2219,701,390,26,2504
2021-12-12,AB,643,174,90,3,724
2021-12-12,B,1044,750,400,9,1385
2021-12-12,O,3232,1233,582,36,3847
2021-12-13,A,2504,199,406,21,2276
2021-12-13,AB,724,57,84,13,684
2021-12-13,B,1385,253,375,7,1256
2021-12-13,O,3847,350,611,33,3553
2021-12-14,A,2276,403,347,19,2313
2021-12-14,AB,684,110,88,10,696
2021-12-14,B,1256,427,384,9,1290
2021-12-14,O,3553,666,586,21,3612
2021-12-15,A,2313,355,365,21,2282
2021-12-15,AB,696,118,104,5,705
2021-12-15,B,1290,429,388,5,1326
2021-12-15,O,3612,659,627,24,3620
2021-12-16,A,2282,346,368,17,2243
2021-12-16,AB,705,88,93,13,687
2021-12-16,B,1326,411,386,7,1344
2021-12-16,O,3620,608,564,27,3637
2021-12-17,A,2243,249,410,19,2063
2021-12-17,AB,687,62,75,6,668
2021-12-17,B,1344,262,413,9,1184
2021-12-17,O,3637,456,569,28,3496
2021-12-18,A,2063,341,337,19,2048
2021-12-18,AB,668,87,76,8,671
2021-12-18,B,1184,359,378,7,1158
2021-12-18,O,3496,566,563,19,3480
2021-12-19,A,2048,583,318,20,2293
2021-12-19,AB,671,104,80,13,682
2021-12-19,B,1158,547,343,4,1358
2021-12-19,O,3480,1001,567,27,3887
2021-12-20,A,2293,217,364,7,2139
2021-12-20,AB,682,38,75,7,638
2021-12-20,B,1358,256,384,5,1225
2021-12-20,O,3887,417,592,27,3685
2021-12-21,A,2139,311,327,24,2099
2021-12-21,AB,638,71,62,4,643
2021-12-21,B,1225,353,384,5,1189
2021-12-21,O,3685,536,568,25,3628
2021-12-22,A,2099,246,326,11,2008
2021-12-22,AB,643,63,80,4,622
2021-12-22,B,1189,295,431,3,1050
2021-12-22,O,3628,529,589,31,3537
2021-12-23,A,2008,275,331,19,1933
2021-12-23,AB,622,79,94,9,598
2021-12-23,B,1050,357,327,2,1078
2021-12-23,O,3537,522,518,29,3512
2021-12-24,A,1933,241,343,12,1819
2021-12-24,AB,598,55,70,7,576
2021-12-24,B,1078,321,353,5,1041
2021-12-24,O,3512,475,597,23,3367
2021-12-25,A,1819,477,315,10,1971
2021-12-25,AB,576,112,114,5,569
2021-12-25,B,1041,509,362,6,1182
2021-12-25,O,3367,736,547,25,3531
2021-12-26,A,1971,584,340,16,2199
2021-12-26,AB,569,150,74,3,642
2021-12-26,B,1182,611,381,9,1403
2021-12-26,O,3531,999,545,33,3952
2021-12-27,A,2199,259,289,16,2153
2021-12-27,AB,642,64,85,3,618
2021-12-27,B,1403,276,398,10,1271
2021-12-27,O,3952,400,570,37,3745
2021-12-28,A,2153,274,311,19,2097
2021-12-28,AB,618,71,95,5,589
2021-12-28,B,1271,342,377,9,1227
2021-12-28,O,3745,498,549,33,3661
2021-12-29,A,2097,418,335,10,2170
2021-12-29,AB,589,96,92,6,587
2021-12-29,B,1227,502,364,7,1358
2021-12-29,O,3661,700,562,34,3765
2021-12-30,A,2170,285,303,19,2133
2021-12-30,AB,587,69,74,6,576
2021-12-30,B,1358,353,372,6,1333
2021-12-30,O,3765,499,578,27,3659
2021-12-31,A,2133,257,283,14,2093
2021-12-31,AB,576,53,101,2,526
2021-12-31,B,1333,307,409,13,1218
2021-12-31,O,3659,496,600,34,3521
2022-01-01,A,2093,571,269,21,2374
2022-01-01,AB,526,139,84,4,577
2022-01-01,B,1218,618,360,7,1469
2022-01-01,O,3521,890,521,39,3851
2022-01-02,A,2374,570,290,23,2631
2022-01-02,AB,577,121,90,3,605
2022-01-02,B,1469,572,359,11,1671
2022-01-02,O,3851,956,542,41,4224
2022-01-03,A,2631,183,295,33,2486
2022-01-03,AB,605,43,71,4,573
2022-01-03,B,1671,181,379,6,1467
2022-01-03,O,4224,317,611,29,3901
2022-01-04,A,2486,236,299,24,2399
2022-01-04,AB,573,42,83,2,530
2022-01-04,B,1467,234,417,11,1273
2022-01-04,O,3901,376,550,33,3694
2022-01-05,A,2399,313,309,20,2383
2022-01-05,AB,530,70,70,5,525
2022-01-05,B,1273,333,354,4,1248
2022-01-05,O,3694,509,549,22,3632
2022-01-06,A,2383,267,295,24,2331
2022-01-06,AB,525,64,96,4,489
2022-01-06,B,1248,329,417,6,1154
2022-01-06,O,3632,463,570,26,3499
2022-01-07,A,2331,196,298,20,2209
2022-01-07,AB,489,41,82,3,445
2022-01-07,B,1154,226,371,5,1004
2022-01-07,O,3499,352,570,18,3263
2022-01-08,A,2209,497,293,16,2397
2022-01-08,AB,445,105,74,5,471
2022-01-08,B,1004,590,740,5,849
2022-01-08,O,3263,871,504,25,3605
2022-01-09,A,2397,706,252,36,2815
2022-01-09,AB,471,127,62,5,531
2022-01-09,B,849,662,352,5,1154
2022-01-09,O,3605,1188,598,38,4157
2022-01-10,A,2815,191,317,25,2664
2022-01-10,AB,531,47,86,7,485
2022-01-10,B,1154,233,393,5,989
2022-01-10,O,4157,353,602,32,3876
2022-01-11,A,2664,201,293,23,2549
2022-01-11,AB,485,45,69,3,458
2022-01-11,B,989,241,360,8,862
2022-01-11,O,3876,383,593,24,3642
2022-01-12,A,2549,290,320,24,2495
2022-01-12,AB,458,66,84,3,437
2022-01-12,B,862,281,350,5,788
2022-01-12,O,3642,472,586,31,3497
2022-01-13,A,2495,321,320,28,2468
2022-01-13,AB,437,81,85,3,430
2022-01-13,B,788,341,369,6,754
2022-01-13,O,3497,543,606,22,3412
2022-01-14,A,2468,282,309,22,2419
2022-01-14,AB,430,54,71,4,409
2022-01-14,B,754,279,394,4,635
2022-01-14,O,3412,461,573,13,3287
2022-01-15,A,2419,509,254,29,2645
2022-01-15,AB,409,117,55,3,468
2022-01-15,B,635,500,326,7,802
2022-01-15,O,3287,798,501,31,3553
2022-01-16,A,2645,641,317,24,2945
2022-01-16,AB,468,120,70,4,514
2022-01-16,B,802,626,384,2,1042
2022-01-16,O,3553,1030,541,24,4018
2022-01-17,A,2945,200,313,36,2796
2022-01-17,AB,514,45,65,1,493
2022-01-17,B,1042,239,371,5,905
2022-01-17,O,4018,365,591,23,3769
2022-01-18,A,2796,447,302,27,2914
2022-01-18,AB,493,74,48,4,515
2022-01-18,B,905,505,371,6,1033
2022-01-18,O,3769,759,603,22,3903
2022-01-19,A,2914,244,282,30,2846
2022-01-19,AB,515,72,57,4,526
2022-01-19,B,1033,268,337,10,954
2022-01-19,O,3903,446,609,29,3711
2022-01-20,A,2846,266,298,30,2784
2022-01-20,AB,526,76,61,4,537
2022-01-20,B,954,353,379,2,926
2022-01-20,O,3711,517,565,27,3636
2022-01-21,A,2784,258,286,28,2728
2022-01-21,AB,537,57,57,1,536
2022-01-21,B,926,271,326,5,866
2022-01-21,O,3636,394,559,23,3448
2022-01-22,A,2728,540,297,29,2942
2022-01-22,AB,536,109,71,6,568
2022-01-22,B,866,551,343,4,1070
2022-01-22,O,3448,898,581,31,3734
2022-01-23,A,2942,547,317,43,3129
2022-01-23,AB,568,105,66,3,604
2022-01-23,B,1070,649,333,9,1377
2022-01-23,O,3734,993,580,34,4113
2022-01-24,A,3129,248,315,26,3036
2022-01-24,AB,604,66,67,4,599
2022-01-24,B,1377,285,362,10,1290
2022-01-24,O,4113,429,595,42,3905
2022-01-25,A,3036,345,302,46,3033
2022-01-25,AB,599,77,77,3,596
2022-01-25,B,1290,440,337,7,1386
2022-01-25,O,3905,598,634,35,3834
2022-01-26,A,3033,339,309,34,3029
2022-01-26,AB,596,92,74,3,611
2022-01-26,B,1386,354,350,7,1383
2022-01-26,O,3834,559,632,28,3733
2022-01-27,A,3029,324,267,46,3040
2022-01-27,AB,611,88,67,6,626
2022-01-27,B,1383,404,334,7,1446
2022-01-27,O,3733,646,631,24,3724
2022-01-28,A,3040,221,309,39,2913
2022-01-28,AB,626,64,71,9,610
2022-01-28,B,1446,221,340,6,1321
2022-01-28,O,3724,323,587,29,3431
2022-01-29,A,2913,392,286,31,2988
2022-01-29,AB,610,103,60,11,642
2022-01-29,B,1321,468,319,7,1463
2022-01-29,O,3431,690,523,23,3575
2022-01-30,A,2988,495,271,35,3177
2022-01-30,AB,642,113,63,6,686
2022-01-30,B,1463,542,300,13,1692
2022-01-30,O,3575,836,580,32,3799
2022-01-31,A,3177,233,297,38,3075
2022-01-31,AB,686,66,208,1,543
2022-01-31,B,1692,293,389,8,1588
2022-01-31,O,3799,389,577,26,3585
2022-02-01,A,3075,256,305,34,2992
2022-02-01,AB,543,52,58,6,531
2022-02-01,B,1588,269,354,8,1495
2022-02-01,O,3585,383,559,15,3394
2022-02-02,A,2992,293,332,34,2919
2022-02-02,AB,531,59,63,4,523
2022-02-02,B,1495,302,350,13,1434
2022-02-02,O,3394,493,563,23,3301
2022-02-03,A,2919,268,304,35,2848
2022-02-03,AB,523,74,68,8,521
2022-02-03,B,1434,310,311,8,1425
2022-02-03,O,3301,526,567,12,3248
2022-02-04,A,2848,224,313,30,2729
2022-02-04,AB,521,51,70,2,500
2022-02-04,B,1425,263,329,8,1351
2022-02-04,O,3248,405,501,18,3134
2022-02-05,A,2729,458,240,44,2903
2022-02-05,AB,500,103,64,1,538
2022-02-05,B,1351,527,316,9,1553
2022-02-05,O,3134,802,530,29,3377
2022-02-06,A,2903,487,294,45,3051
2022-02-06,AB,538,100,57,5,576
2022-02-06,B,1553,529,319,11,1752
2022-02-06,O,3377,812,562,19,3608
2022-02-07,A,3051,236,288,41,2958
2022-02-07,AB,576,44,64,2,554
2022-02-07,B,1752,252,360,14,1630
2022-02-07,O,3608,374,591,26,3365
2022-02-08,A,2958,274,300,36,2896
2022-02-08,AB,554,73,52,6,569
2022-02-08,B,1630,287,325,15,1577
2022-02-08,O,3365,507,545,22,3305
2022-02-09,A,2896,311,310,32,2865
2022-02-09,AB,569,70,62,7,570
2022-02-09,B,1577,351,839,14,1075
2022-02-09,O,3305,537,568,18,3256
2022-02-10,A,2865,285,292,35,2823
2022-02-10,AB,570,76,70,4,572
2022-02-10,B,1075,307,345,7,1030
2022-02-10,O,3256,486,572,19,3151
2022-02-11,A,2823,255,330,16,2732
2022-02-11,AB,572,52,68,5,551
2022-02-11,B,1030,255,343,8,934
2022-02-11,O,3151,430,578,14,2989
2022-02-12,A,2732,480,270,26,2916
2022-02-12,AB,551,149,65,15,620
2022-02-12,B,934,541,341,8,1126
2022-02-12,O,2989,869,525,25,3308
2022-02-13,A,2916,585,290,32,3179
2022-02-13,AB,620,131,74,12,665
2022-02-13,B,1126,597,364,8,1351
2022-02-13,O,3308,1066,538,40,3796
2022-02-14,A,3179,209,297,39,3052
2022-02-14,AB,665,62,81,6,640
2022-02-14,B,1351,229,319,9,1252
2022-02-14,O,3796,388,591,31,3562
2022-02-15,A,3052,291,299,27,3017
2022-02-15,AB,640,72,78,5,629
2022-02-15,B,1252,321,343,3,1227
2022-02-15,O,3562,533,511,29,3555
2022-02-16,A,3017,260,290,34,2953
2022-02-16,AB,629,60,77,9,603
2022-02-16,B,1227,257,343,6,1135
2022-02-16,O,3555,438,544,31,3418
2022-02-17,A,2953,322,282,28,2965
2022-02-17,AB,603,76,84,3,592
2022-02-17,B,1135,375,348,3,1159
2022-02-17,O,3418,552,554,28,3388
2022-02-18,A,2965,233,301,34,2863
2022-02-18,AB,592,57,76,4,569
2022-02-18,B,1159,264,353,7,1063
2022-02-18,O,3388,352,526,18,3196
2022-02-19,A,2863,476,250,36,3053
2022-02-19,AB,569,122,60,7,624
2022-02-19,B,1063,518,314,7,1260
2022-02-19,O,3196,898,465,29,3600
2022-02-20,A,3053,655,250,47,3411
2022-02-20,AB,624,172,69,6,721
2022-02-20,B,1260,755,347,10,1658
2022-02-20,O,3600,1224,526,35,4263
2022-02-21,A,3411,192,338,46,3219
2022-02-21,AB,721,53,67,7,700
2022-02-21,B,1658,222,318,6,1556
2022-02-21,O,4263,337,596,39,3965
2022-02-22,A,3219,280,308,45,3146
2022-02-22,AB,700,71,62,9,700
2022-02-22,B,1556,317,330,6,1537
2022-02-22,O,3965,469,547,25,3862
2022-02-23,A,3146,244,282,36,3072
2022-02-23,AB,700,48,62,11,675
2022-02-23,B,1537,266,325,9,1469
2022-02-23,O,3862,423,550,24,3711
2022-02-24,A,3072,392,289,31,3144
2022-02-24,AB,675,82,60,7,690
2022-02-24,B,1469,408,338,4,1535
2022-02-24,O,3711,576,535,28,3724
2022-02-25,A,3144,216,273,38,3049
2022-02-25,AB,690,46,70,7,659
2022-02-25,B,1535,231,335,9,1422
2022-02-25,O,3724,363,525,24,3538
2022-02-26,A,3049,416,284,43,3138
2022-02-26,AB,659,107,54,11,701
2022-02-26,B,1422,466,300,8,1580
2022-02-26,O,3538,757,481,36,3778
2022-02-27,A,3138,663,268,53,3480
2022-02-27,AB,701,154,56,10,789
2022-02-27,B,1580,685,306,13,1946
2022-02-27,O,3778,1184,468,43,4451
2022-02-28,A,3480,215,285,51,3359
2022-02-28,AB,789,51,89,11,740
2022-02-28,B,1946,250,347,7,1842
2022-02-28,O,4451,420,539,35,4297
2022-03-01,A,3359,237,303,30,3263
2022-03-01,AB,740,53,78,12,703
2022-03-01,B,1842,288,285,14,1831
2022-03-01,O,4297,425,518,52,4152
2022-03-02,A,3263,265,295,48,3185
2022-03-02,AB,703,50,79,4,670
2022-03-02,B,1831,298,324,13,1792
2022-03-02,O,4152,477,529,41,4059
2022-03-03,A,3185,264,296,40,3113
2022-03-03,AB,670,46,89,4,623
2022-03-03,B,1792,327,353,8,1758
2022-03-03,O,4059,439,566,35,3897
2022-03-04,A,3113,190,517,40,2746
2022-03-04,AB,623,58,62,5,614
2022-03-04,B,1758,224,329,8,1645
2022-03-04,O,3897,384,549,30,3702
2022-03-05,A,2746,449,485,28,2682
2022-03-05,AB,614,117,57,13,661
2022-03-05,B,1645,387,277,12,1743
2022-03-05,O,3702,664,504,27,3835
2022-03-06,A,2682,570,487,31,2734
2022-03-06,AB,661,144,72,12,721
2022-03-06,B,1743,641,299,18,2067
2022-03-06,O,3835,1080,562,49,4304
2022-03-07,A,2734,186,544,22,2354
2022-03-07,AB,721,43,81,5,678
2022-03-07,B,2067,216,311,9,1963
2022-03-07,O,4304,342,542,38,4066
2022-03-08,A,2354,228,514,13,2055
2022-03-08,AB,678,52,67,7,656
2022-03-08,B,1963,241,323,14,1867
2022-03-08,O,4066,428,511,32,3951
2022-03-09,A,2055,264,538,17,1764
2022-03-09,AB,656,71,59,9,659
2022-03-09,B,1867,332,317,9,1873
2022-03-09,O,3951,478,517,28,3884
2022-03-10,A,1764,367,529,9,1593
2022-03-10,AB,659,89,88,6,654
2022-03-10,B,1873,391,311,8,1945
2022-03-10,O,3884,620,580,26,3898
2022-03-11,A,1593,234,524,8,1295
2022-03-11,AB,654,57,68,9,634
2022-03-11,B,1945,245,324,10,1856
2022-03-11,O,3898,384,496,32,3754
2022-03-12,A,1295,417,487,7,1218
2022-03-12,AB,634,98,57,10,665
2022-03-12,B,1856,464,295,10,2015
2022-03-12,O,3754,765,448,41,4030
2022-03-13,A,1218,664,470,9,1403
2022-03-13,AB,665,134,80,14,705
2022-03-13,B,2015,623,290,21,2327
2022-03-13,O,4030,1117,496,46,4605
2022-03-14,A,1403,203,267,8,1331
2022-03-14,AB,705,36,72,9,660
2022-03-14,B,2327,220,295,17,2235
2022-03-14,O,4605,321,537,30,4359
2022-03-15,A,1331,346,297,5,1375
2022-03-15,AB,660,82,69,3,670
2022-03-15,B,2235,361,307,20,2269
2022-03-15,O,4359,566,498,41,4386
2022-03-16,A,1375,369,302,10,1432
2022-03-16,AB,670,80,71,5,674
2022-03-16,B,2269,390,312,22,2325
2022-03-16,O,4386,621,479,47,4481
2022-03-17,A,1432,302,276,8,1450
2022-03-17,AB,674,71,70,6,669
2022-03-17,B,2325,366,342,25,2324
2022-03-17,O,4481,508,503,54,4432
2022-03-18,A,1450,235,283,6,1396
2022-03-18,AB,669,63,183,5,544
2022-03-18,B,2324,253,343,17,2217
2022-03-18,O,4432,395,535,43,4249
2022-03-19,A,1396,515,218,10,1683
2022-03-19,AB,544,119,65,7,591
2022-03-19,B,2217,603,273,19,2528
2022-03-19,O,4249,829,437,56,4585
2022-03-20,A,1683,768,244,18,2189
2022-03-20,AB,591,175,59,6,701
2022-03-20,B,2528,870,316,33,3049
2022-03-20,O,4585,1341,496,71,5359
2022-03-21,A,2189,225,264,17,2133
2022-03-21,AB,701,53,63,8,683
2022-03-21,B,3049,265,355,30,2929
2022-03-21,O,5359,383,520,69,5153
2022-03-22,A,2133,235,287,13,2068
2022-03-22,AB,683,64,62,8,677
2022-03-22,B,2929,287,333,32,2851
2022-03-22,O,5153,423,505,66,5005
2022-03-23,A,2068,383,313,25,2113
2022-03-23,AB,677,99,72,4,700
2022-03-23,B,2851,448,363,32,2904
2022-03-23,O,5005,696,522,65,5114
2022-03-24,A,2113,363,273,12,2191
2022-03-24,AB,700,106,55,15,736
2022-03-24,B,2904,380,309,29,2946
2022-03-24,O,5114,610,581,63,5080
2022-03-25,A,2191,342,286,13,2234
2022-03-25,AB,736,86,69,7,746
2022-03-25,B,2946,398,356,35,2953
2022-03-25,O,5080,583,502,64,5097
2022-03-26,A,2234,643,268,20,2589
2022-03-26,AB,746,135,58,9,814
2022-03-26,B,2953,643,323,37,3236
2022-03-26,O,5097,1084,482,81,5618
2022-03-27,A,2589,779,295,43,3030
2022-03-27,AB,814,154,60,13,895
2022-03-27,B,3236,893,346,61,3722
2022-03-27,O,5618,1395,504,98,6411
2022-03-28,A,3030,376,317,43,3046
2022-03-28,AB,895,104,83,15,901
2022-03-28,B,3722,451,370,53,3750
2022-03-28,O,6411,672,569,97,6417
2022-03-29,A,3046,477,323,34,3166
2022-03-29,AB,901,119,72,8,940
2022-03-29,B,3750,592,379,52,3911
2022-03-29,O,6417,924,560,116,6665
2022-03-30,A,3166,426,306,47,3239
2022-03-30,AB,940,97,71,19,947
2022-03-30,B,3911,480,433,60,3898
2022-03-30,O,6665,766,542,134,6755
2022-03-31,A,3239,560,343,43,3413
2022-03-31,AB,947,141,81,19,988
2022-03-31,B,3898,623,382,67,4072
2022-03-31,O,6755,939,573,120,7001
2022-04-01,A,3413,389,299,62,3441
2022-04-01,AB,988,82,90,12,968
2022-04-01,B,4072,417,385,71,4033
2022-04-01,O,7001,686,617,140,6930
2022-04-02,A,3441,651,311,60,3721
2022-04-02,AB,968,128,83,23,990
2022-04-02,B,4033,706,332,70,4337
2022-04-02,O,6930,1038,565,151,7252
2022-04-03,A,3721,452,342,57,3774
2022-04-03,AB,990,93,76,24,983
2022-04-03,B,4337,418,354,87,4314
2022-04-03,O,7252,837,531,153,7405
2022-04-04,A,3774,140,353,49,3512
2022-04-04,AB,983,29,78,14,920
2022-04-04,B,4314,150,370,60,4034
2022-04-04,O,7405,266,559,145,6967
2022-04-05,A,3512,166,340,49,3289
2022-04-05,AB,920,50,68,22,880
2022-04-05,B,4034,193,421,64,3742
2022-04-05,O,6967,310,581,124,6572
2022-04-06,A,3289,191,340,36,3104
2022-04-06,AB,880,44,75,15,834
2022-04-06,B,3742,215,405,41,3511
2022-04-06,O,6572,318,585,89,6216
2022-04-07,A,3104,220,333,31,2960
2022-04-07,AB,834,45,80,6,793
2022-04-07,B,3511,226,388,50,3299
2022-04-07,O,6216,393,581,82,5946
2022-04-08,A,2960,211,276,28,2867
2022-04-08,AB,793,50,82,14,747
2022-04-08,B,3299,252,397,31,3123
2022-04-08,O,5946,363,569,83,5657
2022-04-09,A,2867,393,291,41,2928
2022-04-09,AB,747,101,66,2,780
2022-04-09,B,3123,404,349,44,3134
2022-04-09,O,5657,623,507,71,5702
2022-04-10,A,2928,643,290,46,3235
2022-04-10,AB,780,136,98,11,807
2022-04-10,B,3134,726,369,58,3433
2022-04-10,O,5702,1139,528,96,6217
2022-04-11,A,3235,144,345,47,2987
2022-04-11,AB,807,31,85,7,746
2022-04-11,B,3433,151,432,37,3115
2022-04-11,O,6217,215,600,83,5749
2022-04-12,A,2987,224,338,33,2840
2022-04-12,AB,746,42,72,13,703
2022-04-12,B,3115,260,394,34,2947
2022-04-12,O,5749,377,582,96,5448
2022-04-13,A,2840,267,272,29,2806
2022-04-13,AB,703,66,81,9,679
2022-04-13,B,2947,343,389,29,2872
2022-04-13,O,5448,496,544,62,5338
2022-04-14,A,2806,276,570,27,2485
2022-04-14,AB,679,83,77,8,677
2022-04-14,B,2872,309,376,22,2783
2022-04-14,O,5338,481,575,70,5174
2022-04-15,A,2485,273,301,21,2436
2022-04-15,AB,677,66,64,7,672
2022-04-15,B,2783,310,418,22,2653
2022-04-15,O,5174,477,552,65,5034
2022-04-16,A,2436,429,306,32,2527
2022-04-16,AB,672,95,68,11,688
2022-04-16,B,2653,498,336,27,2788
2022-04-16,O,5034,763,503,75,5219
2022-04-17,A,2527,732,297,20,2942
2022-04-17,AB,688,162,64,10,776
2022-04-17,B,2788,678,364,43,3059
2022-04-17,O,5219,1186,497,103,5805
2022-04-18,A,2942,178,717,20,2383
2022-04-18,AB,776,41,75,7,735
2022-04-18,B,3059,200,381,18,2860
2022-04-18,O,5805,303,558,74,5476
2022-04-19,A,2383,319,318,10,2374
2022-04-19,AB,735,65,69,10,721
2022-04-19,B,2860,311,388,36,2747
2022-04-19,O,5476,570,544,71,5431
2022-04-20,A,2374,233,330,21,2256
2022-04-20,AB,721,60,76,11,694
2022-04-20,B,2747,266,371,26,2616
2022-04-20,O,5431,383,551,70,5193
2022-04-21,A,2256,221,302,17,2158
2022-04-21,AB,694,59,77,6,670
2022-04-21,B,2616,281,374,26,2497
2022-04-21,O,5193,403,568,56,4972
2022-04-22,A,2158,215,293,16,2064
2022-04-22,AB,670,41,77,6,628
2022-04-22,B,2497,202,356,16,2327
2022-04-22,O,4972,421,550,39,4804
2022-04-23,A,2064,409,287,15,2171
2022-04-23,AB,628,86,69,8,637
2022-04-23,B,2327,408,325,15,2395
2022-04-23,O,4804,647,546,49,4856
2022-04-24,A,2171,698,274,23,2572
2022-04-24,AB,637,146,57,8,718
2022-04-24,B,2395,691,333,20,2733
2022-04-24,O,4856,1258,573,58,5483
2022-04-25,A,2572,228,322,23,2455
2022-04-25,AB,718,63,61,13,707
2022-04-25,B,2733,294,355,28,2644
2022-04-25,O,5483,442,599,62,5264
2022-04-26,A,2455,246,328,19,2354
2022-04-26,AB,707,55,61,9,692
2022-04-26,B,2644,254,346,25,2527
2022-04-26,O,5264,395,574,58,5027
2022-04-27,A,2354,196,300,9,2241
2022-04-27,AB,692,35,61,7,659
2022-04-27,B,2527,235,352,25,2385
2022-04-27,O,5027,381,570,48,4790
2022-04-28,A,2241,226,297,16,2154
2022-04-28,AB,659,57,149,2,565
2022-04-28,B,2385,270,313,12,2330
2022-04-28,O,4790,406,513,54,4629
2022-04-29,A,2154,231,267,19,2099
2022-04-29,AB,565,39,55,6,543
2022-04-29,B,2330,203,725,10,1798
2022-04-29,O,4629,436,547,52,4466
2022-04-30,A,2099,294,250,7,2136
2022-04-30,AB,543,91,56,7,571
2022-04-30,B,1798,361,322,11,1826
2022-04-30,O,4466,567,452,43,4538
2022-05-01,A,2136,679,271,28,2516
2022-05-01,AB,571,142,57,6,650
2022-05-01,B,1826,662,297,16,2175
2022-05-01,O,4538,1139,434,69,5174
2022-05-02,A,2516,5,279,20,2222
2022-05-02,AB,650,0,61,7,582
2022-05-02,B,2175,3,316,6,1856
2022-05-02,O,5174,6,527,38,4615
2022-05-03,A,2222,48,226,21,2023
2022-05-03,AB,582,12,50,0,544
2022-05-03,B,1856,29,280,9,1596
2022-05-03,O,4615,76,482,36,4173
2022-05-04,A,2023,130,252,8,1893
2022-05-04,AB,544,33,52,4,521
2022-05-04,B,1596,132,272,8,1448
2022-05-04,O,4173,246,465,23,3931
2022-05-05,A,1893,297,241,15,1934
2022-05-05,AB,521,54,54,2,519
2022-05-05,B,1448,296,275,6,1463
2022-05-05,O,3931,488,437,31,3951
2022-05-06,A,1934,297,254,11,1966
2022-05-06,AB,519,52,67,4,500
2022-05-06,B,1463,327,309,8,1473
2022-05-06,O,3951,512,484,33,3946
2022-05-07,A,1966,439,211,17,2177
2022-05-07,AB,500,102,47,5,550
2022-05-07,B,1473,453,234,5,1687
2022-05-07,O,3946,695,456,31,4154
2022-05-08,A,2177,727,253,26,2625
2022-05-08,AB,550,159,61,8,640
2022-05-08,B,1687,785,269,12,2191
2022-05-08,O,4154,1250,504,66,4834
2022-05-09,A,2625,217,294,28,2520
2022-05-09,AB,640,55,64,9,622
2022-05-09,B,2191,262,302,17,2134
2022-05-09,O,4834,427,488,61,4712
2022-05-10,A,2520,355,243,33,2599
2022-05-10,AB,622,89,58,4,649
2022-05-10,B,2134,415,261,19,2269
2022-05-10,O,4712,716,507,58,4863
2022-05-11,A,2599,359,243,24,2691
2022-05-11,AB,649,78,54,7,666
2022-05-11,B,2269,413,264,8,2410
2022-05-11,O,4863,696,526,62,4971
2022-05-12,A,2691,420,267,28,2816
2022-05-12,AB,666,104,72,7,691
2022-05-12,B,2410,426,294,22,2520
2022-05-12,O,4971,767,531,56,5151
2022-05-13,A,2816,269,253,27,2805
2022-05-13,AB,691,41,62,7,663
2022-05-13,B,2520,269,801,15,1973
2022-05-13,O,5151,522,526,90,5057
2022-05-14,A,2805,529,237,29,3068
2022-05-14,AB,663,123,57,12,717
2022-05-14,B,1973,539,260,18,2234
2022-05-14,O,5057,916,487,75,5411
2022-05-15,A,3068,803,249,53,3569
2022-05-15,AB,717,181,63,14,821
2022-05-15,B,2234,813,261,32,2754
2022-05-15,O,5411,1449,539,111,6210
2022-05-16,A,3569,464,260,58,3715
2022-05-16,AB,821,93,57,12,845
2022-05-16,B,2754,482,322,30,2884
2022-05-16,O,6210,781,586,100,6305
2022-05-17,A,3715,301,254,47,3715
2022-05-17,AB,845,77,59,7,856
2022-05-17,B,2884,368,285,29,2938
2022-05-17,O,6305,549,544,107,6203
2022-05-18,A,3715,393,289,57,3762
2022-05-18,AB,856,96,62,16,874
2022-05-18,B,2938,377,292,25,2998
2022-05-18,O,6203,622,559,81,6185
2022-05-19,A,3762,375,262,76,3799
2022-05-19,AB,874,98,70,13,889
2022-05-19,B,2998,485,316,44,3123
2022-05-19,O,6185,663,561,109,6178
2022-05-20,A,3799,281,293,53,3734
2022-05-20,AB,889,68,61,12,884
2022-05-20,B,3123,334,322,39,3096
2022-05-20,O,6178,522,563,96,6041
2022-05-21,A,3734,547,266,66,3949
2022-05-21,AB,884,125,50,9,950
2022-05-21,B,3096,589,291,45,3349
2022-05-21,O,6041,953,552,101,6341
2022-05-22,A,3949,836,293,91,4401
2022-05-22,AB,950,178,65,23,1040
2022-05-22,B,3349,849,331,55,3812
2022-05-22,O,6341,1481,543,186,7093
2022-05-23,A,4401,323,320,89,4315
2022-05-23,AB,1040,50,80,17,993
2022-05-23,B,3812,361,346,56,3771
2022-05-23,O,7093,518,592,117,6902
2022-05-24,A,4315,398,304,86,4323
2022-05-24,AB,993,88,66,26,989
2022-05-24,B,3771,405,323,63,3790
2022-05-24,O,6902,591,605,139,6749
2022-05-25,A,4323,339,333,77,4252
2022-05-25,AB,989,89,71,18,989
2022-05-25,B,3790,386,344,63,3769
2022-05-25,O,6749,607,676,127,6553
2022-05-26,A,4252,411,334,81,4248
2022-05-26,AB,989,109,92,8,998
2022-05-26,B,3769,495,336,52,3876
2022-05-26,O,6553,690,632,110,6501
2022-05-27,A,4248,251,335,81,4083
2022-05-27,AB,998,79,87,18,972
2022-05-27,B,3876,279,343,59,3753
2022-05-27,O,6501,456,617,102,6238
2022-05-28,A,4083,427,300,84,4126
2022-05-28,AB,972,94,86,20,960
2022-05-28,B,3753,472,309,56,3860
2022-05-28,O,6238,754,563,98,6331
2022-05-29,A,4126,670,305,89,4402
2022-05-29,AB,960,134,68,21,1005
2022-05-29,B,3860,663,318,80,4125
2022-05-29,O,6331,1163,1482,91,5921
2022-05-30,A,4402,246,328,72,4248
2022-05-30,AB,1005,49,74,20,960
2022-05-30,B,4125,265,378,61,3951
2022-05-30,O,5921,411,698,60,5574
2022-05-31,A,4248,357,337,71,4197
2022-05-31,AB,960,88,72,12,964
2022-05-31,B,3951,484,360,59,4016
2022-05-31,O,5574,646,711,76,5433
2022-06-01,A,4197,407,333,101,4170
2022-06-01,AB,964,111,87,10,978
2022-06-01,B,4016,464,348,77,4055
2022-06-01,O,5433,698,750,60,5321
2022-06-02,A,4170,310,367,67,4046
2022-06-02,AB,978,74,78,20,954
2022-06-02,B,4055,352,394,63,3950
2022-06-02,O,5321,493,698,61,5055
2022-06-03,A,4046,296,351,72,3919
2022-06-03,AB,954,76,61,13,956
2022-06-03,B,3950,339,412,57,3820
2022-06-03,O,5055,527,728,55,4799
2022-06-04,A,3919,553,336,64,4072
2022-06-04,AB,956,121,88,18,971
2022-06-04,B,3820,555,347,63,3965
2022-06-04,O,4799,841,770,37,4833
2022-06-05,A,4072,629,342,80,4279
2022-06-05,AB,971,151,76,12,1034
2022-06-05,B,3965,729,406,64,4224
2022-06-05,O,4833,1198,728,61,5242
2022-06-06,A,4279,376,394,80,4181
2022-06-06,AB,1034,104,83,24,1031
2022-06-06,B,4224,459,400,71,4212
2022-06-06,O,5242,765,794,56,5157
2022-06-07,A,4181,300,367,65,4049
2022-06-07,AB,1031,77,88,18,1002
2022-06-07,B,4212,383,401,67,4127
2022-06-07,O,5157,558,775,49,4891
2022-06-08,A,4049,380,385,63,3981
2022-06-08,AB,1002,89,80,13,998
2022-06-08,B,4127,414,743,58,3740
2022-06-08,O,4891,650,790,61,4690
2022-06-09,A,3981,415,365,63,3968
2022-06-09,AB,998,117,80,10,1025
2022-06-09,B,3740,485,437,51,3737
2022-06-09,O,4690,780,1295,50,4125
2022-06-10,A,3968,270,380,74,3784
2022-06-10,AB,1025,67,86,13,993
2022-06-10,B,3737,282,388,60,3571
2022-06-10,O,4125,481,767,29,3810
2022-06-11,A,3784,479,320,69,3874
2022-06-11,AB,993,115,72,18,1018
2022-06-11,B,3571,500,377,58,3636
2022-06-11,O,3810,824,677,28,3929
2022-06-12,A,3874,850,399,85,4240
2022-06-12,AB,1018,175,82,21,1090
2022-06-12,B,3636,881,351,52,4114
2022-06-12,O,3929,1512,735,50,4656
2022-06-13,A,4240,212,384,81,3987
2022-06-13,AB,1090,58,91,26,1031
2022-06-13,B,4114,272,391,62,3933
2022-06-13,O,4656,425,791,44,4246
2022-06-14,A,3987,727,401,54,4259
2022-06-14,AB,1031,181,81,22,1109
2022-06-14,B,3933,792,404,70,4251
2022-06-14,O,4246,1209,746,60,4649
2022-06-15,A,4259,455,383,68,4263
2022-06-15,AB,1109,114,97,21,1105
2022-06-15,B,4251,567,419,74,4325
2022-06-15,O,4649,784,771,47,4615
2022-06-16,A,4263,486,387,88,4274
2022-06-16,AB,1105,150,84,31,1140
2022-06-16,B,4325,504,419,79,4331
2022-06-16,O,4615,781,722,53,4621
2022-06-17,A,4274,346,384,60,4176
2022-06-17,AB,1140,95,102,17,1116
2022-06-17,B,4331,421,421,67,4264
2022-06-17,O,4621,681,710,47,4545
2022-06-18,A,4176,556,367,94,4271
2022-06-18,AB,1116,146,72,34,1156
2022-06-18,B,4264,605,395,92,4382
2022-06-18,O,4545,904,630,55,4764
2022-06-19,A,4271,756,376,89,4562
2022-06-19,AB,1156,174,76,26,1228
2022-06-19,B,4382,824,356,86,4764
2022-06-19,O,4764,1303,757,76,5234
2022-06-20,A,4562,298,418,106,4336
2022-06-20,AB,1228,66,78,24,1192
2022-06-20,B,4764,350,400,70,4644
2022-06-20,O,5234,567,784,69,4948
2022-06-21,A,4336,358,392,100,4202
2022-06-21,AB,1192,75,86,19,1162
2022-06-21,B,4644,376,438,74,4508
2022-06-21,O,4948,553,753,54,4694
2022-06-22,A,4202,389,359,69,4163
2022-06-22,AB,1162,93,100,30,1125
2022-06-22,B,4508,487,406,86,4503
2022-06-22,O,4694,716,712,44,4654
2022-06-23,A,4163,376,405,89,4045
2022-06-23,AB,1125,87,65,25,1122
2022-06-23,B,4503,520,406,80,4537
2022-06-23,O,4654,691,728,52,4565
2022-06-24,A,4045,253,357,76,3865
2022-06-24,AB,1122,35,101,22,1034
2022-06-24,B,4537,303,462,64,4314
2022-06-24,O,4565,425,740,44,4206
2022-06-25,A,3865,463,347,78,3903
2022-06-25,AB,1034,80,75,17,1022
2022-06-25,B,4314,549,375,76,4412
2022-06-25,O,4206,835,659,40,4342
2022-06-26,A,3903,747,360,79,4211
2022-06-26,AB,1022,144,95,22,1049
2022-06-26,B,4412,800,413,96,4703
2022-06-26,O,4342,1314,729,67,4860
2022-06-27,A,4211,322,346,76,4111
2022-06-27,AB,1049,78,88,19,1020
2022-06-27,B,4703,368,441,75,4555
2022-06-27,O,4860,570,772,53,4605
2022-06-28,A,4111,323,415,77,3942
2022-06-28,AB,1020,51,81,21,969
2022-06-28,B,4555,355,420,78,4412
2022-06-28,O,4605,572,786,43,4348
2022-06-29,A,3942,420,367,75,3920
2022-06-29,AB,969,87,81,15,960
2022-06-29,B,4412,474,435,71,4380
2022-06-29,O,4348,687,754,45,4236
2022-06-30,A,3920,372,402,54,3836
2022-06-30,AB,960,58,80,16,922
2022-06-30,B,4380,427,467,74,4266
2022-06-30,O,4236,643,805,35,4039
2022-07-01,A,3836,254,402,60,3628
2022-07-01,AB,922,43,91,12,862
2022-07-01,B,4266,267,439,72,4022
2022-07-01,O,4039,437,791,28,3657
2022-07-02,A,3628,499,381,64,3682
2022-07-02,AB,862,76,78,21,839
2022-07-02,B,4022,519,364,68,4109
2022-07-02,O,3657,787,739,22,3683
2022-07-03,A,3682,714,402,75,3919
2022-07-03,AB,839,119,87,10,861
2022-07-03,B,4109,662,385,65,4321
2022-07-03,O,3683,1191,747,39,4088
2022-07-04,A,3919,184,372,64,3667
2022-07-04,AB,861,36,87,10,800
2022-07-04,B,4321,199,417,65,4038
2022-07-04,O,4088,327,801,33,3581
2022-07-05,A,3667,365,339,69,3624
2022-07-05,AB,800,70,83,9,778
2022-07-05,B,4038,414,382,55,4015
2022-07-05,O,3581,646,775,22,3430
2022-07-06,A,3624,342,389,72,3505
2022-07-06,AB,778,78,87,12,757
2022-07-06,B,4015,443,412,74,3972
2022-07-06,O,3430,673,720,21,3362
2022-07-07,A,3505,387,398,42,3452
2022-07-07,AB,757,76,87,10,736
2022-07-07,B,3972,450,417,52,3953
2022-07-07,O,3362,712,780,24,3270
2022-07-08,A,3452,327,347,45,3387
2022-07-08,AB,736,60,90,10,696
2022-07-08,B,3953,354,423,60,3824
2022-07-08,O,3270,557,823,19,2985
2022-07-09,A,3387,298,326,36,3323
2022-07-09,AB,696,44,67,15,658
2022-07-09,B,3824,297,349,45,3727
2022-07-09,O,2985,480,695,19,2751
2022-07-10,A,3323,155,341,44,3093
2022-07-10,AB,658,20,83,2,593
2022-07-10,B,3727,165,367,37,3488
2022-07-10,O,2751,295,678,13,2355
2022-07-11,A,3093,212,390,34,2881
2022-07-11,AB,593,27,98,2,520
2022-07-11,B,3488,228,415,42,3259
2022-07-11,O,2355,379,714,14,2006
2022-07-12,A,2881,250,340,33,2758
2022-07-12,AB,520,45,76,4,485
2022-07-12,B,3259,271,373,40,3117
2022-07-12,O,2006,474,743,8,1729
2022-07-13,A,2758,290,363,28,2657
2022-07-13,AB,485,60,70,6,469
2022-07-13,B,3117,318,375,36,3024
2022-07-13,O,1729,501,693,8,1529
2022-07-14,A,2657,364,339,28,2654
2022-07-14,AB,469,66,82,1,452
2022-07-14,B,3024,408,354,31,3047
2022-07-14,O,1529,701,606,11,1613
2022-07-15,A,2654,299,315,24,2614
2022-07-15,AB,452,41,68,2,423
2022-07-15,B,3047,267,380,36,2898
2022-07-15,O,1613,459,651,11,1410
2022-07-16,A,2614,459,322,36,2715
2022-07-16,AB,423,105,54,7,467
2022-07-16,B,2898,517,348,30,3037
2022-07-16,O,1410,862,597,5,1670
2022-07-17,A,2715,866,296,39,3246
2022-07-17,AB,467,128,61,3,531
2022-07-17,B,3037,905,357,53,3532
2022-07-17,O,1670,1505,630,20,2525
2022-07-18,A,3246,245,341,45,3105
2022-07-18,AB,531,60,68,1,522
2022-07-18,B,3532,288,358,42,3420
2022-07-18,O,2525,463,660,16,2312
2022-07-19,A,3105,367,358,39,3075
2022-07-19,AB,522,66,67,3,518
2022-07-19,B,3420,428,381,45,3422
2022-07-19,O,2312,613,649,18,2258
2022-07-20,A,3075,356,331,38,3062
2022-07-20,AB,518,58,63,3,510
2022-07-20,B,3422,394,379,48,3389
2022-07-20,O,2258,606,663,11,2190
2022-07-21,A,3062,387,321,32,3096
2022-07-21,AB,510,80,66,2,522
2022-07-21,B,3389,474,390,28,3445
2022-07-21,O,2190,664,652,14,2188
2022-07-22,A,3096,340,333,36,3067
2022-07-22,AB,522,71,51,6,536
2022-07-22,B,3445,358,376,44,3383
2022-07-22,O,2188,505,684,12,1997
2022-07-23,A,3067,624,317,47,3327
2022-07-23,AB,536,145,58,5,618
2022-07-23,B,3383,605,319,51,3618
2022-07-23,O,1997,1052,592,12,2445
2022-07-24,A,3327,740,345,62,3660
2022-07-24,AB,618,174,56,7,729
2022-07-24,B,3618,817,359,59,4017
2022-07-24,O,2445,1318,686,19,3058
2022-07-25,A,3660,166,347,46,3433
2022-07-25,AB,729,47,63,5,708
2022-07-25,B,4017,187,399,47,3758
2022-07-25,O,3058,317,724,13,2638
2022-07-26,A,3433,274,304,51,3352
2022-07-26,AB,708,78,62,7,717
2022-07-26,B,3758,328,344,56,3686
2022-07-26,O,2638,564,646,18,2538
2022-07-27,A,3352,352,335,51,3318
2022-07-27,AB,717,86,67,5,731
2022-07-27,B,3686,388,322,48,3704
2022-07-27,O,2538,588,676,14,2436
2022-07-28,A,3318,365,349,54,3280
2022-07-28,AB,731,89,58,5,757
2022-07-28,B,3704,396,402,48,3650
2022-07-28,O,2436,631,1496,5,1566
2022-07-29,A,3280,342,355,41,3226
2022-07-29,AB,757,93,54,9,787
2022-07-29,B,3650,340,401,63,3526
2022-07-29,O,1566,535,608,7,1486
2022-07-30,A,3226,442,335,51,3282
2022-07-30,AB,787,114,58,10,833
2022-07-30,B,3526,468,341,54,3599
2022-07-30,O,1486,744,648,11,1571
2022-07-31,A,3282,586,310,61,3497
2022-07-31,AB,833,146,64,13,902
2022-07-31,B,3599,668,365,54,3848
2022-07-31,O,1571,1058,622,7,2000
2022-08-01,A,3497,193,360,57,3273
2022-08-01,AB,902,35,70,11,856
2022-08-01,B,3848,220,386,46,3636
2022-08-01,O,2000,320,678,5,1637
2022-08-02,A,3273,234,363,32,3112
2022-08-02,AB,856,53,73,8,828
2022-08-02,B,3636,236,344,53,3475
2022-08-02,O,1637,323,713,8,1239
2022-08-03,A,3112,280,276,39,3077
2022-08-03,AB,828,70,77,9,812
2022-08-03,B,3475,325,364,46,3390
2022-08-03,O,1239,479,665,5,1048
2022-08-04,A,3077,281,339,40,2979
2022-08-04,AB,812,80,77,19,796
2022-08-04,B,3390,326,343,30,3343
2022-08-04,O,1048,484,694,4,834
2022-08-05,A,2979,294,304,29,2940
2022-08-05,AB,796,69,63,11,791
2022-08-05,B,3343,266,952,16,2641
2022-08-05,O,834,450,631,2,651
2022-08-06,A,2940,419,290,36,3033
2022-08-06,AB,791,110,69,11,821
2022-08-06,B,2641,495,311,32,2793
2022-08-06,O,651,678,601,2,726
2022-08-07,A,3033,659,319,46,3327
2022-08-07,AB,821,123,71,16,857
2022-08-07,B,2793,651,356,27,3061
2022-08-07,O,726,1050,629,5,1142
2022-08-08,A,3327,257,340,38,3206
2022-08-08,AB,857,65,62,9,851
2022-08-08,B,3061,253,391,35,2888
2022-08-08,O,1142,411,755,7,791
2022-08-09,A,3206,280,977,25,2484
2022-08-09,AB,851,75,82,16,828
2022-08-09,B,2888,314,334,36,2832
2022-08-09,O,791,479,725,3,542
2022-08-10,A,2484,383,389,34,2444
2022-08-10,AB,828,75,86,13,804
2022-08-10,B,2832,362,387,30,2777
2022-08-10,O,542,582,700,2,422
2022-08-11,A,2444,357,340,14,2447
2022-08-11,AB,804,99,74,11,818
2022-08-11,B,2777,411,365,25,2798
2022-08-11,O,422,670,692,3,397
2022-08-12,A,2447,226,404,18,2251
2022-08-12,AB,818,60,90,6,782
2022-08-12,B,2798,243,332,29,2680
2022-08-12,O,397,356,746,0,7
2022-08-13,A,2251,394,341,16,2288
2022-08-13,AB,782,92,68,11,795
2022-08-13,B,2680,444,366,27,2731
2022-08-13,O,7,700,686,1,20
2022-08-14,A,2288,688,366,17,2593
2022-08-14,AB,795,127,74,12,836
2022-08-14,B,2731,724,346,39,3070
2022-08-14,O,20,1208,701,5,522
2022-08-15,A,2593,233,356,20,2450
2022-08-15,AB,836,77,86,13,814
2022-08-15,B,3070,302,422,23,2927
2022-08-15,O,522,477,714,1,284
2022-08-16,A,2450,335,352,16,2417
2022-08-16,AB,814,82,76,8,812
2022-08-16,B,2927,341,355,36,2877
2022-08-16,O,284,517,673,2,126
2022-08-17,A,2417,359,320,23,2433
2022-08-17,AB,812,105,83,7,827
2022-08-17,B,2877,418,324,28,2943
2022-08-17,O,126,585,701,0,10
2022-08-18,A,2433,364,353,13,2431
2022-08-18,AB,827,107,77,14,843
2022-08-18,B,2943,443,369,27,2990
2022-08-18,O,10,674,684,0,0
2022-08-19,A,2431,252,330,16,2337
2022-08-19,AB,843,49,80,15,797
2022-08-19,B,2990,318,368,36,2904
2022-08-19,O,0,484,484,0,0
2022-08-20,A,2337,455,307,18,2467
2022-08-20,AB,797,132,68,22,839
2022-08-20,B,2904,532,305,34,3097
2022-08-20,O,0,866,670,2,194
2022-08-21,A,2467,713,334,26,2820
2022-08-21,AB,839,155,82,15,897
2022-08-21,B,3097,699,325,43,3428
2022-08-21,O,194,1158,674,3,675
2022-08-22,A,2820,199,324,34,2661
2022-08-22,AB,897,46,89,12,842
2022-08-22,B,3428,244,369,43,3260
2022-08-22,O,675,356,722,3,306
2022-08-23,A,2661,331,294,30,2668
2022-08-23,AB,842,60,74,10,818
2022-08-23,B,3260,385,388,44,3213
2022-08-23,O,306,604,702,2,206
2022-08-24,A,2668,395,323,27,2713
2022-08-24,AB,818,110,94,10,824
2022-08-24,B,3213,434,374,44,3229
2022-08-24,O,206,701,720,0,187
2022-08-25,A,2713,366,339,29,2711
2022-08-25,AB,824,76,107,9,784
2022-08-25,B,3229,389,376,39,3203
2022-08-25,O,187,561,674,0,74
2022-08-26,A,2711,259,363,21,2586
2022-08-26,AB,784,60,82,9,753
2022-08-26,B,3203,321,354,44,3126
2022-08-26,O,74,468,542,0,0
2022-08-27,A,2586,539,296,33,2796
2022-08-27,AB,753,99,63,12,777
2022-08-27,B,3126,531,329,43,3285
2022-08-27,O,0,894,655,1,238
2022-08-28,A,2796,752,349,45,3154
2022-08-28,AB,777,144,68,7,846
2022-08-28,B,3285,721,367,35,3604
2022-08-28,O,238,1193,673,2,756
2022-08-29,A,3154,271,353,37,3035
2022-08-29,AB,846,53,75,16,808
2022-08-29,B,3604,292,400,42,3454
2022-08-29,O,756,480,1236,0,0
2022-08-30,A,3035,364,364,36,2999
2022-08-30,AB,808,72,70,9,801
2022-08-30,B,3454,412,373,59,3434
2022-08-30,O,0,613,613,0,0
2022-08-31,A,2999,866,386,55,3424
2022-08-31,AB,801,198,93,7,899
2022-08-31,B,3434,911,371,59,3915
2022-08-31,O,0,1417,727,2,688
2022-09-01,A,3424,311,405,41,3289
2022-09-01,AB,899,72,89,16,866
2022-09-01,B,3915,389,408,59,3837
2022-09-01,O,688,565,729,3,521
2022-09-02,A,3289,187,321,45,3110
2022-09-02,AB,866,49,80,10,825
2022-09-02,B,3837,208,415,51,3579
2022-09-02,O,521,353,874,0,0
2022-09-03,A,3110,365,363,24,3088
2022-09-03,AB,825,94,62,21,836
2022-09-03,B,3579,426,346,49,3610
2022-09-03,O,0,686,676,0,10
2022-09-04,A,3088,659,394,61,3292
2022-09-04,AB,836,116,75,16,861
2022-09-04,B,3610,705,379,57,3879
2022-09-04,O,10,1133,681,3,459
2022-09-05,A,3292,205,420,35,3042
2022-09-05,AB,861,53,85,8,821
2022-09-05,B,3879,217,411,56,3629
2022-09-05,O,459,383,761,1,80
2022-09-06,A,3042,335,390,22,2965
2022-09-06,AB,821,87,90,16,802
2022-09-06,B,3629,401,389,50,3591
2022-09-06,O,80,615,695,0,0
2022-09-07,A,2965,352,393,36,2888
2022-09-07,AB,802,87,78,9,802
2022-09-07,B,3591,366,385,38,3534
2022-09-07,O,0,587,587,0,0
2022-09-08,A,2888,414,342,37,2923
2022-09-08,AB,802,113,86,11,818
2022-09-08,B,3534,466,409,48,3543
2022-09-08,O,0,700,700,0,0
2022-09-09,A,2923,200,398,23,2702
2022-09-09,AB,818,47,80,13,772
2022-09-09,B,3543,243,407,42,3337
2022-09-09,O,0,368,368,0,0
2022-09-10,A,2702,395,332,27,2738
2022-09-10,AB,772,103,67,7,801
2022-09-10,B,3337,442,354,39,3386
2022-09-10,O,0,676,676,0,0
2022-09-11,A,2738,678,338,34,3044
2022-09-11,AB,801,125,75,13,838
2022-09-11,B,3386,656,386,53,3603
2022-09-11,O,0,1112,717,1,394
2022-09-12,A,3044,219,412,18,2833
2022-09-12,AB,838,55,71,13,809
2022-09-12,B,3603,251,425,45,3384
2022-09-12,O,394,374,768,0,0
2022-09-13,A,2833,333,395,34,2737
2022-09-13,AB,809,73,81,9,792
2022-09-13,B,3384,400,380,42,3362
2022-09-13,O,0,567,567,0,0
2022-09-14,A,2737,410,417,36,2694
2022-09-14,AB,792,97,78,24,787
2022-09-14,B,3362,439,368,46,3387
2022-09-14,O,0,657,657,0,0
2022-09-15,A,2694,375,406,20,2643
2022-09-15,AB,787,96,66,14,803
2022-09-15,B,3387,446,389,52,3392
2022-09-15,O,0,669,669,0,0
2022-09-16,A,2643,621,441,37,2786
2022-09-16,AB,803,161,83,13,868
2022-09-16,B,3392,661,434,48,3571
2022-09-16,O,0,1047,796,3,248
2022-09-17,A,2786,513,375,36,2888
2022-09-17,AB,868,132,84,15,901
2022-09-17,B,3571,633,403,66,3735
2022-09-17,O,248,1013,714,1,546
2022-09-18,A,2888,641,354,47,3128
2022-09-18,AB,901,148,76,17,956
2022-09-18,B,3735,714,421,80,3948
2022-09-18,O,546,1184,756,6,968
2022-09-19,A,3128,258,434,48,2904
2022-09-19,AB,956,66,72,15,935
2022-09-19,B,3948,286,425,60,3749
2022-09-19,O,968,438,782,8,616
2022-09-20,A,2904,302,431,18,2757
2022-09-20,AB,935,62,66,26,905
2022-09-20,B,3749,297,431,47,3568
2022-09-20,O,616,478,746,2,346
2022-09-21,A,2757,374,402,45,2684
2022-09-21,AB,905,112,81,23,913
2022-09-21,B,3568,440,441,42,3525
2022-09-21,O,346,664,758,1,251
2022-09-22,A,2684,382,430,33,2603
2022-09-22,AB,913,108,105,11,905
2022-09-22,B,3525,404,426,38,3465
2022-09-22,O,251,612,771,2,90
2022-09-23,A,2603,290,415,24,2454
2022-09-23,AB,905,69,81,11,882
2022-09-23,B,3465,310,400,41,3334
2022-09-23,O,90,501,591,0,0
2022-09-24,A,2454,384,349,31,2458
2022-09-24,AB,882,120,87,16,899
2022-09-24,B,3334,458,379,49,3364
2022-09-24,O,0,688,688,0,0
2022-09-25,A,2458,612,381,26,2663
2022-09-25,AB,899,130,90,7,932
2022-09-25,B,3364,715,390,57,3632
2022-09-25,O,0,1137,723,3,411
2022-09-26,A,2663,284,425,22,2500
2022-09-26,AB,932,59,99,10,882
2022-09-26,B,3632,260,434,53,3405
2022-09-26,O,411,465,753,0,123
2022-09-27,A,2500,337,362,22,2453
2022-09-27,AB,882,80,96,13,853
2022-09-27,B,3405,354,434,30,3295
2022-09-27,O,123,573,696,0,0
2022-09-28,A,2453,328,402,24,2355
2022-09-28,AB,853,89,101,12,829
2022-09-28,B,3295,375,430,39,3201
2022-09-28,O,0,603,603,0,0
2022-09-29,A,2355,343,390,9,2299
2022-09-29,AB,829,102,84,20,827
2022-09-29,B,3201,378,379,32,3168
2022-09-29,O,0,630,630,0,0
2022-09-30,A,2299,315,384,25,2205
2022-09-30,AB,827,72,90,11,798
2022-09-30,B,3168,380,403,36,3109
2022-09-30,O,0,561,561,0,0
2022-10-01,A,2205,473,356,19,2303
2022-10-01,AB,798,92,86,14,790
2022-10-01,B,3109,528,359,34,3244
2022-10-01,O,0,800,653,0,147
2022-10-02,A,2303,687,409,27,2554
2022-10-02,AB,790,155,85,7,853
2022-10-02,B,3244,764,390,58,3560
2022-10-02,O,147,1222,751,4,614
2022-10-03,A,2554,228,386,29,2367
2022-10-03,AB,853,57,104,13,793
2022-10-03,B,3560,254,436,34,3344
2022-10-03,O,614,462,736,3,337
2022-10-04,A,2367,377,375,20,2349
2022-10-04,AB,793,94,104,8,775
2022-10-04,B,3344,412,408,51,3297
2022-10-04,O,337,606,760,1,182
2022-10-05,A,2349,374,385,17,2321
2022-10-05,AB,775,74,84,13,752
2022-10-05,B,3297,433,423,33,3274
2022-10-05,O,182,633,740,0,75
2022-10-06,A,2321,346,410,11,2246
2022-10-06,AB,752,89,109,9,723
2022-10-06,B,3274,383,401,47,3209
2022-10-06,O,75,589,664,0,0
2022-10-07,A,2246,276,401,16,2105
2022-10-07,AB,723,78,87,8,706
2022-10-07,B,3209,296,430,32,3043
2022-10-07,O,0,490,490,0,0
2022-10-08,A,2105,538,406,20,2217
2022-10-08,AB,706,129,101,12,722
2022-10-08,B,3043,566,414,42,3153
2022-10-08,O,0,872,731,1,140
2022-10-09,A,2217,562,381,26,2372
2022-10-09,AB,722,134,78,10,768
2022-10-09,B,3153,636,411,58,3320
2022-10-09,O,140,1023,756,3,404
2022-10-10,A,2372,301,448,15,2210
2022-10-10,AB,768,57,93,11,721
2022-10-10,B,3320,326,395,30,3221
2022-10-10,O,404,540,792,1,151
2022-10-11,A,2210,359,411,18,2140
2022-10-11,AB,721,86,80,9,718
2022-10-11,B,3221,357,456,35,3087
2022-10-11,O,151,549,700,0,0
2022-10-12,A,2140,445,459,16,2110
2022-10-12,AB,718,93,94,11,706
2022-10-12,B,3087,436,423,34,3066
2022-10-12,O,0,694,694,0,0
2022-10-13,A,2110,424,391,18,2125
2022-10-13,AB,706,112,107,10,701
2022-10-13,B,3066,429,455,33,3007
2022-10-13,O,0,652,652,0,0
2022-10-14,A,2125,263,410,11,1967
2022-10-14,AB,701,67,102,7,659
2022-10-14,B,3007,291,427,33,2838
2022-10-14,O,0,495,495,0,0
2022-10-15,A,1967,524,360,12,2119
2022-10-15,AB,659,134,98,7,688
2022-10-15,B,2838,590,394,39,2995
2022-10-15,O,0,926,703,2,221
2022-10-16,A,2119,729,368,23,2457
2022-10-16,AB,688,168,85,8,763
2022-10-16,B,2995,763,364,47,3347
2022-10-16,O,221,1234,747,3,705
2022-10-17,A,2457,273,452,22,2256
2022-10-17,AB,763,57,112,8,700
2022-10-17,B,3347,285,419,39,3174
2022-10-17,O,705,448,737,3,413
2022-10-18,A,2256,361,421,23,2173
2022-10-18,AB,700,81,94,9,678
2022-10-18,B,3174,411,392,43,3150
2022-10-18,O,413,625,761,1,276
2022-10-19,A,2173,418,440,17,2134
2022-10-19,AB,678,88,125,3,638
2022-10-19,B,3150,486,409,48,3179
2022-10-19,O,276,731,756,1,250
2022-10-20,A,2134,324,434,19,2005
2022-10-20,AB,638,69,85,8,614
2022-10-20,B,3179,359,400,36,3102
2022-10-20,O,250,531,758,0,23
2022-10-21,A,2005,181,419,11,1756
2022-10-21,AB,614,42,91,0,565
2022-10-21,B,3102,186,418,18,2852
2022-10-21,O,23,288,311,0,0
2022-10-22,A,1756,572,389,11,1928
2022-10-22,AB,565,113,77,4,597
2022-10-22,B,2852,614,380,30,3056
2022-10-22,O,0,917,711,0,206
2022-10-23,A,1928,649,395,15,2167
2022-10-23,AB,597,105,100,7,595
2022-10-23,B,3056,687,381,49,3313
2022-10-23,O,206,1117,702,4,617
2022-10-24,A,2167,470,402,19,2216
2022-10-24,AB,595,84,105,3,571
2022-10-24,B,3313,550,423,53,3387
2022-10-24,O,617,811,757,9,662
2022-10-25,A,2216,248,409,10,2045
2022-10-25,AB,571,59,101,4,525
2022-10-25,B,3387,293,383,38,3259
2022-10-25,O,662,527,791,2,396
2022-10-26,A,2045,386,462,19,1950
2022-10-26,AB,525,90,96,6,513
2022-10-26,B,3259,442,367,35,3299
2022-10-26,O,396,727,802,2,319
2022-10-27,A,1950,331,436,12,1833
2022-10-27,AB,513,70,117,4,462
2022-10-27,B,3299,415,384,43,3287
2022-10-27,O,319,567,764,0,122
2022-10-28,A,1833,230,417,13,1633
2022-10-28,AB,462,36,102,2,394
2022-10-28,B,3287,253,379,41,3120
2022-10-28,O,122,435,557,0,0
2022-10-29,A,1633,494,405,14,1708
2022-10-29,AB,394,80,107,2,365
2022-10-29,B,3120,475,328,48,3219
2022-10-29,O,0,698,657,0,41
2022-10-30,A,1708,685,407,14,1972
2022-10-30,AB,365,112,89,2,386
2022-10-30,B,3219,655,380,34,3460
2022-10-30,O,41,1107,728,4,416
2022-10-31,A,1972,231,449,11,1743
2022-10-31,AB,386,39,107,0,318
2022-10-31,B,3460,298,422,42,3294
2022-10-31,O,416,416,801,0,31
2022-11-01,A,1743,226,446,12,1511
2022-11-01,AB,318,49,99,4,264
2022-11-01,B,3294,252,376,35,3135
2022-11-01,O,31,402,433,0,0
2022-11-02,A,1511,398,435,10,1464
2022-11-02,AB,264,91,112,1,242
2022-11-02,B,3135,456,383,37,3171
2022-11-02,O,0,704,704,0,0
2022-11-03,A,1464,382,454,9,1383
2022-11-03,AB,242,57,74,1,224
2022-11-03,B,3171,375,392,30,3124
2022-11-03,O,0,555,555,0,0
2022-11-04,A,1383,191,458,8,1108
2022-11-04,AB,224,39,81,2,180
2022-11-04,B,3124,225,373,37,2939
2022-11-04,O,0,379,379,0,0
2022-11-05,A,1108,466,413,9,1152
2022-11-05,AB,180,88,90,0,178
2022-11-05,B,2939,540,344,35,3100
2022-11-05,O,0,817,678,3,136
2022-11-06,A,1152,676,423,7,1398
2022-11-06,AB,178,127,102,1,202
2022-11-06,B,3100,712,334,39,3439
2022-11-06,O,136,1215,633,7,711
2022-11-07,A,1398,288,478,8,1200
2022-11-07,AB,202,62,98,0,166
2022-11-07,B,3439,290,369,51,3309
2022-11-07,O,711,420,695,3,433
2022-11-08,A,1200,312,448,3,1061
2022-11-08,AB,166,82,92,0,156
2022-11-08,B,3309,367,396,48,3232
2022-11-08,O,433,546,715,1,263
2022-11-09,A,1061,377,417,6,1015
2022-11-09,AB,156,82,97,1,140
2022-11-09,B,3232,438,405,39,3226
2022-11-09,O,263,644,681,1,225
2022-11-10,A,1015,438,438,5,1010
2022-11-10,AB,140,113,86,0,167
2022-11-10,B,3226,468,371,48,3275
2022-11-10,O,225,689,691,0,223
2022-11-11,A,1010,200,417,4,789
2022-11-11,AB,167,71,78,0,160
2022-11-11,B,3275,219,395,26,3073
2022-11-11,O,223,403,626,0,0
2022-11-12,A,789,627,416,1,999
2022-11-12,AB,160,161,90,1,230
2022-11-12,B,3073,676,383,33,3333
2022-11-12,O,0,1162,703,4,455
2022-11-13,A,999,661,465,11,1184
2022-11-13,AB,230,141,84,2,285
2022-11-13,B,3333,571,389,49,3466
2022-11-13,O,455,1065,685,6,829
2022-11-14,A,1184,256,426,6,1008
2022-11-14,AB,285,83,84,1,283
2022-11-14,B,3466,295,414,45,3302
2022-11-14,O,829,443,729,4,539
2022-11-15,A,1008,355,454,5,904
2022-11-15,AB,283,96,89,2,288
2022-11-15,B,3302,373,393,33,3249
2022-11-15,O,539,606,711,3,431
2022-11-16,A,904,391,423,6,866
2022-11-16,AB,288,114,98,1,303
2022-11-16,B,3249,433,428,37,3217
2022-11-16,O,431,679,674,4,432
2022-11-17,A,866,290,428,7,721
2022-11-17,AB,303,65,96,2,270
2022-11-17,B,3217,312,337,35,3157
2022-11-17,O,432,456,888,0,0
2022-11-18,A,721,199,411,2,507
2022-11-18,AB,270,37,92,1,214
2022-11-18,B,3157,200,397,26,2934
2022-11-18,O,0,305,305,0,0
2022-11-19,A,507,62,354,0,215
2022-11-19,AB,214,25,89,0,150
2022-11-19,B,2934,62,298,27,2671
2022-11-19,O,0,120,120,0,0
2022-11-20,A,215,376,417,2,172
2022-11-20,AB,150,88,84,1,153
2022-11-20,B,2671,380,298,26,2727
2022-11-20,O,0,643,643,0,0
2022-11-21,A,172,176,348,0,0
2022-11-21,AB,153,49,83,4,115
2022-11-21,B,2727,203,355,20,2555
2022-11-21,O,0,344,344,0,0
2022-11-22,A,0,316,316,0,0
2022-11-22,AB,115,94,89,1,119
2022-11-22,B,2555,357,329,27,2556
2022-11-22,O,0,541,541,0,0
2022-11-23,A,0,365,365,0,0
2022-11-23,AB,119,96,74,1,140
2022-11-23,B,2556,465,313,22,2686
2022-11-23,O,0,662,662,0,0
2022-11-24,A,0,421,382,0,39
2022-11-24,AB,140,118,82,0,176
2022-11-24,B,2686,476,302,33,2827
2022-11-24,O,0,680,636,0,44
2022-11-25,A,39,299,338,0,0
2022-11-25,AB,176,60,105,0,131
2022-11-25,B,2827,322,340,36,2773
2022-11-25,O,44,505,549,0,0
2022-11-26,A,0,374,340,0,34
2022-11-26,AB,131,114,96,1,148
2022-11-26,B,2773,440,279,28,2906
2022-11-26,O,0,705,639,0,66
2022-11-27,A,34,618,372,1,279
2022-11-27,AB,148,114,89,2,171
2022-11-27,B,2906,599,302,33,3170
2022-11-27,O,66,926,630,1,361
2022-11-28,A,279,217,364,0,132
2022-11-28,AB,171,50,84,1,136
2022-11-28,B,3170,247,375,30,3012
2022-11-28,O,361,360,651,0,70
2022-11-29,A,132,378,369,0,141
2022-11-29,AB,136,94,98,1,131
2022-11-29,B,3012,437,305,43,3101
2022-11-29,O,70,646,590,3,123
2022-11-30,A,141,377,419,0,99
2022-11-30,AB,131,77,107,0,101
2022-11-30,B,3101,408,304,40,3165
2022-11-30,O,123,589,692,0,20
2022-12-01,A,99,343,394,0,48
2022-12-01,AB,101,72,107,0,66
2022-12-01,B,3165,373,314,34,3190
2022-12-01,O,20,590,610,0,0
2022-12-02,A,48,246,294,0,0
2022-12-02,AB,66,76,99,0,43
2022-12-02,B,3190,320,348,40,3122
2022-12-02,O,0,487,487,0,0
2022-12-03,A,0,489,348,1,140
2022-12-03,AB,43,113,79,0,77
2022-12-03,B,3122,523,276,47,3322
2022-12-03,O,0,817,613,1,203
2022-12-04,A,140,804,362,2,580
2022-12-04,AB,77,159,83,0,153
2022-12-04,B,3322,801,339,64,3720
2022-12-04,O,203,1332,671,4,860
2022-12-05,A,580,239,356,2,461
2022-12-05,AB,153,58,114,0,97
2022-12-05,B,3720,236,350,50,3556
2022-12-05,O,860,391,745,6,500
2022-12-06,A,461,394,369,1,485
2022-12-06,AB,97,91,104,1,83
2022-12-06,B,3556,469,332,61,3632
2022-12-06,O,500,602,724,5,373
2022-12-07,A,485,326,354,4,453
2022-12-07,AB,83,89,102,0,70
2022-12-07,B,3632,432,378,61,3625
2022-12-07,O,373,663,676,4,356
2022-12-08,A,453,325,380,2,396
2022-12-08,AB,70,78,104,0,44
2022-12-08,B,3625,386,346,43,3622
2022-12-08,O,356,519,697,0,178
2022-12-09,A,396,285,397,2,282
2022-12-09,AB,44,67,105,0,6
2022-12-09,B,3622,302,350,45,3529
2022-12-09,O,178,434,612,0,0
2022-12-10,A,282,474,352,6,398
2022-12-10,AB,6,132,99,0,39
2022-12-10,B,3529,489,299,40,3679
2022-12-10,O,0,763,601,0,162
2022-12-11,A,398,675,337,3,733
2022-12-11,AB,39,156,106,4,85
2022-12-11,B,3679,723,340,68,3994
2022-12-11,O,162,1161,601,7,715
2022-12-12,A,733,305,388,3,647
2022-12-12,AB,85,75,101,0,59
2022-12-12,B,3994,314,351,75,3882
2022-12-12,O,715,551,658,4,604
2022-12-13,A,647,373,359,2,659
2022-12-13,AB,59,87,96,0,50
2022-12-13,B,3882,431,349,60,3904
2022-12-13,O,604,574,653,2,523
2022-12-14,A,659,407,405,9,652
2022-12-14,AB,50,84,90,1,43
2022-12-14,B,3904,446,353,68,3929
2022-12-14,O,523,700,619,3,601
2022-12-15,A,652,333,364,3,618
2022-12-15,AB,43,83,87,0,39
2022-12-15,B,3929,339,328,51,3889
2022-12-15,O,601,504,698,0,407
2022-12-16,A,618,265,343,4,536
2022-12-16,AB,39,81,110,0,10
2022-12-16,B,3889,322,385,68,3758
2022-12-16,O,407,480,650,0,237
2022-12-17,A,536,556,324,6,762
2022-12-17,AB,10,123,93,0,40
2022-12-17,B,3758,579,338,55,3944
2022-12-17,O,237,958,619,5,571
2022-12-18,A,762,618,383,7,990
2022-12-18,AB,40,151,105,1,85
2022-12-18,B,3944,652,337,76,4183
2022-12-18,O,571,1172,645,3,1095
2022-12-19,A,990,214,415,5,784
2022-12-19,AB,85,55,122,0,18
2022-12-19,B,4183,211,373,65,3956
2022-12-19,O,1095,352,696,3,748
2022-12-20,A,784,433,412,3,802
2022-12-20,AB,18,113,95,1,35
2022-12-20,B,3956,479,374,70,3991
2022-12-20,O,748,785,671,3,859
2022-12-21,A,802,427,383,1,845
2022-12-21,AB,35,108,95,0,48
2022-12-21,B,3991,480,336,74,4061
2022-12-21,O,859,669,732,3,793
2022-12-22,A,845,354,412,3,784
2022-12-22,AB,48,84,127,0,5
2022-12-22,B,4061,390,430,59,3962
2022-12-22,O,793,548,698,6,637
2022-12-23,A,784,240,421,4,599
2022-12-23,AB,5,57,62,0,0
2022-12-23,B,3962,268,407,43,3780
2022-12-23,O,637,438,707,2,366
2022-12-24,A,599,355,359,6,589
2022-12-24,AB,0,87,87,0,0
2022-12-24,B,3780,470,335,64,3851
2022-12-24,O,366,641,609,2,396
2022-12-25,A,589,520,364,8,737
2022-12-25,AB,0,137,85,1,51
2022-12-25,B,3851,566,368,56,3993
2022-12-25,O,396,863,618,4,637
2022-12-26,A,737,414,411,1,739
2022-12-26,AB,51,89,111,0,29
2022-12-26,B,3993,446,432,62,3945
2022-12-26,O,637,715,655,5,692
2022-12-27,A,739,284,400,5,618
2022-12-27,AB,29,55,84,0,0
2022-12-27,B,3945,350,405,53,3837
2022-12-27,O,692,485,617,4,556
2022-12-28,A,618,430,391,6,651
2022-12-28,AB,0,80,80,0,0
2022-12-28,B,3837,503,386,48,3906
2022-12-28,O,556,689,684,3,558
2022-12-29,A,651,314,395,2,568
2022-12-29,AB,0,69,69,0,0
2022-12-29,B,3906,378,440,61,3783
2022-12-29,O,558,589,602,3,542
2022-12-30,A,568,325,349,3,541
2022-12-30,AB,0,58,58,0,0
2022-12-30,B,3783,355,446,56,3636
2022-12-30,O,542,606,651,3,494
2022-12-31,A,541,441,344,2,636
2022-12-31,AB,0,76,76,0,0
2022-12-31,B,3636,542,389,51,3738
2022-12-31,O,494,795,609,3,677
2023-01-01,A,636,705,341,9,991
2023-01-01,AB,0,95,81,0,14
2023-01-01,B,3738,717,443,62,3950
2023-01-01,O,677,1167,616,6,1222
2023-01-02,A,991,412,372,4,1027
2023-01-02,AB,14,65,79,0,0
2023-01-02,B,3950,435,421,71,3893
2023-01-02,O,1222,677,668,6,1225
2023-01-03,A,1027,215,389,6,847
2023-01-03,AB,0,47,47,0,0
2023-01-03,B,3893,241,411,65,3658
2023-01-03,O,1225,353,676,8,894
2023-01-04,A,847,381,369,2,857
2023-01-04,AB,0,68,68,0,0
2023-01-04,B,3658,419,396,48,3633
2023-01-04,O,894,626,648,6,866
2023-01-05,A,857,368,376,6,843
2023-01-05,AB,0,75,75,0,0
2023-01-05,B,3633,376,405,47,3557
2023-01-05,O,866,595,694,4,763
2023-01-06,A,843,277,385,5,730
2023-01-06,AB,0,52,52,0,0
2023-01-06,B,3557,327,404,37,3443
2023-01-06,O,763,523,665,7,614
2023-01-07,A,730,452,334,4,844
2023-01-07,AB,0,86,71,0,15
2023-01-07,B,3443,464,344,46,3517
2023-01-07,O,614,822,645,5,786
2023-01-08,A,844,691,388,6,1141
2023-01-08,AB,15,118,77,0,56
2023-01-08,B,3517,784,382,63,3856
2023-01-08,O,786,1204,654,8,1328
2023-01-09,A,1141,208,383,6,960
2023-01-09,AB,56,54,77,0,33
2023-01-09,B,3856,234,401,45,3644
2023-01-09,O,1328,357,675,7,1003
2023-01-10,A,960,343,367,7,929
2023-01-10,AB,33,74,97,0,10
2023-01-10,B,3644,366,413,62,3535
2023-01-10,O,1003,560,642,4,917
2023-01-11,A,929,434,379,8,976
2023-01-11,AB,10,88,72,0,26
2023-01-11,B,3535,457,414,37,3541
2023-01-11,O,917,695,623,8,981
2023-01-12,A,976,365,428,12,901
2023-01-12,AB,26,80,70,1,35
2023-01-12,B,3541,399,399,39,3502
2023-01-12,O,981,603,661,8,915
2023-01-13,A,901,251,360,5,787
2023-01-13,AB,35,57,60,0,32
2023-01-13,B,3502,278,377,38,3365
2023-01-13,O,915,380,623,5,667
2023-01-14,A,787,479,358,6,902
2023-01-14,AB,32,129,79,0,82
2023-01-14,B,3365,538,357,52,3494
2023-01-14,O,667,860,573,8,946
2023-01-15,A,902,683,375,6,1204
2023-01-15,AB,82,164,75,0,171
2023-01-15,B,3494,644,399,67,3672
2023-01-15,O,946,1082,594,12,1422
2023-01-16,A,1204,239,361,7,1075
2023-01-16,AB,171,48,84,0,135
2023-01-16,B,3672,260,393,54,3485
2023-01-16,O,1422,409,613,10,1208
2023-01-17,A,1075,393,340,6,1122
2023-01-17,AB,135,91,82,0,144
2023-01-17,B,3485,431,382,68,3466
2023-01-17,O,1208,642,656,7,1187
2023-01-18,A,1122,391,381,9,1123
2023-01-18,AB,144,100,86,2,156
2023-01-18,B,3466,458,430,59,3435
2023-01-18,O,1187,697,643,11,1230
2023-01-19,A,1123,381,367,8,1129
2023-01-19,AB,156,105,73,2,186
2023-01-19,B,3435,447,425,46,3411
2023-01-19,O,1230,630,637,10,1213
2023-01-20,A,1129,245,369,6,999
2023-01-20,AB,186,64,66,1,183
2023-01-20,B,3411,283,405,44,3245
2023-01-20,O,1213,432,614,9,1022
2023-01-21,A,999,324,356,6,961
2023-01-21,AB,183,60,54,5,184
2023-01-21,B,3245,332,371,44,3162
2023-01-21,O,1022,541,567,7,989
2023-01-22,A,961,245,350,6,850
2023-01-22,AB,184,59,62,1,180
2023-01-22,B,3162,285,359,32,3056
2023-01-22,O,989,414,564,5,834
2023-01-23,A,850,310,409,2,749
2023-01-23,AB,180,60,68,1,171
2023-01-23,B,3056,335,426,38,2927
2023-01-23,O,834,541,646,1,728
2023-01-24,A,749,305,349,4,701
2023-01-24,AB,171,64,73,0,162
2023-01-24,B,2927,388,364,27,2924
2023-01-24,O,728,539,592,3,672
2023-01-25,A,701,294,330,2,663
2023-01-25,AB,162,53,70,0,145
2023-01-25,B,2924,322,346,30,2870
2023-01-25,O,672,541,586,3,624
2023-01-26,A,663,355,374,2,642
2023-01-26,AB,145,104,62,2,185
2023-01-26,B,2870,415,357,32,2896
2023-01-26,O,624,658,594,5,683
2023-01-27,A,642,202,378,2,464
2023-01-27,AB,185,58,72,0,171
2023-01-27,B,2896,255,381,21,2749
2023-01-27,O,683,432,590,4,521
2023-01-28,A,464,429,339,1,553
2023-01-28,AB,171,107,61,2,215
2023-01-28,B,2749,513,362,36,2864
2023-01-28,O,521,813,582,5,747
2023-01-29,A,553,595,339,8,801
2023-01-29,AB,215,122,59,4,274
2023-01-29,B,2864,665,350,37,3142
2023-01-29,O,747,1014,548,8,1205
2023-01-30,A,801,220,339,3,679
2023-01-30,AB,274,45,68,3,248
2023-01-30,B,3142,263,392,27,2986
2023-01-30,O,1205,386,580,6,1005
2023-01-31,A,679,333,343,5,664
2023-01-31,AB,248,84,71,2,259
2023-01-31,B,2986,395,386,31,2964
2023-01-31,O,1005,574,539,8,1032
2023-02-01,A,664,437,336,2,763
2023-02-01,AB,259,103,71,1,290
2023-02-01,B,2964,484,362,34,3052
2023-02-01,O,1032,681,555,7,1151
2023-02-02,A,763,383,364,4,778
2023-02-02,AB,290,83,76,0,297
2023-02-02,B,3052,424,411,46,3019
2023-02-02,O,1151,657,578,6,1224
2023-02-03,A,778,173,314,4,633
2023-02-03,AB,297,48,72,1,272
2023-02-03,B,3019,165,392,30,2762
2023-02-03,O,1224,313,570,8,959
2023-02-04,A,633,560,311,7,875
2023-02-04,AB,272,132,66,2,336
2023-02-04,B,2762,619,325,35,3021
2023-02-04,O,959,961,515,9,1396
2023-02-05,A,875,823,326,6,1366
2023-02-05,AB,336,211,84,3,460
2023-02-05,B,3021,1106,346,58,3723
2023-02-05,O,1396,1561,539,12,2406
2023-02-06,A,1366,321,334,6,1347
2023-02-06,AB,460,68,73,3,452
2023-02-06,B,3723,305,469,57,3502
2023-02-06,O,2406,511,606,20,2291
2023-02-07,A,1347,269,308,5,1303
2023-02-07,AB,452,62,90,4,420
2023-02-07,B,3502,276,417,45,3316
2023-02-07,O,2291,462,588,11,2154
2023-02-08,A,1303,304,317,6,1284
2023-02-08,AB,420,80,63,3,434
2023-02-08,B,3316,376,398,42,3252
2023-02-08,O,2154,572,594,9,2123
2023-02-09,A,1284,381,351,10,1304
2023-02-09,AB,434,97,70,4,457
2023-02-09,B,3252,446,394,46,3258
2023-02-09,O,2123,655,603,13,2162
2023-02-10,A,1304,242,331,3,1212
2023-02-10,AB,457,58,80,6,429
2023-02-10,B,3258,267,392,35,3098
2023-02-10,O,2162,398,590,10,1960
2023-02-11,A,1212,630,281,5,1556
2023-02-11,AB,429,131,85,4,471
2023-02-11,B,3098,553,374,38,3239
2023-02-11,O,1960,993,560,19,2374
2023-02-12,A,1556,695,322,14,1915
2023-02-12,AB,471,159,59,5,566
2023-02-12,B,3239,705,367,37,3540
2023-02-12,O,2374,1191,628,17,2920
2023-02-13,A,1915,175,322,5,1763
2023-02-13,AB,566,40,86,4,516
2023-02-13,B,3540,191,406,38,3287
2023-02-13,O,2920,341,595,12,2654
2023-02-14,A,1763,308,315,9,1747
2023-02-14,AB,516,78,74,5,515
2023-02-14,B,3287,379,330,48,3288
2023-02-14,O,2654,531,642,11,2532
2023-02-15,A,1747,367,299,12,1803
2023-02-15,AB,515,111,65,6,555
2023-02-15,B,3288,417,405,47,3253
2023-02-15,O,2532,636,604,14,2550
2023-02-16,A,1803,445,351,12,1885
2023-02-16,AB,555,122,78,3,596
2023-02-16,B,3253,517,412,40,3318
2023-02-16,O,2550,780,610,15,2705
2023-02-17,A,1885,334,316,12,1891
2023-02-17,AB,596,98,63,3,628
2023-02-17,B,3318,360,398,36,3244
2023-02-17,O,2705,584,662,13,2614
2023-02-18,A,1891,578,319,17,2133
2023-02-18,AB,628,113,68,8,665
2023-02-18,B,3244,568,331,47,3434
2023-02-18,O,2614,1000,571,25,3018
2023-02-19,A,2133,738,338,29,2504
2023-02-19,AB,665,177,77,7,758
2023-02-19,B,3434,792,336,64,3826
2023-02-19,O,3018,1197,622,17,3576
2023-02-20,A,2504,254,361,11,2386
2023-02-20,AB,758,66,73,6,745
2023-02-20,B,3826,263,407,61,3621
2023-02-20,O,3576,446,651,23,3348
2023-02-21,A,2386,390,361,16,2399
2023-02-21,AB,745,82,76,7,744
2023-02-21,B,3621,424,405,42,3598
2023-02-21,O,3348,624,687,23,3262
2023-02-22,A,2399,329,368,19,2341
2023-02-22,AB,744,88,78,11,743
2023-02-22,B,3598,373,373,50,3548
2023-02-22,O,3262,568,717,14,3099
2023-02-23,A,2341,428,392,11,2366
2023-02-23,AB,743,105,80,11,757
2023-02-23,B,3548,513,398,44,3619
2023-02-23,O,3099,718,653,15,3149
2023-02-24,A,2366,212,328,18,2232
2023-02-24,AB,757,48,83,9,713
2023-02-24,B,3619,240,389,36,3434
2023-02-24,O,3149,320,635,10,2824
2023-02-25,A,2232,518,283,23,2444
2023-02-25,AB,713,131,77,14,753
2023-02-25,B,3434,562,374,54,3568
2023-02-25,O,2824,919,611,12,3120
2023-02-26,A,2444,811,345,37,2873
2023-02-26,AB,753,181,75,21,838
2023-02-26,B,3568,790,338,65,3955
2023-02-26,O,3120,1382,622,27,3853
2023-02-27,A,2873,284,380,21,2756
2023-02-27,AB,838,86,82,16,826
2023-02-27,B,3955,379,401,54,3879
2023-02-27,O,3853,591,716,26,3702
2023-02-28,A,2756,390,365,24,2757
2023-02-28,AB,826,99,82,19,824
2023-02-28,B,3879,463,391,58,3893
2023-02-28,O,3702,713,730,28,3657
2023-03-01,A,2757,271,362,32,2634
2023-03-01,AB,824,67,115,9,767
2023-03-01,B,3893,303,364,56,3776
2023-03-01,O,3657,530,723,15,3449
2023-03-02,A,2634,348,390,32,2560
2023-03-02,AB,767,67,86,8,740
2023-03-02,B,3776,403,365,52,3762
2023-03-02,O,3449,610,741,19,3299
2023-03-03,A,2560,221,378,23,2380
2023-03-03,AB,740,60,88,8,704
2023-03-03,B,3762,278,377,50,3613
2023-03-03,O,3299,413,682,21,3009
2023-03-04,A,2380,515,340,22,2533
2023-03-04,AB,704,116,85,11,724
2023-03-04,B,3613,610,347,49,3827
2023-03-04,O,3009,905,658,16,3240
2023-03-05,A,2533,767,349,38,2913
2023-03-05,AB,724,172,90,9,797
2023-03-05,B,3827,757,352,71,4161
2023-03-05,O,3240,1322,718,34,3810
2023-03-06,A,2913,263,362,29,2785
2023-03-06,AB,797,37,83,3,748
2023-03-06,B,4161,326,387,65,4035
2023-03-06,O,3810,485,684,25,3586
2023-03-07,A,2785,415,379,29,2792
2023-03-07,AB,748,102,81,12,757
2023-03-07,B,4035,481,390,79,4047
2023-03-07,O,3586,646,685,20,3527
2023-03-08,A,2792,475,370,30,2867
2023-03-08,AB,757,113,224,7,639
2023-03-08,B,4047,559,400,50,4156
2023-03-08,O,3527,785,712,35,3565
2023-03-09,A,2867,399,354,27,2885
2023-03-09,AB,639,111,89,9,652
2023-03-09,B,4156,473,394,68,4167
2023-03-09,O,3565,690,697,20,3538
2023-03-10,A,2885,368,332,26,2895
2023-03-10,AB,652,72,86,4,634
2023-03-10,B,4167,380,410,68,4069
2023-03-10,O,3538,624,635,22,3505
2023-03-11,A,2895,539,307,34,3093
2023-03-11,AB,634,134,79,9,680
2023-03-11,B,4069,675,411,79,4254
2023-03-11,O,3505,979,678,34,3772
2023-03-12,A,3093,896,311,42,3636
2023-03-12,AB,680,195,89,16,770
2023-03-12,B,4254,977,403,100,4728
2023-03-12,O,3772,1509,667,53,4561
2023-03-13,A,3636,366,351,46,3605
2023-03-13,AB,770,94,99,7,758
2023-03-13,B,4728,363,406,105,4580
2023-03-13,O,4561,625,745,40,4401
2023-03-14,A,3605,410,341,47,3627
2023-03-14,AB,758,94,83,9,760
2023-03-14,B,4580,512,1024,63,4005
2023-03-14,O,4401,698,741,37,4321
2023-03-15,A,3627,462,367,60,3662
2023-03-15,AB,760,117,97,7,773
2023-03-15,B,4005,544,427,56,4066
2023-03-15,O,4321,790,763,42,4306
2023-03-16,A,3662,506,360,64,3744
2023-03-16,AB,773,115,91,15,782
2023-03-16,B,4066,549,412,64,4139
2023-03-16,O,4306,788,729,52,4313
2023-03-17,A,3744,315,365,62,3632
2023-03-17,AB,782,77,90,7,762
2023-03-17,B,4139,328,429,80,3958
2023-03-17,O,4313,519,753,42,4037
2023-03-18,A,3632,674,390,68,3848
2023-03-18,AB,762,145,70,12,825
2023-03-18,B,3958,777,382,64,4289
2023-03-18,O,4037,1150,701,45,4441
2023-03-19,A,3848,841,352,69,4268
2023-03-19,AB,825,204,80,24,925
2023-03-19,B,4289,968,374,106,4777
2023-03-19,O,4441,1565,744,82,5180
2023-03-20,A,4268,400,370,89,4209
2023-03-20,AB,925,107,95,13,924
2023-03-20,B,4777,450,474,89,4664
2023-03-20,O,5180,641,737,48,5036
2023-03-21,A,4209,571,367,83,4330
2023-03-21,AB,924,146,93,13,964
2023-03-21,B,4664,668,499,90,4743
2023-03-21,O,5036,1012,691,75,5282
2023-03-22,A,4330,539,395,93,4381
2023-03-22,AB,964,143,90,27,990
2023-03-22,B,4743,646,486,110,4793
2023-03-22,O,5282,1052,764,69,5501
2023-03-23,A,4381,174,388,73,4094
2023-03-23,AB,990,32,89,14,919
2023-03-23,B,4793,160,429,85,4439
2023-03-23,O,5501,279,785,66,4929
2023-03-24,A,4094,177,396,69,3806
2023-03-24,AB,919,30,104,11,834
2023-03-24,B,4439,200,441,65,4133
2023-03-24,O,4929,318,748,45,4454
2023-03-25,A,3806,343,304,63,3782
2023-03-25,AB,834,66,79,13,808
2023-03-25,B,4133,423,404,67,4085
2023-03-25,O,4454,677,692,49,4390
2023-03-26,A,3782,578,365,73,3922
2023-03-26,AB,808,81,97,16,776
2023-03-26,B,4085,569,410,76,4168
2023-03-26,O,4390,970,665,45,4650
2023-03-27,A,3922,139,398,60,3603
2023-03-27,AB,776,31,92,11,704
2023-03-27,B,4168,154,453,55,3814
2023-03-27,O,4650,290,712,37,4191
2023-03-28,A,3603,232,363,47,3425
2023-03-28,AB,704,37,89,3,649
2023-03-28,B,3814,247,430,42,3589
2023-03-28,O,4191,427,729,32,3857
2023-03-29,A,3425,235,368,42,3250
2023-03-29,AB,649,38,83,5,599
2023-03-29,B,3589,272,453,36,3372
2023-03-29,O,3857,447,685,28,3591
2023-03-30,A,3250,267,377,43,3097
2023-03-30,AB,599,32,92,3,536
2023-03-30,B,3372,299,386,35,3250
2023-03-30,O,3591,476,702,19,3346
2023-03-31,A,3097,255,321,51,2980
2023-03-31,AB,536,49,75,4,506
2023-03-31,B,3250,274,473,30,3021
2023-03-31,O,3346,399,710,24,3011
2023-04-01,A,2980,418,339,37,3022
2023-04-01,AB,506,52,67,1,490
2023-04-01,B,3021,413,402,33,2999
2023-04-01,O,3011,713,589,23,3112
2023-04-02,A,3022,618,332,52,3256
2023-04-02,AB,490,69,73,0,486
2023-04-02,B,2999,617,409,34,3173
2023-04-02,O,3112,1065,591,20,3566
2023-04-03,A,3256,168,359,28,3037
2023-04-03,AB,486,25,75,1,435
2023-04-03,B,3173,185,413,30,2915
2023-04-03,O,3566,295,640,18,3203
2023-04-04,A,3037,205,331,29,2882
2023-04-04,AB,435,55,73,1,416
2023-04-04,B,2915,276,417,28,2746
2023-04-04,O,3203,420,646,21,2956
2023-04-05,A,2882,199,337,36,2708
2023-04-05,AB,416,53,69,2,398
2023-04-05,B,2746,215,405,25,2531
2023-04-05,O,2956,383,599,17,2723
2023-04-06,A,2708,283,354,30,2607
2023-04-06,AB,398,59,78,3,376
2023-04-06,B,2531,336,403,20,2444
2023-04-06,O,2723,501,644,17,2563
2023-04-07,A,2607,252,339,22,2498
2023-04-07,AB,376,56,79,2,351
2023-04-07,B,2444,283,320,20,2387
2023-04-07,O,2563,408,576,16,2379
2023-04-08,A,2498,434,271,15,2646
2023-04-08,AB,351,94,66,1,378
2023-04-08,B,2387,423,325,30,2455
2023-04-08,O,2379,726,553,11,2541
2023-04-09,A,2646,847,320,45,3128
2023-04-09,AB,378,161,75,1,463
2023-04-09,B,2455,809,342,38,2884
2023-04-09,O,2541,1384,636,17,3272
2023-04-10,A,3128,180,354,30,2924
2023-04-10,AB,463,47,74,2,434
2023-04-10,B,2884,184,391,31,2646
2023-04-10,O,3272,266,609,20,2909
2023-04-11,A,2924,318,354,42,2846
2023-04-11,AB,434,72,69,4,433
2023-04-11,B,2646,352,376,27,2595
2023-04-11,O,2909,476,613,20,2752
2023-04-12,A,2846,274,326,34,2760
2023-04-12,AB,433,78,86,1,424
2023-04-12,B,2595,282,345,20,2512
2023-04-12,O,2752,494,571,16,2659
2023-04-13,A,2760,243,300,28,2675
2023-04-13,AB,424,60,75,4,405
2023-04-13,B,2512,318,336,21,2473
2023-04-13,O,2659,424,636,11,2436
2023-04-14,A,2675,183,307,24,2527
2023-04-14,AB,405,63,59,6,403
2023-04-14,B,2473,247,314,15,2391
2023-04-14,O,2436,372,637,16,2155
2023-04-15,A,2527,410,270,31,2636
2023-04-15,AB,403,75,74,0,404
2023-04-15,B,2391,420,312,22,2477
2023-04-15,O,2155,672,562,10,2255
2023-04-16,A,2636,732,276,38,3054
2023-04-16,AB,404,175,63,7,509
2023-04-16,B,2477,668,308,28,2809
2023-04-16,O,2255,1297,612,11,2929
2023-04-17,A,3054,229,307,52,2924
2023-04-17,AB,509,66,73,2,500
2023-04-17,B,2809,265,353,33,2688
2023-04-17,O,2929,377,591,15,2700
2023-04-18,A,2924,228,268,28,2856
2023-04-18,AB,500,53,56,4,493
2023-04-18,B,2688,267,346,27,2582
2023-04-18,O,2700,428,556,19,2553
2023-04-19,A,2856,248,286,33,2785
2023-04-19,AB,493,56,59,4,486
2023-04-19,B,2582,264,305,20,2521
2023-04-19,O,2553,381,589,17,2328
2023-04-20,A,2785,183,251,28,2689
2023-04-20,AB,486,35,62,4,455
2023-04-20,B,2521,187,293,11,2404
2023-04-20,O,2328,349,595,11,2071
2023-04-21,A,2689,55,253,15,2476
2023-04-21,AB,455,17,56,2,414
2023-04-21,B,2404,70,285,16,2173
2023-04-21,O,2071,107,545,11,1622
2023-04-22,A,2476,1,221,22,2234
2023-04-22,AB,414,0,54,0,360
2023-04-22,B,2173,1,251,17,1906
2023-04-22,O,1622,2,485,2,1137
2023-04-23,A,2234,69,211,12,2080
2023-04-23,AB,360,15,49,3,323
2023-04-23,B,1906,83,270,7,1712
2023-04-23,O,1137,138,466,8,801
2023-04-24,A,2080,212,234,8,2050
2023-04-24,AB,323,45,53,1,314
2023-04-24,B,1712,205,239,16,1662
2023-04-24,O,801,355,517,3,636
2023-04-25,A,2050,247,242,20,2035
2023-04-25,AB,314,62,47,3,326
2023-04-25,B,1662,295,268,13,1676
2023-04-25,O,636,482,463,4,651
2023-04-26,A,2035,284,276,14,2029
2023-04-26,AB,326,64,51,1,338
2023-04-26,B,1676,316,283,9,1700
2023-04-26,O,651,515,464,3,699
2023-04-27,A,2029,317,237,13,2096
2023-04-27,AB,338,77,53,1,361
2023-04-27,B,1700,338,222,6,1810
2023-04-27,O,699,535,503,5,726
2023-04-28,A,2096,261,249,12,2096
2023-04-28,AB,361,74,55,5,375
2023-04-28,B,1810,305,229,12,1874
2023-04-28,O,726,492,473,5,740
2023-04-29,A,2096,426,225,22,2275
2023-04-29,AB,375,104,55,3,421
2023-04-29,B,1874,492,259,16,2091
2023-04-29,O,740,788,448,4,1076
2023-04-30,A,2275,685,218,27,2715
2023-04-30,AB,421,163,58,4,522
2023-04-30,B,2091,702,236,21,2536
2023-04-30,O,1076,1188,465,9,1790
2023-05-01,A,2715,1037,263,47,3442
2023-05-01,AB,522,227,59,12,678
2023-05-01,B,2536,982,306,37,3175
2023-05-01,O,1790,1729,563,14,2942
2023-05-02,A,3442,159,262,48,3291
2023-05-02,AB,678,34,60,9,643
2023-05-02,B,3175,179,273,30,3051
2023-05-02,O,2942,309,525,18,2708
2023-05-03,A,3291,295,255,41,3290
2023-05-03,AB,643,67,65,3,642
2023-05-03,B,3051,290,285,34,3022
2023-05-03,O,2708,475,534,21,2628
2023-05-04,A,3290,787,242,63,3772
2023-05-04,AB,642,184,81,12,733
2023-05-04,B,3022,719,315,39,3387
2023-05-04,O,2628,1310,606,21,3311
2023-05-05,A,3772,228,267,55,3678
2023-05-05,AB,733,42,62,8,705
2023-05-05,B,3387,209,307,46,3243
2023-05-05,O,3311,336,559,17,3071
2023-05-06,A,3678,457,239,61,3835
2023-05-06,AB,705,114,73,7,739
2023-05-06,B,3243,457,284,36,3380
2023-05-06,O,3071,790,521,19,3321
2023-05-07,A,3835,765,238,95,4267
2023-05-07,AB,739,158,77,14,806
2023-05-07,B,3380,791,290,62,3819
2023-05-07,O,3321,1264,502,35,4048
2023-05-08,A,4267,259,306,64,4156
2023-05-08,AB,806,52,63,12,783
2023-05-08,B,3819,259,321,49,3708
2023-05-08,O,4048,431,587,33,3859
2023-05-09,A,4156,348,243,63,4198
2023-05-09,AB,783,56,78,8,753
2023-05-09,B,3708,382,333,54,3703
2023-05-09,O,3859,535,563,22,3809
2023-05-10,A,4198,384,277,89,4216
2023-05-10,AB,753,99,72,4,776
2023-05-10,B,3703,487,305,53,3832
2023-05-10,O,3809,687,567,34,3895
2023-05-11,A,4216,353,234,87,4248
2023-05-11,AB,776,98,81,14,779
2023-05-11,B,3832,398,314,50,3866
2023-05-11,O,3895,589,626,31,3827
2023-05-12,A,4248,284,259,82,4191
2023-05-12,AB,779,61,64,11,765
2023-05-12,B,3866,309,365,49,3761
2023-05-12,O,3827,431,617,25,3616
2023-05-13,A,4191,477,257,92,4319
2023-05-13,AB,765,92,57,8,792
2023-05-13,B,3761,508,325,46,3898
2023-05-13,O,3616,731,546,22,3779
2023-05-14,A,4319,650,278,94,4597
2023-05-14,AB,792,147,62,5,872
2023-05-14,B,3898,660,264,64,4230
2023-05-14,O,3779,1187,644,38,4284
2023-05-15,A,4597,228,274,111,4440
2023-05-15,AB,872,69,70,19,852
2023-05-15,B,4230,271,332,73,4096
2023-05-15,O,4284,398,616,35,4031
2023-05-16,A,4440,315,261,72,4422
2023-05-16,AB,852,58,58,14,838
2023-05-16,B,4096,349,294,65,4086
2023-05-16,O,4031,491,545,28,3949
2023-05-17,A,4422,342,249,73,4442
2023-05-17,AB,838,83,73,15,833
2023-05-17,B,4086,421,294,64,4149
2023-05-17,O,3949,626,630,27,3918
2023-05-18,A,4442,314,288,87,4381
2023-05-18,AB,833,73,62,16,828
2023-05-18,B,4149,363,360,58,4094
2023-05-18,O,3918,485,572,36,3795
2023-05-19,A,4381,285,285,83,4298
2023-05-19,AB,828,61,75,15,799
2023-05-19,B,4094,291,329,49,4007
2023-05-19,O,3795,433,595,29,3604
2023-05-20,A,4298,523,233,90,4498
2023-05-20,AB,799,139,166,9,763
2023-05-20,B,4007,637,274,73,4297
2023-05-20,O,3604,1012,509,30,4077
2023-05-21,A,4498,818,288,105,4923
2023-05-21,AB,763,155,62,18,838
2023-05-21,B,4297,833,343,87,4700
2023-05-21,O,4077,1392,590,51,4828
2023-05-22,A,4923,254,303,113,4761
2023-05-22,AB,838,57,76,13,806
2023-05-22,B,4700,293,398,83,4512
2023-05-22,O,4828,457,686,42,4557
2023-05-23,A,4761,311,296,105,4671
2023-05-23,AB,806,59,63,13,789
2023-05-23,B,4512,321,373,68,4392
2023-05-23,O,4557,539,643,48,4405
2023-05-24,A,4671,374,318,109,4618
2023-05-24,AB,789,81,78,8,784
2023-05-24,B,4392,378,366,55,4349
2023-05-24,O,4405,575,677,43,4260
2023-05-25,A,4618,287,299,79,4527
2023-05-25,AB,784,70,100,11,743
2023-05-25,B,4349,341,392,67,4231
2023-05-25,O,4260,545,663,43,4099
2023-05-26,A,4527,235,295,95,4372
2023-05-26,AB,743,51,83,8,703
2023-05-26,B,4231,223,381,66,4007
2023-05-26,O,4099,400,685,32,3782
2023-05-27,A,4372,472,299,98,4447
2023-05-27,AB,703,122,54,9,762
2023-05-27,B,4007,532,380,92,4067
2023-05-27,O,3782,816,731,29,3838
2023-05-28,A,4447,641,298,86,4704
2023-05-28,AB,762,166,86,13,829
2023-05-28,B,4067,708,334,81,4360
2023-05-28,O,3838,1164,690,38,4274
2023-05-29,A,4704,267,291,89,4591
2023-05-29,AB,829,59,87,13,788
2023-05-29,B,4360,315,350,78,4247
2023-05-29,O,4274,499,776,38,3959
2023-05-30,A,4591,358,328,98,4523
2023-05-30,AB,788,84,76,11,785
2023-05-30,B,4247,435,375,89,4218
2023-05-30,O,3959,587,723,26,3797
2023-05-31,A,4523,377,303,94,4503
2023-05-31,AB,785,97,64,16,802
2023-05-31,B,4218,384,368,79,4155
2023-05-31,O,3797,623,760,21,3639
2023-06-01,A,4503,306,298,88,4423
2023-06-01,AB,802,54,86,10,760
2023-06-01,B,4155,369,347,66,4111
2023-06-01,O,3639,509,715,14,3419
2023-06-02,A,4423,240,311,75,4277
2023-06-02,AB,760,50,81,4,725
2023-06-02,B,4111,261,321,66,3985
2023-06-02,O,3419,372,680,22,3089
2023-06-03,A,4277,407,310,75,4299
2023-06-03,AB,725,95,80,11,729
2023-06-03,B,3985,492,316,66,4095
2023-06-03,O,3089,751,590,19,3231
2023-06-04,A,4299,685,275,96,4613
2023-06-04,AB,729,155,79,16,789
2023-06-04,B,4095,719,329,78,4407
2023-06-04,O,3231,1190,658,30,3733
2023-06-05,A,4613,452,322,94,4649
2023-06-05,AB,789,95,74,10,800
2023-06-05,B,4407,518,373,75,4477
2023-06-05,O,3733,759,672,35,3785
2023-06-06,A,4649,283,302,97,4533
2023-06-06,AB,800,57,62,10,785
2023-06-06,B,4477,329,353,83,4370
2023-06-06,O,3785,502,649,31,3607
2023-06-07,A,4533,397,320,92,4518
2023-06-07,AB,785,101,69,17,800
2023-06-07,B,4370,431,363,75,4363
2023-06-07,O,3607,626,702,21,3510
2023-06-08,A,4518,423,316,104,4521
2023-06-08,AB,800,113,78,12,823
2023-06-08,B,4363,473,363,83,4390
2023-06-08,O,3510,723,719,27,3487
2023-06-09,A,4521,299,325,86,4409
2023-06-09,AB,823,86,79,12,818
2023-06-09,B,4390,362,366,67,4319
2023-06-09,O,3487,533,708,33,3279
2023-06-10,A,4409,493,296,109,4497
2023-06-10,AB,818,111,77,11,841
2023-06-10,B,4319,531,315,66,4469
2023-06-10,O,3279,742,663,22,3336
2023-06-11,A,4497,973,332,142,4996
2023-06-11,AB,841,234,91,10,974
2023-06-11,B,4469,983,374,104,4974
2023-06-11,O,3336,1577,673,25,4215
2023-06-12,A,4996,305,345,101,4855
2023-06-12,AB,974,69,94,14,935
2023-06-12,B,4974,380,353,107,4894
2023-06-12,O,4215,512,760,31,3936
2023-06-13,A,4855,422,370,97,4810
2023-06-13,AB,935,101,106,7,923
2023-06-13,B,4894,449,375,106,4862
2023-06-13,O,3936,699,736,28,3871
2023-06-14,A,4810,842,342,146,5164
2023-06-14,AB,923,182,93,15,997
2023-06-14,B,4862,969,363,146,5322
2023-06-14,O,3871,1360,749,45,4437
2023-06-15,A,5164,396,344,134,5082
2023-06-15,AB,997,84,86,23,972
2023-06-15,B,5322,410,392,126,5214
2023-06-15,O,4437,667,762,33,4309
2023-06-16,A,5082,583,312,133,5220
2023-06-16,AB,972,147,106,9,1004
2023-06-16,B,5214,642,437,111,5308
2023-06-16,O,4309,931,815,40,4385
2023-06-17,A,5220,681,294,130,5477
2023-06-17,AB,1004,165,86,27,1056
2023-06-17,B,5308,754,348,131,5583
2023-06-17,O,4385,1180,741,53,4771
2023-06-18,A,5477,945,338,169,5915
2023-06-18,AB,1056,231,92,27,1168
2023-06-18,B,5583,1057,438,160,6042
2023-06-18,O,4771,1699,743,97,5630
2023-06-19,A,5915,268,363,145,5675
2023-06-19,AB,1168,69,104,30,1103
2023-06-19,B,6042,307,434,127,5788
2023-06-19,O,5630,486,859,57,5200
2023-06-20,A,5675,364,348,161,5530
2023-06-20,AB,1103,80,103,24,1056
2023-06-20,B,5788,413,435,151,5615
2023-06-20,O,5200,586,785,73,4928
2023-06-21,A,5530,499,389,162,5478
2023-06-21,AB,1056,78,113,18,1003
2023-06-21,B,5615,592,442,143,5622
2023-06-21,O,4928,829,785,53,4919
2023-06-22,A,5478,401,358,134,5387
2023-06-22,AB,1003,73,99,11,966
2023-06-22,B,5622,448,436,129,5505
2023-06-22,O,4919,657,754,63,4759
2023-06-23,A,5387,319,371,148,5187
2023-06-23,AB,966,60,110,16,900
2023-06-23,B,5505,323,433,112,5283
2023-06-23,O,4759,510,797,53,4419
2023-06-24,A,5187,693,340,170,5370
2023-06-24,AB,900,140,97,16,927
2023-06-24,B,5283,715,423,114,5461
2023-06-24,O,4419,1087,699,62,4745
2023-06-25,A,5370,715,380,147,5558
2023-06-25,AB,927,114,97,18,926
2023-06-25,B,5461,773,420,144,5670
2023-06-25,O,4745,1252,776,69,5152
2023-06-26,A,5558,317,365,136,5374
2023-06-26,AB,926,55,112,17,852
2023-06-26,B,5670,335,471,111,5423
2023-06-26,O,5152,580,800,63,4869
2023-06-27,A,5374,351,389,145,5191
2023-06-27,AB,852,47,114,14,771
2023-06-27,B,5423,349,429,113,5230
2023-06-27,O,4869,570,823,49,4567
2023-06-28,A,5191,199,395,125,4870
2023-06-28,AB,771,32,111,4,688
2023-06-28,B,5230,225,426,100,4929
2023-06-28,O,4567,353,790,36,4094
2023-06-29,A,4870,108,354,93,4531
2023-06-29,AB,688,13,107,3,591
2023-06-29,B,4929,121,440,84,4526
2023-06-29,O,4094,214,787,27,3494
2023-06-30,A,4531,141,370,102,4200
2023-06-30,AB,591,18,79,4,526
2023-06-30,B,4526,202,429,84,4215
2023-06-30,O,3494,311,729,15,3061
2023-07-01,A,4200,403,334,75,4194
2023-07-01,AB,526,48,86,2,486
2023-07-01,B,4215,443,377,65,4216
2023-07-01,O,3061,679,686,19,3035
2023-07-02,A,4194,665,352,83,4424
2023-07-02,AB,486,99,87,5,493
2023-07-02,B,4216,658,372,78,4424
2023-07-02,O,3035,1061,715,15,3366
2023-07-03,A,4424,239,384,74,4205
2023-07-03,AB,493,33,93,1,432
2023-07-03,B,4424,284,454,74,4180
2023-07-03,O,3366,437,705,10,3088
2023-07-04,A,4205,338,365,86,4092
2023-07-04,AB,432,65,99,1,397
2023-07-04,B,4180,407,436,52,4099
2023-07-04,O,3088,620,742,18,2948
2023-07-05,A,4092,396,335,69,4084
2023-07-05,AB,397,78,102,2,371
2023-07-05,B,4099,414,437,65,4011
2023-07-05,O,2948,686,670,17,2947
2023-07-06,A,4084,409,350,80,4063
2023-07-06,AB,371,83,103,2,349
2023-07-06,B,4011,416,399,65,3963
2023-07-06,O,2947,698,693,22,2930
2023-07-07,A,4063,256,390,70,3859
2023-07-07,AB,349,34,98,0,285
2023-07-07,B,3963,246,378,51,3780
2023-07-07,O,2930,434,740,23,2601
2023-07-08,A,3859,495,382,72,3900
2023-07-08,AB,285,98,83,3,297
2023-07-08,B,3780,540,321,57,3942
2023-07-08,O,2601,892,639,12,2842
2023-07-09,A,3900,774,747,75,3852
2023-07-09,AB,297,135,81,2,349
2023-07-09,B,3942,704,343,74,4229
2023-07-09,O,2842,1230,687,18,3367
2023-07-10,A,3852,269,367,49,3705
2023-07-10,AB,349,52,75,3,323
2023-07-10,B,4229,274,372,68,4063
2023-07-10,O,3367,438,690,18,3097
2023-07-11,A,3705,329,359,58,3617
2023-07-11,AB,323,102,83,2,340
2023-07-11,B,4063,405,404,57,4007
2023-07-11,O,3097,611,693,18,2997
2023-07-12,A,3617,373,371,56,3563
2023-07-12,AB,340,84,99,1,324
2023-07-12,B,4007,430,408,64,3965
2023-07-12,O,2997,607,727,24,2853
2023-07-13,A,3563,303,372,45,3449
2023-07-13,AB,324,75,97,2,300
2023-07-13,B,3965,349,367,53,3894
2023-07-13,O,2853,541,766,14,2614
2023-07-14,A,3449,241,360,39,3291
2023-07-14,AB,300,65,69,2,294
2023-07-14,B,3894,280,384,48,3742
2023-07-14,O,2614,432,654,22,2370
2023-07-15,A,3291,502,322,56,3415
2023-07-15,AB,294,118,83,3,326
2023-07-15,B,3742,556,314,64,3920
2023-07-15,O,2370,896,577,15,2674
2023-07-16,A,3415,695,325,48,3737
2023-07-16,AB,326,166,92,3,397
2023-07-16,B,3920,683,333,75,4195
2023-07-16,O,2674,1226,634,20,3246
2023-07-17,A,3737,197,338,50,3546
2023-07-17,AB,397,60,83,2,372
2023-07-17,B,4195,256,352,56,4043
2023-07-17,O,3246,386,617,18,2997
2023-07-18,A,3546,414,319,53,3588
2023-07-18,AB,372,84,62,3,391
2023-07-18,B,4043,422,338,64,4063
2023-07-18,O,2997,628,657,27,2941
2023-07-19,A,3588,348,363,52,3521
2023-07-19,AB,391,78,70,4,395
2023-07-19,B,4063,450,322,65,4126
2023-07-19,O,2941,669,607,16,2987
2023-07-20,A,3521,291,337,47,3428
2023-07-20,AB,395,82,76,3,398
2023-07-20,B,4126,324,374,64,4012
2023-07-20,O,2987,503,665,19,2806
2023-07-21,A,3428,196,321,57,3246
2023-07-21,AB,398,56,81,1,372
2023-07-21,B,4012,214,326,56,3844
2023-07-21,O,2806,340,668,19,2459
2023-07-22,A,3246,528,324,48,3402
2023-07-22,AB,372,142,67,5,442
2023-07-22,B,3844,591,314,73,4048
2023-07-22,O,2459,925,625,28,2731
2023-07-23,A,3402,647,323,58,3668
2023-07-23,AB,442,159,79,10,512
2023-07-23,B,4048,682,294,79,4357
2023-07-23,O,2731,1058,595,17,3177
2023-07-24,A,3668,198,328,47,3491
2023-07-24,AB,512,55,62,1,504
2023-07-24,B,4357,235,329,78,4185
2023-07-24,O,3177,393,639,19,2912
2023-07-25,A,3491,366,306,56,3495
2023-07-25,AB,504,83,82,4,501
2023-07-25,B,4185,368,310,74,4169
2023-07-25,O,2912,561,625,16,2832
2023-07-26,A,3495,321,289,48,3479
2023-07-26,AB,501,79,74,4,502
2023-07-26,B,4169,313,313,51,4118
2023-07-26,O,2832,547,634,18,2727
2023-07-27,A,3479,259,290,46,3402
2023-07-27,AB,502,72,83,1,490
2023-07-27,B,4118,345,312,69,4082
2023-07-27,O,2727,493,650,19,2551
2023-07-28,A,3402,268,304,42,3324
2023-07-28,AB,490,53,76,3,464
2023-07-28,B,4082,261,322,64,3957
2023-07-28,O,2551,460,666,11,2334
2023-07-29,A,3324,409,294,47,3392
2023-07-29,AB,464,95,67,3,489
2023-07-29,B,3957,458,318,59,4038
2023-07-29,O,2334,749,587,13,2483
2023-07-30,A,3392,598,820,42,3128
2023-07-30,AB,489,155,69,5,570
2023-07-30,B,4038,641,295,77,4307
2023-07-30,O,2483,1068,642,12,2897
2023-07-31,A,3128,218,364,37,2945
2023-07-31,AB,570,56,93,2,531
2023-07-31,B,4307,244,308,82,4161
2023-07-31,O,2897,364,636,22,2603
2023-08-01,A,2945,288,332,29,2872
2023-08-01,AB,531,70,99,1,501
2023-08-01,B,4161,328,360,49,4080
2023-08-01,O,2603,492,644,15,2436
2023-08-02,A,2872,304,359,34,2783
2023-08-02,AB,501,69,82,0,488
2023-08-02,B,4080,349,358,64,4007
2023-08-02,O,2436,583,653,11,2355
2023-08-03,A,2783,278,337,31,2693
2023-08-03,AB,488,59,91,5,451
2023-08-03,B,4007,318,309,69,3947
2023-08-03,O,2355,466,652,15,2154
2023-08-04,A,2693,284,328,25,2624
2023-08-04,AB,451,82,93,1,439
2023-08-04,B,3947,343,375,66,3849
2023-08-04,O,2154,531,622,7,2056
2023-08-05,A,2624,537,316,25,2820
2023-08-05,AB,439,139,80,3,495
2023-08-05,B,3849,652,337,68,4096
2023-08-05,O,2056,1049,590,20,2495
2023-08-06,A,2820,710,482,49,2999
2023-08-06,AB,495,142,83,7,547
2023-08-06,B,4096,736,362,77,4393
2023-08-06,O,2495,1150,629,17,2999
2023-08-07,A,2999,221,339,37,2844
2023-08-07,AB,547,70,92,6,519
2023-08-07,B,4393,240,415,63,4155
2023-08-07,O,2999,370,680,16,2673
2023-08-08,A,2844,322,342,29,2795
2023-08-08,AB,519,84,100,4,499
2023-08-08,B,4155,314,355,76,4038
2023-08-08,O,2673,540,593,13,2607
2023-08-09,A,2795,351,353,36,2757
2023-08-09,AB,499,89,91,2,495
2023-08-09,B,4038,432,340,71,4059
2023-08-09,O,2607,674,669,16,2596
2023-08-10,A,2757,339,346,36,2714
2023-08-10,AB,495,101,89,4,503
2023-08-10,B,4059,380,385,51,4003
2023-08-10,O,2596,592,648,17,2523
2023-08-11,A,2714,193,328,23,2556
2023-08-11,AB,503,54,107,3,447
2023-08-11,B,4003,220,355,58,3810
2023-08-11,O,2523,355,641,13,2224
2023-08-12,A,2556,306,340,23,2499
2023-08-12,AB,447,80,94,2,431
2023-08-12,B,3810,357,319,59,3789
2023-08-12,O,2224,512,553,6,2177
2023-08-13,A,2499,746,350,28,2867
2023-08-13,AB,431,182,104,0,509
2023-08-13,B,3789,755,309,75,4160
2023-08-13,O,2177,1304,630,11,2840
2023-08-14,A,2867,239,334,28,2744
2023-08-14,AB,509,54,209,4,350
2023-08-14,B,4160,254,342,64,4008
2023-08-14,O,2840,388,664,17,2547
2023-08-15,A,2744,410,322,35,2797
2023-08-15,AB,350,62,82,0,330
2023-08-15,B,4008,429,343,68,4026
2023-08-15,O,2547,655,603,11,2588
2023-08-16,A,2797,459,322,28,2906
2023-08-16,AB,330,73,81,0,322
2023-08-16,B,4026,493,365,76,4078
2023-08-16,O,2588,775,616,19,2728
2023-08-17,A,2906,394,361,28,2911
2023-08-17,AB,322,82,104,2,298
2023-08-17,B,4078,417,371,63,4061
2023-08-17,O,2728,674,612,11,2779
2023-08-18,A,2911,227,354,31,2753
2023-08-18,AB,298,45,90,1,252
2023-08-18,B,4061,260,329,70,3922
2023-08-18,O,2779,399,1353,10,1815
2023-08-19,A,2753,454,323,37,2847
2023-08-19,AB,252,68,94,3,223
2023-08-19,B,3922,464,298,74,4014
2023-08-19,O,1815,829,602,8,2034
2023-08-20,A,2847,784,326,53,3252
2023-08-20,AB,223,91,82,2,230
2023-08-20,B,4014,779,335,78,4380
2023-08-20,O,2034,1250,610,19,2655
2023-08-21,A,3252,221,405,36,3032
2023-08-21,AB,230,37,94,1,172
2023-08-21,B,4380,234,372,76,4166
2023-08-21,O,2655,384,621,20,2398
2023-08-22,A,3032,328,368,45,2947
2023-08-22,AB,172,88,90,0,170
2023-08-22,B,4166,438,353,77,4174
2023-08-22,O,2398,582,619,17,2344
2023-08-23,A,2947,384,385,28,2918
2023-08-23,AB,170,76,85,3,158
2023-08-23,B,4174,492,353,77,4236
2023-08-23,O,2344,667,693,16,2302
2023-08-24,A,2918,438,355,50,2951
2023-08-24,AB,158,92,94,0,156
2023-08-24,B,4236,486,368,82,4272
2023-08-24,O,2302,743,646,17,2382
2023-08-25,A,2951,195,353,34,2759
2023-08-25,AB,156,52,92,1,115
2023-08-25,B,4272,255,360,83,4084
2023-08-25,O,2382,378,668,9,2083
2023-08-26,A,2759,462,338,26,2857
2023-08-26,AB,115,84,97,0,102
2023-08-26,B,4084,469,368,76,4109
2023-08-26,O,2083,760,591,11,2241
2023-08-27,A,2857,587,321,45,3078
2023-08-27,AB,102,122,91,2,131
2023-08-27,B,4109,612,346,76,4299
2023-08-27,O,2241,1004,567,13,2665
2023-08-28,A,3078,276,338,33,2983
2023-08-28,AB,131,54,93,0,92
2023-08-28,B,4299,303,368,66,4168
2023-08-28,O,2665,443,655,9,2444
2023-08-29,A,2983,323,386,44,2876
2023-08-29,AB,92,88,95,1,84
2023-08-29,B,4168,394,348,62,4152
2023-08-29,O,2444,525,661,7,2301
2023-08-30,A,2876,306,356,29,2797
2023-08-30,AB,84,77,76,1,84
2023-08-30,B,4152,340,380,48,4064
2023-08-30,O,2301,526,619,12,2196
2023-08-31,A,2797,726,413,39,3071
2023-08-31,AB,84,177,105,3,153
2023-08-31,B,4064,742,406,70,4330
2023-08-31,O,2196,1338,729,18,2787
2023-09-01,A,3071,165,361,35,2840
2023-09-01,AB,153,37,98,0,92
2023-09-01,B,4330,208,388,55,4095
2023-09-01,O,2787,281,672,14,2382
2023-09-02,A,2840,328,336,21,2811
2023-09-02,AB,92,79,104,0,67
2023-09-02,B,4095,389,365,58,4061
2023-09-02,O,2382,622,589,13,2402
2023-09-03,A,2811,663,387,34,3053
2023-09-03,AB,67,129,89,1,106
2023-09-03,B,4061,679,391,77,4272
2023-09-03,O,2402,1187,622,21,2946
2023-09-04,A,3053,193,378,29,2839
2023-09-04,AB,106,62,99,0,69
2023-09-04,B,4272,207,376,77,4026
2023-09-04,O,2946,323,631,11,2627
2023-09-05,A,2839,296,344,37,2754
2023-09-05,AB,69,71,115,0,25
2023-09-05,B,4026,303,369,55,3905
2023-09-05,O,2627,461,604,17,2467
2023-09-06,A,2754,369,356,21,2746
2023-09-06,AB,25,70,92,0,3
2023-09-06,B,3905,385,364,58,3868
2023-09-06,O,2467,602,588,21,2460
2023-09-07,A,2746,348,368,27,2699
2023-09-07,AB,3,80,83,0,0
2023-09-07,B,3868,402,396,59,3815
2023-09-07,O,2460,583,643,13,2387
2023-09-08,A,2699,153,378,26,2448
2023-09-08,AB,0,47,47,0,0
2023-09-08,B,3815,172,343,37,3607
2023-09-08,O,2387,289,635,15,2026
2023-09-09,A,2448,432,351,21,2508
2023-09-09,AB,0,122,94,0,28
2023-09-09,B,3607,518,357,54,3714
2023-09-09,O,2026,789,592,12,2211
2023-09-10,A,2508,702,371,30,2809
2023-09-10,AB,28,158,85,2,99
2023-09-10,B,3714,709,381,64,3978
2023-09-10,O,2211,1162,582,19,2772
2023-09-11,A,2809,246,381,27,2647
2023-09-11,AB,99,45,84,0,60
2023-09-11,B,3978,298,715,42,3519
2023-09-11,O,2772,411,647,15,2521
2023-09-12,A,2647,344,359,23,2609
2023-09-12,AB,60,80,73,1,66
2023-09-12,B,3519,342,389,43,3429
2023-09-12,O,2521,543,643,17,2404
2023-09-13,A,2609,415,369,25,2630
2023-09-13,AB,66,107,96,0,77
2023-09-13,B,3429,502,404,48,3479
2023-09-13,O,2404,743,621,13,2513
2023-09-14,A,2630,374,363,26,2615
2023-09-14,AB,77,111,93,1,94
2023-09-14,B,3479,485,367,33,3564
2023-09-14,O,2513,679,643,23,2526
2023-09-15,A,2615,220,364,20,2451
2023-09-15,AB,94,60,81,0,73
2023-09-15,B,3564,239,367,44,3392
2023-09-15,O,2526,408,627,12,2295
2023-09-16,A,2451,676,287,35,2805
2023-09-16,AB,73,171,84,3,157
2023-09-16,B,3392,754,382,42,3722
2023-09-16,O,2295,1152,666,15,2766
2023-09-17,A,2805,783,348,42,3198
2023-09-17,AB,157,186,87,2,254
2023-09-17,B,3722,847,379,61,4129
2023-09-17,O,2766,1352,683,16,3419
2023-09-18,A,3198,314,345,45,3122
2023-09-18,AB,254,80,92,1,241
2023-09-18,B,4129,317,406,72,3968
2023-09-18,O,3419,524,708,13,3222
2023-09-19,A,3122,429,365,48,3138
2023-09-19,AB,241,117,83,2,273
2023-09-19,B,3968,506,417,70,3987
2023-09-19,O,3222,758,771,18,3191
2023-09-20,A,3138,348,371,39,3076
2023-09-20,AB,273,80,103,3,247
2023-09-20,B,3987,449,412,64,3960
2023-09-20,O,3191,600,758,20,3013
2023-09-21,A,3076,471,343,31,3173
2023-09-21,AB,247,129,117,0,259
2023-09-21,B,3960,533,407,72,4014
2023-09-21,O,3013,787,746,21,3033
2023-09-22,A,3173,201,348,45,2981
2023-09-22,AB,259,33,97,0,195
2023-09-22,B,4014,203,432,52,3733
2023-09-22,O,3033,344,715,16,2646
2023-09-23,A,2981,498,339,45,3095
2023-09-23,AB,195,125,98,0,222
2023-09-23,B,3733,577,392,59,3859
2023-09-23,O,2646,880,667,18,2841
2023-09-24,A,3095,690,369,49,3367
2023-09-24,AB,222,138,106,1,253
2023-09-24,B,3859,765,417,58,4149
2023-09-24,O,2841,1240,693,18,3370
2023-09-25,A,3367,260,421,32,3174
2023-09-25,AB,253,75,96,2,230
2023-09-25,B,4149,320,458,58,3953
2023-09-25,O,3370,442,744,16,3052
2023-09-26,A,3174,316,372,38,3080
2023-09-26,AB,230,56,90,2,194
2023-09-26,B,3953,324,428,65,3784
2023-09-26,O,3052,520,737,19,2816
2023-09-27,A,3080,372,445,45,2962
2023-09-27,AB,194,103,106,0,191
2023-09-27,B,3784,397,608,47,3526
2023-09-27,O,2816,624,726,13,2701
2023-09-28,A,2962,430,409,35,2948
2023-09-28,AB,191,77,103,0,165
2023-09-28,B,3526,409,378,38,3519
2023-09-28,O,2701,672,748,14,2611
2023-09-29,A,2948,172,395,29,2696
2023-09-29,AB,165,50,92,1,122
2023-09-29,B,3519,190,447,42,3220
2023-09-29,O,2611,346,705,6,2246
2023-09-30,A,2696,408,362,36,2706
2023-09-30,AB,122,100,93,0,129
2023-09-30,B,3220,444,371,33,3260
2023-09-30,O,2246,641,634,14,2239
2023-10-01,A,2706,668,373,33,2968
2023-10-01,AB,129,131,117,2,141
2023-10-01,B,3260,695,404,65,3486
2023-10-01,O,2239,1106,632,14,2699
2023-10-02,A,2968,170,388,39,2711
2023-10-02,AB,141,42,94,1,88
2023-10-02,B,3486,226,456,36,3220
2023-10-02,O,2699,333,693,10,2329
2023-10-03,A,2711,283,382,30,2582
2023-10-03,AB,88,72,101,3,56
2023-10-03,B,3220,307,427,41,3059
2023-10-03,O,2329,460,690,16,2083
2023-10-04,A,2582,393,400,29,2546
2023-10-04,AB,56,90,103,0,43
2023-10-04,B,3059,446,426,33,3046
2023-10-04,O,2083,617,675,20,2005
2023-10-05,A,2546,322,396,27,2445
2023-10-05,AB,43,74,105,0,12
2023-10-05,B,3046,347,442,32,2919
2023-10-05,O,2005,505,704,8,1798
2023-10-06,A,2445,241,403,21,2262
2023-10-06,AB,12,71,83,0,0
2023-10-06,B,2919,274,445,29,2719
2023-10-06,O,1798,402,682,12,1506
2023-10-07,A,2262,473,337,15,2383
2023-10-07,AB,0,102,98,0,4
2023-10-07,B,2719,493,401,17,2794
2023-10-07,O,1506,725,654,5,1572
2023-10-08,A,2383,656,347,22,2670
2023-10-08,AB,4,146,87,0,63
2023-10-08,B,2794,704,427,35,3036
2023-10-08,O,1572,1142,624,15,2075
2023-10-09,A,2670,217,392,24,2471
2023-10-09,AB,63,55,113,0,5
2023-10-09,B,3036,251,448,41,2798
2023-10-09,O,2075,402,688,11,1778
2023-10-10,A,2471,259,383,20,2327
2023-10-10,AB,5,83,88,0,0
2023-10-10,B,2798,332,417,28,2685
2023-10-10,O,1778,512,687,7,1596
2023-10-11,A,2327,364,398,24,2269
2023-10-11,AB,0,82,82,0,0
2023-10-11,B,2685,420,481,30,2594
2023-10-11,O,1596,586,715,14,1453
2023-10-12,A,2269,430,466,15,2218
2023-10-12,AB,0,90,90,0,0
2023-10-12,B,2594,424,494,27,2497
2023-10-12,O,1453,676,702,9,1418
2023-10-13,A,2218,169,351,12,2024
2023-10-13,AB,0,35,35,0,0
2023-10-13,B,2497,186,456,18,2209
2023-10-13,O,1418,318,700,8,1028
2023-10-14,A,2024,527,358,22,2171
2023-10-14,AB,0,143,91,0,52
2023-10-14,B,2209,574,420,20,2343
2023-10-14,O,1028,860,637,7,1244
2023-10-15,A,2171,714,375,14,2496
2023-10-15,AB,52,169,99,0,122
2023-10-15,B,2343,713,478,19,2559
2023-10-15,O,1244,1198,670,9,1763
2023-10-16,A,2496,278,405,21,2348
2023-10-16,AB,122,71,112,1,80
2023-10-16,B,2559,313,483,15,2374
2023-10-16,O,1763,455,770,12,1436
2023-10-17,A,2348,281,348,14,2267
2023-10-17,AB,80,80,110,0,50
2023-10-17,B,2374,315,467,15,2207
2023-10-17,O,1436,476,690,5,1217
2023-10-18,A,2267,469,372,15,2349
2023-10-18,AB,50,109,102,0,57
2023-10-18,B,2207,511,473,18,2227
2023-10-18,O,1217,793,692,8,1310
2023-10-19,A,2349,410,424,25,2310
2023-10-19,AB,57,112,88,0,81
2023-10-19,B,2227,485,471,7,2234
2023-10-19,O,1310,670,712,9,1259
2023-10-20,A,2310,187,362,20,2115
2023-10-20,AB,81,43,98,0,26
2023-10-20,B,2234,203,442,10,1985
2023-10-20,O,1259,309,715,6,847
2023-10-21,A,2115,513,346,21,2261
2023-10-21,AB,26,147,98,0,75
2023-10-21,B,1985,556,407,17,2117
2023-10-21,O,847,925,626,10,1136
2023-10-22,A,2261,534,359,19,2417
2023-10-22,AB,75,135,109,0,101
2023-10-22,B,2117,554,383,18,2270
2023-10-22,O,1136,983,670,11,1438
2023-10-23,A,2417,225,411,19,2212
2023-10-23,AB,101,39,101,0,39
2023-10-23,B,2270,267,436,5,2096
2023-10-23,O,1438,404,664,7,1171
2023-10-24,A,2212,268,374,14,2092
2023-10-24,AB,39,56,95,0,0
2023-10-24,B,2096,292,449,13,1926
2023-10-24,O,1171,509,657,4,1019
2023-10-25,A,2092,309,379,19,2003
2023-10-25,AB,0,68,68,0,0
2023-10-25,B,1926,382,433,19,1856
2023-10-25,O,1019,639,672,5,981
2023-10-26,A,2003,385,387,12,1989
2023-10-26,AB,0,75,75,0,0
2023-10-26,B,1856,415,429,10,1832
2023-10-26,O,981,622,610,4,989
2023-10-27,A,1989,204,355,12,1826
2023-10-27,AB,0,46,46,0,0
2023-10-27,B,1832,260,390,7,1695
2023-10-27,O,989,371,621,1,738
2023-10-28,A,1826,527,307,16,2030
2023-10-28,AB,0,56,56,0,0
2023-10-28,B,1695,465,642,8,1510
2023-10-28,O,738,858,645,2,949
2023-10-29,A,2030,787,296,25,2496
2023-10-29,AB,0,142,139,0,3
2023-10-29,B,1510,826,680,11,1645
2023-10-29,O,949,1343,656,5,1631
2023-10-30,A,2496,211,374,12,2321
2023-10-30,AB,3,34,37,0,0
2023-10-30,B,1645,265,652,7,1251
2023-10-30,O,1631,362,690,5,1298
2023-10-31,A,2321,391,325,13,2374
2023-10-31,AB,0,38,38,0,0
2023-10-31,B,1251,400,676,9,966
2023-10-31,O,1298,634,677,6,1249
2023-11-01,A,2374,440,373,19,2422
2023-11-01,AB,0,79,79,0,0
2023-11-01,B,966,475,702,4,735
2023-11-01,O,1249,817,706,7,1353
2023-11-02,A,2422,426,400,24,2424
2023-11-02,AB,0,66,66,0,0
2023-11-02,B,735,392,754,4,369
2023-11-02,O,1353,666,678,5,1336
2023-11-03,A,2424,170,401,15,2178
2023-11-03,AB,0,25,25,0,0
2023-11-03,B,369,185,554,0,0
2023-11-03,O,1336,291,660,8,959
2023-11-04,A,2178,553,359,25,2347
2023-11-04,AB,0,120,120,0,0
2023-11-04,B,0,596,596,0,0
2023-11-04,O,959,968,695,11,1221
2023-11-05,A,2347,729,347,26,2703
2023-11-05,AB,0,121,121,0,0
2023-11-05,B,0,733,675,1,57
2023-11-05,O,1221,1206,665,6,1756
2023-11-06,A,2703,199,405,25,2472
2023-11-06,AB,0,50,50,0,0
2023-11-06,B,57,252,309,0,0
2023-11-06,O,1756,374,725,6,1399
2023-11-07,A,2472,440,416,20,2476
2023-11-07,AB,0,113,106,0,7
2023-11-07,B,0,489,489,0,0
2023-11-07,O,1399,682,681,6,1394
2023-11-08,A,2476,351,395,14,2418
2023-11-08,AB,7,69,76,0,0
2023-11-08,B,0,396,396,0,0
2023-11-08,O,1394,591,735,14,1236
2023-11-09,A,2418,327,394,26,2325
2023-11-09,AB,0,85,85,0,0
2023-11-09,B,0,415,415,0,0
2023-11-09,O,1236,566,714,5,1083
2023-11-10,A,2325,155,346,14,2120
2023-11-10,AB,0,31,31,0,0
2023-11-10,B,0,145,145,0,0
2023-11-10,O,1083,201,697,3,584
2023-11-11,A,2120,627,371,16,2360
2023-11-11,AB,0,143,83,0,60
2023-11-11,B,0,749,389,2,358
2023-11-11,O,584,1185,673,9,1087
2023-11-12,A,2360,540,372,22,2506
2023-11-12,AB,60,114,79,1,94
2023-11-12,B,358,570,400,3,525
2023-11-12,O,1087,921,628,9,1371
2023-11-13,A,2506,316,379,31,2412
2023-11-13,AB,94,91,111,1,73
2023-11-13,B,525,378,432,4,467
2023-11-13,O,1371,605,733,10,1233
2023-11-14,A,2412,253,394,20,2251
2023-11-14,AB,73,68,99,0,42
2023-11-14,B,467,343,447,4,359
2023-11-14,O,1233,445,695,6,977
2023-11-15,A,2251,405,371,21,2264
2023-11-15,AB,42,106,102,0,46
2023-11-15,B,359,489,434,3,411
2023-11-15,O,977,654,677,8,946
2023-11-16,A,2264,374,401,22,2215
2023-11-16,AB,46,98,81,1,62
2023-11-16,B,411,385,483,1,312
2023-11-16,O,946,629,687,5,883
2023-11-17,A,2215,223,422,8,2008
2023-11-17,AB,62,55,93,0,24
2023-11-17,B,312,218,446,1,83
2023-11-17,O,883,453,693,4,639
2023-11-18,A,2008,421,367,16,2046
2023-11-18,AB,24,116,77,0,63
2023-11-18,B,83,480,398,0,165
2023-11-18,O,639,754,689,1,703
2023-11-19,A,2046,718,374,16,2374
2023-11-19,AB,63,144,81,3,123
2023-11-19,B,165,768,395,3,535
2023-11-19,O,703,1213,691,7,1218
2023-11-20,A,2374,243,397,17,2203
2023-11-20,AB,123,57,89,1,90
2023-11-20,B,535,287,466,4,352
2023-11-20,O,1218,402,715,8,897
2023-11-21,A,2203,330,365,19,2149
2023-11-21,AB,90,70,84,0,76
2023-11-21,B,352,332,477,2,205
2023-11-21,O,897,549,705,2,739
2023-11-22,A,2149,305,435,15,2004
2023-11-22,AB,76,74,99,1,50
2023-11-22,B,205,364,432,4,133
2023-11-22,O,739,562,692,0,609
2023-11-23,A,2004,346,399,12,1939
2023-11-23,AB,50,86,100,0,36
2023-11-23,B,133,421,430,1,123
2023-11-23,O,609,565,710,2,462
2023-11-24,A,1939,188,368,13,1746
2023-11-24,AB,36,26,62,0,0
2023-11-24,B,123,185,308,0,0
2023-11-24,O,462,309,657,0,114
2023-11-25,A,1746,491,370,9,1858
2023-11-25,AB,0,108,62,0,46
2023-11-25,B,0,521,440,0,81
2023-11-25,O,114,814,601,1,326
2023-11-26,A,1858,656,383,14,2117
2023-11-26,AB,46,128,79,1,94
2023-11-26,B,81,652,416,0,317
2023-11-26,O,326,1075,660,3,738
2023-11-27,A,2117,210,374,10,1943
2023-11-27,AB,94,61,81,2,72
2023-11-27,B,317,246,448,0,115
2023-11-27,O,738,377,682,0,433
2023-11-28,A,1943,265,398,7,1803
2023-11-28,AB,72,67,97,0,42
2023-11-28,B,115,305,420,0,0
2023-11-28,O,433,500,712,3,218
2023-11-29,A,1803,309,418,6,1688
2023-11-29,AB,42,74,80,0,36
2023-11-29,B,0,401,401,0,0
2023-11-29,O,218,544,639,1,122
2023-11-30,A,1688,293,345,4,1632
2023-11-30,AB,36,63,99,0,0
2023-11-30,B,0,342,342,0,0
2023-11-30,O,122,563,667,0,18
2023-12-01,A,1632,203,383,6,1446
2023-12-01,AB,0,55,55,0,0
2023-12-01,B,0,257,257,0,0
2023-12-01,O,18,334,352,0,0
2023-12-02,A,1446,395,369,12,1460
2023-12-02,AB,0,92,92,0,0
2023-12-02,B,0,415,415,0,0
2023-12-02,O,0,693,632,0,61
2023-12-03,A,1460,644,341,16,1747
2023-12-03,AB,0,141,97,0,44
2023-12-03,B,0,686,416,2,268
2023-12-03,O,61,1136,663,4,530
2023-12-04,A,1747,213,391,6,1563
2023-12-04,AB,44,59,100,0,3
2023-12-04,B,268,222,425,1,64
2023-12-04,O,530,374,742,0,162
2023-12-05,A,1563,263,386,11,1429
2023-12-05,AB,3,72,75,0,0
2023-12-05,B,64,307,371,0,0
2023-12-05,O,162,465,627,0,0
2023-12-06,A,1429,363,352,8,1432
2023-12-06,AB,0,86,86,0,0
2023-12-06,B,0,443,391,0,52
2023-12-06,O,0,711,711,0,0
2023-12-07,A,1432,413,384,6,1455
2023-12-07,AB,0,94,94,0,0
2023-12-07,B,52,476,421,1,106
2023-12-07,O,0,667,667,0,0
2023-12-08,A,1455,186,391,10,1240
2023-12-08,AB,0,44,44,0,0
2023-12-08,B,106,194,300,0,0
2023-12-08,O,0,357,357,0,0
2023-12-09,A,1240,462,325,9,1368
2023-12-09,AB,0,108,93,0,15
2023-12-09,B,0,469,392,0,77
2023-12-09,O,0,756,656,1,99
2023-12-10,A,1368,724,344,12,1736
2023-12-10,AB,15,175,79,0,111
2023-12-10,B,77,771,417,2,429
2023-12-10,O,99,1233,686,3,643
2023-12-11,A,1736,318,375,8,1671
2023-12-11,AB,111,61,103,1,68
2023-12-11,B,429,351,428,2,350
2023-12-11,O,643,520,697,2,464
2023-12-12,A,1671,301,356,11,1605
2023-12-12,AB,68,83,94,0,57
2023-12-12,B,350,411,418,1,342
2023-12-12,O,464,561,670,3,352
2023-12-13,A,1605,399,343,13,1648
2023-12-13,AB,57,124,91,2,88
2023-12-13,B,342,469,411,4,396
2023-12-13,O,352,679,698,5,328
2023-12-14,A,1648,365,386,12,1615
2023-12-14,AB,88,94,100,1,81
2023-12-14,B,396,391,405,2,380
2023-12-14,O,328,569,705,1,191
2023-12-15,A,1615,199,334,3,1477
2023-12-15,AB,81,44,92,0,33
2023-12-15,B,380,213,392,1,200
2023-12-15,O,191,353,544,0,0
2023-12-16,A,1477,411,327,7,1554
2023-12-16,AB,33,98,80,0,51
2023-12-16,B,200,446,366,1,279
2023-12-16,O,0,701,666,0,35
2023-12-17,A,1554,631,316,15,1854
2023-12-17,AB,51,130,74,1,106
2023-12-17,B,279,745,404,5,615
2023-12-17,O,35,1239,651,5,618
2023-12-18,A,1854,231,336,8,1741
2023-12-18,AB,106,50,75,0,81
2023-12-18,B,615,252,448,3,416
2023-12-18,O,618,435,695,1,357
2023-12-19,A,1741,330,343,13,1715
2023-12-19,AB,81,65,102,0,44
2023-12-19,B,416,339,382,3,370
2023-12-19,O,357,545,689,1,212
2023-12-20,A,1715,406,344,15,1762
2023-12-20,AB,44,95,112,0,27
2023-12-20,B,370,455,437,2,386
2023-12-20,O,212,663,667,1,207
2023-12-21,A,1762,281,342,11,1690
2023-12-21,AB,27,86,80,1,32
2023-12-21,B,386,341,442,5,280
2023-12-21,O,207,515,679,0,43
2023-12-22,A,1690,233,313,8,1602
2023-12-22,AB,32,62,90,0,4
2023-12-22,B,280,257,394,0,143
2023-12-22,O,43,418,461,0,0
2023-12-23,A,1602,341,338,4,1601
2023-12-23,AB,4,102,82,0,24
2023-12-23,B,143,408,347,0,204
2023-12-23,O,0,665,659,0,6
2023-12-24,A,1601,450,330,11,1710
2023-12-24,AB,24,110,93,0,41
2023-12-24,B,204,468,402,1,269
2023-12-24,O,6,832,650,1,187
2023-12-25,A,1710,420,355,13,1762
2023-12-25,AB,41,81,101,0,21
2023-12-25,B,269,410,383,1,295
2023-12-25,O,187,735,732,1,189
2023-12-26,A,1762,243,362,6,1637
2023-12-26,AB,21,54,75,0,0
2023-12-26,B,295,263,371,1,186
2023-12-26,O,189,474,663,0,0
2023-12-27,A,1637,335,368,8,1596
2023-12-27,AB,0,90,90,0,0
2023-12-27,B,186,353,397,1,141
2023-12-27,O,0,573,573,0,0
2023-12-28,A,1596,374,373,16,1581
2023-12-28,AB,0,79,79,0,0
2023-12-28,B,141,444,375,4,206
2023-12-28,O,0,593,593,0,0
2023-12-29,A,1581,314,363,18,1514
2023-12-29,AB,0,65,65,0,0
2023-12-29,B,206,340,364,1,181
2023-12-29,O,0,534,534,0,0
2023-12-30,A,1514,500,341,14,1659
2023-12-30,AB,0,127,68,2,57
2023-12-30,B,181,591,341,5,426
2023-12-30,O,0,845,634,4,207
2023-12-31,A,1659,659,341,14,1963
2023-12-31,AB,57,164,80,1,140
2023-12-31,B,426,716,355,4,783
2023-12-31,O,207,1141,667,4,677
2024-01-01,A,1963,547,371,13,2126
2024-01-01,AB,140,124,97,0,167
2024-01-01,B,783,619,399,3,1000
2024-01-01,O,677,968,708,2,935
2024-01-02,A,2126,230,374,12,1970
2024-01-02,AB,167,50,89,0,128
2024-01-02,B,1000,236,367,4,865
2024-01-02,O,935,341,698,4,574
2024-01-03,A,1970,292,390,9,1863
2024-01-03,AB,128,65,96,0,97
2024-01-03,B,865,272,400,2,735
2024-01-03,O,574,426,730,0,270
2024-01-04,A,1863,309,398,11,1763
2024-01-04,AB,97,94,90,1,100
2024-01-04,B,735,324,439,4,616
2024-01-04,O,270,486,709,0,47
2024-01-05,A,1763,238,363,16,1622
2024-01-05,AB,100,57,84,0,73
2024-01-05,B,616,305,388,3,530
2024-01-05,O,47,406,453,0,0
2024-01-06,A,1622,503,346,9,1770
2024-01-06,AB,73,140,58,0,155
2024-01-06,B,530,539,334,4,731
2024-01-06,O,0,800,625,0,175
2024-01-07,A,1770,721,341,18,2132
2024-01-07,AB,155,176,80,0,251
2024-01-07,B,731,725,371,7,1078
2024-01-07,O,175,1225,677,5,718
2024-01-08,A,2132,263,404,12,1979
2024-01-08,AB,251,75,77,3,246
2024-01-08,B,1078,273,395,4,952
2024-01-08,O,718,422,728,5,407
2024-01-09,A,1979,321,372,9,1919
2024-01-09,AB,246,70,87,2,227
2024-01-09,B,952,355,386,7,914
2024-01-09,O,407,552,622,2,335
2024-01-10,A,1919,291,375,12,1823
2024-01-10,AB,227,65,109,0,183
2024-01-10,B,914,375,404,4,881
2024-01-10,O,335,609,629,2,313
2024-01-11,A,1823,380,361,16,1826
2024-01-11,AB,183,94,97,0,180
2024-01-11,B,881,449,382,9,939
2024-01-11,O,313,687,1000,0,0
2024-01-12,A,1826,278,374,17,1713
2024-01-12,AB,180,66,100,0,146
2024-01-12,B,939,303,361,5,876
2024-01-12,O,0,491,491,0,0
2024-01-13,A,1713,516,358,12,1859
2024-01-13,AB,146,114,72,0,188
2024-01-13,B,876,564,351,8,1081
2024-01-13,O,0,941,626,2,313
2024-01-14,A,1859,750,335,16,2258
2024-01-14,AB,188,147,81,2,252
2024-01-14,B,1081,779,351,7,1502
2024-01-14,O,313,1194,692,3,812
2024-01-15,A,2258,262,379,16,2125
2024-01-15,AB,252,61,94,0,219
2024-01-15,B,1502,327,389,11,1429
2024-01-15,O,812,454,689,2,575
2024-01-16,A,2125,336,359,13,2089
2024-01-16,AB,219,95,81,1,232
2024-01-16,B,1429,397,361,7,1458
2024-01-16,O,575,639,649,5,560
2024-01-17,A,2089,409,360,15,2123
2024-01-17,AB,232,93,100,2,223
2024-01-17,B,1458,462,391,12,1517
2024-01-17,O,560,723,658,4,621
2024-01-18,A,2123,377,389,13,2098
2024-01-18,AB,223,102,81,1,243
2024-01-18,B,1517,463,358,12,1610
2024-01-18,O,621,669,677,2,611
2024-01-19,A,2098,254,376,10,1966
2024-01-19,AB,243,49,87,0,205
2024-01-19,B,1610,262,391,9,1472
2024-01-19,O,611,438,645,0,404
2024-01-20,A,1966,451,356,11,2050
2024-01-20,AB,205,112,71,2,244
2024-01-20,B,1472,504,349,9,1618
2024-01-20,O,404,800,617,5,582
2024-01-21,A,2050,657,370,18,2319
2024-01-21,AB,244,134,87,3,288
2024-01-21,B,1618,755,340,14,2019
2024-01-21,O,582,1217,640,7,1152
2024-01-22,A,2319,186,334,15,2156
2024-01-22,AB,288,37,87,1,237
2024-01-22,B,2019,224,376,10,1857
2024-01-22,O,1152,372,700,9,815
2024-01-23,A,2156,322,386,15,2077
2024-01-23,AB,237,62,80,1,218
2024-01-23,B,1857,366,368,8,1847
2024-01-23,O,815,575,637,6,747
2024-01-24,A,2077,339,379,11,2026
2024-01-24,AB,218,71,76,1,212
2024-01-24,B,1847,401,355,13,1880
2024-01-24,O,747,586,591,3,739
2024-01-25,A,2026,647,430,15,2228
2024-01-25,AB,212,105,89,0,228
2024-01-25,B,1880,914,378,11,2405
2024-01-25,O,739,1280,668,7,1344
2024-01-26,A,2228,193,376,9,2036
2024-01-26,AB,228,24,96,2,154
2024-01-26,B,2405,211,375,13,2228
2024-01-26,O,1344,353,682,4,1011
2024-01-27,A,2036,421,329,14,2114
2024-01-27,AB,154,91,77,1,167
2024-01-27,B,2228,448,366,13,2297
2024-01-27,O,1011,773,598,7,1179
2024-01-28,A,2114,636,370,20,2360
2024-01-28,AB,167,135,78,5,219
2024-01-28,B,2297,729,384,23,2619
2024-01-28,O,1179,1150,597,12,1720
2024-01-29,A,2360,228,353,24,2211
2024-01-29,AB,219,48,82,1,184
2024-01-29,B,2619,275,373,25,2496
2024-01-29,O,1720,428,679,10,1459
2024-01-30,A,2211,275,371,14,2101
2024-01-30,AB,184,54,89,0,149
2024-01-30,B,2496,336,414,26,2392
2024-01-30,O,1459,527,679,3,1304
2024-01-31,A,2101,358,373,13,2073
2024-01-31,AB,149,70,80,1,138
2024-01-31,B,2392,367,371,20,2368
2024-01-31,O,1304,571,631,7,1237
2024-02-01,A,2073,355,359,20,2049
2024-02-01,AB,138,57,86,0,109
2024-02-01,B,2368,379,403,16,2328
2024-02-01,O,1237,552,652,6,1131
2024-02-02,A,2049,199,338,10,1900
2024-02-02,AB,109,26,81,0,54
2024-02-02,B,2328,197,410,16,2099
2024-02-02,O,1131,326,632,5,820
2024-02-03,A,1900,543,351,9,2083
2024-02-03,AB,54,119,80,0,93
2024-02-03,B,2099,554,340,18,2295
2024-02-03,O,820,849,580,6,1083
2024-02-04,A,2083,554,322,24,2291
2024-02-04,AB,93,144,83,1,153
2024-02-04,B,2295,677,392,26,2554
2024-02-04,O,1083,1023,631,14,1461
2024-02-05,A,2291,242,326,18,2189
2024-02-05,AB,153,43,84,0,112
2024-02-05,B,2554,243,387,19,2391
2024-02-05,O,1461,404,623,7,1235
2024-02-06,A,2189,368,339,8,2210
2024-02-06,AB,112,91,73,0,130
2024-02-06,B,2391,401,375,21,2396
2024-02-06,O,1235,670,649,7,1249
2024-02-07,A,2210,404,341,23,2250
2024-02-07,AB,130,100,68,2,160
2024-02-07,B,2396,473,393,22,2454
2024-02-07,O,1249,663,594,6,1312
2024-02-08,A,2250,425,342,23,2310
2024-02-08,AB,160,96,57,0,199
2024-02-08,B,2454,413,417,19,2431
2024-02-08,O,1312,655,638,7,1322
2024-02-09,A,2310,245,359,13,2183
2024-02-09,AB,199,65,87,4,173
2024-02-09,B,2431,311,388,25,2329
2024-02-09,O,1322,482,586,9,1209
2024-02-10,A,2183,336,325,12,2182
2024-02-10,AB,173,98,58,1,212
2024-02-10,B,2329,406,330,20,2385
2024-02-10,O,1209,584,585,9,1199
2024-02-11,A,2182,297,285,21,2173
2024-02-11,AB,212,81,63,0,230
2024-02-11,B,2385,357,374,16,2352
2024-02-11,O,1199,546,564,4,1177
2024-02-12,A,2173,327,329,19,2152
2024-02-12,AB,230,83,49,2,262
2024-02-12,B,2352,392,389,22,2333
2024-02-12,O,1177,631,1210,3,595
2024-02-13,A,2152,373,317,23,2185
2024-02-13,AB,262,89,78,1,272
2024-02-13,B,2333,376,346,26,2337
2024-02-13,O,595,649,645,3,596
2024-02-14,A,2185,488,344,25,2304
2024-02-14,AB,272,107,67,4,308
2024-02-14,B,2337,540,395,17,2465
2024-02-14,O,596,853,617,3,829
2024-02-15,A,2304,335,317,23,2299
2024-02-15,AB,308,86,76,2,316
2024-02-15,B,2465,350,346,22,2447
2024-02-15,O,829,615,618,8,818
2024-02-16,A,2299,280,314,15,2250
2024-02-16,AB,316,78,65,0,329
2024-02-16,B,2447,325,376,18,2378
2024-02-16,O,818,481,608,2,689
2024-02-17,A,2250,452,235,27,2440
2024-02-17,AB,329,103,59,2,371
2024-02-17,B,2378,504,367,21,2494
2024-02-17,O,689,744,547,6,880
2024-02-18,A,2440,595,294,22,2719
2024-02-18,AB,371,150,67,4,450
2024-02-18,B,2494,630,359,29,2736
2024-02-18,O,880,1012,570,8,1314
2024-02-19,A,2719,289,342,29,2637
2024-02-19,AB,450,106,82,5,469
2024-02-19,B,2736,419,377,25,2753
2024-02-19,O,1314,605,639,4,1276
2024-02-20,A,2637,396,323,32,2678
2024-02-20,AB,469,89,81,2,475
2024-02-20,B,2753,409,424,22,2716
2024-02-20,O,1276,715,588,13,1390
2024-02-21,A,2678,412,351,38,2701
2024-02-21,AB,475,83,89,3,466
2024-02-21,B,2716,429,395,27,2723
2024-02-21,O,1390,691,592,7,1482
2024-02-22,A,2701,434,319,39,2777
2024-02-22,AB,466,116,81,1,500
2024-02-22,B,2723,477,378,38,2784
2024-02-22,O,1482,827,571,15,1723
2024-02-23,A,2777,242,343,35,2641
2024-02-23,AB,500,54,79,2,473
2024-02-23,B,2784,301,372,19,2694
2024-02-23,O,1723,460,585,9,1589
2024-02-24,A,2641,499,287,32,2821
2024-02-24,AB,473,135,68,4,536
2024-02-24,B,2694,578,334,32,2906
2024-02-24,O,1589,858,542,10,1895
2024-02-25,A,2821,693,254,40,3220
2024-02-25,AB,536,143,71,6,602
2024-02-25,B,2906,740,356,35,3255
2024-02-25,O,1895,1289,553,15,2616
2024-02-26,A,3220,294,330,41,3143
2024-02-26,AB,602,65,87,7,573
2024-02-26,B,3255,323,366,33,3179
2024-02-26,O,2616,549,597,20,2548
2024-02-27,A,3143,398,324,48,3169
2024-02-27,AB,573,112,86,6,593
2024-02-27,B,3179,469,378,46,3224
2024-02-27,O,2548,726,607,16,2651
2024-02-28,A,3169,413,287,34,3261
2024-02-28,AB,593,99,68,8,616
2024-02-28,B,3224,462,420,58,3208
2024-02-28,O,2651,740,612,21,2758
2024-02-29,A,3261,528,348,45,3396
2024-02-29,AB,616,136,63,6,683
2024-02-29,B,3208,533,431,46,3264
2024-02-29,O,2758,828,632,12,2942
2024-03-01,A,3396,376,318,57,3397
2024-03-01,AB,683,80,83,10,670
2024-03-01,B,3264,416,421,35,3224
2024-03-01,O,2942,613,568,13,2974
2024-03-02,A,3397,591,310,60,3618
2024-03-02,AB,670,147,66,6,745
2024-03-02,B,3224,626,376,31,3443
2024-03-02,O,2974,1062,581,22,3433
2024-03-03,A,3618,827,318,70,4057
2024-03-03,AB,745,184,70,16,843
2024-03-03,B,3443,867,388,72,3850
2024-03-03,O,3433,1494,551,39,4337
2024-03-04,A,4057,391,339,82,4027
2024-03-04,AB,843,108,86,14,851
2024-03-04,B,3850,430,393,55,3832
2024-03-04,O,4337,692,637,35,4357
2024-03-05,A,4027,420,329,70,4048
2024-03-05,AB,851,119,81,13,876
2024-03-05,B,3832,485,394,81,3842
2024-03-05,O,4357,768,678,47,4400
2024-03-06,A,4048,519,373,76,4118
2024-03-06,AB,876,135,86,10,915
2024-03-06,B,3842,558,476,61,3863
2024-03-06,O,4400,874,665,36,4573
2024-03-07,A,4118,581,417,86,4196
2024-03-07,AB,915,121,103,20,913
2024-03-07,B,3863,611,393,75,4006
2024-03-07,O,4573,999,599,70,4903
2024-03-08,A,4196,412,365,70,4173
2024-03-08,AB,913,111,87,20,917
2024-03-08,B,4006,470,445,52,3979
2024-03-08,O,4903,729,606,63,4963
2024-03-09,A,4173,620,355,95,4343
2024-03-09,AB,917,159,84,20,972
2024-03-09,B,3979,724,377,54,4272
2024-03-09,O,4963,1098,593,73,5395
2024-03-10,A,4343,927,361,117,4792
2024-03-10,AB,972,221,77,19,1097
2024-03-10,B,4272,1019,448,100,4743
2024-03-10,O,5395,1641,571,103,6362
2024-03-11,A,4792,471,400,105,4758
2024-03-11,AB,1097,114,86,31,1094
2024-03-11,B,4743,500,451,91,4701
2024-03-11,O,6362,763,665,108,6352
2024-03-12,A,4758,83,387,78,4376
2024-03-12,AB,1094,18,76,22,1014
2024-03-12,B,4701,89,434,78,4278
2024-03-12,O,6352,147,648,80,5771
2024-03-13,A,4376,209,388,72,4125
2024-03-13,AB,1014,36,72,18,960
2024-03-13,B,4278,208,448,56,3982
2024-03-13,O,5771,412,670,78,5435
2024-03-14,A,4125,214,369,74,3896
2024-03-14,AB,960,50,87,13,910
2024-03-14,B,3982,245,444,52,3731
2024-03-14,O,5435,392,667,54,5106
2024-03-15,A,3896,196,385,52,3655
2024-03-15,AB,910,46,87,15,854
2024-03-15,B,3731,206,428,43,3466
2024-03-15,O,5106,337,617,41,4785
2024-03-16,A,3655,408,345,49,3669
2024-03-16,AB,854,59,83,11,819
2024-03-16,B,3466,432,406,54,3438
2024-03-16,O,4785,713,555,68,4875
2024-03-17,A,3669,812,351,72,4058
2024-03-17,AB,819,164,62,13,908
2024-03-17,B,3438,768,456,48,3702
2024-03-17,O,4875,1432,578,80,5649
2024-03-18,A,4058,171,367,48,3814
2024-03-18,AB,908,38,81,19,846
2024-03-18,B,3702,148,465,47,3338
2024-03-18,O,5649,288,649,56,5232
2024-03-19,A,3814,260,371,66,3637
2024-03-19,AB,846,76,84,18,820
2024-03-19,B,3338,278,439,50,3127
2024-03-19,O,5232,447,652,50,4977
2024-03-20,A,3637,291,379,52,3497
2024-03-20,AB,820,68,75,13,800
2024-03-20,B,3127,317,416,30,2998
2024-03-20,O,4977,515,637,48,4807
2024-03-21,A,3497,285,345,52,3385
2024-03-21,AB,800,64,99,8,757
2024-03-21,B,2998,282,414,33,2833
2024-03-21,O,4807,449,668,62,4526
2024-03-22,A,3385,261,322,51,3273
2024-03-22,AB,757,52,77,6,726
2024-03-22,B,2833,268,421,18,2662
2024-03-22,O,4526,347,639,50,4184
2024-03-23,A,3273,420,306,52,3335
2024-03-23,AB,726,87,75,12,726
2024-03-23,B,2662,417,362,23,2694
2024-03-23,O,4184,693,547,45,4285
2024-03-24,A,3335,700,307,61,3667
2024-03-24,AB,726,166,75,10,807
2024-03-24,B,2694,723,368,35,3014
2024-03-24,O,4285,1221,511,55,4940
2024-03-25,A,3667,178,376,57,3412
2024-03-25,AB,807,44,73,7,771
2024-03-25,B,3014,208,423,21,2778
2024-03-25,O,4940,324,609,55,4600
2024-03-26,A,3412,300,311,42,3359
2024-03-26,AB,771,79,81,6,763
2024-03-26,B,2778,308,422,25,2639
2024-03-26,O,4600,525,617,45,4463
2024-03-27,A,3359,288,378,39,3230
2024-03-27,AB,763,67,84,12,734
2024-03-27,B,2639,244,390,19,2474
2024-03-27,O,4463,432,608,42,4245
2024-03-28,A,3230,351,318,42,3221
2024-03-28,AB,734,70,67,7,730
2024-03-28,B,2474,332,378,23,2405
2024-03-28,O,4245,569,621,34,4159
2024-03-29,A,3221,319,358,58,3124
2024-03-29,AB,730,78,70,9,729
2024-03-29,B,2405,321,368,20,2338
2024-03-29,O,4159,542,599,41,4061
2024-03-30,A,3124,428,282,52,3218
2024-03-30,AB,729,97,75,12,739
2024-03-30,B,2338,421,344,11,2404
2024-03-30,O,4061,701,553,35,4174
2024-03-31,A,3218,594,259,49,3504
2024-03-31,AB,739,137,72,8,796
2024-03-31,B,2404,645,344,19,2686
2024-03-31,O,4174,1108,560,57,4665
2024-04-01,A,3504,260,268,62,3434
2024-04-01,AB,796,89,64,12,809
2024-04-01,B,2686,273,383,18,2558
2024-04-01,O,4665,426,594,38,4459
2024-04-02,A,3434,275,340,45,3324
2024-04-02,AB,809,50,81,11,767
2024-04-02,B,2558,282,368,20,2452
2024-04-02,O,4459,483,582,49,4311
2024-04-03,A,3324,239,292,46,3225
2024-04-03,AB,767,57,74,10,740
2024-04-03,B,2452,289,360,24,2357
2024-04-03,O,4311,452,588,37,4138
2024-04-04,A,3225,282,298,41,3168
2024-04-04,AB,740,55,68,8,719
2024-04-04,B,2357,313,350,29,2291
2024-04-04,O,4138,503,603,38,4000
2024-04-05,A,3168,257,302,42,3081
2024-04-05,AB,719,46,71,9,685
2024-04-05,B,2291,244,369,11,2155
2024-04-05,O,4000,414,567,29,3818
2024-04-06,A,3081,540,228,45,3348
2024-04-06,AB,685,85,50,12,708
2024-04-06,B,2155,543,336,14,2348
2024-04-06,O,3818,882,523,37,4140
2024-04-07,A,3348,806,269,66,3819
2024-04-07,AB,708,129,78,17,742
2024-04-07,B,2348,831,340,29,2810
2024-04-07,O,4140,1326,483,70,4913
2024-04-08,A,3819,185,292,67,3645
2024-04-08,AB,742,49,68,8,715
2024-04-08,B,2810,215,359,27,2639
2024-04-08,O,4913,336,554,47,4648
2024-04-09,A,3645,124,260,63,3446
2024-04-09,AB,715,16,62,10,659
2024-04-09,B,2639,106,315,19,2411
2024-04-09,O,4648,215,545,40,4278
2024-04-10,A,3446,0,243,41,3162
2024-04-10,AB,659,0,58,11,590
2024-04-10,B,2411,0,335,16,2060
2024-04-10,O,4278,0,493,22,3763
2024-04-11,A,3162,42,260,44,2900
2024-04-11,AB,590,4,60,4,530
2024-04-11,B,2060,51,305,9,1797
2024-04-11,O,3763,101,450,31,3383
2024-04-12,A,2900,194,275,32,2787
2024-04-12,AB,530,38,62,2,504
2024-04-12,B,1797,236,338,10,1685
2024-04-12,O,3383,350,493,23,3217
2024-04-13,A,2787,350,224,39,2874
2024-04-13,AB,504,52,56,4,496
2024-04-13,B,1685,404,293,11,1785
2024-04-13,O,3217,588,442,24,3339
2024-04-14,A,2874,662,238,45,3253
2024-04-14,AB,496,102,62,4,532
2024-04-14,B,1785,687,301,18,2153
2024-04-14,O,3339,1164,479,41,3983
2024-04-15,A,3253,231,278,35,3171
2024-04-15,AB,532,34,64,4,498
2024-04-15,B,2153,226,346,14,2019
2024-04-15,O,3983,348,489,28,3814
2024-04-16,A,3171,314,232,37,3216
2024-04-16,AB,498,78,47,3,526
2024-04-16,B,2019,338,313,14,2030
2024-04-16,O,3814,528,511,27,3804
2024-04-17,A,3216,375,258,40,3293
2024-04-17,AB,526,81,61,11,535
2024-04-17,B,2030,410,306,11,2123
2024-04-17,O,3804,643,514,33,3900
2024-04-18,A,3293,321,236,39,3339
2024-04-18,AB,535,77,70,8,534
2024-04-18,B,2123,317,337,7,2096
2024-04-18,O,3900,518,544,25,3849
2024-04-19,A,3339,243,285,53,3244
2024-04-19,AB,534,60,59,2,533
2024-04-19,B,2096,234,340,10,1980
2024-04-19,O,3849,414,498,29,3736
2024-04-20,A,3244,555,248,50,3501
2024-04-20,AB,533,140,59,7,607
2024-04-20,B,1980,607,305,13,2269
2024-04-20,O,3736,946,439,46,4197
2024-04-21,A,3501,1015,259,76,4181
2024-04-21,AB,607,222,51,8,770
2024-04-21,B,2269,1013,323,39,2920
2024-04-21,O,4197,1746,456,67,5420
2024-04-22,A,4181,230,525,58,3828
2024-04-22,AB,770,56,90,15,721
2024-04-22,B,2920,252,377,20,2775
2024-04-22,O,5420,405,537,53,5235
2024-04-23,A,3828,272,251,58,3791
2024-04-23,AB,721,70,52,10,729
2024-04-23,B,2775,314,389,24,2676
2024-04-23,O,5235,462,483,64,5150
2024-04-24,A,3791,352,242,65,3836
2024-04-24,AB,729,82,65,9,737
2024-04-24,B,2676,351,343,22,2662
2024-04-24,O,5150,565,504,63,5148
2024-04-25,A,3836,361,267,67,3863
2024-04-25,AB,737,71,63,9,736
2024-04-25,B,2662,417,353,24,2702
2024-04-25,O,5148,639,491,73,5223
2024-04-26,A,3863,242,296,58,3751
2024-04-26,AB,736,68,59,5,740
2024-04-26,B,2702,254,342,16,2598
2024-04-26,O,5223,437,524,59,5077
2024-04-27,A,3751,597,265,56,4027
2024-04-27,AB,740,146,64,9,813
2024-04-27,B,2598,643,344,31,2866
2024-04-27,O,5077,1010,457,73,5557
2024-04-28,A,4027,865,267,95,4530
2024-04-28,AB,813,221,49,10,975
2024-04-28,B,2866,891,337,44,3376
2024-04-28,O,5557,1460,547,101,6369
2024-04-29,A,4530,282,296,76,4440
2024-04-29,AB,975,73,71,20,957
2024-04-29,B,3376,295,359,53,3259
2024-04-29,O,6369,478,548,96,6203
2024-04-30,A,4440,325,294,88,4383
2024-04-30,AB,957,75,64,18,950
2024-04-30,B,3259,355,409,40,3165
2024-04-30,O,6203,514,538,100,6079
2024-05-01,A,4383,1066,308,93,5048
2024-05-01,AB,950,221,62,21,1088
2024-05-01,B,3165,1047,401,47,3764
2024-05-01,O,6079,1713,560,141,7091
2024-05-02,A,5048,208,308,143,4805
2024-05-02,AB,1088,29,64,25,1028
2024-05-02,B,3764,207,415,47,3509
2024-05-02,O,7091,289,579,121,6680
2024-05-03,A,4805,209,332,97,4585
2024-05-03,AB,1028,43,65,17,989
2024-05-03,B,3509,193,444,44,3214
2024-05-03,O,6680,335,581,117,6317
2024-05-04,A,4585,557,302,98,4742
2024-05-04,AB,989,134,56,11,1056
2024-05-04,B,3214,550,342,40,3382
2024-05-04,O,6317,878,576,104,6515
2024-05-05,A,4742,726,280,110,5078
2024-05-05,AB,1056,142,69,26,1103
2024-05-05,B,3382,705,407,50,3630
2024-05-05,O,6515,1197,600,124,6988
2024-05-06,A,5078,206,339,99,4846
2024-05-06,AB,1103,42,60,20,1065
2024-05-06,B,3630,220,398,37,3415
2024-05-06,O,6988,313,588,114,6599
2024-05-07,A,4846,389,315,103,4817
2024-05-07,AB,1065,105,81,29,1060
2024-05-07,B,3415,430,378,49,3418
2024-05-07,O,6599,637,589,117,6530
2024-05-08,A,4817,453,388,110,4772
2024-05-08,AB,1060,108,65,19,1084
2024-05-08,B,3418,553,401,58,3512
2024-05-08,O,6530,724,558,106,6590
2024-05-09,A,4772,356,330,112,4686
2024-05-09,AB,1084,68,64,27,1061
2024-05-09,B,3512,423,423,56,3456
2024-05-09,O,6590,636,562,140,6524
2024-05-10,A,4686,305,328,90,4573
2024-05-10,AB,1061,57,70,15,1033
2024-05-10,B,3456,313,457,33,3279
2024-05-10,O,6524,451,632,99,6244
2024-05-11,A,4573,578,361,112,4678
2024-05-11,AB,1033,96,238,10,881
2024-05-11,B,3279,626,415,54,3436
2024-05-11,O,6244,977,541,124,6556
2024-05-12,A,4678,745,368,117,4938
2024-05-12,AB,881,162,78,22,943
2024-05-12,B,3436,731,448,73,3646
2024-05-12,O,6556,1232,620,129,7039
2024-05-13,A,4938,283,407,119,4695
2024-05-13,AB,943,70,83,17,913
2024-05-13,B,3646,324,462,59,3449
2024-05-13,O,7039,515,685,124,6745
2024-05-14,A,4695,406,395,91,4615
2024-05-14,AB,913,70,72,15,896
2024-05-14,B,3449,441,533,40,3317
2024-05-14,O,6745,669,604,118,6692
2024-05-15,A,4615,436,423,86,4542
2024-05-15,AB,896,98,85,15,894
2024-05-15,B,3317,482,481,43,3275
2024-05-15,O,6692,761,633,120,6700
2024-05-16,A,4542,379,420,85,4416
2024-05-16,AB,894,81,90,14,871
2024-05-16,B,3275,415,488,34,3168
2024-05-16,O,6700,623,693,120,6510
2024-05-17,A,4416,374,374,78,4338
2024-05-17,AB,871,92,72,13,878
2024-05-17,B,3168,347,545,26,2944
2024-05-17,O,6510,617,668,102,6357
2024-05-18,A,4338,442,364,84,4332
2024-05-18,AB,878,92,81,13,876
2024-05-18,B,2944,513,494,34,2929
2024-05-18,O,6357,828,625,103,6457
2024-05-19,A,4332,666,377,70,4551
2024-05-19,AB,876,133,77,11,921
2024-05-19,B,2929,757,510,37,3139
2024-05-19,O,6457,1265,631,144,6947
2024-05-20,A,4551,259,413,83,4314
2024-05-20,AB,921,63,92,11,881
2024-05-20,B,3139,295,507,27,2900
2024-05-20,O,6947,461,694,89,6625
2024-05-21,A,4314,360,380,88,4206
2024-05-21,AB,881,92,84,11,878
2024-05-21,B,2900,437,488,30,2819
2024-05-21,O,6625,661,668,92,6526
2024-05-22,A,4206,823,352,113,4564
2024-05-22,AB,878,179,105,15,937
2024-05-22,B,2819,884,590,33,3080
2024-05-22,O,6526,1464,706,134,7150
2024-05-23,A,4564,366,389,90,4451
2024-05-23,AB,937,79,65,12,939
2024-05-23,B,3080,401,526,35,2920
2024-05-23,O,7150,573,664,131,6928
2024-05-24,A,4451,270,395,55,4271
2024-05-24,AB,939,71,77,22,911
2024-05-24,B,2920,285,571,22,2612
2024-05-24,O,6928,425,665,116,6572
2024-05-25,A,4271,473,357,104,4283
2024-05-25,AB,911,122,79,24,930
2024-05-25,B,2612,522,525,25,2584
2024-05-25,O,6572,739,659,90,6562
2024-05-26,A,4283,603,365,84,4437
2024-05-26,AB,930,154,90,20,974
2024-05-26,B,2584,686,522,24,2724
2024-05-26,O,6562,1058,646,127,6847
2024-05-27,A,4437,266,368,86,4249
2024-05-27,AB,974,66,75,14,951
2024-05-27,B,2724,290,513,21,2480
2024-05-27,O,6847,444,684,114,6493
2024-05-28,A,4249,312,381,70,4110
2024-05-28,AB,951,79,66,14,950
2024-05-28,B,2480,385,546,18,2301
2024-05-28,O,6493,538,641,91,6299
2024-05-29,A,4110,304,346,76,3992
2024-05-29,AB,950,96,76,20,950
2024-05-29,B,2301,397,513,17,2168
2024-05-29,O,6299,559,685,90,6083
2024-05-30,A,3992,404,381,70,3945
2024-05-30,AB,950,101,79,20,952
2024-05-30,B,2168,408,568,13,1995
2024-05-30,O,6083,661,670,89,5985
2024-05-31,A,3945,275,378,62,3780
2024-05-31,AB,952,50,74,13,915
2024-05-31,B,1995,268,527,7,1729
2024-05-31,O,5985,436,603,82,5736
2024-06-01,A,3780,363,344,63,3736
2024-06-01,AB,915,73,78,11,899
2024-06-01,B,1729,394,495,10,1618
2024-06-01,O,5736,605,592,71,5678
2024-06-02,A,3736,586,326,54,3942
2024-06-02,AB,899,148,76,17,954
2024-06-02,B,1618,720,518,10,1810
2024-06-02,O,5678,1049,596,92,6039
2024-06-03,A,3942,397,357,75,3907
2024-06-03,AB,954,98,81,17,954
2024-06-03,B,1810,442,534,7,1711
2024-06-03,O,6039,740,626,109,6044
2024-06-04,A,3907,260,357,65,3745
2024-06-04,AB,954,41,58,21,916
2024-06-04,B,1711,304,499,11,1505
2024-06-04,O,6044,472,634,83,5799
2024-06-05,A,3745,400,376,44,3725
2024-06-05,AB,916,84,89,12,899
2024-06-05,B,1505,444,537,8,1404
2024-06-05,O,5799,662,675,93,5693
2024-06-06,A,3725,474,360,69,3770
2024-06-06,AB,899,114,85,11,917
2024-06-06,B,1404,578,588,6,1388
2024-06-06,O,5693,819,701,87,5724
2024-06-07,A,3770,247,388,63,3566
2024-06-07,AB,917,37,87,11,856
2024-06-07,B,1388,254,541,6,1095
2024-06-07,O,5724,435,703,62,5394
2024-06-08,A,3566,515,380,59,3642
2024-06-08,AB,856,66,67,16,839
2024-06-08,B,1095,564,540,8,1111
2024-06-08,O,5394,840,633,79,5522
2024-06-09,A,3642,828,343,93,4034
2024-06-09,AB,839,147,81,9,896
2024-06-09,B,1111,873,535,4,1445
2024-06-09,O,5522,1491,640,95,6278
2024-06-10,A,4034,241,333,60,3882
2024-06-10,AB,896,37,84,13,836
2024-06-10,B,1445,288,557,5,1171
2024-06-10,O,6278,415,647,79,5967
2024-06-11,A,3882,393,351,74,3850
2024-06-11,AB,836,61,79,7,811
2024-06-11,B,1171,438,597,4,1008
2024-06-11,O,5967,707,658,101,5915
2024-06-12,A,3850,364,356,55,3803
2024-06-12,AB,811,65,86,7,783
2024-06-12,B,1008,450,569,2,887
2024-06-12,O,5915,672,663,80,5844
2024-06-13,A,3803,383,343,58,3785
2024-06-13,AB,783,78,77,10,774
2024-06-13,B,887,413,567,11,722
2024-06-13,O,5844,630,669,83,5722
2024-06-14,A,3785,440,353,57,3815
2024-06-14,AB,774,95,93,12,764
2024-06-14,B,722,514,582,3,651
2024-06-14,O,5722,865,683,96,5808
2024-06-15,A,3815,548,314,71,3978
2024-06-15,AB,764,100,79,4,781
2024-06-15,B,651,631,536,6,740
2024-06-15,O,5808,1025,642,107,6084
2024-06-16,A,3978,453,321,62,4048
2024-06-16,AB,781,88,63,8,798
2024-06-16,B,740,475,528,2,685
2024-06-16,O,6084,773,622,93,6142
2024-06-17,A,4048,101,385,49,3715
2024-06-17,AB,798,8,92,7,707
2024-06-17,B,685,96,523,3,255
2024-06-17,O,6142,167,644,82,5583
2024-06-18,A,3715,190,328,55,3522
2024-06-18,AB,707,42,78,6,665
2024-06-18,B,255,220,475,0,0
2024-06-18,O,5583,344,618,54,5255
2024-06-19,A,3522,374,322,58,3516
2024-06-19,AB,665,94,72,11,676
2024-06-19,B,0,438,438,0,0
2024-06-19,O,5255,658,573,56,5284
2024-06-20,A,3516,342,341,44,3473
2024-06-20,AB,676,93,71,10,688
2024-06-20,B,0,376,376,0,0
2024-06-20,O,5284,610,621,71,5202
2024-06-21,A,3473,304,340,62,3375
2024-06-21,AB,688,78,88,7,671
2024-06-21,B,0,370,370,0,0
2024-06-21,O,5202,559,611,63,5087
2024-06-22,A,3375,485,303,42,3515
2024-06-22,AB,671,136,64,11,732
2024-06-22,B,0,592,502,1,89
2024-06-22,O,5087,863,520,73,5357
2024-06-23,A,3515,821,289,58,3989
2024-06-23,AB,732,196,73,16,839
2024-06-23,B,89,785,474,2,398
2024-06-23,O,5357,1435,573,78,6141
2024-06-24,A,3989,269,386,59,3813
2024-06-24,AB,839,67,86,11,809
2024-06-24,B,398,326,512,1,211
2024-06-24,O,6141,461,612,96,5894
2024-06-25,A,3813,369,337,51,3794
2024-06-25,AB,809,98,82,14,811
2024-06-25,B,211,461,502,3,167
2024-06-25,O,5894,727,595,76,5950
2024-06-26,A,3794,413,336,58,3813
2024-06-26,AB,811,102,87,11,815
2024-06-26,B,167,455,538,0,84
2024-06-26,O,5950,719,607,89,5973
2024-06-27,A,3813,280,346,56,3691
2024-06-27,AB,815,66,73,6,802
2024-06-27,B,84,324,408,0,0
2024-06-27,O,5973,501,636,98,5740
2024-06-28,A,3691,186,377,61,3439
2024-06-28,AB,802,37,63,16,760
2024-06-28,B,0,200,200,0,0
2024-06-28,O,5740,343,590,86,5407
2024-06-29,A,3439,472,295,62,3554
2024-06-29,AB,760,117,76,8,793
2024-06-29,B,0,524,468,0,56
2024-06-29,O,5407,828,518,96,5621
2024-06-30,A,3554,719,299,59,3915
2024-06-30,AB,793,153,68,18,860
2024-06-30,B,56,749,524,0,281
2024-06-30,O,5621,1203,563,81,6180
2024-07-01,A,3915,198,370,55,3688
2024-07-01,AB,860,40,104,12,784
2024-07-01,B,281,200,481,0,0
2024-07-01,O,6180,368,572,91,5885
2024-07-02,A,3688,348,345,48,3643
2024-07-02,AB,784,94,71,19,788
2024-07-02,B,0,318,318,0,0
2024-07-02,O,5885,528,557,73,5783
2024-07-03,A,3643,361,321,61,3622
2024-07-03,AB,788,94,67,10,805
2024-07-03,B,0,385,385,0,0
2024-07-03,O,5783,598,601,85,5695
2024-07-04,A,3622,282,320,57,3527
2024-07-04,AB,805,75,70,8,802
2024-07-04,B,0,331,331,0,0
2024-07-04,O,5695,473,602,78,5488
2024-07-05,A,3527,221,312,48,3388
2024-07-05,AB,802,53,77,12,766
2024-07-05,B,0,225,225,0,0
2024-07-05,O,5488,388,583,67,5226
2024-07-06,A,3388,592,299,54,3627
2024-07-06,AB,766,135,75,11,815
2024-07-06,B,0,683,465,2,216
2024-07-06,O,5226,1025,513,71,5667
2024-07-07,A,3627,586,321,58,3834
2024-07-07,AB,815,127,68,10,864
2024-07-07,B,216,605,463,1,357
2024-07-07,O,5667,945,520,96,5996
2024-07-08,A,3834,306,379,62,3699
2024-07-08,AB,864,72,93,18,825
2024-07-08,B,357,329,510,0,176
2024-07-08,O,5996,543,584,94,5861
2024-07-09,A,3699,276,332,56,3587
2024-07-09,AB,825,69,93,11,790
2024-07-09,B,176,323,482,0,17
2024-07-09,O,5861,494,523,98,5734
2024-07-10,A,3587,355,348,55,3539
2024-07-10,AB,790,108,77,17,804
2024-07-10,B,17,446,463,0,0
2024-07-10,O,5734,598,564,69,5699
2024-07-11,A,3539,311,333,61,3456
2024-07-11,AB,804,90,84,10,800
2024-07-11,B,0,360,360,0,0
2024-07-11,O,5699,529,532,83,5613
2024-07-12,A,3456,334,337,46,3407
2024-07-12,AB,800,79,91,21,767
2024-07-12,B,0,323,323,0,0
2024-07-12,O,5613,538,552,85,5514
2024-07-13,A,3407,479,283,49,3554
2024-07-13,AB,767,115,79,8,795
2024-07-13,B,0,522,440,0,82
2024-07-13,O,5514,892,531,82,5793
2024-07-14,A,3554,861,310,70,4035
2024-07-14,AB,795,192,76,22,889
2024-07-14,B,82,853,450,3,482
2024-07-14,O,5793,1527,518,108,6694
2024-07-15,A,4035,347,343,70,3969
2024-07-15,AB,889,83,76,20,876
2024-07-15,B,482,375,483,2,372
2024-07-15,O,6694,619,621,109,6583
2024-07-16,A,3969,271,308,61,3871
2024-07-16,AB,876,49,94,17,814
2024-07-16,B,372,271,451,1,191
2024-07-16,O,6583,472,593,112,6350
2024-07-17,A,3871,353,345,62,3817
2024-07-17,AB,814,84,84,13,801
2024-07-17,B,191,349,459,0,81
2024-07-17,O,6350,594,595,110,6239
2024-07-18,A,3817,359,370,61,3745
2024-07-18,AB,801,97,98,10,790
2024-07-18,B,81,424,467,0,38
2024-07-18,O,6239,655,638,89,6167
2024-07-19,A,3745,223,398,51,3519
2024-07-19,AB,790,60,97,11,742
2024-07-19,B,38,239,277,0,0
2024-07-19,O,6167,412,593,86,5900
2024-07-20,A,3519,405,303,54,3567
2024-07-20,AB,742,105,96,10,741
2024-07-20,B,0,431,431,0,0
2024-07-20,O,5900,667,576,86,5905
2024-07-21,A,3567,703,355,53,3862
2024-07-21,AB,741,154,71,8,816
2024-07-21,B,0,766,468,1,297
2024-07-21,O,5905,1225,590,111,6429
2024-07-22,A,3862,340,316,83,3803
2024-07-22,AB,816,102,82,14,822
2024-07-22,B,297,425,468,2,252
2024-07-22,O,6429,653,623,112,6347
2024-07-23,A,3803,289,354,56,3682
2024-07-23,AB,822,65,86,11,790
2024-07-23,B,252,304,406,0,150
2024-07-23,O,6347,487,564,107,6163
2024-07-24,A,3682,382,362,58,3644
2024-07-24,AB,790,93,92,12,779
2024-07-24,B,150,414,480,0,84
2024-07-24,O,6163,661,639,78,6107
2024-07-25,A,3644,392,383,43,3610
2024-07-25,AB,779,84,98,11,754
2024-07-25,B,84,407,417,1,73
2024-07-25,O,6107,654,630,92,6039
2024-07-26,A,3610,266,349,51,3476
2024-07-26,AB,754,67,84,15,722
2024-07-26,B,73,316,389,0,0
2024-07-26,O,6039,446,614,83,5788
2024-07-27,A,3476,485,376,55,3530
2024-07-27,AB,722,117,89,7,743
2024-07-27,B,0,563,471,1,91
2024-07-27,O,5788,809,622,89,5886
2024-07-28,A,3530,627,350,69,3738
2024-07-28,AB,743,157,179,7,714
2024-07-28,B,91,750,454,3,384
2024-07-28,O,5886,1173,1232,72,5755
2024-07-29,A,3738,195,371,61,3501
2024-07-29,AB,714,42,97,6,653
2024-07-29,B,384,203,452,1,134
2024-07-29,O,5755,331,598,84,5404
2024-07-30,A,3501,314,374,47,3394
2024-07-30,AB,653,61,106,3,605
2024-07-30,B,134,376,441,0,69
2024-07-30,O,5404,553,1210,48,4699
2024-07-31,A,3394,274,368,45,3255
2024-07-31,AB,605,48,96,5,552
2024-07-31,B,69,294,363,0,0
2024-07-31,O,4699,452,577,41,4533
2024-08-01,A,3255,309,363,39,3162
2024-08-01,AB,552,47,94,5,500
2024-08-01,B,0,310,310,0,0
2024-08-01,O,4533,522,584,46,4425
2024-08-02,A,3162,323,401,43,3041
2024-08-02,AB,500,76,86,9,481
2024-08-02,B,0,309,309,0,0
2024-08-02,O,4425,466,639,40,4212
2024-08-03,A,3041,482,359,33,3131
2024-08-03,AB,481,102,96,4,483
2024-08-03,B,0,438,426,0,12
2024-08-03,O,4212,772,550,40,4394
2024-08-04,A,3131,603,378,43,3313
2024-08-04,AB,483,125,95,1,512
2024-08-04,B,12,643,463,4,188
2024-08-04,O,4394,1054,618,40,4790
2024-08-05,A,3313,220,373,37,3123
2024-08-05,AB,512,44,101,1,454
2024-08-05,B,188,234,422,0,0
2024-08-05,O,4790,354,628,40,4476
2024-08-06,A,3123,426,400,34,3115
2024-08-06,AB,454,103,91,6,460
2024-08-06,B,0,439,439,0,0
2024-08-06,O,4476,702,632,52,4494
2024-08-07,A,3115,355,435,36,2999
2024-08-07,AB,460,80,104,5,431
2024-08-07,B,0,406,406,0,0
2024-08-07,O,4494,623,663,39,4415
2024-08-08,A,2999,451,377,37,3036
2024-08-08,AB,431,112,115,2,426
2024-08-08,B,0,529,455,0,74
2024-08-08,O,4415,758,642,52,4479
2024-08-09,A,3036,167,427,41,2735
2024-08-09,AB,426,40,99,2,365
2024-08-09,B,74,187,261,0,0
2024-08-09,O,4479,300,602,33,4144
2024-08-10,A,2735,461,372,20,2804
2024-08-10,AB,365,132,73,2,422
2024-08-10,B,0,545,453,0,92
2024-08-10,O,4144,769,645,39,4229
2024-08-11,A,2804,700,395,29,3080
2024-08-11,AB,422,143,83,2,480
2024-08-11,B,92,749,435,5,401
2024-08-11,O,4229,1251,685,57,4738
2024-08-12,A,3080,300,413,33,2934
2024-08-12,AB,480,72,86,3,463
2024-08-12,B,401,329,478,2,250
2024-08-12,O,4738,522,632,57,4571
2024-08-13,A,2934,365,420,30,2849
2024-08-13,AB,463,70,84,1,448
2024-08-13,B,250,397,498,1,148
2024-08-13,O,4571,594,605,47,4513
2024-08-14,A,2849,311,394,23,2743
2024-08-14,AB,448,74,77,3,442
2024-08-14,B,148,366,449,0,65
2024-08-14,O,4513,524,621,46,4370
2024-08-15,A,2743,360,378,21,2704
2024-08-15,AB,442,83,101,3,421
2024-08-15,B,65,427,458,0,34
2024-08-15,O,4370,661,627,47,4357
2024-08-16,A,2704,223,413,19,2495
2024-08-16,AB,421,45,82,0,384
2024-08-16,B,34,223,257,0,0
2024-08-16,O,4357,376,651,37,4045
2024-08-17,A,2495,407,412,32,2458
2024-08-17,AB,384,94,75,4,399
2024-08-17,B,0,455,440,0,15
2024-08-17,O,4045,667,587,39,4086
2024-08-18,A,2458,757,436,26,2753
2024-08-18,AB,399,161,74,2,484
2024-08-18,B,15,824,446,1,392
2024-08-18,O,4086,1295,589,67,4725
2024-08-19,A,2753,213,404,22,2540
2024-08-19,AB,484,44,86,5,437
2024-08-19,B,392,209,477,0,124
2024-08-19,O,4725,377,676,34,4392
2024-08-20,A,2540,300,385,21,2434
2024-08-20,AB,437,77,95,1,418
2024-08-20,B,124,327,451,0,0
2024-08-20,O,4392,512,614,32,4258
2024-08-21,A,2434,443,388,29,2460
2024-08-21,AB,418,101,94,3,422
2024-08-21,B,0,475,467,0,8
2024-08-21,O,4258,728,660,33,4293
2024-08-22,A,2460,393,372,22,2459
2024-08-22,AB,422,95,106,4,407
2024-08-22,B,8,483,491,0,0
2024-08-22,O,4293,686,594,40,4345
2024-08-23,A,2459,229,410,22,2256
2024-08-23,AB,407,57,98,2,364
2024-08-23,B,0,235,235,0,0
2024-08-23,O,4345,372,677,28,4012
2024-08-24,A,2256,616,372,27,2473
2024-08-24,AB,364,121,89,2,394
2024-08-24,B,0,640,461,1,178
2024-08-24,O,4012,1029,598,31,4412
2024-08-25,A,2473,688,436,35,2690
2024-08-25,AB,394,142,85,1,450
2024-08-25,B,178,732,517,3,390
2024-08-25,O,4412,1166,616,67,4895
2024-08-26,A,2690,184,373,24,2477
2024-08-26,AB,450,51,92,1,408
2024-08-26,B,390,230,540,0,80
2024-08-26,O,4895,396,688,40,4563
2024-08-27,A,2477,289,393,20,2353
2024-08-27,AB,408,63,80,1,390
2024-08-27,B,80,325,405,0,0
2024-08-27,O,4563,487,619,54,4377
2024-08-28,A,2353,361,410,16,2288
2024-08-28,AB,390,93,109,1,373
2024-08-28,B,0,479,479,0,0
2024-08-28,O,4377,682,669,29,4361
2024-08-29,A,2288,366,400,16,2238
2024-08-29,AB,373,90,77,2,384
2024-08-29,B,0,440,440,0,0
2024-08-29,O,4361,717,658,50,4370
2024-08-30,A,2238,251,442,14,2033
2024-08-30,AB,384,65,97,4,348
2024-08-30,B,0,311,311,0,0
2024-08-30,O,4370,443,691,36,4086
2024-08-31,A,2033,728,368,21,2372
2024-08-31,AB,348,188,88,4,444
2024-08-31,B,0,837,464,3,370
2024-08-31,O,4086,1297,628,60,4695
2024-09-01,A,2372,651,400,20,2603
2024-09-01,AB,444,138,105,3,474
2024-09-01,B,370,660,486,3,541
2024-09-01,O,4695,1150,636,71,5138
2024-09-02,A,2603,193,442,17,2337
2024-09-02,AB,474,49,106,5,412
2024-09-02,B,541,204,433,2,310
2024-09-02,O,5138,315,704,61,4688
2024-09-03,A,2337,360,397,15,2285
2024-09-03,AB,412,67,101,5,373
2024-09-03,B,310,359,500,0,169
2024-09-03,O,4688,547,704,49,4482
2024-09-04,A,2285,318,465,10,2128
2024-09-04,AB,373,81,87,3,364
2024-09-04,B,169,362,511,0,20
2024-09-04,O,4482,504,670,42,4274
2024-09-05,A,2128,357,414,14,2057
2024-09-05,AB,364,75,98,2,339
2024-09-05,B,20,395,415,0,0
2024-09-05,O,4274,610,741,32,4111
2024-09-06,A,2057,266,417,11,1895
2024-09-06,AB,339,58,94,3,300
2024-09-06,B,0,315,315,0,0
2024-09-06,O,4111,479,667,44,3879
2024-09-07,A,1895,604,392,19,2088
2024-09-07,AB,300,127,89,3,335
2024-09-07,B,0,633,493,1,139
2024-09-07,O,3879,962,669,34,4138
2024-09-08,A,2088,790,432,32,2414
2024-09-08,AB,335,147,99,2,381
2024-09-08,B,139,750,463,2,424
2024-09-08,O,4138,1310,694,58,4696
2024-09-09,A,2414,266,422,21,2237
2024-09-09,AB,381,63,106,3,335
2024-09-09,B,424,263,535,1,151
2024-09-09,O,4696,440,720,45,4371
2024-09-10,A,2237,292,427,20,2082
2024-09-10,AB,335,59,97,2,295
2024-09-10,B,151,307,458,0,0
2024-09-10,O,4371,495,667,36,4163
2024-09-11,A,2082,438,457,17,2046
2024-09-11,AB,295,69,120,2,242
2024-09-11,B,0,477,477,0,0
2024-09-11,O,4163,633,716,36,4044
2024-09-12,A,2046,433,385,16,2078
2024-09-12,AB,242,90,87,2,243
2024-09-12,B,0,498,498,0,0
2024-09-12,O,4044,692,763,36,3937
2024-09-13,A,2078,291,451,12,1906
2024-09-13,AB,243,81,84,1,239
2024-09-13,B,0,275,275,0,0
2024-09-13,O,3937,467,733,28,3643
2024-09-14,A,1906,342,387,7,1854
2024-09-14,AB,239,90,106,2,221
2024-09-14,B,0,416,416,0,0
2024-09-14,O,3643,595,630,28,3580
2024-09-15,A,1854,560,425,8,1981
2024-09-15,AB,221,105,91,3,232
2024-09-15,B,0,542,464,0,78
2024-09-15,O,3580,946,708,30,3788
2024-09-16,A,1981,597,441,16,2121
2024-09-16,AB,232,130,112,0,250
2024-09-16,B,78,633,517,0,194
2024-09-16,O,3788,985,722,33,4018
2024-09-17,A,2121,267,430,17,1941
2024-09-17,AB,250,73,80,1,242
2024-09-17,B,194,305,467,0,32
2024-09-17,O,4018,467,658,34,3793
2024-09-18,A,1941,283,486,11,1727
2024-09-18,AB,242,72,111,5,198
2024-09-18,B,32,289,321,0,0
2024-09-18,O,3793,482,669,32,3574
2024-09-19,A,1727,297,433,5,1586
2024-09-19,AB,198,79,84,1,192
2024-09-19,B,0,331,331,0,0
2024-09-19,O,3574,495,717,22,3330
2024-09-20,A,1586,173,421,12,1326
2024-09-20,AB,192,42,81,0,153
2024-09-20,B,0,217,217,0,0
2024-09-20,O,3330,339,665,19,2985
2024-09-21,A,1326,431,418,8,1331
2024-09-21,AB,153,109,85,0,177
2024-09-21,B,0,454,440,1,13
2024-09-21,O,2985,740,621,23,3081
2024-09-22,A,1331,745,424,6,1646
2024-09-22,AB,177,167,101,1,242
2024-09-22,B,13,729,493,2,247
2024-09-22,O,3081,1246,672,24,3631
2024-09-23,A,1646,241,1119,5,763
2024-09-23,AB,242,60,103,2,197
2024-09-23,B,247,252,499,0,0
2024-09-23,O,3631,426,653,21,3383
2024-09-24,A,763,359,439,4,679
2024-09-24,AB,197,98,97,3,195
2024-09-24,B,0,396,396,0,0
2024-09-24,O,3383,655,715,14,3309
2024-09-25,A,679,381,447,5,608
2024-09-25,AB,195,102,85,0,212
2024-09-25,B,0,446,446,0,0
2024-09-25,O,3309,673,735,18,3229
2024-09-26,A,608,375,438,5,540
2024-09-26,AB,212,80,76,1,215
2024-09-26,B,0,436,436,0,0
2024-09-26,O,3229,633,671,20,3171
2024-09-27,A,540,249,453,2,334
2024-09-27,AB,215,44,84,1,174
2024-09-27,B,0,234,234,0,0
2024-09-27,O,3171,411,706,15,2861
2024-09-28,A,334,499,416,4,413
2024-09-28,AB,174,136,85,1,224
2024-09-28,B,0,483,392,0,91
2024-09-28,O,2861,833,662,18,3014
2024-09-29,A,413,748,441,4,716
2024-09-29,AB,224,167,102,1,288
2024-09-29,B,91,710,448,3,350
2024-09-29,O,3014,1282,653,29,3614
2024-09-30,A,716,228,420,0,524
2024-09-30,AB,288,28,94,2,220
2024-09-30,B,350,222,497,1,74
2024-09-30,O,3614,396,653,26,3331
2024-10-01,A,524,345,432,3,434
2024-10-01,AB,220,51,94,1,176
2024-10-01,B,74,350,424,0,0
2024-10-01,O,3331,599,693,20,3217
2024-10-02,A,434,354,441,0,347
2024-10-02,AB,176,73,91,1,157
2024-10-02,B,0,392,392,0,0
2024-10-02,O,3217,572,715,16,3058
2024-10-03,A,347,428,423,2,350
2024-10-03,AB,157,90,91,0,156
2024-10-03,B,0,497,462,0,35
2024-10-03,O,3058,724,638,19,3125
2024-10-04,A,350,229,412,1,166
2024-10-04,AB,156,54,78,1,131
2024-10-04,B,35,234,269,0,0
2024-10-04,O,3125,357,733,22,2727
2024-10-05,A,166,516,374,1,307
2024-10-05,AB,131,74,78,1,126
2024-10-05,B,0,592,476,0,116
2024-10-05,O,2727,884,625,11,2975
2024-10-06,A,307,685,420,6,566
2024-10-06,AB,126,134,79,0,181
2024-10-06,B,116,767,467,2,414
2024-10-06,O,2975,1272,639,22,3586
2024-10-07,A,566,224,425,6,359
2024-10-07,AB,181,42,93,1,129
2024-10-07,B,414,299,508,2,203
2024-10-07,O,3586,393,685,17,3277
2024-10-08,A,359,270,422,1,206
2024-10-08,AB,129,48,90,1,86
2024-10-08,B,203,328,495,0,36
2024-10-08,O,3277,431,679,24,3005
2024-10-09,A,206,323,403,1,125
2024-10-09,AB,86,72,102,0,56
2024-10-09,B,36,359,395,0,0
2024-10-09,O,3005,605,1212,18,2380
2024-10-10,A,125,420,468,0,77
2024-10-10,AB,56,79,87,0,48
2024-10-10,B,0,482,482,0,0
2024-10-10,O,2380,717,704,11,2382
2024-10-11,A,77,187,264,0,0
2024-10-11,AB,48,31,79,0,0
2024-10-11,B,0,202,202,0,0
2024-10-11,O,2382,319,673,12,2016
2024-10-12,A,0,429,402,0,27
2024-10-12,AB,0,103,85,0,18
2024-10-12,B,0,423,420,0,3
2024-10-12,O,2016,747,584,14,2165
2024-10-13,A,27,723,433,1,316
2024-10-13,AB,18,156,82,0,92
2024-10-13,B,3,744,460,1,286
2024-10-13,O,2165,1165,702,19,2609
2024-10-14,A,316,234,450,1,99
2024-10-14,AB,92,58,88,0,62
2024-10-14,B,286,278,526,1,37
2024-10-14,O,2609,458,702,13,2352
2024-10-15,A,99,303,402,0,0
2024-10-15,AB,62,95,79,1,77
2024-10-15,B,37,327,364,0,0
2024-10-15,O,2352,551,739,20,2144
2024-10-16,A,0,389,389,0,0
2024-10-16,AB,77,84,161,0,0
2024-10-16,B,0,443,443,0,0
2024-10-16,O,2144,610,712,17,2025
2024-10-17,A,0,425,425,0,0
2024-10-17,AB,0,98,69,0,29
2024-10-17,B,0,462,462,0,0
2024-10-17,O,2025,724,696,13,2040
2024-10-18,A,0,293,293,0,0
2024-10-18,AB,29,68,86,0,11
2024-10-18,B,0,280,280,0,0
2024-10-18,O,2040,508,759,8,1781
2024-10-19,A,0,511,461,0,50
2024-10-19,AB,11,155,80,0,86
2024-10-19,B,0,569,468,0,101
2024-10-19,O,1781,937,717,7,1994
2024-10-20,A,50,789,387,1,451
2024-10-20,AB,86,158,83,2,159
2024-10-20,B,101,832,483,3,447
2024-10-20,O,1994,1294,774,18,2496
2024-10-21,A,451,350,461,4,336
2024-10-21,AB,159,78,96,4,137
2024-10-21,B,447,376,537,3,283
2024-10-21,O,2496,522,762,15,2241
2024-10-22,A,336,460,447,1,348
2024-10-22,AB,137,116,95,0,158
2024-10-22,B,283,541,521,2,301
2024-10-22,O,2241,782,739,16,2268
2024-10-23,A,348,441,449,2,338
2024-10-23,AB,158,116,85,1,188
2024-10-23,B,301,517,515,2,301
2024-10-23,O,2268,829,801,10,2286
2024-10-24,A,338,398,460,1,275
2024-10-24,AB,188,89,81,1,195
2024-10-24,B,301,436,539,1,197
2024-10-24,O,2286,611,758,13,2126
2024-10-25,A,275,231,456,1,49
2024-10-25,AB,195,58,105,2,146
2024-10-25,B,197,241,438,0,0
2024-10-25,O,2126,381,800,8,1699
2024-10-26,A,49,458,430,2,75
2024-10-26,AB,146,103,89,0,160
2024-10-26,B,0,500,500,0,0
2024-10-26,O,1699,814,778,9,1726
2024-10-27,A,75,608,683,0,0
2024-10-27,AB,160,140,84,2,214
2024-10-27,B,0,740,472,0,268
2024-10-27,O,1726,1140,779,8,2079
2024-10-28,A,0,305,305,0,0
2024-10-28,AB,214,76,84,3,203
2024-10-28,B,268,323,527,0,64
2024-10-28,O,2079,464,809,9,1725
2024-10-29,A,0,272,272,0,0
2024-10-29,AB,203,61,89,0,175
2024-10-29,B,64,356,420,0,0
2024-10-29,O,1725,470,824,10,1361
2024-10-30,A,0,331,331,0,0
2024-10-30,AB,175,86,88,0,173
2024-10-30,B,0,352,352,0,0
2024-10-30,O,1361,521,753,7,1122
2024-10-31,A,0,547,464,1,82
2024-10-31,AB,173,108,234,1,46
2024-10-31,B,0,526,482,0,44
2024-10-31,O,1122,935,790,6,1261
2024-11-01,A,82,239,321,0,0
2024-11-01,AB,46,27,73,0,0
2024-11-01,B,44,248,292,0,0
2024-11-01,O,1261,426,757,3,927
2024-11-02,A,0,373,373,0,0
2024-11-02,AB,0,84,81,0,3
2024-11-02,B,0,408,408,0,0
2024-11-02,O,927,646,685,6,882
2024-11-03,A,0,704,704,0,0
2024-11-03,AB,3,155,92,0,66
2024-11-03,B,0,703,463,0,240
2024-11-03,O,882,1206,744,9,1335
2024-11-04,A,0,195,195,0,0
2024-11-04,AB,66,49,78,0,37
2024-11-04,B,240,232,448,0,24
2024-11-04,O,1335,352,799,6,882
2024-11-05,A,0,299,299,0,0
2024-11-05,AB,37,80,80,1,36
2024-11-05,B,24,375,399,0,0
2024-11-05,O,882,603,719,5,761
2024-11-06,A,0,392,392,0,0
2024-11-06,AB,36,95,100,1,30
2024-11-06,B,0,444,444,0,0
2024-11-06,O,761,638,719,4,676
2024-11-07,A,0,217,217,0,0
2024-11-07,AB,30,49,79,0,0
2024-11-07,B,0,243,243,0,0
2024-11-07,O,676,388,760,2,302
2024-11-08,A,0,237,237,0,0
2024-11-08,AB,0,52,52,0,0
2024-11-08,B,0,337,337,0,0
2024-11-08,O,302,454,713,1,42
2024-11-09,A,0,540,367,0,173
2024-11-09,AB,0,108,89,1,18
2024-11-09,B,0,587,446,1,140
2024-11-09,O,42,872,718,1,195
2024-11-10,A,173,698,414,0,457
2024-11-10,AB,18,143,89,0,72
2024-11-10,B,140,680,477,0,343
2024-11-10,O,195,1165,710,1,649
2024-11-11,A,457,239,406,2,288
2024-11-11,AB,72,71,98,1,44
2024-11-11,B,343,294,521,1,115
2024-11-11,O,649,431,819,1,260
2024-11-12,A,288,283,360,0,211
2024-11-12,AB,44,61,95,0,10
2024-11-12,B,115,360,475,0,0
2024-11-12,O,260,576,736,0,100
2024-11-13,A,211,387,386,1,211
2024-11-13,AB,10,93,87,0,16
2024-11-13,B,0,517,464,0,53
2024-11-13,O,100,728,782,0,46
2024-11-14,A,211,419,401,2,227
2024-11-14,AB,16,107,91,0,32
2024-11-14,B,53,486,482,1,56
2024-11-14,O,46,705,748,0,3
2024-11-15,A,227,214,369,1,71
2024-11-15,AB,32,61,93,0,0
2024-11-15,B,56,222,278,0,0
2024-11-15,O,3,380,383,0,0
2024-11-16,A,71,704,377,2,396
2024-11-16,AB,0,171,84,0,87
2024-11-16,B,0,729,456,0,273
2024-11-16,O,0,1358,769,4,585
2024-11-17,A,396,752,381,4,763
2024-11-17,AB,87,177,81,2,181
2024-11-17,B,273,793,491,4,571
2024-11-17,O,585,1243,757,3,1068
2024-11-18,A,763,309,414,2,656
2024-11-18,AB,181,66,104,0,143
2024-11-18,B,571,326,514,0,383
2024-11-18,O,1068,551,774,4,841
2024-11-19,A,656,409,406,2,657
2024-11-19,AB,143,90,98,1,134
2024-11-19,B,383,462,457,3,385
2024-11-19,O,841,700,726,3,812
2024-11-20,A,657,365,439,3,580
2024-11-20,AB,134,81,87,1,127
2024-11-20,B,385,405,528,0,262
2024-11-20,O,812,652,740,4,720
2024-11-21,A,580,363,393,3,547
2024-11-21,AB,127,83,85,0,125
2024-11-21,B,262,407,459,1,209
2024-11-21,O,720,700,748,3,669
2024-11-22,A,547,214,384,2,375
2024-11-22,AB,125,54,81,1,97
2024-11-22,B,209,205,414,0,0
2024-11-22,O,669,336,734,0,271
2024-11-23,A,375,454,350,4,475
2024-11-23,AB,97,99,80,1,115
2024-11-23,B,0,485,446,0,39
2024-11-23,O,271,802,677,4,392
2024-11-24,A,475,664,337,1,801
2024-11-24,AB,115,149,83,1,180
2024-11-24,B,39,739,465,2,311
2024-11-24,O,392,1123,702,3,810
2024-11-25,A,801,212,404,2,607
2024-11-25,AB,180,54,93,0,141
2024-11-25,B,311,237,475,2,71
2024-11-25,O,810,392,738,1,463
2024-11-26,A,607,415,415,2,605
2024-11-26,AB,141,85,83,0,143
2024-11-26,B,71,417,488,0,0
2024-11-26,O,463,653,739,2,375
2024-11-27,A,605,371,413,6,557
2024-11-27,AB,143,78,104,2,115
2024-11-27,B,0,373,373,0,0
2024-11-27,O,375,568,668,3,272
2024-11-28,A,557,353,392,5,513
2024-11-28,AB,115,81,90,2,104
2024-11-28,B,0,419,419,0,0
2024-11-28,O,272,639,664,3,244
2024-11-29,A,513,195,446,1,261
2024-11-29,AB,104,50,89,0,65
2024-11-29,B,0,232,232,0,0
2024-11-29,O,244,379,623,0,0
2024-11-30,A,261,496,339,1,417
2024-11-30,AB,65,106,92,0,79
2024-11-30,B,0,485,459,0,26
2024-11-30,O,0,841,629,0,212
2024-12-01,A,417,632,379,4,666
2024-12-01,AB,79,168,95,1,151
2024-12-01,B,26,725,414,0,337
2024-12-01,O,212,1208,681,1,738
2024-12-02,A,666,214,372,1,507
2024-12-02,AB,151,49,103,1,96
2024-12-02,B,337,253,485,2,103
2024-12-02,O,738,358,675,4,417
2024-12-03,A,507,357,431,0,433
2024-12-03,AB,96,83,80,0,99
2024-12-03,B,103,428,483,0,48
2024-12-03,O,417,660,739,0,338
2024-12-04,A,433,388,361,1,459
2024-12-04,AB,99,105,87,1,116
2024-12-04,B,48,472,438,1,81
2024-12-04,O,338,679,679,4,334
2024-12-05,A,459,461,366,3,551
2024-12-05,AB,116,108,92,1,131
2024-12-05,B,81,469,466,0,84
2024-12-05,O,334,742,696,3,377
2024-12-06,A,551,227,415,8,355
2024-12-06,AB,131,66,77,0,120
2024-12-06,B,84,284,368,0,0
2024-12-06,O,377,396,720,0,53
2024-12-07,A,355,500,363,1,491
2024-12-07,AB,120,107,69,2,156
2024-12-07,B,0,575,486,1,88
2024-12-07,O,53,838,624,1,266
2024-12-08,A,491,666,370,1,786
2024-12-08,AB,156,135,103,2,186
2024-12-08,B,88,686,480,2,292
2024-12-08,O,266,1154,666,1,753
2024-12-09,A,786,226,413,5,594
2024-12-09,AB,186,44,95,0,135
2024-12-09,B,292,263,511,0,44
2024-12-09,O,753,400,698,4,451
2024-12-10,A,594,319,346,5,562
2024-12-10,AB,135,56,89,1,101
2024-12-10,B,44,386,420,0,10
2024-12-10,O,451,605,716,3,337
2024-12-11,A,562,489,402,7,642
2024-12-11,AB,101,81,90,1,91
2024-12-11,B,10,552,458,2,102
2024-12-11,O,337,806,687,1,455
2024-12-12,A,642,479,378,4,739
2024-12-12,AB,91,82,88,1,84
2024-12-12,B,102,487,448,0,141
2024-12-12,O,455,701,722,5,429
2024-12-13,A,739,195,427,6,501
2024-12-13,AB,84,33,80,1,36
2024-12-13,B,141,200,341,0,0
2024-12-13,O,429,353,663,1,118
2024-12-14,A,501,439,357,2,581
2024-12-14,AB,36,84,80,0,40
2024-12-14,B,0,491,428,0,63
2024-12-14,O,118,820,649,2,287
2024-12-15,A,581,742,381,4,938
2024-12-15,AB,40,111,94,0,57
2024-12-15,B,63,727,448,1,341
2024-12-15,O,287,1182,618,3,848
2024-12-16,A,938,200,396,1,741
2024-12-16,AB,57,46,85,0,18
2024-12-16,B,341,233,468,0,106
2024-12-16,O,848,351,693,0,506
2024-12-17,A,741,308,374,5,670
2024-12-17,AB,18,63,81,0,0
2024-12-17,B,106,343,449,0,0
2024-12-17,O,506,582,673,2,413
2024-12-18,A,670,465,404,2,729
2024-12-18,AB,0,80,80,0,0
2024-12-18,B,0,511,432,1,78
2024-12-18,O,413,693,657,2,447
2024-12-19,A,729,384,380,2,731
2024-12-19,AB,0,101,101,0,0
2024-12-19,B,78,416,474,0,20
2024-12-19,O,447,682,640,1,488
2024-12-20,A,731,204,384,2,549
2024-12-20,AB,0,48,48,0,0
2024-12-20,B,20,207,227,0,0
2024-12-20,O,488,347,634,1,200
2024-12-21,A,549,430,974,0,5
2024-12-21,AB,0,107,51,0,56
2024-12-21,B,0,490,371,1,118
2024-12-21,O,200,740,591,1,348
2024-12-22,A,5,642,379,4,264
2024-12-22,AB,56,147,84,0,119
2024-12-22,B,118,687,393,1,411
2024-12-22,O,348,1037,572,7,806
2024-12-23,A,264,241,425,0,80
2024-12-23,AB,119,52,84,0,87
2024-12-23,B,411,263,422,4,248
2024-12-23,O,806,376,661,5,516
2024-12-24,A,80,294,374,0,0
2024-12-24,AB,87,69,79,0,77
2024-12-24,B,248,265,402,1,110
2024-12-24,O,516,437,658,4,291
2024-12-25,A,0,496,405,0,91
2024-12-25,AB,77,116,84,0,109
2024-12-25,B,110,543,653,0,0
2024-12-25,O,291,818,622,1,486
2024-12-26,A,91,273,364,0,0
2024-12-26,AB,109,68,83,0,94
2024-12-26,B,0,311,311,0,0
2024-12-26,O,486,525,587,3,421
2024-12-27,A,0,261,261,0,0
2024-12-27,AB,94,50,80,0,64
2024-12-27,B,0,272,272,0,0
2024-12-27,O,421,440,685,1,175
2024-12-28,A,0,475,357,0,118
2024-12-28,AB,64,98,79,1,82
2024-12-28,B,0,501,368,1,132
2024-12-28,O,175,724,578,1,320
2024-12-29,A,118,686,367,1,436
2024-12-29,AB,82,153,81,0,154
2024-12-29,B,132,717,415,4,430
2024-12-29,O,320,1192,604,6,902
2024-12-30,A,436,285,443,0,278
2024-12-30,AB,154,65,92,1,126
2024-12-30,B,430,280,391,3,316
2024-12-30,O,902,459,661,6,694
2024-12-31,A,278,414,411,1,280
2024-12-31,AB,126,89,88,1,126
2024-12-31,B,316,468,408,1,375
2024-12-31,O,694,731,673,2,750
2025-01-01,A,280,552,410,4,418
2025-01-01,AB,126,128,79,0,175
2025-01-01,B,375,621,405,3,588
2025-01-01,O,750,918,596,5,1067
2025-01-02,A,418,244,403,3,256
2025-01-02,AB,175,58,97,1,135
2025-01-02,B,588,286,407,2,465
2025-01-02,O,1067,469,642,3,891
2025-01-03,A,256,225,420,1,60
2025-01-03,AB,135,52,87,0,100
2025-01-03,B,465,268,381,6,346
2025-01-03,O,891,395,653,4,629
2025-01-04,A,60,499,378,0,181
2025-01-04,AB,100,129,78,1,150
2025-01-04,B,346,563,374,5,530
2025-01-04,O,629,896,544,10,971
2025-01-05,A,181,842,361,6,656
2025-01-05,AB,150,188,84,3,251
2025-01-05,B,530,824,411,6,937
2025-01-05,O,971,1373,634,8,1702
2025-01-06,A,656,155,441,3,367
2025-01-06,AB,251,28,89,2,188
2025-01-06,B,937,161,412,4,682
2025-01-06,O,1702,282,1729,1,254
2025-01-07,A,367,328,416,3,276
2025-01-07,AB,188,76,87,1,176
2025-01-07,B,682,374,417,5,634
2025-01-07,O,254,532,630,3,153
2025-01-08,A,276,364,382,1,257
2025-01-08,AB,176,111,97,0,190
2025-01-08,B,634,478,393,3,716
2025-01-08,O,153,643,639,0,157
2025-01-09,A,257,351,363,2,243
2025-01-09,AB,190,107,80,1,216
2025-01-09,B,716,392,363,5,740
2025-01-09,O,157,600,638,0,119
2025-01-10,A,243,197,382,1,57
2025-01-10,AB,216,55,80,2,189
2025-01-10,B,740,211,384,3,564
2025-01-10,O,119,357,476,0,0
2025-01-11,A,57,498,345,1,209
2025-01-11,AB,189,131,87,2,231
2025-01-11,B,564,541,349,3,753
2025-01-11,O,0,939,543,3,393
2025-01-12,A,209,672,334,1,546
2025-01-12,AB,231,160,68,2,321
2025-01-12,B,753,693,354,6,1086
2025-01-12,O,393,1206,582,7,1010
2025-01-13,A,546,196,386,4,352
2025-01-13,AB,321,47,87,0,281
2025-01-13,B,1086,218,359,7,938
2025-01-13,O,1010,371,642,6,733
2025-01-14,A,352,278,370,1,259
2025-01-14,AB,281,80,87,0,274
2025-01-14,B,938,380,395,7,916
2025-01-14,O,733,514,645,4,598
2025-01-15,A,259,421,396,1,283
2025-01-15,AB,274,124,99,2,297
2025-01-15,B,916,513,396,3,1030
2025-01-15,O,598,715,642,2,669
2025-01-16,A,283,322,371,0,234
2025-01-16,AB,297,66,96,0,267
2025-01-16,B,1030,374,347,8,1049
2025-01-16,O,669,610,682,2,595
2025-01-17,A,234,246,353,0,127
2025-01-17,AB,267,53,80,0,240
2025-01-17,B,1049,263,384,3,925
2025-01-17,O,595,372,629,1,337
2025-01-18,A,127,432,338,2,219
2025-01-18,AB,240,98,75,1,262
2025-01-18,B,925,436,373,9,979
2025-01-18,O,337,736,567,3,503
2025-01-19,A,219,644,324,0,539
2025-01-19,AB,262,134,103,2,291
2025-01-19,B,979,605,337,4,1243
2025-01-19,O,503,1056,613,4,942
2025-01-20,A,539,191,385,2,343
2025-01-20,AB,291,48,82,1,256
2025-01-20,B,1243,259,354,9,1139
2025-01-20,O,942,395,672,1,664
2025-01-21,A,343,332,349,3,323
2025-01-21,AB,256,91,100,2,245
2025-01-21,B,1139,451,367,5,1218
2025-01-21,O,664,582,598,8,640
2025-01-22,A,323,372,343,1,351
2025-01-22,AB,245,94,107,2,230
2025-01-22,B,1218,460,359,10,1309
2025-01-22,O,640,655,632,3,660
2025-01-23,A,351,432,340,3,440
2025-01-23,AB,230,84,78,1,235
2025-01-23,B,1309,468,414,4,1359
2025-01-23,O,660,707,644,3,720
2025-01-24,A,440,305,331,0,414
2025-01-24,AB,235,76,91,0,220
2025-01-24,B,1359,334,386,5,1302
2025-01-24,O,720,483,625,2,576
2025-01-25,A,414,428,306,3,533
2025-01-25,AB,220,113,83,2,248
2025-01-25,B,1302,436,366,8,1364
2025-01-25,O,576,796,541,5,826
2025-01-26,A,533,531,337,8,719
2025-01-26,AB,248,127,66,0,309
2025-01-26,B,1364,571,376,8,1551
2025-01-26,O,826,908,585,7,1142
2025-01-27,A,719,236,344,1,610
2025-01-27,AB,309,50,92,0,267
2025-01-27,B,1551,267,383,5,1430
2025-01-27,O,1142,429,618,3,950
2025-01-28,A,610,307,365,5,547
2025-01-28,AB,267,76,84,2,257
2025-01-28,B,1430,402,364,9,1459
2025-01-28,O,950,627,576,5,996
2025-01-29,A,547,337,313,2,569
2025-01-29,AB,257,88,73,1,271
2025-01-29,B,1459,348,327,9,1471
2025-01-29,O,996,567,569,9,985
2025-01-30,A,569,334,341,7,555
2025-01-30,AB,271,67,85,3,250
2025-01-30,B,1471,369,350,11,1479
2025-01-30,O,985,652,626,9,1002
2025-01-31,A,555,212,308,4,455
2025-01-31,AB,250,60,98,1,211
2025-01-31,B,1479,232,347,5,1359
2025-01-31,O,1002,382,548,8,828
2025-02-01,A,455,368,262,2,559
2025-02-01,AB,211,91,72,2,228
2025-02-01,B,1359,426,325,6,1454
2025-02-01,O,828,666,487,4,1003
2025-02-02,A,559,429,276,4,708
2025-02-02,AB,228,124,83,1,268
2025-02-02,B,1454,474,345,6,1577
2025-02-02,O,1003,769,530,9,1233
2025-02-03,A,708,208,349,1,566
2025-02-03,AB,268,51,93,3,223
2025-02-03,B,1577,238,380,14,1421
2025-02-03,O,1233,405,555,6,1077
2025-02-04,A,566,343,298,5,606
2025-02-04,AB,223,47,81,1,188
2025-02-04,B,1421,388,332,8,1469
2025-02-04,O,1077,642,547,7,1165
2025-02-05,A,606,483,294,6,789
2025-02-05,AB,188,86,64,1,209
2025-02-05,B,1469,538,360,9,1638
2025-02-05,O,1165,783,529,4,1415
2025-02-06,A,789,439,331,7,890
2025-02-06,AB,209,97,80,0,226
2025-02-06,B,1638,461,342,7,1750
2025-02-06,O,1415,673,544,5,1539
2025-02-07,A,890,250,347,6,787
2025-02-07,AB,226,54,74,1,205
2025-02-07,B,1750,277,388,9,1630
2025-02-07,O,1539,429,515,9,1444
2025-02-08,A,787,472,305,9,945
2025-02-08,AB,205,117,66,3,253
2025-02-08,B,1630,508,284,5,1849
2025-02-08,O,1444,821,519,8,1738
2025-02-09,A,945,637,314,7,1261
2025-02-09,AB,253,158,68,1,342
2025-02-09,B,1849,663,352,16,2144
2025-02-09,O,1738,1077,534,11,2270
2025-02-10,A,1261,280,352,9,1180
2025-02-10,AB,342,58,64,1,335
2025-02-10,B,2144,294,396,13,2029
2025-02-10,O,2270,507,580,19,2178
2025-02-11,A,1180,713,301,6,1586
2025-02-11,AB,335,187,59,4,459
2025-02-11,B,2029,960,421,15,2553
2025-02-11,O,2178,1328,539,23,2944
2025-02-12,A,1586,357,314,8,1621
2025-02-12,AB,459,98,159,1,397
2025-02-12,B,2553,375,344,20,2564
2025-02-12,O,2944,629,501,22,3050
2025-02-13,A,1621,392,325,10,1678
2025-02-13,AB,397,104,86,3,412
2025-02-13,B,2564,469,381,19,2633
2025-02-13,O,3050,765,529,20,3266
2025-02-14,A,1678,323,327,8,1666
2025-02-14,AB,412,56,79,0,389
2025-02-14,B,2633,339,336,26,2610
2025-02-14,O,3266,548,516,18,3280
2025-02-15,A,1666,495,294,12,1855
2025-02-15,AB,389,120,83,3,423
2025-02-15,B,2610,543,348,22,2783
2025-02-15,O,3280,891,502,26,3643
2025-02-16,A,1855,831,305,15,2366
2025-02-16,AB,423,214,77,8,552
2025-02-16,B,2783,918,363,42,3296
2025-02-16,O,3643,1540,555,52,4576
2025-02-17,A,2366,301,341,16,2310
2025-02-17,AB,552,93,90,10,545
2025-02-17,B,3296,326,438,38,3146
2025-02-17,O,4576,530,566,43,4497
2025-02-18,A,2310,404,309,21,2384
2025-02-18,AB,545,95,94,4,542
2025-02-18,B,3146,458,394,33,3177
2025-02-18,O,4497,681,617,42,4519
2025-02-19,A,2384,493,314,22,2541
2025-02-19,AB,542,124,75,7,584
2025-02-19,B,3177,575,432,47,3273
2025-02-19,O,4519,786,603,54,4648
2025-02-20,A,2541,484,368,32,2625
2025-02-20,AB,584,123,91,6,610
2025-02-20,B,3273,562,432,40,3363
2025-02-20,O,4648,810,590,62,4806
2025-02-21,A,2625,281,354,19,2533
2025-02-21,AB,610,75,95,5,585
2025-02-21,B,3363,333,406,41,3249
2025-02-21,O,4806,513,583,57,4679
2025-02-22,A,2533,683,324,40,2852
2025-02-22,AB,585,160,87,9,649
2025-02-22,B,3249,748,355,55,3587
2025-02-22,O,4679,1155,538,80,5216
2025-02-23,A,2852,797,318,48,3283
2025-02-23,AB,649,165,64,12,738
2025-02-23,B,3587,859,387,74,3985
2025-02-23,O,5216,1497,558,91,6064
2025-02-24,A,3283,347,392,41,3197
2025-02-24,AB,738,84,102,6,714
2025-02-24,B,3985,435,417,57,3946
2025-02-24,O,6064,657,573,97,6051
2025-02-25,A,3197,563,432,55,3273
2025-02-25,AB,714,184,86,12,800
2025-02-25,B,3946,658,423,51,4130
2025-02-25,O,6051,1020,632,106,6333
2025-02-26,A,3273,583,362,52,3442
2025-02-26,AB,800,152,89,12,851
2025-02-26,B,4130,649,428,67,4284
2025-02-26,O,6333,961,627,106,6561
2025-02-27,A,3442,577,374,62,3583
2025-02-27,AB,851,140,106,14,871
2025-02-27,B,4284,681,441,81,4443
2025-02-27,O,6561,996,649,133,6775
2025-02-28,A,3583,431,437,53,3524
2025-02-28,AB,871,112,100,21,862
2025-02-28,B,4443,513,488,74,4394
2025-02-28,O,6775,769,651,115,6778
2025-03-01,A,3524,589,383,57,3673
2025-03-01,AB,862,135,133,15,849
2025-03-01,B,4394,640,421,91,4522
2025-03-01,O,6778,1025,581,137,7085
2025-03-02,A,3673,423,396,58,3642
2025-03-02,AB,849,84,104,12,817
2025-03-02,B,4522,469,401,96,4494
2025-03-02,O,7085,698,635,125,7023
2025-03-03,A,3642,146,379,57,3352
2025-03-03,AB,817,39,105,8,743
2025-03-03,B,4494,210,443,85,4176
2025-03-03,O,7023,276,665,114,6520
2025-03-04,A,3352,218,423,43,3104
2025-03-04,AB,743,56,123,11,665
2025-03-04,B,4176,246,439,47,3936
2025-03-04,O,6520,366,674,115,6097
2025-03-05,A,3104,217,391,27,2903
2025-03-05,AB,665,57,102,10,610
2025-03-05,B,3936,252,473,46,3669
2025-03-05,O,6097,407,614,95,5795
2025-03-06,A,2903,215,384,18,2716
2025-03-06,AB,610,60,103,7,560
2025-03-06,B,3669,234,449,45,3409
2025-03-06,O,5795,409,667,79,5458
2025-03-07,A,2716,267,366,33,2584
2025-03-07,AB,560,57,110,7,500
2025-03-07,B,3409,297,432,34,3240
2025-03-07,O,5458,453,583,70,5258
2025-03-08,A,2584,348,356,22,2554
2025-03-08,AB,500,65,78,1,486
2025-03-08,B,3240,380,395,47,3178
2025-03-08,O,5258,612,516,50,5304
2025-03-09,A,2554,858,362,37,3013
2025-03-09,AB,486,163,89,3,557
2025-03-09,B,3178,890,433,49,3586
2025-03-09,O,5304,1570,582,95,6197
2025-03-10,A,3013,198,414,29,2768
2025-03-10,AB,557,43,86,2,512
2025-03-10,B,3586,235,424,39,3358
2025-03-10,O,6197,362,627,82,5850
2025-03-11,A,2768,262,370,27,2633
2025-03-11,AB,512,49,77,5,479
2025-03-11,B,3358,303,449,35,3177
2025-03-11,O,5850,470,606,74,5640
2025-03-12,A,2633,292,386,26,2513
2025-03-12,AB,479,59,94,2,442
2025-03-12,B,3177,401,422,39,3117
2025-03-12,O,5640,542,585,80,5517
2025-03-13,A,2513,298,351,15,2445
2025-03-13,AB,442,58,91,3,406
2025-03-13,B,3117,313,423,45,2962
2025-03-13,O,5517,493,579,68,5363
2025-03-14,A,2445,233,348,19,2311
2025-03-14,AB,406,66,78,1,393
2025-03-14,B,2962,260,390,23,2809
2025-03-14,O,5363,450,568,71,5174
2025-03-15,A,2311,407,315,20,2383
2025-03-15,AB,393,87,63,0,417
2025-03-15,B,2809,387,346,20,2830
2025-03-15,O,5174,669,505,74,5264
2025-03-16,A,2383,791,380,41,2753
2025-03-16,AB,417,155,72,1,499
2025-03-16,B,2830,804,354,27,3253
2025-03-16,O,5264,1317,518,89,5974
2025-03-17,A,2753,194,403,19,2525
2025-03-17,AB,499,40,90,2,447
2025-03-17,B,3253,181,405,16,3013
2025-03-17,O,5974,319,577,89,5627
2025-03-18,A,2525,351,377,28,2471
2025-03-18,AB,447,59,74,2,430
2025-03-18,B,3013,342,330,34,2991
2025-03-18,O,5627,619,572,79,5595
2025-03-19,A,2471,257,407,17,2304
2025-03-19,AB,430,57,94,1,392
2025-03-19,B,2991,292,320,23,2940
2025-03-19,O,5595,452,556,76,5415
2025-03-20,A,2304,268,359,21,2192
2025-03-20,AB,392,54,79,4,363
2025-03-20,B,2940,266,341,36,2829
2025-03-20,O,5415,510,538,73,5314
2025-03-21,A,2192,247,317,20,2102
2025-03-21,AB,363,50,80,3,330
2025-03-21,B,2829,251,340,30,2710
2025-03-21,O,5314,448,558,74,5130
2025-03-22,A,2102,360,316,19,2127
2025-03-22,AB,330,74,67,1,336
2025-03-22,B,2710,396,299,20,2787
2025-03-22,O,5130,656,459,75,5252
2025-03-23,A,2127,801,357,32,2539
2025-03-23,AB,336,153,83,2,404
2025-03-23,B,2787,785,298,33,3241
2025-03-23,O,5252,1339,478,98,6015
2025-03-24,A,2539,208,339,21,2387
2025-03-24,AB,404,56,76,2,382
2025-03-24,B,3241,206,326,35,3086
2025-03-24,O,6015,392,583,78,5746
2025-03-25,A,2387,277,307,21,2336
2025-03-25,AB,382,76,74,0,384
2025-03-25,B,3086,332,303,40,3075
2025-03-25,O,5746,510,533,75,5648
2025-03-26,A,2336,277,314,18,2281
2025-03-26,AB,384,39,70,0,353
2025-03-26,B,3075,249,306,29,2989
2025-03-26,O,5648,453,477,81,5543
2025-03-27,A,2281,254,315,22,2198
2025-03-27,AB,353,39,76,1,315
2025-03-27,B,2989,265,314,31,2909
2025-03-27,O,5543,417,528,77,5355
2025-03-28,A,2198,223,287,14,2120
2025-03-28,AB,315,47,78,3,281
2025-03-28,B,2909,248,298,33,2826
2025-03-28,O,5355,446,457,68,5276
2025-03-29,A,2120,366,266,18,2202
2025-03-29,AB,281,84,60,4,301
2025-03-29,B,2826,394,218,27,2975
2025-03-29,O,5276,697,407,65,5501
2025-03-30,A,2202,282,287,16,2181
2025-03-30,AB,301,55,55,3,298
2025-03-30,B,2975,328,277,32,2994
2025-03-30,O,5501,471,408,78,5486
2025-03-31,A,2181,0,273,11,1897
2025-03-31,AB,298,0,61,0,237
2025-03-31,B,2994,0,263,27,2704
2025-03-31,O,5486,0,417,52,5017
2025-04-01,A,1897,44,283,10,1648
2025-04-01,AB,237,9,54,1,191
2025-04-01,B,2704,41,253,24,2468
2025-04-01,O,5017,78,406,46,4643
2025-04-02,A,1648,225,249,5,1619
2025-04-02,AB,191,56,62,0,185
2025-04-02,B,2468,248,268,18,2430
2025-04-02,O,4643,399,450,43,4549
2025-04-03,A,1619,297,257,12,1647
2025-04-03,AB,185,68,74,0,179
2025-04-03,B,2430,307,267,25,2445
2025-04-03,O,4549,513,435,49,4578
2025-04-04,A,1647,259,254,11,1641
2025-04-04,AB,179,64,53,1,189
2025-04-04,B,2445,278,271,22,2430
2025-04-04,O,4578,494,416,53,4603
2025-04-05,A,1641,471,239,11,1862
2025-04-05,AB,189,119,55,2,251
2025-04-05,B,2430,572,257,28,2717
2025-04-05,O,4603,848,405,53,4993
2025-04-06,A,1862,834,209,24,2463
2025-04-06,AB,251,185,63,1,372
2025-04-06,B,2717,848,289,47,3229
2025-04-06,O,4993,1396,381,84,5924
2025-04-07,A,2463,202,239,21,2405
2025-04-07,AB,372,56,65,0,363
2025-04-07,B,3229,212,274,38,3129
2025-04-07,O,5924,372,457,75,5764
2025-04-08,A,2405,344,244,24,2481
2025-04-08,AB,363,95,72,3,383
2025-04-08,B,3129,429,277,43,3238
2025-04-08,O,5764,638,454,106,5842
2025-04-09,A,2481,406,261,20,2606
2025-04-09,AB,383,111,68,2,424
2025-04-09,B,3238,478,289,44,3383
2025-04-09,O,5842,715,449,94,6014
2025-04-10,A,2606,490,274,33,2789
2025-04-10,AB,424,117,61,2,478
2025-04-10,B,3383,553,316,54,3566
2025-04-10,O,6014,807,485,102,6234
2025-04-11,A,2789,250,292,27,2720
2025-04-11,AB,478,66,72,2,470
2025-04-11,B,3566,260,311,35,3480
2025-04-11,O,6234,421,458,85,6112
2025-04-12,A,2720,526,217,43,2986
2025-04-12,AB,470,128,65,6,527
2025-04-12,B,3480,579,283,57,3719
2025-04-12,O,6112,975,434,111,6542
2025-04-13,A,2986,803,259,60,3470
2025-04-13,AB,527,168,60,7,628
2025-04-13,B,3719,693,309,68,4035
2025-04-13,O,6542,1211,1126,110,6517
2025-04-14,A,3470,239,271,50,3388
2025-04-14,AB,628,72,58,8,634
2025-04-14,B,4035,312,308,69,3970
2025-04-14,O,6517,456,481,106,6386
2025-04-15,A,3388,461,267,51,3531
2025-04-15,AB,634,125,70,8,681
2025-04-15,B,3970,525,314,50,4131
2025-04-15,O,6386,713,446,115,6538
2025-04-16,A,3531,435,262,54,3650
2025-04-16,AB,681,106,65,8,714
2025-04-16,B,4131,492,322,76,4225
2025-04-16,O,6538,705,498,106,6639
2025-04-17,A,3650,433,298,60,3725
2025-04-17,AB,714,106,76,8,736
2025-04-17,B,4225,461,319,62,4305
2025-04-17,O,6639,717,501,101,6754
2025-04-18,A,3725,293,267,61,3690
2025-04-18,AB,736,65,63,8,730
2025-04-18,B,4305,305,330,67,4213
2025-04-18,O,6754,486,430,135,6675
2025-04-19,A,3690,599,270,60,3959
2025-04-19,AB,730,150,64,12,804
2025-04-19,B,4213,651,300,79,4485
2025-04-19,O,6675,1021,434,146,7116
2025-04-20,A,3959,777,300,88,4348
2025-04-20,AB,804,174,60,17,901
2025-04-20,B,4485,805,344,87,4859
2025-04-20,O,7116,1350,480,164,7822
2025-04-21,A,4348,244,322,67,4203
2025-04-21,AB,901,50,73,16,862
2025-04-21,B,4859,293,319,82,4751
2025-04-21,O,7822,408,502,144,7584
2025-04-22,A,4203,351,324,70,4160
2025-04-22,AB,862,85,67,12,868
2025-04-22,B,4751,346,337,77,4683
2025-04-22,O,7584,667,489,142,7620
2025-04-23,A,4160,438,309,90,4199
2025-04-23,AB,868,115,79,9,895
2025-04-23,B,4683,492,363,101,4711
2025-04-23,O,7620,733,539,171,7643
2025-04-24,A,4199,357,280,76,4200
2025-04-24,AB,895,76,84,12,875
2025-04-24,B,4711,392,324,80,4699
2025-04-24,O,7643,600,519,150,7574
2025-04-25,A,4200,413,306,83,4224
2025-04-25,AB,875,90,79,12,874
2025-04-25,B,4699,416,351,84,4680
2025-04-25,O,7574,688,508,175,7579
2025-04-26,A,4224,476,275,93,4332
2025-04-26,AB,874,130,51,13,940
2025-04-26,B,4680,532,350,96,4766
2025-04-26,O,7579,917,486,179,7831
2025-04-27,A,4332,796,338,112,4678
2025-04-27,AB,940,176,69,17,1030
2025-04-27,B,4766,871,357,107,5173
2025-04-27,O,7831,1381,512,208,8492
2025-04-28,A,4678,241,357,97,4465
2025-04-28,AB,1030,47,76,18,983
2025-04-28,B,5173,282,405,113,4937
2025-04-28,O,8492,468,554,207,8199
2025-04-29,A,4465,428,335,90,4468
2025-04-29,AB,983,72,70,16,969
2025-04-29,B,4937,499,414,106,4916
2025-04-29,O,8199,746,606,170,8169
2025-04-30,A,4468,303,318,73,4380
2025-04-30,AB,969,75,84,22,938
2025-04-30,B,4916,344,444,81,4735
2025-04-30,O,8169,525,597,190,7907
2025-05-01,A,4380,1021,367,133,4901
2025-05-01,AB,938,211,90,16,1043
2025-05-01,B,4735,945,443,98,5139
2025-05-01,O,7907,1682,621,220,8748
2025-05-02,A,4901,192,371,99,4623
2025-05-02,AB,1043,46,101,17,971
2025-05-02,B,5139,231,491,99,4780
2025-05-02,O,8748,363,606,187,8318
2025-05-03,A,4623,523,355,89,4702
2025-05-03,AB,971,84,92,12,951
2025-05-03,B,4780,568,499,92,4757
2025-05-03,O,8318,946,540,206,8518
2025-05-04,A,4702,616,384,103,4831
2025-05-04,AB,951,115,91,15,960
2025-05-04,B,4757,622,441,109,4829
2025-05-04,O,8518,1119,611,230,8796
2025-05-05,A,4831,294,367,83,4675
2025-05-05,AB,960,57,87,14,916
2025-05-05,B,4829,309,481,80,4577
2025-05-05,O,8796,460,689,220,8347
2025-05-06,A,4675,368,357,110,4576
2025-05-06,AB,916,74,76,21,893
2025-05-06,B,4577,401,475,93,4410
2025-05-06,O,8347,591,617,171,8150
2025-05-07,A,4576,399,387,96,4492
2025-05-07,AB,893,81,100,20,854
2025-05-07,B,4410,460,1000,53,3817
2025-05-07,O,8150,673,622,173,8028
2025-05-08,A,4492,410,333,96,4473
2025-05-08,AB,854,74,85,12,831
2025-05-08,B,3817,464,468,48,3765
2025-05-08,O,8028,671,624,176,7899
2025-05-09,A,4473,212,341,71,4273
2025-05-09,AB,831,46,74,12,791
2025-05-09,B,3765,248,443,51,3519
2025-05-09,O,7899,394,646,140,7507
2025-05-10,A,4273,438,284,92,4335
2025-05-10,AB,791,85,66,13,797
2025-05-10,B,3519,512,433,64,3534
2025-05-10,O,7507,810,621,159,7537
2025-05-11,A,4335,645,336,88,4556
2025-05-11,AB,797,155,75,16,861
2025-05-11,B,3534,728,453,56,3753
2025-05-11,O,7537,1124,610,175,7876
2025-05-12,A,4556,781,335,108,4894
2025-05-12,AB,861,196,95,22,940
2025-05-12,B,3753,834,551,72,3964
2025-05-12,O,7876,1367,659,220,8364
2025-05-13,A,4894,401,365,100,4830
2025-05-13,AB,940,95,80,18,937
2025-05-13,B,3964,426,499,62,3829
2025-05-13,O,8364,682,605,187,8254
2025-05-14,A,4830,419,379,108,4762
2025-05-14,AB,937,81,101,9,908
2025-05-14,B,3829,482,518,53,3740
2025-05-14,O,8254,704,656,197,8105
2025-05-15,A,4762,369,346,106,4679
2025-05-15,AB,908,106,89,15,910
2025-05-15,B,3740,470,496,59,3655
2025-05-15,O,8105,602,638,191,7878
2025-05-16,A,4679,236,331,99,4485
2025-05-16,AB,910,60,80,13,877
2025-05-16,B,3655,222,489,41,3347
2025-05-16,O,7878,366,653,161,7430
2025-05-17,A,4485,604,305,113,4671
2025-05-17,AB,877,167,89,22,933
2025-05-17,B,3347,632,437,49,3493
2025-05-17,O,7430,997,570,163,7694
2025-05-18,A,4671,835,317,125,5064
2025-05-18,AB,933,154,84,21,982
2025-05-18,B,3493,854,500,55,3792
2025-05-18,O,7694,1389,565,169,8349
2025-05-19,A,5064,180,330,123,4791
2025-05-19,AB,982,42,97,22,905
2025-05-19,B,3792,227,501,35,3483
2025-05-19,O,8349,316,580,191,7894
2025-05-20,A,4791,452,320,120,4803
2025-05-20,AB,905,92,83,12,902
2025-05-20,B,3483,520,456,56,3491
2025-05-20,O,7894,779,604,178,7891
2025-05-21,A,4803,374,329,80,4768
2025-05-21,AB,902,82,90,15,879
2025-05-21,B,3491,420,510,36,3365
2025-05-21,O,7891,638,634,168,7727
2025-05-22,A,4768,393,325,113,4723
2025-05-22,AB,879,106,78,9,898
2025-05-22,B,3365,467,488,50,3294
2025-05-22,O,7727,660,676,165,7546
2025-05-23,A,4723,230,326,88,4539
2025-05-23,AB,898,60,96,10,852
2025-05-23,B,3294,300,492,36,3066
2025-05-23,O,7546,403,627,162,7160
2025-05-24,A,4539,541,340,94,4646
2025-05-24,AB,852,119,70,15,886
2025-05-24,B,3066,632,491,28,3179
2025-05-24,O,7160,831,573,166,7252
2025-05-25,A,4646,792,309,118,5011
2025-05-25,AB,886,161,83,18,946
2025-05-25,B,3179,855,507,45,3482
2025-05-25,O,7252,1407,580,173,7906
2025-05-26,A,5011,250,338,104,4819
2025-05-26,AB,946,46,90,18,884
2025-05-26,B,3482,281,527,38,3198
2025-05-26,O,7906,447,676,155,7522
2025-05-27,A,4819,287,376,103,4627
2025-05-27,AB,884,58,90,11,841
2025-05-27,B,3198,319,505,27,2985
2025-05-27,O,7522,517,586,128,7325
2025-05-28,A,4627,342,350,93,4526
2025-05-28,AB,841,73,110,8,796
2025-05-28,B,2985,399,503,23,2858
2025-05-28,O,7325,625,612,166,7172
2025-05-29,A,4526,341,380,78,4409
2025-05-29,AB,796,47,86,11,746
2025-05-29,B,2858,395,506,34,2713
2025-05-29,O,7172,596,656,115,6997
2025-05-30,A,4409,221,372,76,4182
2025-05-30,AB,746,40,101,3,682
2025-05-30,B,2713,266,489,22,2468
2025-05-30,O,6997,419,645,122,6649
2025-05-31,A,4182,398,350,75,4155
2025-05-31,AB,682,69,75,5,671
2025-05-31,B,2468,478,406,20,2520
2025-05-31,O,6649,655,595,118,6591
2025-06-01,A,4155,556,339,80,4292
2025-06-01,AB,671,65,93,7,636
2025-06-01,B,2520,590,473,15,2622
2025-06-01,O,6591,1055,572,128,6946
2025-06-02,A,4292,442,397,82,4255
2025-06-02,AB,636,60,87,2,607
2025-06-02,B,2622,509,463,24,2644
2025-06-02,O,6946,781,623,143,6961
2025-06-03,A,4255,282,352,79,4106
2025-06-03,AB,607,49,95,4,557
2025-06-03,B,2644,293,470,14,2453
2025-06-03,O,6961,460,617,107,6697
2025-06-04,A,4106,305,362,70,3979
2025-06-04,AB,557,54,98,1,512
2025-06-04,B,2453,323,485,13,2278
2025-06-04,O,6697,514,599,118,6494
2025-06-05,A,3979,271,367,59,3824
2025-06-05,AB,512,59,91,2,478
2025-06-05,B,2278,353,481,15,2135
2025-06-05,O,6494,527,631,125,6265
2025-06-06,A,3824,163,341,56,3590
2025-06-06,AB,478,25,101,1,401
2025-06-06,B,2135,191,460,14,1852
2025-06-06,O,6265,299,561,79,5924
2025-06-07,A,3590,147,577,44,3116
2025-06-07,AB,401,12,54,2,357
2025-06-07,B,1852,117,407,5,1557
2025-06-07,O,5924,217,496,71,5574
2025-06-08,A,3116,341,320,28,3109
2025-06-08,AB,357,37,68,4,322
2025-06-08,B,1557,305,886,2,974
2025-06-08,O,5574,560,543,88,5503
2025-06-09,A,3109,244,366,45,2942
2025-06-09,AB,322,51,87,3,283
2025-06-09,B,974,289,419,8,836
2025-06-09,O,5503,479,514,68,5400
2025-06-10,A,2942,449,360,37,2994
2025-06-10,AB,283,108,85,4,302
2025-06-10,B,836,529,443,2,920
2025-06-10,O,5400,785,566,77,5542
2025-06-11,A,2994,419,373,40,3000
2025-06-11,AB,302,116,64,1,353
2025-06-11,B,920,475,377,7,1011
2025-06-11,O,5542,763,548,87,5670
2025-06-12,A,3000,486,325,38,3123
2025-06-12,AB,353,105,62,0,396
2025-06-12,B,1011,542,403,11,1139
2025-06-12,O,5670,795,554,94,5817
2025-06-13,A,3123,308,358,23,3050
2025-06-13,AB,396,76,69,4,399
2025-06-13,B,1139,321,426,7,1027
2025-06-13,O,5817,636,544,88,5821
2025-06-14,A,3050,552,337,45,3220
2025-06-14,AB,399,150,60,5,484
2025-06-14,B,1027,649,377,9,1290
2025-06-14,O,5821,915,498,111,6127
2025-06-15,A,3220,893,334,59,3720
2025-06-15,AB,484,233,77,3,637
2025-06-15,B,1290,969,424,6,1829
2025-06-15,O,6127,1525,553,101,6998
2025-06-16,A,3720,486,366,59,3781
2025-06-16,AB,637,119,79,7,670
2025-06-16,B,1829,569,484,6,1908
2025-06-16,O,6998,861,541,134,7184
2025-06-17,A,3781,391,381,70,3721
2025-06-17,AB,670,106,94,5,677
2025-06-17,B,1908,427,419,13,1903
2025-06-17,O,7184,730,579,129,7206
2025-06-18,A,3721,410,368,63,3700
2025-06-18,AB,677,104,59,10,712
2025-06-18,B,1903,441,436,14,1894
2025-06-18,O,7206,700,541,149,7216
2025-06-19,A,3700,354,374,53,3627
2025-06-19,AB,712,100,82,12,718
2025-06-19,B,1894,412,439,18,1849
2025-06-19,O,7216,605,582,132,7107
2025-06-20,A,3627,210,343,36,3458
2025-06-20,AB,718,54,70,6,696
2025-06-20,B,1849,237,445,10,1631
2025-06-20,O,7107,337,549,124,6771
2025-06-21,A,3458,679,368,64,3705
2025-06-21,AB,696,163,74,9,776
2025-06-21,B,1631,731,408,14,1940
2025-06-21,O,6771,1190,524,160,7277
2025-06-22,A,3705,681,399,62,3925
2025-06-22,AB,776,128,83,10,811
2025-06-22,B,1940,665,433,13,2159
2025-06-22,O,7277,1162,545,167,7727
2025-06-23,A,3925,283,445,58,3705
2025-06-23,AB,811,26,90,6,741
2025-06-23,B,2159,301,431,13,2016
2025-06-23,O,7727,506,625,161,7447
2025-06-24,A,3705,363,368,55,3645
2025-06-24,AB,741,80,75,8,738
2025-06-24,B,2016,433,417,14,2018
2025-06-24,O,7447,604,539,136,7376
2025-06-25,A,3645,404,426,50,3573
2025-06-25,AB,738,70,99,11,698
2025-06-25,B,2018,462,441,8,2031
2025-06-25,O,7376,672,584,163,7301
2025-06-26,A,3573,301,397,50,3427
2025-06-26,AB,698,57,75,12,668
2025-06-26,B,2031,365,390,12,1994
2025-06-26,O,7301,552,573,135,7145
2025-06-27,A,3427,253,362,37,3281
2025-06-27,AB,668,33,84,7,610
2025-06-27,B,1994,246,420,10,1810
2025-06-27,O,7145,405,569,125,6856
2025-06-28,A,3281,364,350,43,3252
2025-06-28,AB,610,47,68,8,581
2025-06-28,B,1810,426,415,18,1803
2025-06-28,O,6856,668,567,111,6846
2025-06-29,A,3252,720,337,50,3585
2025-06-29,AB,581,146,67,11,649
2025-06-29,B,1803,737,433,13,2094
2025-06-29,O,6846,1326,500,148,7524
2025-06-30,A,3585,211,386,48,3362
2025-06-30,AB,649,37,70,5,611
2025-06-30,B,2094,246,413,12,1915
2025-06-30,O,7524,335,618,142,7099
2025-07-01,A,3362,333,364,41,3290
2025-07-01,AB,611,76,83,9,595
2025-07-01,B,1915,431,432,15,1899
2025-07-01,O,7099,626,628,135,6962
2025-07-02,A,3290,331,366,37,3218
2025-07-02,AB,595,79,90,3,581
2025-07-02,B,1899,359,388,9,1861
2025-07-02,O,6962,597,605,134,6820
2025-07-03,A,3218,380,403,36,3159
2025-07-03,AB,581,107,89,4,595
2025-07-03,B,1861,444,461,9,1835
2025-07-03,O,6820,623,585,130,6728
2025-07-04,A,3159,361,623,36,2861
2025-07-04,AB,595,54,88,5,556
2025-07-04,B,1835,287,467,10,1645
2025-07-04,O,6728,437,606,93,6466
2025-07-05,A,2861,558,383,29,3007
2025-07-05,AB,556,100,93,10,553
2025-07-05,B,1645,652,447,13,1837
2025-07-05,O,6466,959,566,127,6732
2025-07-06,A,3007,684,384,32,3275
2025-07-06,AB,553,142,90,4,601
2025-07-06,B,1837,702,439,10,2090
2025-07-06,O,6732,1093,540,146,7139
2025-07-07,A,3275,332,407,42,3158
2025-07-07,AB,601,78,83,6,590
2025-07-07,B,2090,345,457,12,1966
2025-07-07,O,7139,562,626,143,6932
2025-07-08,A,3158,321,427,39,3013
2025-07-08,AB,590,83,73,7,593
2025-07-08,B,1966,404,425,8,1937
2025-07-08,O,6932,604,626,126,6784
2025-07-09,A,3013,355,441,28,2899
2025-07-09,AB,593,89,101,5,576
2025-07-09,B,1937,364,482,10,1809
2025-07-09,O,6784,581,655,118,6592
2025-07-10,A,2899,258,445,39,2673
2025-07-10,AB,576,68,101,4,539
2025-07-10,B,1809,318,479,8,1640
2025-07-10,O,6592,517,621,102,6386
2025-07-11,A,2673,289,395,17,2550
2025-07-11,AB,539,52,73,3,515
2025-07-11,B,1640,304,506,10,1428
2025-07-11,O,6386,479,624,105,6136
2025-07-12,A,2550,581,411,29,2691
2025-07-12,AB,515,126,79,3,559
2025-07-12,B,1428,646,450,11,1613
2025-07-12,O,6136,999,566,99,6470
2025-07-13,A,2691,756,459,40,2948
2025-07-13,AB,559,192,111,5,635
2025-07-13,B,1613,760,453,15,1905
2025-07-13,O,6470,1388,570,126,7162
2025-07-14,A,2948,259,444,21,2742
2025-07-14,AB,635,51,84,9,593
2025-07-14,B,1905,282,467,14,1706
2025-07-14,O,7162,427,665,115,6809
2025-07-15,A,2742,336,412,25,2641
2025-07-15,AB,593,77,96,4,570
2025-07-15,B,1706,376,488,10,1584
2025-07-15,O,6809,609,618,117,6683
2025-07-16,A,2641,438,445,25,2609
2025-07-16,AB,570,100,83,5,582
2025-07-16,B,1584,470,473,10,1571
2025-07-16,O,6683,714,604,104,6689
2025-07-17,A,2609,412,433,25,2563
2025-07-17,AB,582,82,78,6,580
2025-07-17,B,1571,482,459,12,1582
2025-07-17,O,6689,710,619,107,6673
2025-07-18,A,2563,321,376,21,2487
2025-07-18,AB,580,63,89,7,547
2025-07-18,B,1582,329,471,8,1432
2025-07-18,O,6673,524,611,110,6476
2025-07-19,A,2487,485,399,24,2549
2025-07-19,AB,547,122,69,5,595
2025-07-19,B,1432,570,416,11,1575
2025-07-19,O,6476,850,574,121,6631
2025-07-20,A,2549,648,364,29,2804
2025-07-20,AB,595,121,74,10,632
2025-07-20,B,1575,723,455,19,1824
2025-07-20,O,6631,1215,609,126,7111
2025-07-21,A,2804,231,457,24,2554
2025-07-21,AB,632,52,92,6,586
2025-07-21,B,1824,237,451,14,1596
2025-07-21,O,7111,387,647,120,6731
2025-07-22,A,2554,314,382,21,2465
2025-07-22,AB,586,72,73,7,578
2025-07-22,B,1596,352,492,6,1450
2025-07-22,O,6731,514,582,113,6550
2025-07-23,A,2465,442,435,19,2453
2025-07-23,AB,578,95,85,3,585
2025-07-23,B,1450,471,493,7,1421
2025-07-23,O,6550,745,641,103,6551
2025-07-24,A,2453,385,395,20,2423
2025-07-24,AB,585,94,73,5,601
2025-07-24,B,1421,428,457,6,1386
2025-07-24,O,6551,607,604,94,6460
2025-07-25,A,2423,256,385,17,2277
2025-07-25,AB,601,58,76,4,579
2025-07-25,B,1386,294,471,7,1202
2025-07-25,O,6460,488,611,107,6230
2025-07-26,A,2277,433,350,25,2335
2025-07-26,AB,579,106,79,7,599
2025-07-26,B,1202,492,415,6,1273
2025-07-26,O,6230,807,561,112,6364
2025-07-27,A,2335,759,375,26,2693
2025-07-27,AB,599,173,76,5,691
2025-07-27,B,1273,765,405,7,1626
2025-07-27,O,6364,1286,625,150,6875
2025-07-28,A,2693,196,456,27,2406
2025-07-28,AB,691,42,85,7,641
2025-07-28,B,1626,183,520,12,1277
2025-07-28,O,6875,335,619,110,6481
2025-07-29,A,2406,355,390,19,2352
2025-07-29,AB,641,110,91,10,650
2025-07-29,B,1277,398,443,10,1222
2025-07-29,O,6481,618,695,94,6310
2025-07-30,A,2352,486,374,24,2440
2025-07-30,AB,650,111,79,5,677
2025-07-30,B,1222,457,462,8,1209
2025-07-30,O,6310,689,650,114,6235
2025-07-31,A,2440,297,443,15,2279
2025-07-31,AB,677,63,93,3,644
2025-07-31,B,1209,336,471,6,1068
2025-07-31,O,6235,497,632,85,6015
2025-08-01,A,2279,202,409,14,2058
2025-08-01,AB,644,47,101,4,586
2025-08-01,B,1068,210,459,2,817
2025-08-01,O,6015,337,645,96,5611
2025-08-02,A,2058,508,381,20,2165
2025-08-02,AB,586,116,76,6,620
2025-08-02,B,817,538,453,3,899
2025-08-02,O,5611,888,634,85,5780
2025-08-03,A,2165,743,414,21,2473
2025-08-03,AB,620,146,73,9,684
2025-08-03,B,899,732,453,8,1170
2025-08-03,O,5780,1319,621,97,6381
2025-08-04,A,2473,156,426,14,2189
2025-08-04,AB,684,49,99,9,625
2025-08-04,B,1170,175,440,8,897
2025-08-04,O,6381,312,648,94,5951
2025-08-05,A,2189,287,414,13,2049
2025-08-05,AB,625,61,94,5,587
2025-08-05,B,897,341,457,1,780
2025-08-05,O,5951,504,644,96,5715
2025-08-06,A,2049,393,380,16,2046
2025-08-06,AB,587,106,83,9,601
2025-08-06,B,780,485,435,7,823
2025-08-06,O,5715,679,666,65,5663
2025-08-07,A,2046,388,385,12,2037
2025-08-07,AB,601,101,84,6,612
2025-08-07,B,823,468,442,5,844
2025-08-07,O,5663,692,646,72,5637
2025-08-08,A,2037,261,397,11,1890
2025-08-08,AB,612,67,103,6,570
2025-08-08,B,844,283,446,4,677
2025-08-08,O,5637,444,653,76,5352
2025-08-09,A,1890,490,388,14,1978
2025-08-09,AB,570,105,83,8,584
2025-08-09,B,677,506,458,8,717
2025-08-09,O,5352,775,615,84,5428
2025-08-10,A,1978,776,426,25,2303
2025-08-10,AB,584,141,98,8,619
2025-08-10,B,717,794,444,4,1063
2025-08-10,O,5428,1174,621,80,5901
2025-08-11,A,2303,225,430,11,2087
2025-08-11,AB,619,45,88,2,574
2025-08-11,B,1063,230,484,7,802
2025-08-11,O,5901,379,667,96,5517
2025-08-12,A,2087,420,383,21,2103
2025-08-12,AB,574,112,96,2,588
2025-08-12,B,802,501,454,2,847
2025-08-12,O,5517,636,654,62,5437
2025-08-13,A,2103,464,453,14,2100
2025-08-13,AB,588,113,99,8,594
2025-08-13,B,847,465,406,9,897
2025-08-13,O,5437,733,720,76,5374
2025-08-14,A,2100,395,440,15,2040
2025-08-14,AB,594,80,86,4,584
2025-08-14,B,897,474,463,4,904
2025-08-14,O,5374,690,685,66,5313
2025-08-15,A,2040,272,419,14,1879
2025-08-15,AB,584,73,93,9,555
2025-08-15,B,904,311,421,4,790
2025-08-15,O,5313,473,701,62,5023
2025-08-16,A,1879,543,396,13,2013
2025-08-16,AB,555,141,80,1,615
2025-08-16,B,790,589,409,10,960
2025-08-16,O,5023,949,601,67,5304
2025-08-17,A,2013,751,408,18,2338
2025-08-17,AB,615,204,102,12,705
2025-08-17,B,960,805,386,10,1369
2025-08-17,O,5304,1300,680,94,5830
2025-08-18,A,2338,284,432,12,2178
2025-08-18,AB,705,67,100,7,665
2025-08-18,B,1369,300,480,8,1181
2025-08-18,O,5830,433,721,68,5474
2025-08-19,A,2178,294,431,12,2029
2025-08-19,AB,665,89,86,4,664
2025-08-19,B,1181,347,440,7,1081
2025-08-19,O,5474,535,696,66,5247
2025-08-20,A,2029,357,430,17,1939
2025-08-20,AB,664,84,93,13,642
2025-08-20,B,1081,381,435,5,1022
2025-08-20,O,5247,575,688,62,5072
2025-08-21,A,1939,384,456,11,1856
2025-08-21,AB,642,111,111,5,637
2025-08-21,B,1022,447,441,5,1023
2025-08-21,O,5072,605,710,54,4913
2025-08-22,A,1856,247,446,9,1648
2025-08-22,AB,637,62,103,3,593
2025-08-22,B,1023,278,452,5,844
2025-08-22,O,4913,481,704,46,4644
2025-08-23,A,1648,481,408,10,1711
2025-08-23,AB,593,90,98,4,581
2025-08-23,B,844,465,455,6,848
2025-08-23,O,4644,899,655,61,4827
2025-08-24,A,1711,761,440,14,2018
2025-08-24,AB,581,171,89,8,655
2025-08-24,B,848,833,447,11,1223
2025-08-24,O,4827,1363,664,75,5451
2025-08-25,A,2018,193,448,11,1752
2025-08-25,AB,655,56,108,4,599
2025-08-25,B,1223,235,475,7,976
2025-08-25,O,5451,343,748,73,4973
2025-08-26,A,1752,330,426,12,1644
2025-08-26,AB,599,67,100,2,564
2025-08-26,B,976,379,450,10,895
2025-08-26,O,4973,567,1503,35,4002
2025-08-27,A,1644,422,443,9,1614
2025-08-27,AB,564,99,108,5,550
2025-08-27,B,895,433,473,10,845
2025-08-27,O,4002,726,684,41,4003
2025-08-28,A,1614,434,459,14,1575
2025-08-28,AB,550,106,108,4,544
2025-08-28,B,845,509,472,9,873
2025-08-28,O,4003,699,734,23,3945
2025-08-29,A,1575,178,387,10,1356
2025-08-29,AB,544,40,99,3,482
2025-08-29,B,873,209,453,6,623
2025-08-29,O,3945,368,782,31,3500
2025-08-30,A,1356,502,399,10,1449
2025-08-30,AB,482,109,88,2,501
2025-08-30,B,623,530,452,9,692
2025-08-30,O,3500,839,724,19,3596
2025-08-31,A,1449,817,449,11,1806
2025-08-31,AB,501,180,98,4,579
2025-08-31,B,692,792,491,4,989
2025-08-31,O,3596,1346,727,48,4167
2025-09-01,A,1806,398,445,13,1746
2025-09-01,AB,579,84,100,1,562
2025-09-01,B,989,436,455,10,960
2025-09-01,O,4167,677,743,33,4068
2025-09-02,A,1746,311,444,15,1598
2025-09-02,AB,562,77,114,4,521
2025-09-02,B,960,332,481,3,808
2025-09-02,O,4068,502,722,40,3808
2025-09-03,A,1598,375,410,6,1557
2025-09-03,AB,521,87,106,4,498
2025-09-03,B,808,451,450,6,803
2025-09-03,O,3808,632,748,29,3663
2025-09-04,A,1557,345,468,13,1421
2025-09-04,AB,498,85,112,0,471
2025-09-04,B,803,387,507,5,678
2025-09-04,O,3663,615,753,21,3504
2025-09-05,A,1421,199,466,9,1145
2025-09-05,AB,471,55,98,3,425
2025-09-05,B,678,253,451,2,478
2025-09-05,O,3504,397,719,25,3157
2025-09-06,A,1145,404,383,7,1159
2025-09-06,AB,425,98,98,4,421
2025-09-06,B,478,445,419,2,502
2025-09-06,O,3157,698,685,17,3153
2025-09-07,A,1159,607,434,11,1321
2025-09-07,AB,421,132,109,1,443
2025-09-07,B,502,639,463,1,677
2025-09-07,O,3153,1164,709,24,3584
2025-09-08,A,1321,198,458,7,1054
2025-09-08,AB,443,38,102,5,374
2025-09-08,B,677,222,487,2,410
2025-09-08,O,3584,320,788,15,3101
2025-09-09,A,1054,312,391,8,967
2025-09-09,AB,374,94,104,0,364
2025-09-09,B,410,344,434,2,318
2025-09-09,O,3101,490,693,21,2877
2025-09-10,A,967,358,406,8,911
2025-09-10,AB,364,74,117,1,320
2025-09-10,B,318,404,484,0,238
2025-09-10,O,2877,660,757,14,2766
2025-09-11,A,911,445,419,4,933
2025-09-11,AB,320,108,99,3,326
2025-09-11,B,238,509,433,1,313
2025-09-11,O,2766,771,756,14,2767
2025-09-12,A,933,226,401,1,757
2025-09-12,AB,326,39,114,0,251
2025-09-12,B,313,211,466,0,58
2025-09-12,O,2767,353,745,16,2359
2025-09-13,A,757,319,405,0,671
2025-09-13,AB,251,60,91,0,220
2025-09-13,B,58,307,365,0,0
2025-09-13,O,2359,570,701,6,2222
2025-09-14,A,671,591,353,2,907
2025-09-14,AB,220,146,99,3,264
2025-09-14,B,0,639,433,4,202
2025-09-14,O,2222,1065,672,15,2600
2025-09-15,A,907,286,397,4,792
2025-09-15,AB,264,75,84,1,254
2025-09-15,B,202,296,498,0,0
2025-09-15,O,2600,482,765,14,2303
2025-09-16,A,792,581,422,10,941
2025-09-16,AB,254,131,102,1,282
2025-09-16,B,0,621,471,1,149
2025-09-16,O,2303,1017,738,15,2567
2025-09-17,A,941,283,412,5,807
2025-09-17,AB,282,59,102,2,237
2025-09-17,B,149,311,460,0,0
2025-09-17,O,2567,475,759,16,2267
2025-09-18,A,807,303,382,1,727
2025-09-18,AB,237,78,102,4,209
2025-09-18,B,0,324,324,0,0
2025-09-18,O,2267,546,763,12,2038
2025-09-19,A,727,231,402,1,555
2025-09-19,AB,209,70,97,1,181
2025-09-19,B,0,278,278,0,0
2025-09-19,O,2038,396,743,8,1683
2025-09-20,A,555,405,368,2,590
2025-09-20,AB,181,91,81,1,190
2025-09-20,B,0,457,436,0,21
2025-09-20,O,1683,751,723,10,1701
2025-09-21,A,590,563,391,4,758
2025-09-21,AB,190,136,93,3,230
2025-09-21,B,21,607,475,3,150
2025-09-21,O,1701,914,753,14,1848
2025-09-22,A,758,173,400,2,529
2025-09-22,AB,230,34,110,0,154
2025-09-22,B,150,166,316,0,0
2025-09-22,O,1848,263,753,12,1346
2025-09-23,A,529,387,392,2,522
2025-09-23,AB,154,117,97,1,173
2025-09-23,B,0,451,451,0,0
2025-09-23,O,1346,635,738,7,1236
2025-09-24,A,522,324,367,2,477
2025-09-24,AB,173,104,123,0,154
2025-09-24,B,0,341,341,0,0
2025-09-24,O,1236,575,752,3,1056
2025-09-25,A,477,390,403,2,462
2025-09-25,AB,154,107,95,4,162
2025-09-25,B,0,468,468,0,0
2025-09-25,O,1056,677,765,4,964
2025-09-26,A,462,261,364,2,357
2025-09-26,AB,162,82,84,0,160
2025-09-26,B,0,309,309,0,0
2025-09-26,O,964,459,694,6,723
2025-09-27,A,357,386,326,3,414
2025-09-27,AB,160,78,92,0,146
2025-09-27,B,0,371,371,0,0
2025-09-27,O,723,605,684,4,640
2025-09-28,A,414,704,351,7,760
2025-09-28,AB,146,182,101,3,224
2025-09-28,B,0,694,465,1,228
2025-09-28,O,640,1219,718,5,1136
2025-09-29,A,760,246,403,1,602
2025-09-29,AB,224,52,85,0,191
2025-09-29,B,228,247,474,0,1
2025-09-29,O,1136,392,754,8,766
2025-09-30,A,602,338,410,6,524
2025-09-30,AB,191,76,97,2,168
2025-09-30,B,1,450,451,0,0
2025-09-30,O,766,640,727,3,676
2025-10-01,A,524,404,393,4,531
2025-10-01,AB,168,100,89,2,177
2025-10-01,B,0,449,449,0,0
2025-10-01,O,676,647,689,4,630
2025-10-02,A,531,397,832,1,95
2025-10-02,AB,177,94,116,0,155
2025-10-02,B,0,467,467,0,0
2025-10-02,O,630,711,690,1,650
2025-10-03,A,95,247,342,0,0
2025-10-03,AB,155,45,97,0,103
2025-10-03,B,0,286,286,0,0
2025-10-03,O,650,443,772,3,318
2025-10-04,A,0,442,369,1,72
2025-10-04,AB,103,96,87,0,112
2025-10-04,B,0,455,455,0,0
2025-10-04,O,318,769,714,3,370
2025-10-05,A,72,701,398,2,373
2025-10-05,AB,112,135,95,0,152
2025-10-05,B,0,731,465,1,265
2025-10-05,O,370,1194,711,4,849
2025-10-06,A,373,204,419,2,156
2025-10-06,AB,152,43,94,0,101
2025-10-06,B,265,195,460,0,0
2025-10-06,O,849,336,795,1,389
2025-10-07,A,156,346,423,0,79
2025-10-07,AB,101,74,90,0,85
2025-10-07,B,0,362,362,0,0
2025-10-07,O,389,579,723,0,245
2025-10-08,A,79,332,411,0,0
2025-10-08,AB,85,99,103,0,81
2025-10-08,B,0,376,376,0,0
2025-10-08,O,245,618,759,0,104
2025-10-09,A,0,375,375,0,0
2025-10-09,AB,81,88,109,0,60
2025-10-09,B,0,380,380,0,0
2025-10-09,O,104,622,712,0,14
2025-10-10,A,0,293,293,0,0
2025-10-10,AB,60,73,100,0,33
2025-10-10,B,0,319,319,0,0
2025-10-10,O,14,530,544,0,0
2025-10-11,A,0,460,353,2,105
2025-10-11,AB,33,110,94,0,49
2025-10-11,B,0,562,426,1,135
2025-10-11,O,0,810,677,1,132
2025-10-12,A,105,707,373,4,435
2025-10-12,AB,49,154,92,1,110
2025-10-12,B,135,656,455,2,334
2025-10-12,O,132,1104,680,5,551
2025-10-13,A,435,224,442,0,217
2025-10-13,AB,110,59,99,0,70
2025-10-13,B,334,241,496,0,79
2025-10-13,O,551,400,719,2,230
2025-10-14,A,217,355,419,1,152
2025-10-14,AB,70,94,119,0,45
2025-10-14,B,79,399,420,1,57
2025-10-14,O,230,543,773,0,0
2025-10-15,A,152,401,392,2,159
2025-10-15,AB,45,67,95,0,17
2025-10-15,B,57,427,451,0,33
2025-10-15,O,0,711,711,0,0
2025-10-16,A,159,418,437,3,137
2025-10-16,AB,17,76,83,0,10
2025-10-16,B,33,439,450,0,22
2025-10-16,O,0,661,661,0,0
2025-10-17,A,137,253,390,0,0
2025-10-17,AB,10,55,65,0,0
2025-10-17,B,22,234,256,0,0
2025-10-17,O,0,413,413,0,0
2025-10-18,A,0,449,392,0,57
2025-10-18,AB,0,79,79,0,0
2025-10-18,B,0,430,430,0,0
2025-10-18,O,0,774,686,1,87
2025-10-19,A,57,538,396,0,199
2025-10-19,AB,0,91,70,0,21
2025-10-19,B,0,567,419,0,148
2025-10-19,O,87,994,673,2,406
2025-10-20,A,199,448,430,1,216
2025-10-20,AB,21,62,83,0,0
2025-10-20,B,148,488,484,1,151
2025-10-20,O,406,783,743,4,442
2025-10-21,A,216,216,422,0,10
2025-10-21,AB,0,28,28,0,0
2025-10-21,B,151,217,368,0,0
2025-10-21,O,442,372,681,0,133
2025-10-22,A,10,397,407,0,0
2025-10-22,AB,0,79,79,0,0
2025-10-22,B,0,381,381,0,0
2025-10-22,O,133,662,733,0,62
2025-10-23,A,0,389,389,0,0
2025-10-23,AB,0,108,92,0,16
2025-10-23,B,0,427,427,0,0
2025-10-23,O,62,648,710,0,0
2025-10-24,A,0,263,263,0,0
2025-10-24,AB,16,73,76,0,13
2025-10-24,B,0,293,293,0,0
2025-10-24,O,0,457,457,0,0
2025-10-25,A,0,494,386,1,107
2025-10-25,AB,13,119,94,0,38
2025-10-25,B,0,547,411,1,135
2025-10-25,O,0,926,612,1,313
2025-10-26,A,107,615,398,1,323
2025-10-26,AB,38,152,84,2,104
2025-10-26,B,135,615,456,0,294
2025-10-26,O,313,1059,699,4,669
2025-10-27,A,323,213,445,2,89
2025-10-27,AB,104,51,83,0,72
2025-10-27,B,294,258,460,1,91
2025-10-27,O,669,411,741,1,338
2025-10-28,A,89,399,441,0,47
2025-10-28,AB,72,99,84,1,86
2025-10-28,B,91,474,470,0,95
2025-10-28,O,338,708,712,0,334
2025-10-29,A,47,413,438,0,22
2025-10-29,AB,86,103,87,0,102
2025-10-29,B,95,443,447,1,90
2025-10-29,O,334,679,709,2,302
2025-10-30,A,22,437,439,0,20
2025-10-30,AB,102,86,88,2,98
2025-10-30,B,90,491,447,1,133
2025-10-30,O,302,677,708,1,270
2025-10-31,A,20,300,320,0,0
2025-10-31,AB,98,74,62,1,109
2025-10-31,B,133,324,426,0,31
2025-10-31,O,270,543,701,2,110
2025-11-01,A,0,479,435,0,44
2025-11-01,AB,109,105,89,1,124
2025-11-01,B,31,505,393,0,143
2025-11-01,O,110,813,670,1,252
2025-11-02,A,44,610,410,1,243
2025-11-02,AB,124,139,68,3,192
2025-11-02,B,143,684,456,2,369
2025-11-02,O,252,1069,675,2,644
2025-11-03,A,243,195,438,0,0
2025-11-03,AB,192,36,84,2,142
2025-11-03,B,369,234,407,2,194
2025-11-03,O,644,320,769,1,194
2025-11-04,A,0,404,404,0,0
2025-11-04,AB,142,95,104,1,132
2025-11-04,B,194,427,413,1,207
2025-11-04,O,194,630,740,0,84
2025-11-05,A,0,393,393,0,0
2025-11-05,AB,132,87,87,0,132
2025-11-05,B,207,474,448,1,232
2025-11-05,O,84,741,675,0,150
2025-11-06,A,0,363,363,0,0
2025-11-06,AB,132,102,85,2,147
2025-11-06,B,232,452,459,0,225
2025-11-06,O,150,594,709,0,35
2025-11-07,A,0,358,358,0,0
2025-11-07,AB,147,74,83,0,138
2025-11-07,B,225,350,450,1,124
2025-11-07,O,35,612,647,0,0
2025-11-08,A,0,438,424,0,14
2025-11-08,AB,138,74,94,0,118
2025-11-08,B,124,509,449,3,181
2025-11-08,O,0,703,661,0,42
2025-11-09,A,14,717,444,2,285
2025-11-09,AB,118,135,88,1,164
2025-11-09,B,181,740,478,3,440
2025-11-09,O,42,1200,703,2,537
2025-11-10,A,285,233,405,0,113
2025-11-10,AB,164,59,81,0,142
2025-11-10,B,440,277,473,2,242
2025-11-10,O,537,428,727,1,237
2025-11-11,A,113,392,460,0,45
2025-11-11,AB,142,94,86,1,149
2025-11-11,B,242,486,439,2,287
2025-11-11,O,237,630,726,0,141
2025-11-12,A,45,395,440,0,0
2025-11-12,AB,149,119,79,0,189
2025-11-12,B,287,468,462,1,292
2025-11-12,O,141,689,763,0,67
2025-11-13,A,0,397,397,0,0
2025-11-13,AB,189,101,99,1,190
2025-11-13,B,292,473,468,2,295
2025-11-13,O,67,689,756,0,0
2025-11-14,A,0,233,233,0,0
2025-11-14,AB,190,64,91,2,161
2025-11-14,B,295,311,473,0,133
2025-11-14,O,0,456,456,0,0
2025-11-15,A,0,740,442,0,298
2025-11-15,AB,161,174,94,0,241
2025-11-15,B,133,809,443,1,498
2025-11-15,O,0,1400,716,4,680
2025-11-16,A,298,692,445,5,540
2025-11-16,AB,241,162,74,1,328
2025-11-16,B,498,769,441,5,821
2025-11-16,O,680,1262,731,4,1207
2025-11-17,A,540,232,494,2,276
2025-11-17,AB,328,58,94,4,288
2025-11-17,B,821,270,474,2,615
2025-11-17,O,1207,419,740,5,881
2025-11-18,A,276,438,442,3,269
2025-11-18,AB,288,93,101,1,279
2025-11-18,B,615,515,481,3,646
2025-11-18,O,881,734,743,3,869
2025-11-19,A,269,362,448,0,183
2025-11-19,AB,279,72,91,3,257
2025-11-19,B,646,428,461,1,612
2025-11-19,O,869,604,776,6,691
2025-11-20,A,183,469,481,0,171
2025-11-20,AB,257,119,94,1,281
2025-11-20,B,612,524,458,5,673
2025-11-20,O,691,759,787,4,659
2025-11-21,A,171,254,425,0,0
2025-11-21,AB,281,62,112,1,230
2025-11-21,B,673,255,490,2,436
2025-11-21,O,659,428,740,3,344
2025-11-22,A,0,515,380,1,134
2025-11-22,AB,230,90,79,1,240
2025-11-22,B,436,468,904,0,0
2025-11-22,O,344,846,712,2,476
2025-11-23,A,134,602,407,1,328
2025-11-23,AB,240,137,103,1,273
2025-11-23,B,0,630,480,0,150
2025-11-23,O,476,1088,663,6,895
2025-11-24,A,328,249,455,0,122
2025-11-24,AB,273,69,92,4,246
2025-11-24,B,150,275,425,0,0
2025-11-24,O,895,455,722,5,623
2025-11-25,A,122,453,437,2,136
2025-11-25,AB,246,139,97,0,288
2025-11-25,B,0,504,504,0,0
2025-11-25,O,623,777,745,3,652
2025-11-26,A,136,356,462,0,30
2025-11-26,AB,288,90,100,0,278
2025-11-26,B,0,364,364,0,0
2025-11-26,O,652,609,811,2,448
2025-11-27,A,30,382,412,0,0
2025-11-27,AB,278,109,106,1,280
2025-11-27,B,0,420,420,0,0
2025-11-27,O,448,641,770,2,317
2025-11-28,A,0,220,220,0,0
2025-11-28,AB,280,54,104,2,228
2025-11-28,B,0,279,279,0,0
2025-11-28,O,317,383,700,0,0
2025-11-29,A,0,488,434,1,53
2025-11-29,AB,228,104,108,1,223
2025-11-29,B,0,497,483,0,14
2025-11-29,O,0,765,752,0,13
2025-11-30,A,53,610,477,2,184
2025-11-30,AB,223,144,90,0,277
2025-11-30,B,14,630,484,2,158
2025-11-30,O,13,1025,742,2,294
2025-12-01,A,184,198,382,0,0
2025-12-01,AB,277,44,105,1,215
2025-12-01,B,158,221,379,0,0
2025-12-01,O,294,392,686,0,0
2025-12-02,A,0,360,360,0,0
2025-12-02,AB,215,90,101,1,203
2025-12-02,B,0,385,385,0,0
2025-12-02,O,0,585,585,0,0
2025-12-03,A,0,341,341,0,0
2025-12-03,AB,203,93,88,0,208
2025-12-03,B,0,427,427,0,0
2025-12-03,O,0,658,658,0,0
2025-12-04,A,0,382,382,0,0
2025-12-04,AB,208,106,113,1,200
2025-12-04,B,0,426,426,0,0
2025-12-04,O,0,636,636,0,0
2025-12-05,A,0,214,214,0,0
2025-12-05,AB,200,58,108,0,150
2025-12-05,B,0,227,227,0,0
2025-12-05,O,0,386,386,0,0
2025-12-06,A,0,480,411,1,68
2025-12-06,AB,150,101,102,1,148
2025-12-06,B,0,509,436,0,73
2025-12-06,O,0,835,711,0,124
2025-12-07,A,68,758,437,2,387
2025-12-07,AB,148,174,88,2,232
2025-12-07,B,73,764,471,3,363
2025-12-07,O,124,1308,683,9,740
2025-12-08,A,387,212,495,0,104
2025-12-08,AB,232,49,96,1,184
2025-12-08,B,363,221,584,0,0
2025-12-08,O,740,416,787,7,362
2025-12-09,A,104,363,454,0,13
2025-12-09,AB,184,92,95,0,181
2025-12-09,B,0,403,403,0,0
2025-12-09,O,362,645,718,1,288
2025-12-10,A,13,432,445,0,0
2025-12-10,AB,181,105,111,3,172
2025-12-10,B,0,437,437,0,0
2025-12-10,O,288,668,741,1,214
2025-12-11,A,0,469,458,0,11
2025-12-11,AB,172,107,107,1,171
2025-12-11,B,0,517,479,0,38
2025-12-11,O,214,822,758,0,278
2025-12-12,A,11,217,228,0,0
2025-12-12,AB,171,63,116,0,118
2025-12-12,B,38,280,318,0,0
2025-12-12,O,278,425,703,0,0
2025-12-13,A,0,429,429,0,0
2025-12-13,AB,118,104,86,1,135
2025-12-13,B,0,407,407,0,0
2025-12-13,O,0,734,713,0,21
2025-12-14,A,0,743,430,0,313
2025-12-14,AB,135,169,85,1,218
2025-12-14,B,0,766,468,1,297
2025-12-14,O,21,1391,769,2,641
2025-12-15,A,313,232,425,1,119
2025-12-15,AB,218,30,99,2,147
2025-12-15,B,297,235,469,0,63
2025-12-15,O,641,369,731,1,278
2025-12-16,A,119,387,439,0,67
2025-12-16,AB,147,60,102,1,104
2025-12-16,B,63,416,425,0,54
2025-12-16,O,278,641,723,1,195
2025-12-17,A,67,387,407,0,47
2025-12-17,AB,104,53,116,0,41
2025-12-17,B,54,435,448,0,41
2025-12-17,O,195,718,808,0,105
2025-12-18,A,47,405,452,0,0
2025-12-18,AB,41,62,97,0,6
2025-12-18,B,41,501,468,1,73
2025-12-18,O,105,704,771,0,38
2025-12-19,A,0,252,252,0,0
2025-12-19,AB,6,44,50,0,0
2025-12-19,B,73,284,357,0,0
2025-12-19,O,38,450,488,0,0
2025-12-20,A,0,453,414,0,39
2025-12-20,AB,0,72,72,0,0
2025-12-20,B,0,519,451,0,68
2025-12-20,O,0,858,683,1,174
2025-12-21,A,39,633,396,1,275
2025-12-21,AB,0,77,77,0,0
2025-12-21,B,68,675,435,1,307
2025-12-21,O,174,1052,713,7,506
2025-12-22,A,275,203,458,0,20
2025-12-22,AB,0,32,32,0,0
2025-12-22,B,307,206,475,0,38
2025-12-22,O,506,377,773,1,109
2025-12-23,A,20,328,348,0,0
2025-12-23,AB,0,56,56,0,0
2025-12-23,B,38,336,374,0,0
2025-12-23,O,109,520,629,0,0
2025-12-24,A,0,303,303,0,0
2025-12-24,AB,0,87,86,0,1
2025-12-24,B,0,346,346,0,0
2025-12-24,O,0,515,515,0,0
2025-12-25,A,0,428,428,0,0
2025-12-25,AB,1,77,78,0,0
2025-12-25,B,0,472,448,0,24
2025-12-25,O,0,687,687,0,0
2025-12-26,A,0,185,185,0,0
2025-12-26,AB,0,59,59,0,0
2025-12-26,B,24,216,240,0,0
2025-12-26,O,0,341,341,0,0
2025-12-27,A,0,340,340,0,0
2025-12-27,AB,0,95,66,0,29
2025-12-27,B,0,410,369,0,41
2025-12-27,O,0,641,641,0,0
2025-12-28,A,0,637,406,2,229
2025-12-28,AB,29,108,65,0,72
2025-12-28,B,41,672,374,2,337
2025-12-28,O,0,1139,650,1,488
2025-12-29,A,229,201,430,0,0
2025-12-29,AB,72,43,81,0,34
2025-12-29,B,337,206,485,2,56
2025-12-29,O,488,386,874,0,0
2025-12-30,A,0,333,333,0,0
2025-12-30,AB,34,95,81,0,48
2025-12-30,B,56,401,419,0,38
2025-12-30,O,0,670,670,0,0
2025-12-31,A,0,306,306,0,0
2025-12-31,AB,48,56,70,0,34
2025-12-31,B,38,370,408,0,0
2025-12-31,O,0,556,556,0,0
2026-01-01,A,0,525,426,1,98
2026-01-01,AB,34,109,90,0,53
2026-01-01,B,0,605,427,1,177
2026-01-01,O,0,943,765,1,177
2026-01-02,A,98,191,289,0,0
2026-01-02,AB,53,47,91,0,9
2026-01-02,B,177,236,413,0,0
2026-01-02,O,177,382,559,0,0
2026-01-03,A,0,407,317,2,88
2026-01-03,AB,9,107,69,0,47
2026-01-03,B,0,442,384,0,58
2026-01-03,O,0,724,633,1,90
2026-01-04,A,88,623,355,4,352
2026-01-04,AB,47,129,79,0,97
2026-01-04,B,58,690,392,4,352
2026-01-04,O,90,1103,711,3,479
2026-01-05,A,352,201,388,0,165
2026-01-05,AB,97,48,82,0,63
2026-01-05,B,352,201,390,0,163
2026-01-05,O,479,341,730,1,89
2026-01-06,A,165,311,391,2,83
2026-01-06,AB,63,94,78,0,79
2026-01-06,B,163,395,431,0,127
2026-01-06,O,89,597,686,0,0
2026-01-07,A,83,288,371,0,0
2026-01-07,AB,79,80,76,0,83
2026-01-07,B,127,397,428,1,95
2026-01-07,O,0,560,560,0,0
2026-01-08,A,0,406,393,0,13
2026-01-08,AB,83,92,86,1,88
2026-01-08,B,95,444,456,1,82
2026-01-08,O,0,707,707,0,0
2026-01-09,A,13,266,279,0,0
2026-01-09,AB,88,66,75,0,79
2026-01-09,B,82,297,379,0,0
2026-01-09,O,0,429,429,0,0
2026-01-10,A,0,509,391,0,118
2026-01-10,AB,79,117,80,0,116
2026-01-10,B,0,569,384,2,183
2026-01-10,O,0,871,871,0,0
2026-01-11,A,118,733,383,3,465
2026-01-11,AB,116,178,77,1,216
2026-01-11,B,183,788,410,6,555
2026-01-11,O,0,1294,1158,1,135
2026-01-12,A,465,170,398,0,237
2026-01-12,AB,216,41,72,3,182
2026-01-12,B,555,184,405,2,332
2026-01-12,O,135,329,464,0,0
2026-01-13,A,237,328,360,1,204
2026-01-13,AB,182,87,81,1,187
2026-01-13,B,332,375,408,2,297
2026-01-13,O,0,576,576,0,0
2026-01-14,A,204,370,419,3,152
2026-01-14,AB,187,92,82,2,195
2026-01-14,B,297,382,679,0,0
2026-01-14,O,0,612,612,0,0
2026-01-15,A,152,375,392,0,135
2026-01-15,AB,195,92,82,0,205
2026-01-15,B,0,410,410,0,0
2026-01-15,O,0,632,632,0,0
2026-01-16,A,135,307,369,0,73
2026-01-16,AB,205,80,73,0,212
2026-01-16,B,0,316,316,0,0
2026-01-16,O,0,531,531,0,0
2026-01-17,A,73,453,336,2,188
2026-01-17,AB,212,119,90,2,239
2026-01-17,B,0,529,382,1,146
2026-01-17,O,0,764,764,0,0
2026-01-18,A,188,745,385,2,546
2026-01-18,AB,239,173,71,4,337
2026-01-18,B,146,776,404,1,517
2026-01-18,O,0,1363,621,1,741
2026-01-19,A,546,246,413,5,374
2026-01-19,AB,337,52,89,1,299
2026-01-19,B,517,239,424,1,331
2026-01-19,O,741,407,735,2,411
2026-01-20,A,374,306,369,2,309
2026-01-20,AB,299,99,100,2,296
2026-01-20,B,331,429,412,1,347
2026-01-20,O,411,646,617,1,439
2026-01-21,A,309,461,391,2,377
2026-01-21,AB,296,106,80,2,320
2026-01-21,B,347,517,425,1,438
2026-01-21,O,439,744,698,3,482
2026-01-22,A,377,466,408,4,431
2026-01-22,AB,320,120,99,2,339
2026-01-22,B,438,471,437,1,471
2026-01-22,O,482,743,687,2,536
2026-01-23,A,431,279,384,2,324
2026-01-23,AB,339,63,102,1,299
2026-01-23,B,471,308,439,5,335
2026-01-23,O,536,442,686,2,290
2026-01-24,A,324,531,362,2,491
2026-01-24,AB,299,134,88,2,343
2026-01-24,B,335,601,435,1,500
2026-01-24,O,290,896,703,3,480
2026-01-25,A,491,746,392,6,839
2026-01-25,AB,343,149,63,5,424
2026-01-25,B,500,768,432,3,833
2026-01-25,O,480,1279,679,8,1072
2026-01-26,A,839,241,403,7,670
2026-01-26,AB,424,61,95,5,385
2026-01-26,B,833,252,471,4,610
2026-01-26,O,1072,409,710,2,769
2026-01-27,A,670,391,379,5,677
2026-01-27,AB,385,102,71,3,413
2026-01-27,B,610,457,461,4,602
2026-01-27,O,769,671,726,2,712
2026-01-28,A,677,432,405,3,701
2026-01-28,AB,413,113,94,4,428
2026-01-28,B,602,515,495,3,619
2026-01-28,O,712,769,699,5,777
2026-01-29,A,701,390,368,9,714
2026-01-29,AB,428,102,118,1,411
2026-01-29,B,619,418,456,4,577
2026-01-29,O,777,653,729,3,698
2026-01-30,A,714,265,382,3,594
2026-01-30,AB,411,80,110,3,378
2026-01-30,B,577,354,470,2,459
2026-01-30,O,698,478,667,2,507
2026-01-31,A,594,426,370,2,648
2026-01-31,AB,378,99,81,2,394
2026-01-31,B,459,520,402,4,573
2026-01-31,O,507,737,643,3,598
2026-02-01,A,648,844,372,9,1111
2026-02-01,AB,394,239,82,7,544
2026-02-01,B,573,1151,482,7,1235
2026-02-01,O,598,1602,674,11,1515
2026-02-02,A,1111,318,424,10,995
2026-02-02,AB,544,60,103,4,497
2026-02-02,B,1235,339,473,5,1096
2026-02-02,O,1515,538,699,9,1345
2026-02-03,A,995,345,351,6,983
2026-02-03,AB,497,77,86,2,486
2026-02-03,B,1096,342,494,0,944
2026-02-03,O,1345,603,711,14,1223
2026-02-04,A,983,570,440,5,1108
2026-02-04,AB,486,135,91,5,525
2026-02-04,B,944,574,458,5,1055
2026-02-04,O,1223,873,657,9,1430
2026-02-05,A,1108,474,427,5,1150
2026-02-05,AB,525,109,73,3,558
2026-02-05,B,1055,501,469,3,1084
2026-02-05,O,1430,810,726,14,1500
2026-02-06,A,1150,277,377,10,1040
2026-02-06,AB,558,56,108,5,501
2026-02-06,B,1084,280,511,4,849
2026-02-06,O,1500,465,681,8,1276
2026-02-07,A,1040,574,373,11,1230
2026-02-07,AB,501,118,91,2,526
2026-02-07,B,849,625,458,9,1007
2026-02-07,O,1276,1046,691,6,1625
2026-02-08,A,1230,747,405,14,1558
2026-02-08,AB,526,152,92,8,578
2026-02-08,B,1007,751,463,5,1290
2026-02-08,O,1625,1277,681,19,2202
2026-02-09,A,1558,325,429,8,1446
2026-02-09,AB,578,82,109,6,545
2026-02-09,B,1290,383,485,14,1174
2026-02-09,O,2202,581,760,14,2009
2026-02-10,A,1446,509,386,8,1561
2026-02-10,AB,545,137,96,8,578
2026-02-10,B,1174,589,520,5,1238
2026-02-10,O,2009,890,656,10,2233
2026-02-11,A,1561,511,408,5,1659
2026-02-11,AB,578,144,108,2,612
2026-02-11,B,1238,600,542,5,1291
2026-02-11,O,2233,843,689,13,2374
2026-02-12,A,1659,571,446,14,1770
2026-02-12,AB,612,143,121,6,628
2026-02-12,B,1291,601,504,11,1377
2026-02-12,O,2374,916,731,18,2541
2026-02-13,A,1770,311,401,13,1667
2026-02-13,AB,628,32,91,9,560
2026-02-13,B,1377,350,466,4,1257
2026-02-13,O,2541,501,677,12,2353
2026-02-14,A,1667,500,419,12,1736
2026-02-14,AB,560,89,86,7,556
2026-02-14,B,1257,586,410,6,1427
2026-02-14,O,2353,950,636,13,2654
2026-02-15,A,1736,515,424,12,1815
2026-02-15,AB,556,99,93,3,559
2026-02-15,B,1427,633,428,14,1618
2026-02-15,O,2654,921,604,26,2945
2026-02-16,A,1815,436,479,12,1760
2026-02-16,AB,559,89,112,5,531
2026-02-16,B,1618,471,487,17,1585
2026-02-16,O,2945,729,701,16,2957
2026-02-17,A,1760,413,446,11,1716
2026-02-17,AB,531,66,108,5,484
2026-02-17,B,1585,423,502,3,1503
2026-02-17,O,2957,690,674,18,2955
2026-02-18,A,1716,457,412,11,1750
2026-02-18,AB,484,71,123,3,429
2026-02-18,B,1503,516,542,15,1462
2026-02-18,O,2955,738,742,19,2932
2026-02-19,A,1750,133,461,8,1414
2026-02-19,AB,429,23,97,0,355
2026-02-19,B,1462,127,488,9,1092
2026-02-19,O,2932,209,701,12,2428
2026-02-20,A,1414,208,440,4,1178
2026-02-20,AB,355,35,106,1,283
2026-02-20,B,1092,220,487,2,823
2026-02-20,O,2428,363,659,11,2121
2026-02-21,A,1178,261,412,8,1019
2026-02-21,AB,283,53,81,0,255
2026-02-21,B,823,300,420,5,698
2026-02-21,O,2121,497,551,16,2051
2026-02-22,A,1019,311,404,6,920
2026-02-22,AB,255,59,91,2,221
2026-02-22,B,698,376,452,1,621
2026-02-22,O,2051,591,589,22,2031
2026-02-23,A,920,180,419,0,681
2026-02-23,AB,221,28,87,1,161
2026-02-23,B,621,192,441,4,368
2026-02-23,O,2031,295,636,16,1674
2026-02-24,A,681,232,410,2,501
2026-02-24,AB,161,40,73,0,128
2026-02-24,B,368,216,451,1,132
2026-02-24,O,1674,414,606,10,1472
2026-02-25,A,501,328,352,0,477
2026-02-25,AB,128,55,80,1,102
2026-02-25,B,132,355,443,0,44
2026-02-25,O,1472,493,618,6,1341
2026-02-26,A,477,223,379,5,316
2026-02-26,AB,102,52,81,0,73
2026-02-26,B,44,267,311,0,0
2026-02-26,O,1341,367,556,4,1148
2026-02-27,A,316,271,424,0,163
2026-02-27,AB,73,55,84,0,44
2026-02-27,B,0,318,318,0,0
2026-02-27,O,1148,475,636,4,983
2026-02-28,A,163,370,361,5,167
2026-02-28,AB,44,76,63,0,57
2026-02-28,B,0,368,365,0,3
2026-02-28,O,983,678,521,5,1135
2026-03-01,A,167,512,371,2,306
2026-03-01,AB,57,122,64,0,115
2026-03-01,B,3,598,385,1,215
2026-03-01,O,1135,962,541,9,1547
2026-03-02,A,306,184,402,0,88
2026-03-02,AB,115,44,71,1,87
2026-03-02,B,215,236,451,0,0
2026-03-02,O,1547,351,571,3,1324
2026-03-03,A,88,257,345,0,0
2026-03-03,AB,87,79,67,2,97
2026-03-03,B,0,304,304,0,0
2026-03-03,O,1324,441,543,6,1216
2026-03-04,A,0,306,306,0,0
2026-03-04,AB,97,57,72,0,82
2026-03-04,B,0,313,313,0,0
2026-03-04,O,1216,520,575,6,1155
2026-03-05,A,0,312,312,0,0
2026-03-05,AB,82,70,67,1,84
2026-03-05,B,0,327,327,0,0
2026-03-05,O,1155,492,531,3,1113
2026-03-06,A,0,261,261,0,0
2026-03-06,AB,84,66,77,0,73
2026-03-06,B,0,260,260,0,0
2026-03-06,O,1113,473,525,6,1055
2026-03-07,A,0,518,286,4,228
2026-03-07,AB,73,119,55,2,135
2026-03-07,B,0,520,389,1,130
2026-03-07,O,1055,932,438,12,1537
2026-03-08,A,228,856,358,5,721
2026-03-08,AB,135,180,71,2,242
2026-03-08,B,130,813,354,7,582
2026-03-08,O,1537,1431,485,13,2470
2026-03-09,A,721,240,346,3,612
2026-03-09,AB,242,57,66,3,230
2026-03-09,B,582,272,418,2,434
2026-03-09,O,2470,425,533,14,2348
2026-03-10,A,612,342,356,2,596
2026-03-10,AB,230,94,61,1,262
2026-03-10,B,434,387,411,3,407
2026-03-10,O,2348,579,503,13,2411
2026-03-11,A,596,365,315,4,642
2026-03-11,AB,262,71,76,2,255
2026-03-11,B,407,374,351,0,430
2026-03-11,O,2411,630,509,9,2523
2026-03-12,A,642,305,335,8,604
2026-03-12,AB,255,70,74,1,250
2026-03-12,B,430,337,387,2,378
2026-03-12,O,2523,495,549,18,2451
2026-03-13,A,604,358,303,5,654
2026-03-13,AB,250,94,55,1,288
2026-03-13,B,378,345,388,0,335
2026-03-13,O,2451,619,514,9,2547
2026-03-14,A,654,495,304,6,839
2026-03-14,AB,288,112,56,2,342
2026-03-14,B,335,497,317,1,514
2026-03-14,O,2547,789,464,19,2853
2026-03-15,A,839,869,305,9,1394
2026-03-15,AB,342,205,54,2,491
2026-03-15,B,514,865,368,5,1006
2026-03-15,O,2853,1625,484,39,3955
2026-03-16,A,1394,265,363,8,1288
2026-03-16,AB,491,62,55,6,492
2026-03-16,B,1006,316,387,4,931
2026-03-16,O,3955,490,1265,26,3154
2026-03-17,A,1288,297,319,11,1255
2026-03-17,AB,492,64,71,5,480
2026-03-17,B,931,293,338,2,884
2026-03-17,O,3154,504,522,16,3120
2026-03-18,A,1255,292,329,5,1213
2026-03-18,AB,480,85,64,4,497
2026-03-18,B,884,337,346,3,872
2026-03-18,O,3120,556,555,10,3111
2026-03-19,A,1213,217,303,6,1121
2026-03-19,AB,497,33,63,2,465
2026-03-19,B,872,226,368,3,727
2026-03-19,O,3111,383,530,19,2945
2026-03-20,A,1121,100,296,4,921
2026-03-20,AB,465,17,69,2,411
2026-03-20,B,727,94,325,6,490
2026-03-20,O,2945,184,488,14,2627
2026-03-21,A,921,43,552,3,409
2026-03-21,AB,411,9,50,1,369
2026-03-21,B,490,35,328,1,196
2026-03-21,O,2627,50,450,11,2216
2026-03-22,A,409,132,310,1,230
2026-03-22,AB,369,28,55,4,338
2026-03-22,B,196,157,333,0,20
2026-03-22,O,2216,250,471,8,1987
2026-03-23,A,230,362,303,4,285
2026-03-23,AB,338,75,62,3,348
2026-03-23,B,20,365,342,0,43
2026-03-23,O,1987,583,503,11,2056
2026-03-24,A,285,242,321,1,205
2026-03-24,AB,348,57,60,4,341
2026-03-24,B,43,303,340,0,6
2026-03-24,O,2056,456,478,9,2025
2026-03-25,A,205,311,337,0,179
2026-03-25,AB,341,76,53,2,362
2026-03-25,B,6,356,313,0,49
2026-03-25,O,2025,584,488,10,2111
2026-03-26,A,179,379,297,1,260
2026-03-26,AB,362,87,61,2,386
2026-03-26,B,49,395,339,0,105
2026-03-26,O,2111,630,507,10,2224
2026-03-27,A,260,282,333,1,208
2026-03-27,AB,386,65,61,1,389
2026-03-27,B,105,294,307,0,92
2026-03-27,O,2224,521,519,17,2209
2026-03-28,A,208,468,307,1,368
2026-03-28,AB,389,122,60,1,450
2026-03-28,B,92,506,335,1,262
2026-03-28,O,2209,834,436,15,2592
2026-03-29,A,368,746,325,4,785
2026-03-29,AB,450,151,57,2,542
2026-03-29,B,262,756,345,6,667
2026-03-29,O,2592,1309,456,30,3415
2026-03-30,A,785,294,365,5,709
2026-03-30,AB,542,64,78,3,525
2026-03-30,B,667,341,378,6,624
2026-03-30,O,3415,555,573,26,3371
2026-03-31,A,709,456,624,5,536
2026-03-31,AB,525,109,66,4,564
2026-03-31,B,624,488,363,8,741
2026-03-31,O,3371,706,485,22,3570
2026-04-01,A,536,386,368,6,548
2026-04-01,AB,564,109,56,5,612
2026-04-01,B,741,456,403,3,791
2026-04-01,O,3570,725,532,24,3739
2026-04-02,A,548,416,307,3,654
2026-04-02,AB,612,115,72,4,651
2026-04-02,B,791,438,372,3,854
2026-04-02,O,3739,668,574,26,3807
2026-04-03,A,654,286,337,2,601
2026-04-03,AB,651,75,92,10,624
2026-04-03,B,854,336,379,10,801
2026-04-03,O,3807,497,595,22,3687
2026-04-04,A,601,464,286,2,777
2026-04-04,AB,624,142,62,8,696
2026-04-04,B,801,517,373,4,941
2026-04-04,O,3687,814,548,27,3926
2026-04-05,A,777,655,325,8,1099
2026-04-05,AB,696,151,69,9,769
2026-04-05,B,941,698,365,5,1269
2026-04-05,O,3926,1105,505,53,4473
2026-04-06,A,1099,230,327,3,999
2026-04-06,AB,769,52,78,5,738
2026-04-06,B,1269,236,364,9,1132
2026-04-06,O,4473,433,621,46,4239
2026-04-07,A,999,426,350,8,1067
2026-04-07,AB,738,110,53,14,781
2026-04-07,B,1132,543,377,9,1289
2026-04-07,O,4239,795,589,45,4400
2026-04-08,A,1067,468,304,6,1225
2026-04-08,AB,781,112,65,8,820
2026-04-08,B,1289,489,389,10,1379
2026-04-08,O,4400,765,523,38,4604
2026-04-09,A,1225,424,339,5,1305
2026-04-09,AB,820,112,79,12,841
2026-04-09,B,1379,490,383,10,1476
2026-04-09,O,4604,721,557,66,4702
2026-04-10,A,1305,221,348,11,1167
2026-04-10,AB,841,52,56,11,826
2026-04-10,B,1476,279,412,11,1332
2026-04-10,O,4702,420,573,38,4511
2026-04-11,A,1167,623,331,7,1452
2026-04-11,AB,826,147,73,11,889
2026-04-11,B,1332,648,360,7,1613
2026-04-11,O,4511,1054,541,72,4952
2026-04-12,A,1452,786,301,10,1927
2026-04-12,AB,889,184,75,16,982
2026-04-12,B,1613,832,380,10,2055
2026-04-12,O,4952,1352,631,77,5596
2026-04-13,A,1927,289,370,11,1835
2026-04-13,AB,982,56,82,15,941
2026-04-13,B,2055,293,404,16,1928
2026-04-13,O,5596,465,602,64,5395
2026-04-14,A,1835,408,364,9,1870
2026-04-14,AB,941,106,80,18,949
2026-04-14,B,1928,513,395,12,2034
2026-04-14,O,5395,740,609,75,5451
2026-04-15,A,1870,499,339,18,2012
2026-04-15,AB,949,119,75,22,971
2026-04-15,B,2034,551,428,13,2144
2026-04-15,O,5451,869,578,88,5654
2026-04-16,A,2012,413,356,15,2054
2026-04-16,AB,971,104,86,19,970
2026-04-16,B,2144,422,405,10,2151
2026-04-16,O,5654,693,573,102,5672
2026-04-17,A,2054,288,364,15,1963
2026-04-17,AB,970,71,78,25,938
2026-04-17,B,2151,259,396,7,2007
2026-04-17,O,5672,451,609,58,5456
2026-04-18,A,1963,544,310,18,2179
2026-04-18,AB,938,133,69,26,976
2026-04-18,B,2007,587,393,12,2189
2026-04-18,O,5456,914,537,87,5746
2026-04-19,A,2179,837,389,26,2601
2026-04-19,AB,976,153,78,18,1033
2026-04-19,B,2189,814,382,21,2600
2026-04-19,O,5746,1460,565,87,6554
2026-04-20,A,2601,325,384,19,2523
2026-04-20,AB,1033,83,92,23,1001
2026-04-20,B,2600,350,440,18,2492
2026-04-20,O,6554,504,686,88,6284
2026-04-21,A,2523,419,396,20,2526
2026-04-21,AB,1001,96,79,22,996
2026-04-21,B,2492,485,435,11,2531
2026-04-21,O,6284,669,713,96,6144
2026-04-22,A,2526,418,438,21,2485
2026-04-22,AB,996,107,68,19,1016
2026-04-22,B,2531,439,468,18,2484
2026-04-22,O,6144,688,744,99,5989
2026-04-23,A,2485,515,409,24,2567
2026-04-23,AB,1016,101,76,18,1023
2026-04-23,B,2484,553,465,19,2553
2026-04-23,O,5989,840,766,80,5983
2026-04-24,A,2567,337,384,29,2491
2026-04-24,AB,1023,86,91,16,1002
2026-04-24,B,2553,366,405,15,2499
2026-04-24,O,5983,590,791,81,5701
2026-04-25,A,2491,594,382,26,2677
2026-04-25,AB,1002,114,67,19,1030
2026-04-25,B,2499,660,395,21,2743
2026-04-25,O,5701,1102,654,97,6052
2026-04-26,A,2677,728,379,36,2990
2026-04-26,AB,1030,173,85,26,1092
2026-04-26,B,2743,806,420,39,3090
2026-04-26,O,6052,1395,725,106,6616
2026-04-27,A,2990,281,411,28,2832
2026-04-27,AB,1092,75,102,16,1049
2026-04-27,B,3090,338,474,30,2924
2026-04-27,O,6616,529,775,110,6260
2026-04-28,A,2832,419,379,35,2837
2026-04-28,AB,1049,107,102,21,1033
2026-04-28,B,2924,488,450,33,2929
2026-04-28,O,6260,740,774,104,6122
2026-04-29,A,2837,463,420,32,2848
2026-04-29,AB,1033,105,91,25,1022
2026-04-29,B,2929,513,480,34,2928
2026-04-29,O,6122,763,785,98,6002
2026-04-30,A,2848,309,402,20,2735
2026-04-30,AB,1022,77,88,21,990
2026-04-30,B,2928,368,492,24,2780
2026-04-30,O,6002,598,796,85,5719
2026-05-01,A,2735,857,387,31,3174
2026-05-01,AB,990,187,100,25,1052
2026-05-01,B,2780,855,468,42,3125
2026-05-01,O,5719,1432,816,109,6226
2026-05-02,A,3174,553,393,38,3296
2026-05-02,AB,1052,128,70,17,1093
2026-05-02,B,3125,638,457,35,3271
2026-05-02,O,6226,900,668,101,6357
2026-05-03,A,3296,763,394,55,3610
2026-05-03,AB,1093,155,81,22,1145
2026-05-03,B,3271,752,444,46,3533
2026-05-03,O,6357,1181,725,112,6701
2026-05-04,A,3610,240,416,44,3390
2026-05-04,AB,1145,43,83,20,1085
2026-05-04,B,3533,297,510,42,3278
2026-05-04,O,6701,437,844,102,6192
2026-05-05,A,3390,376,424,57,3285
2026-05-05,AB,1085,61,77,19,1050
2026-05-05,B,3278,440,455,34,3229
2026-05-05,O,6192,654,843,94,5909
2026-05-06,A,3285,395,410,45,3225
2026-05-06,AB,1050,57,90,16,1001
2026-05-06,B,3229,456,445,41,3199
2026-05-06,O,5909,637,818,79,5649
2026-05-07,A,3225,398,414,33,3176
2026-05-07,AB,1001,63,67,22,975
2026-05-07,B,3199,463,461,30,3171
2026-05-07,O,5649,676,851,79,5395
2026-05-08,A,3176,274,392,42,3016
2026-05-08,AB,975,43,125,14,879
2026-05-08,B,3171,315,487,32,2967
2026-05-08,O,5395,509,810,57,5037
2026-05-09,A,3016,596,331,42,3239
2026-05-09,AB,879,110,59,13,917
2026-05-09,B,2967,585,410,33,3109
2026-05-09,O,5037,939,777,71,5128
2026-05-10,A,3239,729,429,49,3490
2026-05-10,AB,917,94,77,10,924
2026-05-10,B,3109,804,440,41,3432
2026-05-10,O,5128,1361,744,77,5668
2026-05-11,A,3490,321,392,49,3370
2026-05-11,AB,924,53,90,8,879
2026-05-11,B,3432,333,452,27,3286
2026-05-11,O,5668,486,822,59,5273
2026-05-12,A,3370,444,388,46,3380
2026-05-12,AB,879,99,58,17,903
2026-05-12,B,3286,516,470,34,3298
2026-05-12,O,5273,864,783,66,5288
2026-05-13,A,3380,425,391,51,3363
2026-05-13,AB,903,90,94,13,886
2026-05-13,B,3298,508,466,39,3301
2026-05-13,O,5288,723,799,65,5147
2026-05-14,A,3363,395,434,39,3285
2026-05-14,AB,886,81,81,17,869
2026-05-14,B,3301,487,480,34,3274
2026-05-14,O,5147,731,844,64,4970
2026-05-15,A,3285,245,386,32,3112
2026-05-15,AB,869,41,100,14,796
2026-05-15,B,3274,281,477,37,3041
2026-05-15,O,4970,440,796,46,4568
2026-05-16,A,3112,535,355,35,3257
2026-05-16,AB,796,100,72,10,814
2026-05-16,B,3041,593,412,35,3187
2026-05-16,O,4568,891,733,60,4666
2026-05-17,A,3257,768,354,58,3613
2026-05-17,AB,814,173,73,13,901
2026-05-17,B,3187,783,438,47,3485
2026-05-17,O,4666,1269,775,68,5092
2026-05-18,A,3613,207,440,52,3328
2026-05-18,AB,901,66,77,23,867
2026-05-18,B,3485,243,459,46,3223
2026-05-18,O,5092,381,795,45,4633
2026-05-19,A,3328,398,390,39,3297
2026-05-19,AB,867,105,86,10,876
2026-05-19,B,3223,482,430,44,3231
2026-05-19,O,4633,665,743,58,4497
2026-05-20,A,3297,355,347,49,3256
2026-05-20,AB,876,96,83,18,871
2026-05-20,B,3231,377,439,35,3134
2026-05-20,O,4497,683,770,39,4371
2026-05-21,A,3256,392,404,50,3194
2026-05-21,AB,871,106,77,17,883
2026-05-21,B,3134,451,497,41,3047
2026-05-21,O,4371,683,740,30,4284
2026-05-22,A,3194,246,390,39,3011
2026-05-22,AB,883,67,77,10,863
2026-05-22,B,3047,290,466,30,2841
2026-05-22,O,4284,461,786,26,3933
2026-05-23,A,3011,599,403,46,3161
2026-05-23,AB,863,153,191,10,815
2026-05-23,B,2841,686,434,35,3058
2026-05-23,O,3933,1028,666,46,4249
2026-05-24,A,3161,721,393,50,3439
2026-05-24,AB,815,134,59,14,876
2026-05-24,B,3058,697,439,41,3275
2026-05-24,O,4249,1241,700,59,4731
2026-05-25,A,3439,257,418,46,3232
2026-05-25,AB,876,47,79,5,839
2026-05-25,B,3275,315,483,23,3084
2026-05-25,O,4731,426,697,44,4416
2026-05-26,A,3232,198,443,33,2954
2026-05-26,AB,839,48,77,18,792
2026-05-26,B,3084,194,429,24,2825
2026-05-26,O,4416,360,755,26,3995
2026-05-27,A,2954,82,408,14,2614
2026-05-27,AB,792,11,55,11,737
2026-05-27,B,2825,76,429,20,2452
2026-05-27,O,3995,145,709,16,3415
2026-05-28,A,2614,158,400,11,2361
2026-05-28,AB,737,34,74,6,691
2026-05-28,B,2452,187,467,12,2160
2026-05-28,O,3415,293,684,15,3009
2026-05-29,A,2361,179,365,15,2160
2026-05-29,AB,691,41,67,11,654
2026-05-29,B,2160,172,410,11,1911
2026-05-29,O,3009,287,736,13,2547
2026-05-30,A,2160,476,344,15,2277
2026-05-30,AB,654,84,70,4,664
2026-05-30,B,1911,418,388,10,1931
2026-05-30,O,2547,769,625,18,2673
2026-05-31,A,2277,631,357,24,2527
2026-05-31,AB,664,127,53,6,732
2026-05-31,B,1931,697,353,10,2265
2026-05-31,O,2673,1235,571,24,3313
2026-06-01,A,2527,251,375,16,2387
2026-06-01,AB,732,51,56,7,720
2026-06-01,B,2265,285,415,16,2119
2026-06-01,O,3313,436,708,21,3020
2026-06-02,A,2387,235,370,17,2235
2026-06-02,AB,720,56,74,11,691
2026-06-02,B,2119,278,366,11,2020
2026-06-02,O,3020,420,635,15,2790
2026-06-03,A,2235,276,357,13,2141
2026-06-03,AB,691,52,50,8,685
2026-06-03,B,2020,302,395,10,1917
2026-06-03,O,2790,467,1170,6,2081
2026-06-04,A,2141,360,352,17,2132
2026-06-04,AB,685,101,74,8,704
2026-06-04,B,1917,417,415,10,1909
2026-06-04,O,2081,623,679,9,2016
2026-06-05,A,2132,228,335,18,2007
2026-06-05,AB,704,51,76,6,673
2026-06-05,B,1909,227,412,13,1711
2026-06-05,O,2016,367,620,12,1751
2026-06-06,A,2007,487,325,16,2153
2026-06-06,AB,673,100,81,3,689
2026-06-06,B,1711,485,363,14,1819
2026-06-06,O,1751,783,556,10,1968
2026-06-07,A,2153,738,352,26,2513
2026-06-07,AB,689,147,59,12,765
2026-06-07,B,1819,687,357,13,2136
2026-06-07,O,1968,1277,645,15,2585
2026-06-08,A,2513,290,357,21,2425
2026-06-08,AB,765,68,76,11,746
2026-06-08,B,2136,262,399,15,1984
2026-06-08,O,2585,456,681,16,2344
2026-06-09,A,2425,372,330,25,2442
2026-06-09,AB,746,99,88,8,749
2026-06-09,B,1984,369,396,14,1943
2026-06-09,O,2344,653,632,14,2351
2026-06-10,A,2442,393,375,24,2436
2026-06-10,AB,749,91,70,7,763
2026-06-10,B,1943,447,371,16,2003
2026-06-10,O,2351,681,637,12,2383
2026-06-11,A,2436,532,400,24,2544
2026-06-11,AB,763,151,76,7,831
2026-06-11,B,2003,568,404,16,2151
2026-06-11,O,2383,883,597,17,2652
2026-06-12,A,2544,426,339,20,2611
2026-06-12,AB,831,101,81,20,831
2026-06-12,B,2151,486,419,18,2200
2026-06-12,O,2652,778,608,20,2802
2026-06-13,A,2611,484,295,22,2778
2026-06-13,AB,831,117,78,10,860
2026-06-13,B,2200,515,390,19,2306
2026-06-13,O,2802,834,589,23,3024
2026-06-14,A,2778,811,367,48,3174
2026-06-14,AB,860,169,89,10,930
2026-06-14,B,2306,890,372,27,2797
2026-06-14,O,3024,1413,611,29,3797
2026-06-15,A,3174,240,363,36,3015
2026-06-15,AB,930,52,81,14,887
2026-06-15,B,2797,271,418,27,2623
2026-06-15,O,3797,349,652,29,3465
2026-06-16,A,3015,559,337,48,3189
2026-06-16,AB,887,157,89,18,937
2026-06-16,B,2623,675,404,36,2858
2026-06-16,O,3465,973,666,36,3736
2026-06-17,A,3189,392,377,41,3163
2026-06-17,AB,937,93,78,13,939
2026-06-17,B,2858,459,432,26,2859
2026-06-17,O,3736,712,634,25,3789
2026-06-18,A,3163,348,342,40,3129
2026-06-18,AB,939,73,65,13,934
2026-06-18,B,2859,327,430,26,2730
2026-06-18,O,3789,593,678,32,3672
2026-06-19,A,3129,285,343,32,3039
2026-06-19,AB,934,73,84,12,911
2026-06-19,B,2730,274,398,24,2582
2026-06-19,O,3672,479,640,20,3491
2026-06-20,A,3039,398,340,30,3067
2026-06-20,AB,911,95,68,8,930
2026-06-20,B,2582,409,395,19,2577
2026-06-20,O,3491,614,561,26,3518
2026-06-21,A,3067,637,361,42,3301
2026-06-21,AB,930,148,63,18,997
2026-06-21,B,2577,641,364,28,2826
2026-06-21,O,3518,1124,615,29,3998
2026-06-22,A,3301,258,369,40,3150
2026-06-22,AB,997,65,80,14,968
2026-06-22,B,2826,266,407,22,2663
2026-06-22,O,3998,479,640,40,3797
2026-06-23,A,3150,340,353,52,3085
2026-06-23,AB,968,85,60,22,971
2026-06-23,B,2663,338,400,23,2578
2026-06-23,O,3797,587,631,36,3717
2026-06-24,A,3085,429,356,54,3104
2026-06-24,AB,971,94,81,9,975
2026-06-24,B,2578,482,368,21,2671
2026-06-24,O,3717,670,614,31,3742
2026-06-25,A,3104,381,353,47,3085
2026-06-25,AB,975,81,72,14,970
2026-06-25,B,2671,390,381,27,2653
2026-06-25,O,3742,657,656,21,3722
2026-06-26,A,3085,150,397,28,2810
2026-06-26,AB,970,38,81,10,917
2026-06-26,B,2653,166,374,22,2423
2026-06-26,O,3722,263,638,27,3320
2026-06-27,A,2810,539,332,36,2981
2026-06-27,AB,917,104,89,17,915
2026-06-27,B,2423,616,378,18,2643
2026-06-27,O,3320,960,601,23,3656
2026-06-28,A,2981,791,365,44,3363
2026-06-28,AB,915,161,78,17,981
2026-06-28,B,2643,704,427,23,2897
2026-06-28,O,3656,1257,659,50,4204
2026-06-29,A,3363,173,411,36,3089
2026-06-29,AB,981,32,95,16,902
2026-06-29,B,2897,203,458,23,2619
2026-06-29,O,4204,340,700,33,3811
2026-06-30,A,3089,384,411,46,3016
2026-06-30,AB,902,98,81,12,907
2026-06-30,B,2619,467,432,28,2626
2026-06-30,O,3811,625,702,25,3709
2026-07-01,A,3016,335,373,37,2941
2026-07-01,AB,907,75,83,16,883
2026-07-01,B,2626,391,482,15,2520
2026-07-01,O,3709,558,657,37,3573
2026-07-02,A,2941,347,404,31,2853
2026-07-02,AB,883,82,84,12,869
2026-07-02,B,2520,414,510,21,2403
2026-07-02,O,3573,622,613,31,3551
2026-07-03,A,2853,213,410,31,2625
2026-07-03,AB,869,48,64,13,840
2026-07-03,B,2403,257,415,15,2230
2026-07-03,O,3551,373,653,19,3252
2026-07-04,A,2625,497,378,27,2717
2026-07-04,AB,840,123,79,12,872
2026-07-04,B,2230,508,415,21,2302
2026-07-04,O,3252,853,581,25,3499
2026-07-05,A,2717,830,382,37,3128
2026-07-05,AB,872,173,67,19,959
2026-07-05,B,2302,862,482,25,2657
2026-07-05,O,3499,1390,659,45,4185
2026-07-06,A,3128,219,399,40,2908
2026-07-06,AB,959,66,91,17,917
2026-07-06,B,2657,233,480,19,2391
2026-07-06,O,4185,390,771,29,3775
2026-07-07,A,2908,340,417,41,2790
2026-07-07,AB,917,83,79,18,903
2026-07-07,B,2391,339,461,26,2243
2026-07-07,O,3775,556,668,31,3632
2026-07-08,A,2790,339,428,31,2670
2026-07-08,AB,903,90,97,22,874
2026-07-08,B,2243,392,453,13,2169
2026-07-08,O,3632,633,720,26,3519
2026-07-09,A,2670,434,390,38,2676
2026-07-09,AB,874,111,82,11,892
2026-07-09,B,2169,452,450,9,2162
2026-07-09,O,3519,731,674,29,3547
2026-07-10,A,2676,210,837,11,2038
2026-07-10,AB,892,46,94,16,828
2026-07-10,B,2162,228,439,10,1941
2026-07-10,O,3547,351,693,20,3185
2026-07-11,A,2038,607,408,22,2215
2026-07-11,AB,828,148,87,19,870
2026-07-11,B,1941,659,421,20,2159
2026-07-11,O,3185,1060,642,24,3579
2026-07-12,A,2215,736,415,25,2511
2026-07-12,AB,870,140,74,22,914
2026-07-12,B,2159,680,426,18,2395
2026-07-12,O,3579,1224,649,38,4116
2026-07-13,A,2511,263,506,22,2246
2026-07-13,AB,914,62,94,11,871
2026-07-13,B,2395,263,446,16,2196
2026-07-13,O,4116,455,669,33,3869
2026-07-14,A,2246,352,456,15,2127
2026-07-14,AB,871,80,88,13,850
2026-07-14,B,2196,397,435,16,2142
2026-07-14,O,3869,627,727,29,3740
2026-07-15,A,2127,332,468,7,1984
2026-07-15,AB,850,78,84,15,829
2026-07-15,B,2142,385,472,18,2037
2026-07-15,O,3740,575,722,21,3572
2026-07-16,A,1984,416,444,7,1949
2026-07-16,AB,829,78,92,7,808
2026-07-16,B,2037,455,448,9,2035
2026-07-16,O,3572,712,695,26,3563
2026-07-17,A,1949,303,438,15,1799
2026-07-17,AB,808,89,79,14,804
2026-07-17,B,2035,299,427,12,1895
2026-07-17,O,3563,504,699,33,3335
2026-07-18,A,1799,616,458,17,1940
2026-07-18,AB,804,168,72,20,880
2026-07-18,B,1895,699,391,17,2186
2026-07-18,O,3335,1056,654,31,3706
2026-07-19,A,1940,742,441,13,2228
2026-07-19,AB,880,107,100,13,874
2026-07-19,B,2186,752,430,22,2486
2026-07-19,O,3706,1154,661,32,4167
2026-07-20,A,2228,262,504,12,1974
2026-07-20,AB,874,55,84,9,836
2026-07-20,B,2486,323,490,16,2303
2026-07-20,O,4167,491,755,34,3869
2026-07-21,A,1974,376,438,6,1906
2026-07-21,AB,836,115,97,11,843
2026-07-21,B,2303,419,454,16,2252
2026-07-21,O,3869,669,715,23,3800
2026-07-22,A,1906,467,473,10,1890
2026-07-22,AB,843,115,89,12,857
2026-07-22,B,2252,524,474,18,2284
2026-07-22,O,3800,750,708,22,3820
2026-07-23,A,1890,452,438,13,1891
2026-07-23,AB,857,94,65,17,869
2026-07-23,B,2284,500,468,14,2302
2026-07-23,O,3820,758,766,24,3788
2026-07-24,A,1891,226,499,7,1611
2026-07-24,AB,869,41,95,10,805
2026-07-24,B,2302,229,460,13,2058
2026-07-24,O,3788,396,690,29,3465
2026-07-25,A,1611,607,401,9,1808
2026-07-25,AB,805,127,91,13,828
2026-07-25,B,2058,646,428,8,2268
2026-07-25,O,3465,1036,634,32,3835
2026-07-26,A,1808,691,439,10,2050
2026-07-26,AB,828,138,100,22,844
2026-07-26,B,2268,705,818,9,2146
2026-07-26,O,3835,1206,663,44,4334
2026-07-27,A,2050,279,442,16,1871
2026-07-27,AB,844,81,83,12,830
2026-07-27,B,2146,374,454,6,2060
2026-07-27,O,4334,510,707,43,4094
2026-07-28,A,1871,413,449,18,1817
2026-07-28,AB,830,92,221,9,692
2026-07-28,B,2060,500,483,15,2062
2026-07-28,O,4094,692,696,35,4055
2026-07-29,A,1817,426,488,16,1739
2026-07-29,AB,692,101,83,9,701
2026-07-29,B,2062,454,473,8,2035
2026-07-29,O,4055,814,817,40,4012
2026-07-30,A,1739,357,477,16,1603
2026-07-30,AB,701,94,89,11,695
2026-07-30,B,2035,367,457,12,1933
2026-07-30,O,4012,551,775,35,3753
2026-07-31,A,1603,213,432,14,1370
2026-07-31,AB,695,48,88,7,648
2026-07-31,B,1933,238,486,9,1676
2026-07-31,O,3753,405,789,30,3339
2026-08-01,A,1370,592,431,10,1521
2026-08-01,AB,648,153,93,10,698
2026-08-01,B,1676,636,463,6,1843
2026-08-01,O,3339,969,722,29,3557
2026-08-02,A,1521,815,444,7,1885
2026-08-02,AB,698,160,92,6,760
2026-08-02,B,1843,884,471,13,2243
2026-08-02,O,3557,1396,783,42,4128
2026-08-03,A,1885,184,481,5,1583
2026-08-03,AB,760,57,94,5,718
2026-08-03,B,2243,206,502,8,1939
2026-08-03,O,4128,303,781,30,3620
2026-08-04,A,1583,377,449,7,1504
2026-08-04,AB,718,103,96,14,711
2026-08-04,B,1939,414,460,9,1884
2026-08-04,O,3620,631,737,21,3493
2026-08-05,A,1504,337,458,10,1373
2026-08-05,AB,711,97,97,9,702
2026-08-05,B,1884,384,471,15,1782
2026-08-05,O,3493,569,774,16,3272
2026-08-06,A,1373,371,489,10,1245
2026-08-06,AB,702,105,116,10,681
2026-08-06,B,1782,398,451,12,1717
2026-08-06,O,3272,668,777,35,3128
2026-08-07,A,1245,208,494,4,955
2026-08-07,AB,681,53,101,6,627
2026-08-07,B,1717,242,508,12,1439
2026-08-07,O,3128,322,735,20,2695
2026-08-08,A,955,607,458,6,1098
2026-08-08,AB,627,120,86,7,654
2026-08-08,B,1439,681,422,10,1688
2026-08-08,O,2695,1012,653,15,3039
2026-08-09,A,1098,676,469,8,1297
2026-08-09,AB,654,157,75,5,731
2026-08-09,B,1688,670,453,10,1895
2026-08-09,O,3039,1180,733,24,3462
2026-08-10,A,1297,313,436,7,1167
2026-08-10,AB,731,65,107,10,679
2026-08-10,B,1895,310,462,16,1727
2026-08-10,O,3462,512,715,15,3244
2026-08-11,A,1167,378,492,3,1050
2026-08-11,AB,679,90,79,10,680
2026-08-11,B,1727,385,438,14,1660
2026-08-11,O,3244,631,728,12,3135
2026-08-12,A,1050,492,481,9,1052
2026-08-12,AB,680,140,97,13,710
2026-08-12,B,1660,577,463,11,1763
2026-08-12,O,3135,821,802,20,3134
2026-08-13,A,1052,422,479,6,989
2026-08-13,AB,710,107,103,11,703
2026-08-13,B,1763,445,451,12,1745
2026-08-13,O,3134,770,742,17,3145
2026-08-14,A,989,287,491,4,781
2026-08-14,AB,703,90,157,4,632
2026-08-14,B,1745,295,457,8,1575
2026-08-14,O,3145,615,755,16,2989
2026-08-15,A,781,545,448,5,873
2026-08-15,AB,632,162,89,5,700
2026-08-15,B,1575,626,421,14,1766
2026-08-15,O,2989,1036,767,17,3241
2026-08-16,A,873,698,460,6,1105
2026-08-16,AB,700,173,85,8,780
2026-08-16,B,1766,796,465,15,2082
2026-08-16,O,3241,1387,755,28,3845
2026-08-17,A,1105,250,501,10,844
2026-08-17,AB,780,84,101,5,758
2026-08-17,B,2082,337,451,9,1959
2026-08-17,O,3845,475,779,20,3521
2026-08-18,A,844,457,475,7,819
2026-08-18,AB,758,112,136,6,728
2026-08-18,B,1959,496,439,11,2005
2026-08-18,O,3521,808,770,33,3526
2026-08-19,A,819,456,494,9,772
2026-08-19,AB,728,116,95,10,739
2026-08-19,B,2005,516,465,11,2045
2026-08-19,O,3526,769,783,31,3481
2026-08-20,A,772,375,483,5,659
2026-08-20,AB,739,80,125,8,686
2026-08-20,B,2045,415,477,11,1972
2026-08-20,O,3481,621,746,27,3329
2026-08-21,A,659,253,453,7,452
2026-08-21,AB,686,56,116,4,622
2026-08-21,B,1972,312,437,14,1833
2026-08-21,O,3329,412,799,16,2926
2026-08-22,A,452,541,428,2,563
2026-08-22,AB,622,106,100,9,619
2026-08-22,B,1833,560,421,9,1963
2026-08-22,O,2926,849,703,20,3052
2026-08-23,A,563,638,385,8,808
2026-08-23,AB,619,140,99,7,653
2026-08-23,B,1963,647,414,15,2181
2026-08-23,O,3052,1173,735,23,3467
2026-08-24,A,808,295,478,2,623
2026-08-24,AB,653,54,113,2,592
2026-08-24,B,2181,347,469,9,2050
2026-08-24,O,3467,530,823,16,3158
2026-08-25,A,623,428,478,3,570
2026-08-25,AB,592,75,126,5,536
2026-08-25,B,2050,474,472,10,2042
2026-08-25,O,3158,759,794,22,3101
2026-08-26,A,570,301,466,4,401
2026-08-26,AB,536,56,131,2,459
2026-08-26,B,2042,341,466,6,1911
2026-08-26,O,3101,532,779,19,2835
2026-08-27,A,401,351,470,1,281
2026-08-27,AB,459,60,118,2,399
2026-08-27,B,1911,388,436,9,1854
2026-08-27,O,2835,588,787,13,2623
2026-08-28,A,281,194,469,0,6
2026-08-28,AB,399,31,120,3,307
2026-08-28,B,1854,228,474,12,1596
2026-08-28,O,2623,378,822,21,2158
2026-08-29,A,6,393,399,0,0
2026-08-29,AB,307,72,98,1,280
2026-08-29,B,1596,499,396,13,1686
2026-08-29,O,2158,735,735,15,2143
2026-08-30,A,0,520,436,0,84
2026-08-30,AB,280,102,97,1,284
2026-08-30,B,1686,583,479,11,1779
2026-08-30,O,2143,1073,768,19,2429
2026-08-31,A,84,483,471,0,96
2026-08-31,AB,284,87,126,1,244
2026-08-31,B,1779,538,470,9,1838
2026-08-31,O,2429,940,830,16,2523
2026-09-01,A,96,197,293,0,0
2026-09-01,AB,244,36,107,0,173
2026-09-01,B,1838,229,468,12,1587
2026-09-01,O,2523,379,764,9,2129
2026-09-02,A,0,253,253,0,0
2026-09-02,AB,173,43,116,1,99
2026-09-02,B,1587,288,436,11,1428
2026-09-02,O,2129,437,817,9,1740
2026-09-03,A,0,367,367,0,0
2026-09-03,AB,99,71,111,0,59
2026-09-03,B,1428,460,454,10,1424
2026-09-03,O,1740,637,782,12,1583
2026-09-04,A,0,202,202,0,0
2026-09-04,AB,59,34,93,0,0
2026-09-04,B,1424,232,430,8,1218
2026-09-04,O,1583,391,780,4,1190
