date,blood_group,units_demanded
2006-01-01,A,143
2006-01-01,AB,38
2006-01-01,B,145
2006-01-01,O,203
2006-01-02,A,100
2006-01-02,AB,33
2006-01-02,B,106
2006-01-02,O,146
2006-01-03,A,77
2006-01-03,AB,11
2006-01-03,B,70
2006-01-03,O,105
2006-01-04,A,64
2006-01-04,AB,30
2006-01-04,B,80
2006-01-04,O,139
2006-01-05,A,94
2006-01-05,AB,20
2006-01-05,B,102
2006-01-05,O,153
2006-01-06,A,92
2006-01-06,AB,20
2006-01-06,B,80
2006-01-06,O,445
2006-01-07,A,85
2006-01-07,AB,30
2006-01-07,B,79
2006-01-07,O,94
2006-01-08,A,100
2006-01-08,AB,32
2006-01-08,B,91
2006-01-08,O,148
2006-01-09,A,100
2006-01-09,AB,35
2006-01-09,B,91
2006-01-09,O,149
2006-01-10,A,75
2006-01-10,AB,28
2006-01-10,B,90
2006-01-10,O,133
2006-01-11,A,107
2006-01-11,AB,29
2006-01-11,B,82
2006-01-11,O,141
2006-01-12,A,94
2006-01-12,AB,25
2006-01-12,B,100
2006-01-12,O,137
2006-01-13,A,94
2006-01-13,AB,22
2006-01-13,B,122
2006-01-13,O,128
2006-01-14,A,93
2006-01-14,AB,26
2006-01-14,B,100
2006-01-14,O,138
2006-01-15,A,87
2006-01-15,AB,34
2006-01-15,B,96
2006-01-15,O,146
2006-01-16,A,97
2006-01-16,AB,33
2006-01-16,B,106
2006-01-16,O,165
2006-01-17,A,115
2006-01-17,AB,34
2006-01-17,B,129
2006-01-17,O,153
2006-01-18,A,123
2006-01-18,AB,35
2006-01-18,B,134
2006-01-18,O,178
2006-01-19,A,143
2006-01-19,AB,28
2006-01-19,B,169
2006-01-19,O,200
2006-01-20,A,132
2006-01-20,AB,23
2006-01-20,B,139
2006-01-20,O,205
2006-01-21,A,102
2006-01-21,AB,32
2006-01-21,B,124
2006-01-21,O,165
2006-01-22,A,100
2006-01-22,AB,29
2006-01-22,B,120
2006-01-22,O,156
2006-01-23,A,117
2006-01-23,AB,28
2006-01-23,B,124
2006-01-23,O,166
2006-01-24,A,129
2006-01-24,AB,34
2006-01-24,B,151
2006-01-24,O,172
2006-01-25,A,142
2006-01-25,AB,38
2006-01-25,B,146
2006-01-25,O,179
2006-01-26,A,148
2006-01-26,AB,33
2006-01-26,B,182
2006-01-26,O,187
2006-01-27,A,125
2006-01-27,AB,32
2006-01-27,B,146
2006-01-27,O,368
2006-01-28,A,115
2006-01-28,AB,30
2006-01-28,B,106
2006-01-28,O,176
2006-01-29,A,113
2006-01-29,AB,30
2006-01-29,B,132
2006-01-29,O,184
2006-01-30,A,115
2006-01-30,AB,24
2006-01-30,B,139
2006-01-30,O,170
2006-01-31,A,113
2006-01-31,AB,25
2006-01-31,B,112
2006-01-31,O,148
2006-02-01,A,126
2006-02-01,AB,26
2006-02-01,B,171
2006-02-01,O,154
2006-02-02,A,112
2006-02-02,AB,28
2006-02-02,B,125
2006-02-02,O,149
2006-02-03,A,111
2006-02-03,AB,29
2006-02-03,B,122
2006-02-03,O,191
2006-02-04,A,117
2006-02-04,AB,70
2006-02-04,B,119
2006-02-04,O,183
2006-02-05,A,96
2006-02-05,AB,24
2006-02-05,B,102
2006-02-05,O,151
2006-02-06,A,95
2006-02-06,AB,23
2006-02-06,B,139
2006-02-06,O,164
2006-02-07,A,114
2006-02-07,AB,18
2006-02-07,B,142
2006-02-07,O,172
2006-02-08,A,147
2006-02-08,AB,33
2006-02-08,B,129
2006-02-08,O,181
2006-02-09,A,125
2006-02-09,AB,30
2006-02-09,B,136
2006-02-09,O,176
2006-02-10,A,138
2006-02-10,AB,27
2006-02-10,B,146
2006-02-10,O,206
2006-02-11,A,107
2006-02-11,AB,19
2006-02-11,B,147
2006-02-11,O,195
2006-02-12,A,149
2006-02-12,AB,35
2006-02-12,B,161
2006-02-12,O,192
2006-02-13,A,160
2006-02-13,AB,36
2006-02-13,B,165
2006-02-13,O,245
2006-02-14,A,150
2006-02-14,AB,46
2006-02-14,B,156
2006-02-14,O,223
2006-02-15,A,148
2006-02-15,AB,26
2006-02-15,B,181
2006-02-15,O,233
2006-02-16,A,133
2006-02-16,AB,31
2006-02-16,B,165
2006-02-16,O,206
2006-02-17,A,149
2006-02-17,AB,38
2006-02-17,B,169
2006-02-17,O,199
2006-02-18,A,114
2006-02-18,AB,36
2006-02-18,B,164
2006-02-18,O,180
2006-02-19,A,102
2006-02-19,AB,33
2006-02-19,B,147
2006-02-19,O,161
2006-02-20,A,140
2006-02-20,AB,28
2006-02-20,B,132
2006-02-20,O,201
2006-02-21,A,124
2006-02-21,AB,39
2006-02-21,B,182
2006-02-21,O,212
2006-02-22,A,147
2006-02-22,AB,32
2006-02-22,B,178
2006-02-22,O,208
2006-02-23,A,143
2006-02-23,AB,29
2006-02-23,B,179
2006-02-23,O,193
2006-02-24,A,142
2006-02-24,AB,30
2006-02-24,B,138
2006-02-24,O,196
2006-02-25,A,125
2006-02-25,AB,38
2006-02-25,B,141
2006-02-25,O,168
2006-02-26,A,107
2006-02-26,AB,38
2006-02-26,B,169
2006-02-26,O,229
2006-02-27,A,159
2006-02-27,AB,43
2006-02-27,B,155
2006-02-27,O,214
2006-02-28,A,134
2006-02-28,AB,38
2006-02-28,B,212
2006-02-28,O,202
2006-03-01,A,171
2006-03-01,AB,40
2006-03-01,B,178
2006-03-01,O,229
2006-03-02,A,159
2006-03-02,AB,43
2006-03-02,B,197
2006-03-02,O,245
2006-03-03,A,138
2006-03-03,AB,48
2006-03-03,B,162
2006-03-03,O,211
2006-03-04,A,131
2006-03-04,AB,40
2006-03-04,B,170
2006-03-04,O,200
2006-03-05,A,132
2006-03-05,AB,43
2006-03-05,B,171
2006-03-05,O,513
2006-03-06,A,141
2006-03-06,AB,51
2006-03-06,B,167
2006-03-06,O,245
2006-03-07,A,157
2006-03-07,AB,62
2006-03-07,B,185
2006-03-07,O,237
2006-03-08,A,171
2006-03-08,AB,48
2006-03-08,B,211
2006-03-08,O,277
2006-03-09,A,157
2006-03-09,AB,36
2006-03-09,B,230
2006-03-09,O,259
2006-03-10,A,170
2006-03-10,AB,37
2006-03-10,B,212
2006-03-10,O,234
2006-03-11,A,134
2006-03-11,AB,65
2006-03-11,B,170
2006-03-11,O,237
2006-03-12,A,141
2006-03-12,AB,39
2006-03-12,B,174
2006-03-12,O,200
2006-03-13,A,124
2006-03-13,AB,49
2006-03-13,B,190
2006-03-13,O,212
2006-03-14,A,132
2006-03-14,AB,36
2006-03-14,B,190
2006-03-14,O,215
2006-03-15,A,141
2006-03-15,AB,46
2006-03-15,B,173
2006-03-15,O,214
2006-03-16,A,156
2006-03-16,AB,42
2006-03-16,B,180
2006-03-16,O,245
2006-03-17,A,173
2006-03-17,AB,39
2006-03-17,B,184
2006-03-17,O,197
2006-03-18,A,123
2006-03-18,AB,46
2006-03-18,B,128
2006-03-18,O,199
2006-03-19,A,131
2006-03-19,AB,38
2006-03-19,B,164
2006-03-19,O,210
2006-03-20,A,168
2006-03-20,AB,37
2006-03-20,B,151
2006-03-20,O,212
2006-03-21,A,148
2006-03-21,AB,48
2006-03-21,B,169
2006-03-21,O,209
2006-03-22,A,148
2006-03-22,AB,31
2006-03-22,B,174
2006-03-22,O,248
2006-03-23,A,138
2006-03-23,AB,43
2006-03-23,B,162
2006-03-23,O,206
2006-03-24,A,151
2006-03-24,AB,40
2006-03-24,B,160
2006-03-24,O,230
2006-03-25,A,133
2006-03-25,AB,35
2006-03-25,B,137
2006-03-25,O,189
2006-03-26,A,116
2006-03-26,AB,41
2006-03-26,B,161
2006-03-26,O,204
2006-03-27,A,160
2006-03-27,AB,33
2006-03-27,B,170
2006-03-27,O,242
2006-03-28,A,157
2006-03-28,AB,36
2006-03-28,B,173
2006-03-28,O,240
2006-03-29,A,167
2006-03-29,AB,36
2006-03-29,B,161
2006-03-29,O,253
2006-03-30,A,163
2006-03-30,AB,34
2006-03-30,B,188
2006-03-30,O,244
2006-03-31,A,150
2006-03-31,AB,44
2006-03-31,B,163
2006-03-31,O,220
2006-04-01,A,136
2006-04-01,AB,39
2006-04-01,B,174
2006-04-01,O,220
2006-04-02,A,145
2006-04-02,AB,31
2006-04-02,B,159
2006-04-02,O,238
2006-04-03,A,149
2006-04-03,AB,42
2006-04-03,B,324
2006-04-03,O,245
2006-04-04,A,158
2006-04-04,AB,32
2006-04-04,B,167
2006-04-04,O,234
2006-04-05,A,153
2006-04-05,AB,35
2006-04-05,B,177
2006-04-05,O,246
2006-04-06,A,179
2006-04-06,AB,36
2006-04-06,B,178
2006-04-06,O,225
2006-04-07,A,141
2006-04-07,AB,45
2006-04-07,B,183
2006-04-07,O,203
2006-04-08,A,148
2006-04-08,AB,32
2006-04-08,B,168
2006-04-08,O,215
2006-04-09,A,115
2006-04-09,AB,36
2006-04-09,B,139
2006-04-09,O,206
2006-04-10,A,159
2006-04-10,AB,43
2006-04-10,B,153
2006-04-10,O,272
2006-04-11,A,151
2006-04-11,AB,43
2006-04-11,B,183
2006-04-11,O,232
2006-04-12,A,146
2006-04-12,AB,43
2006-04-12,B,164
2006-04-12,O,238
2006-04-13,A,153
2006-04-13,AB,35
2006-04-13,B,150
2006-04-13,O,228
2006-04-14,A,147
2006-04-14,AB,33
2006-04-14,B,173
2006-04-14,O,205
2006-04-15,A,133
2006-04-15,AB,41
2006-04-15,B,141
2006-04-15,O,202
2006-04-16,A,102
2006-04-16,AB,39
2006-04-16,B,146
2006-04-16,O,172
2006-04-17,A,122
2006-04-17,AB,44
2006-04-17,B,157
2006-04-17,O,208
2006-04-18,A,133
2006-04-18,AB,41
2006-04-18,B,133
2006-04-18,O,198
2006-04-19,A,173
2006-04-19,AB,43
2006-04-19,B,176
2006-04-19,O,207
2006-04-20,A,161
2006-04-20,AB,38
2006-04-20,B,168
2006-04-20,O,197
2006-04-21,A,163
2006-04-21,AB,39
2006-04-21,B,153
2006-04-21,O,168
2006-04-22,A,121
2006-04-22,AB,32
2006-04-22,B,153
2006-04-22,O,178
2006-04-23,A,124
2006-04-23,AB,34
2006-04-23,B,150
2006-04-23,O,198
2006-04-24,A,137
2006-04-24,AB,32
2006-04-24,B,160
2006-04-24,O,216
2006-04-25,A,118
2006-04-25,AB,33
2006-04-25,B,163
2006-04-25,O,205
2006-04-26,A,143
2006-04-26,AB,37
2006-04-26,B,143
2006-04-26,O,256
2006-04-27,A,144
2006-04-27,AB,34
2006-04-27,B,167
2006-04-27,O,230
2006-04-28,A,111
2006-04-28,AB,33
2006-04-28,B,158
2006-04-28,O,183
2006-04-29,A,140
2006-04-29,AB,26
2006-04-29,B,128
2006-04-29,O,170
2006-04-30,A,87
2006-04-30,AB,25
2006-04-30,B,134
2006-04-30,O,170
2006-05-01,A,139
2006-05-01,AB,39
2006-05-01,B,167
2006-05-01,O,200
2006-05-02,A,111
2006-05-02,AB,29
2006-05-02,B,172
2006-05-02,O,208
2006-05-03,A,145
2006-05-03,AB,42
2006-05-03,B,157
2006-05-03,O,211
2006-05-04,A,137
2006-05-04,AB,26
2006-05-04,B,144
2006-05-04,O,186
2006-05-05,A,149
2006-05-05,AB,25
2006-05-05,B,139
2006-05-05,O,208
2006-05-06,A,138
2006-05-06,AB,18
2006-05-06,B,123
2006-05-06,O,191
2006-05-07,A,136
2006-05-07,AB,35
2006-05-07,B,149
2006-05-07,O,190
2006-05-08,A,143
2006-05-08,AB,43
2006-05-08,B,169
2006-05-08,O,239
2006-05-09,A,144
2006-05-09,AB,36
2006-05-09,B,138
2006-05-09,O,209
2006-05-10,A,127
2006-05-10,AB,35
2006-05-10,B,154
2006-05-10,O,202
2006-05-11,A,138
2006-05-11,AB,43
2006-05-11,B,147
2006-05-11,O,176
2006-05-12,A,154
2006-05-12,AB,48
2006-05-12,B,166
2006-05-12,O,210
2006-05-13,A,113
2006-05-13,AB,29
2006-05-13,B,147
2006-05-13,O,191
2006-05-14,A,140
2006-05-14,AB,46
2006-05-14,B,131
2006-05-14,O,196
2006-05-15,A,143
2006-05-15,AB,36
2006-05-15,B,158
2006-05-15,O,202
2006-05-16,A,128
2006-05-16,AB,45
2006-05-16,B,146
2006-05-16,O,235
2006-05-17,A,160
2006-05-17,AB,38
2006-05-17,B,167
2006-05-17,O,219
2006-05-18,A,175
2006-05-18,AB,48
2006-05-18,B,176
2006-05-18,O,222
2006-05-19,A,172
2006-05-19,AB,48
2006-05-19,B,167
2006-05-19,O,198
2006-05-20,A,158
2006-05-20,AB,42
2006-05-20,B,138
2006-05-20,O,203
2006-05-21,A,143
2006-05-21,AB,35
2006-05-21,B,139
2006-05-21,O,202
2006-05-22,A,173
2006-05-22,AB,36
2006-05-22,B,151
2006-05-22,O,199
2006-05-23,A,156
2006-05-23,AB,25
2006-05-23,B,146
2006-05-23,O,224
2006-05-24,A,167
2006-05-24,AB,39
2006-05-24,B,206
2006-05-24,O,214
2006-05-25,A,180
2006-05-25,AB,40
2006-05-25,B,183
2006-05-25,O,200
2006-05-26,A,153
2006-05-26,AB,50
2006-05-26,B,172
2006-05-26,O,250
2006-05-27,A,159
2006-05-27,AB,32
2006-05-27,B,158
2006-05-27,O,185
2006-05-28,A,155
2006-05-28,AB,42
2006-05-28,B,145
2006-05-28,O,199
2006-05-29,A,159
2006-05-29,AB,43
2006-05-29,B,153
2006-05-29,O,242
2006-05-30,A,169
2006-05-30,AB,44
2006-05-30,B,162
2006-05-30,O,190
2006-05-31,A,151
2006-05-31,AB,36
2006-05-31,B,157
2006-05-31,O,217
2006-06-01,A,172
2006-06-01,AB,33
2006-06-01,B,146
2006-06-01,O,162
2006-06-02,A,439
2006-06-02,AB,34
2006-06-02,B,131
2006-06-02,O,184
2006-06-03,A,136
2006-06-03,AB,31
2006-06-03,B,147
2006-06-03,O,175
2006-06-04,A,126
2006-06-04,AB,33
2006-06-04,B,147
2006-06-04,O,163
2006-06-05,A,142
2006-06-05,AB,38
2006-06-05,B,155
2006-06-05,O,196
2006-06-06,A,155
2006-06-06,AB,38
2006-06-06,B,168
2006-06-06,O,189
2006-06-07,A,164
2006-06-07,AB,56
2006-06-07,B,147
2006-06-07,O,187
2006-06-08,A,149
2006-06-08,AB,35
2006-06-08,B,156
2006-06-08,O,163
2006-06-09,A,161
2006-06-09,AB,30
2006-06-09,B,158
2006-06-09,O,185
2006-06-10,A,138
2006-06-10,AB,26
2006-06-10,B,123
2006-06-10,O,134
2006-06-11,A,108
2006-06-11,AB,23
2006-06-11,B,148
2006-06-11,O,143
2006-06-12,A,166
2006-06-12,AB,25
2006-06-12,B,126
2006-06-12,O,193
2006-06-13,A,134
2006-06-13,AB,33
2006-06-13,B,115
2006-06-13,O,185
2006-06-14,A,116
2006-06-14,AB,32
2006-06-14,B,117
2006-06-14,O,137
2006-06-15,A,155
2006-06-15,AB,33
2006-06-15,B,121
2006-06-15,O,159
2006-06-16,A,119
2006-06-16,AB,22
2006-06-16,B,123
2006-06-16,O,154
2006-06-17,A,122
2006-06-17,AB,33
2006-06-17,B,133
2006-06-17,O,139
2006-06-18,A,115
2006-06-18,AB,30
2006-06-18,B,134
2006-06-18,O,156
2006-06-19,A,110
2006-06-19,AB,29
2006-06-19,B,117
2006-06-19,O,176
2006-06-20,A,136
2006-06-20,AB,18
2006-06-20,B,133
2006-06-20,O,153
2006-06-21,A,108
2006-06-21,AB,39
2006-06-21,B,124
2006-06-21,O,154
2006-06-22,A,129
2006-06-22,AB,29
2006-06-22,B,147
2006-06-22,O,147
2006-06-23,A,154
2006-06-23,AB,32
2006-06-23,B,145
2006-06-23,O,170
2006-06-24,A,84
2006-06-24,AB,18
2006-06-24,B,107
2006-06-24,O,142
2006-06-25,A,109
2006-06-25,AB,23
2006-06-25,B,147
2006-06-25,O,148
2006-06-26,A,137
2006-06-26,AB,25
2006-06-26,B,145
2006-06-26,O,148
2006-06-27,A,248
2006-06-27,AB,25
2006-06-27,B,152
2006-06-27,O,158
2006-06-28,A,108
2006-06-28,AB,26
2006-06-28,B,134
2006-06-28,O,172
2006-06-29,A,126
2006-06-29,AB,29
2006-06-29,B,141
2006-06-29,O,157
2006-06-30,A,128
2006-06-30,AB,44
2006-06-30,B,140
2006-06-30,O,146
2006-07-01,A,112
2006-07-01,AB,29
2006-07-01,B,96
2006-07-01,O,134
2006-07-02,A,115
2006-07-02,AB,22
2006-07-02,B,131
2006-07-02,O,148
2006-07-03,A,102
2006-07-03,AB,25
2006-07-03,B,118
2006-07-03,O,152
2006-07-04,A,120
2006-07-04,AB,23
2006-07-04,B,143
2006-07-04,O,160
2006-07-05,A,134
2006-07-05,AB,33
2006-07-05,B,123
2006-07-05,O,153
2006-07-06,A,147
2006-07-06,AB,34
2006-07-06,B,136
2006-07-06,O,185
2006-07-07,A,138
2006-07-07,AB,27
2006-07-07,B,147
2006-07-07,O,157
2006-07-08,A,129
2006-07-08,AB,26
2006-07-08,B,136
2006-07-08,O,132
2006-07-09,A,137
2006-07-09,AB,30
2006-07-09,B,123
2006-07-09,O,138
2006-07-10,A,131
2006-07-10,AB,37
2006-07-10,B,137
2006-07-10,O,176
2006-07-11,A,126
2006-07-11,AB,24
2006-07-11,B,155
2006-07-11,O,176
2006-07-12,A,143
2006-07-12,AB,39
2006-07-12,B,167
2006-07-12,O,188
2006-07-13,A,143
2006-07-13,AB,32
2006-07-13,B,158
2006-07-13,O,181
2006-07-14,A,154
2006-07-14,AB,41
2006-07-14,B,170
2006-07-14,O,191
2006-07-15,A,126
2006-07-15,AB,30
2006-07-15,B,157
2006-07-15,O,165
2006-07-16,A,137
2006-07-16,AB,37
2006-07-16,B,140
2006-07-16,O,158
2006-07-17,A,135
2006-07-17,AB,41
2006-07-17,B,156
2006-07-17,O,211
2006-07-18,A,139
2006-07-18,AB,42
2006-07-18,B,173
2006-07-18,O,192
2006-07-19,A,248
2006-07-19,AB,41
2006-07-19,B,157
2006-07-19,O,175
2006-07-20,A,139
2006-07-20,AB,37
2006-07-20,B,145
2006-07-20,O,199
2006-07-21,A,162
2006-07-21,AB,28
2006-07-21,B,175
2006-07-21,O,186
2006-07-22,A,137
2006-07-22,AB,39
2006-07-22,B,148
2006-07-22,O,172
2006-07-23,A,166
2006-07-23,AB,51
2006-07-23,B,152
2006-07-23,O,172
2006-07-24,A,139
2006-07-24,AB,34
2006-07-24,B,176
2006-07-24,O,204
2006-07-25,A,181
2006-07-25,AB,33
2006-07-25,B,174
2006-07-25,O,201
2006-07-26,A,158
2006-07-26,AB,44
2006-07-26,B,178
2006-07-26,O,213
2006-07-27,A,158
2006-07-27,AB,53
2006-07-27,B,231
2006-07-27,O,199
2006-07-28,A,180
2006-07-28,AB,45
2006-07-28,B,212
2006-07-28,O,238
2006-07-29,A,154
2006-07-29,AB,32
2006-07-29,B,200
2006-07-29,O,195
2006-07-30,A,137
2006-07-30,AB,46
2006-07-30,B,180
2006-07-30,O,220
2006-07-31,A,175
2006-07-31,AB,54
2006-07-31,B,199
2006-07-31,O,258
2006-08-01,A,155
2006-08-01,AB,48
2006-08-01,B,207
2006-08-01,O,234
2006-08-02,A,188
2006-08-02,AB,41
2006-08-02,B,215
2006-08-02,O,261
2006-08-03,A,198
2006-08-03,AB,48
2006-08-03,B,204
2006-08-03,O,242
2006-08-04,A,170
2006-08-04,AB,54
2006-08-04,B,207
2006-08-04,O,230
2006-08-05,A,152
2006-08-05,AB,42
2006-08-05,B,169
2006-08-05,O,227
2006-08-06,A,146
2006-08-06,AB,55
2006-08-06,B,230
2006-08-06,O,240
2006-08-07,A,431
2006-08-07,AB,34
2006-08-07,B,195
2006-08-07,O,264
2006-08-08,A,137
2006-08-08,AB,46
2006-08-08,B,208
2006-08-08,O,260
2006-08-09,A,193
2006-08-09,AB,55
2006-08-09,B,207
2006-08-09,O,249
2006-08-10,A,190
2006-08-10,AB,95
2006-08-10,B,202
2006-08-10,O,254
2006-08-11,A,149
2006-08-11,AB,49
2006-08-11,B,196
2006-08-11,O,247
2006-08-12,A,135
2006-08-12,AB,49
2006-08-12,B,192
2006-08-12,O,213
2006-08-13,A,145
2006-08-13,AB,47
2006-08-13,B,160
2006-08-13,O,204
2006-08-14,A,159
2006-08-14,AB,41
2006-08-14,B,192
2006-08-14,O,241
2006-08-15,A,181
2006-08-15,AB,47
2006-08-15,B,213
2006-08-15,O,248
2006-08-16,A,173
2006-08-16,AB,54
2006-08-16,B,200
2006-08-16,O,269
2006-08-17,A,175
2006-08-17,AB,61
2006-08-17,B,214
2006-08-17,O,252
2006-08-18,A,163
2006-08-18,AB,49
2006-08-18,B,210
2006-08-18,O,257
2006-08-19,A,170
2006-08-19,AB,33
2006-08-19,B,188
2006-08-19,O,246
2006-08-20,A,164
2006-08-20,AB,37
2006-08-20,B,183
2006-08-20,O,239
2006-08-21,A,160
2006-08-21,AB,44
2006-08-21,B,180
2006-08-21,O,251
2006-08-22,A,150
2006-08-22,AB,43
2006-08-22,B,200
2006-08-22,O,247
2006-08-23,A,205
2006-08-23,AB,58
2006-08-23,B,218
2006-08-23,O,271
2006-08-24,A,174
2006-08-24,AB,49
2006-08-24,B,200
2006-08-24,O,272
2006-08-25,A,233
2006-08-25,AB,50
2006-08-25,B,222
2006-08-25,O,246
2006-08-26,A,148
2006-08-26,AB,48
2006-08-26,B,179
2006-08-26,O,238
2006-08-27,A,156
2006-08-27,AB,41
2006-08-27,B,179
2006-08-27,O,214
2006-08-28,A,162
2006-08-28,AB,43
2006-08-28,B,212
2006-08-28,O,246
2006-08-29,A,200
2006-08-29,AB,60
2006-08-29,B,212
2006-08-29,O,251
2006-08-30,A,180
2006-08-30,AB,49
2006-08-30,B,219
2006-08-30,O,246
2006-08-31,A,186
2006-08-31,AB,49
2006-08-31,B,184
2006-08-31,O,266
2006-09-01,A,185
2006-09-01,AB,55
2006-09-01,B,193
2006-09-01,O,254
2006-09-02,A,175
2006-09-02,AB,41
2006-09-02,B,165
2006-09-02,O,282
2006-09-03,A,183
2006-09-03,AB,60
2006-09-03,B,211
2006-09-03,O,267
2006-09-04,A,195
2006-09-04,AB,66
2006-09-04,B,225
2006-09-04,O,286
2006-09-05,A,240
2006-09-05,AB,44
2006-09-05,B,248
2006-09-05,O,310
2006-09-06,A,223
2006-09-06,AB,63
2006-09-06,B,239
2006-09-06,O,308
2006-09-07,A,210
2006-09-07,AB,49
2006-09-07,B,240
2006-09-07,O,300
2006-09-08,A,210
2006-09-08,AB,50
2006-09-08,B,219
2006-09-08,O,308
2006-09-09,A,187
2006-09-09,AB,43
2006-09-09,B,215
2006-09-09,O,282
2006-09-10,A,199
2006-09-10,AB,64
2006-09-10,B,217
2006-09-10,O,321
2006-09-11,A,215
2006-09-11,AB,61
2006-09-11,B,252
2006-09-11,O,306
2006-09-12,A,232
2006-09-12,AB,62
2006-09-12,B,262
2006-09-12,O,315
2006-09-13,A,230
2006-09-13,AB,58
2006-09-13,B,237
2006-09-13,O,341
2006-09-14,A,229
2006-09-14,AB,62
2006-09-14,B,223
2006-09-14,O,343
2006-09-15,A,232
2006-09-15,AB,68
2006-09-15,B,263
2006-09-15,O,320
2006-09-16,A,239
2006-09-16,AB,56
2006-09-16,B,227
2006-09-16,O,284
2006-09-17,A,208
2006-09-17,AB,46
2006-09-17,B,227
2006-09-17,O,290
2006-09-18,A,230
2006-09-18,AB,67
2006-09-18,B,230
2006-09-18,O,311
2006-09-19,A,243
2006-09-19,AB,58
2006-09-19,B,246
2006-09-19,O,312
2006-09-20,A,279
2006-09-20,AB,71
2006-09-20,B,227
2006-09-20,O,312
2006-09-21,A,285
2006-09-21,AB,72
2006-09-21,B,249
2006-09-21,O,326
2006-09-22,A,248
2006-09-22,AB,52
2006-09-22,B,261
2006-09-22,O,352
2006-09-23,A,217
2006-09-23,AB,61
2006-09-23,B,220
2006-09-23,O,292
2006-09-24,A,222
2006-09-24,AB,52
2006-09-24,B,240
2006-09-24,O,323
2006-09-25,A,204
2006-09-25,AB,57
2006-09-25,B,247
2006-09-25,O,308
2006-09-26,A,214
2006-09-26,AB,70
2006-09-26,B,243
2006-09-26,O,357
2006-09-27,A,204
2006-09-27,AB,74
2006-09-27,B,240
2006-09-27,O,307
2006-09-28,A,205
2006-09-28,AB,50
2006-09-28,B,225
2006-09-28,O,318
2006-09-29,A,216
2006-09-29,AB,115
2006-09-29,B,220
2006-09-29,O,308
2006-09-30,A,212
2006-09-30,AB,58
2006-09-30,B,205
2006-09-30,O,281
2006-10-01,A,193
2006-10-01,AB,51
2006-10-01,B,208
2006-10-01,O,281
2006-10-02,A,230
2006-10-02,AB,57
2006-10-02,B,203
2006-10-02,O,329
2006-10-03,A,180
2006-10-03,AB,47
2006-10-03,B,201
2006-10-03,O,298
2006-10-04,A,201
2006-10-04,AB,38
2006-10-04,B,217
2006-10-04,O,292
2006-10-05,A,198
2006-10-05,AB,54
2006-10-05,B,205
2006-10-05,O,268
2006-10-06,A,198
2006-10-06,AB,51
2006-10-06,B,188
2006-10-06,O,261
2006-10-07,A,174
2006-10-07,AB,50
2006-10-07,B,165
2006-10-07,O,211
2006-10-08,A,181
2006-10-08,AB,38
2006-10-08,B,193
2006-10-08,O,247
2006-10-09,A,163
2006-10-09,AB,56
2006-10-09,B,192
2006-10-09,O,228
2006-10-10,A,150
2006-10-10,AB,36
2006-10-10,B,161
2006-10-10,O,270
2006-10-11,A,153
2006-10-11,AB,44
2006-10-11,B,163
2006-10-11,O,260
2006-10-12,A,161
2006-10-12,AB,42
2006-10-12,B,179
2006-10-12,O,260
2006-10-13,A,155
2006-10-13,AB,34
2006-10-13,B,148
2006-10-13,O,199
2006-10-14,A,112
2006-10-14,AB,29
2006-10-14,B,151
2006-10-14,O,180
2006-10-15,A,132
2006-10-15,AB,37
2006-10-15,B,150
2006-10-15,O,195
2006-10-16,A,146
2006-10-16,AB,43
2006-10-16,B,163
2006-10-16,O,240
2006-10-17,A,148
2006-10-17,AB,44
2006-10-17,B,134
2006-10-17,O,216
2006-10-18,A,122
2006-10-18,AB,31
2006-10-18,B,124
2006-10-18,O,209
2006-10-19,A,151
2006-10-19,AB,39
2006-10-19,B,131
2006-10-19,O,206
2006-10-20,A,144
2006-10-20,AB,30
2006-10-20,B,120
2006-10-20,O,204
2006-10-21,A,92
2006-10-21,AB,19
2006-10-21,B,86
2006-10-21,O,159
2006-10-22,A,121
2006-10-22,AB,26
2006-10-22,B,101
2006-10-22,O,169
2006-10-23,A,95
2006-10-23,AB,22
2006-10-23,B,103
2006-10-23,O,166
2006-10-24,A,113
2006-10-24,AB,30
2006-10-24,B,93
2006-10-24,O,170
2006-10-25,A,91
2006-10-25,AB,28
2006-10-25,B,89
2006-10-25,O,169
2006-10-26,A,96
2006-10-26,AB,27
2006-10-26,B,99
2006-10-26,O,173
2006-10-27,A,95
2006-10-27,AB,25
2006-10-27,B,103
2006-10-27,O,154
2006-10-28,A,109
2006-10-28,AB,26
2006-10-28,B,108
2006-10-28,O,154
2006-10-29,A,105
2006-10-29,AB,24
2006-10-29,B,86
2006-10-29,O,169
2006-10-30,A,93
2006-10-30,AB,29
2006-10-30,B,99
2006-10-30,O,186
2006-10-31,A,95
2006-10-31,AB,24
2006-10-31,B,110
2006-10-31,O,194
2006-11-01,A,103
2006-11-01,AB,22
2006-11-01,B,103
2006-11-01,O,172
2006-11-02,A,102
2006-11-02,AB,26
2006-11-02,B,89
2006-11-02,O,181
2006-11-03,A,107
2006-11-03,AB,32
2006-11-03,B,104
2006-11-03,O,203
2006-11-04,A,110
2006-11-04,AB,33
2006-11-04,B,102
2006-11-04,O,168
2006-11-05,A,99
2006-11-05,AB,29
2006-11-05,B,90
2006-11-05,O,156
2006-11-06,A,116
2006-11-06,AB,27
2006-11-06,B,104
2006-11-06,O,189
2006-11-07,A,129
2006-11-07,AB,24
2006-11-07,B,117
2006-11-07,O,160
2006-11-08,A,96
2006-11-08,AB,20
2006-11-08,B,125
2006-11-08,O,193
2006-11-09,A,111
2006-11-09,AB,22
2006-11-09,B,122
2006-11-09,O,201
2006-11-10,A,130
2006-11-10,AB,41
2006-11-10,B,113
2006-11-10,O,206
2006-11-11,A,107
2006-11-11,AB,51
2006-11-11,B,113
2006-11-11,O,204
2006-11-12,A,99
2006-11-12,AB,38
2006-11-12,B,132
2006-11-12,O,180
2006-11-13,A,120
2006-11-13,AB,35
2006-11-13,B,148
2006-11-13,O,200
2006-11-14,A,119
2006-11-14,AB,30
2006-11-14,B,138
2006-11-14,O,180
2006-11-15,A,99
2006-11-15,AB,32
2006-11-15,B,146
2006-11-15,O,192
2006-11-16,A,113
2006-11-16,AB,28
2006-11-16,B,141
2006-11-16,O,172
2006-11-17,A,120
2006-11-17,AB,32
2006-11-17,B,129
2006-11-17,O,172
2006-11-18,A,113
2006-11-18,AB,29
2006-11-18,B,141
2006-11-18,O,177
2006-11-19,A,109
2006-11-19,AB,36
2006-11-19,B,102
2006-11-19,O,205
2006-11-20,A,118
2006-11-20,AB,44
2006-11-20,B,109
2006-11-20,O,203
2006-11-21,A,156
2006-11-21,AB,35
2006-11-21,B,122
2006-11-21,O,229
2006-11-22,A,149
2006-11-22,AB,41
2006-11-22,B,145
2006-11-22,O,225
2006-11-23,A,167
2006-11-23,AB,32
2006-11-23,B,155
2006-11-23,O,259
2006-11-24,A,207
2006-11-24,AB,37
2006-11-24,B,139
2006-11-24,O,286
2006-11-25,A,170
2006-11-25,AB,38
2006-11-25,B,153
2006-11-25,O,263
2006-11-26,A,188
2006-11-26,AB,53
2006-11-26,B,151
2006-11-26,O,261
2006-11-27,A,190
2006-11-27,AB,32
2006-11-27,B,167
2006-11-27,O,268
2006-11-28,A,180
2006-11-28,AB,45
2006-11-28,B,177
2006-11-28,O,251
2006-11-29,A,175
2006-11-29,AB,56
2006-11-29,B,161
2006-11-29,O,285
2006-11-30,A,176
2006-11-30,AB,58
2006-11-30,B,185
2006-11-30,O,298
2006-12-01,A,168
2006-12-01,AB,43
2006-12-01,B,178
2006-12-01,O,315
2006-12-02,A,166
2006-12-02,AB,41
2006-12-02,B,157
2006-12-02,O,260
2006-12-03,A,181
2006-12-03,AB,39
2006-12-03,B,188
2006-12-03,O,240
2006-12-04,A,192
2006-12-04,AB,43
2006-12-04,B,178
2006-12-04,O,292
2006-12-05,A,182
2006-12-05,AB,31
2006-12-05,B,185
2006-12-05,O,296
2006-12-06,A,200
2006-12-06,AB,58
2006-12-06,B,178
2006-12-06,O,293
2006-12-07,A,177
2006-12-07,AB,46
2006-12-07,B,189
2006-12-07,O,300
2006-12-08,A,174
2006-12-08,AB,45
2006-12-08,B,176
2006-12-08,O,321
2006-12-09,A,258
2006-12-09,AB,49
2006-12-09,B,162
2006-12-09,O,283
2006-12-10,A,275
2006-12-10,AB,44
2006-12-10,B,173
2006-12-10,O,275
2006-12-11,A,305
2006-12-11,AB,50
2006-12-11,B,167
2006-12-11,O,287
2006-12-12,A,277
2006-12-12,AB,55
2006-12-12,B,159
2006-12-12,O,254
2006-12-13,A,288
2006-12-13,AB,40
2006-12-13,B,169
2006-12-13,O,303
2006-12-14,A,260
2006-12-14,AB,52
2006-12-14,B,158
2006-12-14,O,303
2006-12-15,A,271
2006-12-15,AB,44
2006-12-15,B,183
2006-12-15,O,306
2006-12-16,A,270
2006-12-16,AB,39
2006-12-16,B,171
2006-12-16,O,283
2006-12-17,A,264
2006-12-17,AB,41
2006-12-17,B,144
2006-12-17,O,303
2006-12-18,A,262
2006-12-18,AB,38
2006-12-18,B,168
2006-12-18,O,268
2006-12-19,A,177
2006-12-19,AB,45
2006-12-19,B,179
2006-12-19,O,313
2006-12-20,A,181
2006-12-20,AB,35
2006-12-20,B,189
2006-12-20,O,292
2006-12-21,A,212
2006-12-21,AB,43
2006-12-21,B,169
2006-12-21,O,282
2006-12-22,A,188
2006-12-22,AB,33
2006-12-22,B,156
2006-12-22,O,266
2006-12-23,A,152
2006-12-23,AB,30
2006-12-23,B,154
2006-12-23,O,217
2006-12-24,A,137
2006-12-24,AB,36
2006-12-24,B,141
2006-12-24,O,244
2006-12-25,A,143
2006-12-25,AB,31
2006-12-25,B,151
2006-12-25,O,265
2006-12-26,A,137
2006-12-26,AB,36
2006-12-26,B,151
2006-12-26,O,220
2006-12-27,A,134
2006-12-27,AB,43
2006-12-27,B,146
2006-12-27,O,239
2006-12-28,A,136
2006-12-28,AB,29
2006-12-28,B,140
2006-12-28,O,220
2006-12-29,A,151
2006-12-29,AB,28
2006-12-29,B,140
2006-12-29,O,258
2006-12-30,A,127
2006-12-30,AB,29
2006-12-30,B,123
2006-12-30,O,230
2006-12-31,A,133
2006-12-31,AB,24
2006-12-31,B,148
2006-12-31,O,205
2007-01-01,A,150
2007-01-01,AB,36
2007-01-01,B,135
2007-01-01,O,233
2007-01-02,A,118
2007-01-02,AB,36
2007-01-02,B,129
2007-01-02,O,199
2007-01-03,A,139
2007-01-03,AB,47
2007-01-03,B,136
2007-01-03,O,210
2007-01-04,A,139
2007-01-04,AB,34
2007-01-04,B,135
2007-01-04,O,220
2007-01-05,A,151
2007-01-05,AB,49
2007-01-05,B,139
2007-01-05,O,210
2007-01-06,A,114
2007-01-06,AB,42
2007-01-06,B,135
2007-01-06,O,208
2007-01-07,A,115
2007-01-07,AB,47
2007-01-07,B,133
2007-01-07,O,202
2007-01-08,A,125
2007-01-08,AB,51
2007-01-08,B,156
2007-01-08,O,719
2007-01-09,A,144
2007-01-09,AB,58
2007-01-09,B,147
2007-01-09,O,245
2007-01-10,A,163
2007-01-10,AB,55
2007-01-10,B,148
2007-01-10,O,247
2007-01-11,A,147
2007-01-11,AB,65
2007-01-11,B,168
2007-01-11,O,305
2007-01-12,A,164
2007-01-12,AB,58
2007-01-12,B,148
2007-01-12,O,276
2007-01-13,A,143
2007-01-13,AB,48
2007-01-13,B,164
2007-01-13,O,248
2007-01-14,A,148
2007-01-14,AB,56
2007-01-14,B,153
2007-01-14,O,208
2007-01-15,A,167
2007-01-15,AB,61
2007-01-15,B,195
2007-01-15,O,281
2007-01-16,A,174
2007-01-16,AB,63
2007-01-16,B,192
2007-01-16,O,281
2007-01-17,A,176
2007-01-17,AB,75
2007-01-17,B,161
2007-01-17,O,279
2007-01-18,A,175
2007-01-18,AB,61
2007-01-18,B,182
2007-01-18,O,272
2007-01-19,A,171
2007-01-19,AB,60
2007-01-19,B,178
2007-01-19,O,269
2007-01-20,A,166
2007-01-20,AB,67
2007-01-20,B,179
2007-01-20,O,257
2007-01-21,A,173
2007-01-21,AB,64
2007-01-21,B,176
2007-01-21,O,304
2007-01-22,A,173
2007-01-22,AB,155
2007-01-22,B,168
2007-01-22,O,285
2007-01-23,A,192
2007-01-23,AB,75
2007-01-23,B,184
2007-01-23,O,298
2007-01-24,A,179
2007-01-24,AB,74
2007-01-24,B,187
2007-01-24,O,306
2007-01-25,A,201
2007-01-25,AB,65
2007-01-25,B,179
2007-01-25,O,315
2007-01-26,A,193
2007-01-26,AB,82
2007-01-26,B,227
2007-01-26,O,331
2007-01-27,A,177
2007-01-27,AB,60
2007-01-27,B,218
2007-01-27,O,289
2007-01-28,A,188
2007-01-28,AB,56
2007-01-28,B,192
2007-01-28,O,264
2007-01-29,A,171
2007-01-29,AB,50
2007-01-29,B,187
2007-01-29,O,315
2007-01-30,A,200
2007-01-30,AB,52
2007-01-30,B,219
2007-01-30,O,318
2007-01-31,A,232
2007-01-31,AB,58
2007-01-31,B,233
2007-01-31,O,328
2007-02-01,A,229
2007-02-01,AB,55
2007-02-01,B,213
2007-02-01,O,349
2007-02-02,A,218
2007-02-02,AB,59
2007-02-02,B,239
2007-02-02,O,384
2007-02-03,A,190
2007-02-03,AB,40
2007-02-03,B,223
2007-02-03,O,349
2007-02-04,A,216
2007-02-04,AB,54
2007-02-04,B,247
2007-02-04,O,351
2007-02-05,A,246
2007-02-05,AB,68
2007-02-05,B,260
2007-02-05,O,359
2007-02-06,A,236
2007-02-06,AB,53
2007-02-06,B,269
2007-02-06,O,367
2007-02-07,A,243
2007-02-07,AB,64
2007-02-07,B,282
2007-02-07,O,386
2007-02-08,A,261
2007-02-08,AB,55
2007-02-08,B,220
2007-02-08,O,379
2007-02-09,A,226
2007-02-09,AB,40
2007-02-09,B,278
2007-02-09,O,364
2007-02-10,A,246
2007-02-10,AB,55
2007-02-10,B,228
2007-02-10,O,309
2007-02-11,A,218
2007-02-11,AB,54
2007-02-11,B,264
2007-02-11,O,350
2007-02-12,A,273
2007-02-12,AB,61
2007-02-12,B,275
2007-02-12,O,382
2007-02-13,A,260
2007-02-13,AB,70
2007-02-13,B,316
2007-02-13,O,389
2007-02-14,A,263
2007-02-14,AB,76
2007-02-14,B,323
2007-02-14,O,441
2007-02-15,A,252
2007-02-15,AB,73
2007-02-15,B,339
2007-02-15,O,424
2007-02-16,A,265
2007-02-16,AB,80
2007-02-16,B,301
2007-02-16,O,423
2007-02-17,A,225
2007-02-17,AB,60
2007-02-17,B,262
2007-02-17,O,364
2007-02-18,A,201
2007-02-18,AB,55
2007-02-18,B,244
2007-02-18,O,357
2007-02-19,A,265
2007-02-19,AB,65
2007-02-19,B,280
2007-02-19,O,388
2007-02-20,A,234
2007-02-20,AB,70
2007-02-20,B,263
2007-02-20,O,388
2007-02-21,A,235
2007-02-21,AB,58
2007-02-21,B,268
2007-02-21,O,355
2007-02-22,A,212
2007-02-22,AB,60
2007-02-22,B,252
2007-02-22,O,346
2007-02-23,A,231
2007-02-23,AB,71
2007-02-23,B,248
2007-02-23,O,368
2007-02-24,A,201
2007-02-24,AB,53
2007-02-24,B,269
2007-02-24,O,320
2007-02-25,A,204
2007-02-25,AB,62
2007-02-25,B,255
2007-02-25,O,349
2007-02-26,A,198
2007-02-26,AB,66
2007-02-26,B,257
2007-02-26,O,341
2007-02-27,A,247
2007-02-27,AB,61
2007-02-27,B,267
2007-02-27,O,338
2007-02-28,A,214
2007-02-28,AB,58
2007-02-28,B,286
2007-02-28,O,370
2007-03-01,A,200
2007-03-01,AB,73
2007-03-01,B,272
2007-03-01,O,333
2007-03-02,A,206
2007-03-02,AB,62
2007-03-02,B,265
2007-03-02,O,366
2007-03-03,A,199
2007-03-03,AB,52
2007-03-03,B,241
2007-03-03,O,293
2007-03-04,A,173
2007-03-04,AB,43
2007-03-04,B,208
2007-03-04,O,290
2007-03-05,A,223
2007-03-05,AB,60
2007-03-05,B,258
2007-03-05,O,301
2007-03-06,A,201
2007-03-06,AB,64
2007-03-06,B,240
2007-03-06,O,305
2007-03-07,A,228
2007-03-07,AB,66
2007-03-07,B,238
2007-03-07,O,335
2007-03-08,A,227
2007-03-08,AB,64
2007-03-08,B,232
2007-03-08,O,319
2007-03-09,A,192
2007-03-09,AB,45
2007-03-09,B,267
2007-03-09,O,286
2007-03-10,A,197
2007-03-10,AB,43
2007-03-10,B,240
2007-03-10,O,274
2007-03-11,A,182
2007-03-11,AB,50
2007-03-11,B,355
2007-03-11,O,266
2007-03-12,A,203
2007-03-12,AB,37
2007-03-12,B,221
2007-03-12,O,327
2007-03-13,A,184
2007-03-13,AB,48
2007-03-13,B,162
2007-03-13,O,267
2007-03-14,A,176
2007-03-14,AB,50
2007-03-14,B,202
2007-03-14,O,263
2007-03-15,A,167
2007-03-15,AB,53
2007-03-15,B,189
2007-03-15,O,258
2007-03-16,A,142
2007-03-16,AB,39
2007-03-16,B,151
2007-03-16,O,274
2007-03-17,A,144
2007-03-17,AB,38
2007-03-17,B,157
2007-03-17,O,222
2007-03-18,A,154
2007-03-18,AB,32
2007-03-18,B,152
2007-03-18,O,213
2007-03-19,A,181
2007-03-19,AB,38
2007-03-19,B,176
2007-03-19,O,253
2007-03-20,A,141
2007-03-20,AB,32
2007-03-20,B,158
2007-03-20,O,245
2007-03-21,A,172
2007-03-21,AB,50
2007-03-21,B,181
2007-03-21,O,264
2007-03-22,A,148
2007-03-22,AB,32
2007-03-22,B,161
2007-03-22,O,256
2007-03-23,A,175
2007-03-23,AB,45
2007-03-23,B,169
2007-03-23,O,241
2007-03-24,A,151
2007-03-24,AB,27
2007-03-24,B,184
2007-03-24,O,251
2007-03-25,A,136
2007-03-25,AB,36
2007-03-25,B,185
2007-03-25,O,283
2007-03-26,A,167
2007-03-26,AB,48
2007-03-26,B,168
2007-03-26,O,280
2007-03-27,A,155
2007-03-27,AB,40
2007-03-27,B,181
2007-03-27,O,279
2007-03-28,A,168
2007-03-28,AB,46
2007-03-28,B,183
2007-03-28,O,251
2007-03-29,A,162
2007-03-29,AB,48
2007-03-29,B,201
2007-03-29,O,277
2007-03-30,A,155
2007-03-30,AB,41
2007-03-30,B,180
2007-03-30,O,279
2007-03-31,A,140
2007-03-31,AB,32
2007-03-31,B,146
2007-03-31,O,253
2007-04-01,A,138
2007-04-01,AB,47
2007-04-01,B,169
2007-04-01,O,253
2007-04-02,A,162
2007-04-02,AB,33
2007-04-02,B,178
2007-04-02,O,253
2007-04-03,A,163
2007-04-03,AB,43
2007-04-03,B,145
2007-04-03,O,265
2007-04-04,A,196
2007-04-04,AB,56
2007-04-04,B,185
2007-04-04,O,272
2007-04-05,A,165
2007-04-05,AB,38
2007-04-05,B,175
2007-04-05,O,291
2007-04-06,A,166
2007-04-06,AB,55
2007-04-06,B,193
2007-04-06,O,254
2007-04-07,A,149
2007-04-07,AB,34
2007-04-07,B,149
2007-04-07,O,235
2007-04-08,A,146
2007-04-08,AB,35
2007-04-08,B,156
2007-04-08,O,223
2007-04-09,A,172
2007-04-09,AB,43
2007-04-09,B,168
2007-04-09,O,268
2007-04-10,A,158
2007-04-10,AB,48
2007-04-10,B,188
2007-04-10,O,269
2007-04-11,A,163
2007-04-11,AB,55
2007-04-11,B,178
2007-04-11,O,235
2007-04-12,A,170
2007-04-12,AB,39
2007-04-12,B,152
2007-04-12,O,248
2007-04-13,A,172
2007-04-13,AB,44
2007-04-13,B,180
2007-04-13,O,271
2007-04-14,A,143
2007-04-14,AB,32
2007-04-14,B,168
2007-04-14,O,233
2007-04-15,A,149
2007-04-15,AB,36
2007-04-15,B,184
2007-04-15,O,208
2007-04-16,A,174
2007-04-16,AB,51
2007-04-16,B,178
2007-04-16,O,254
2007-04-17,A,171
2007-04-17,AB,41
2007-04-17,B,196
2007-04-17,O,280
2007-04-18,A,418
2007-04-18,AB,47
2007-04-18,B,177
2007-04-18,O,254
2007-04-19,A,176
2007-04-19,AB,53
2007-04-19,B,174
2007-04-19,O,287
2007-04-20,A,171
2007-04-20,AB,45
2007-04-20,B,191
2007-04-20,O,274
2007-04-21,A,145
2007-04-21,AB,46
2007-04-21,B,158
2007-04-21,O,236
2007-04-22,A,145
2007-04-22,AB,30
2007-04-22,B,158
2007-04-22,O,218
2007-04-23,A,161
2007-04-23,AB,47
2007-04-23,B,143
2007-04-23,O,243
2007-04-24,A,186
2007-04-24,AB,45
2007-04-24,B,166
2007-04-24,O,275
2007-04-25,A,163
2007-04-25,AB,39
2007-04-25,B,178
2007-04-25,O,253
2007-04-26,A,157
2007-04-26,AB,43
2007-04-26,B,168
2007-04-26,O,252
2007-04-27,A,142
2007-04-27,AB,47
2007-04-27,B,160
2007-04-27,O,237
2007-04-28,A,109
2007-04-28,AB,39
2007-04-28,B,134
2007-04-28,O,216
2007-04-29,A,134
2007-04-29,AB,37
2007-04-29,B,146
2007-04-29,O,239
2007-04-30,A,377
2007-04-30,AB,35
2007-04-30,B,165
2007-04-30,O,243
2007-05-01,A,170
2007-05-01,AB,39
2007-05-01,B,159
2007-05-01,O,289
2007-05-02,A,155
2007-05-02,AB,53
2007-05-02,B,147
2007-05-02,O,276
2007-05-03,A,155
2007-05-03,AB,40
2007-05-03,B,164
2007-05-03,O,263
2007-05-04,A,161
2007-05-04,AB,30
2007-05-04,B,153
2007-05-04,O,249
2007-05-05,A,148
2007-05-05,AB,50
2007-05-05,B,145
2007-05-05,O,231
2007-05-06,A,122
2007-05-06,AB,37
2007-05-06,B,156
2007-05-06,O,243
2007-05-07,A,138
2007-05-07,AB,40
2007-05-07,B,175
2007-05-07,O,262
2007-05-08,A,144
2007-05-08,AB,55
2007-05-08,B,160
2007-05-08,O,232
2007-05-09,A,138
2007-05-09,AB,41
2007-05-09,B,183
2007-05-09,O,267
2007-05-10,A,156
2007-05-10,AB,45
2007-05-10,B,155
2007-05-10,O,245
2007-05-11,A,143
2007-05-11,AB,45
2007-05-11,B,181
2007-05-11,O,238
2007-05-12,A,132
2007-05-12,AB,38
2007-05-12,B,165
2007-05-12,O,241
2007-05-13,A,143
2007-05-13,AB,39
2007-05-13,B,191
2007-05-13,O,235
2007-05-14,A,151
2007-05-14,AB,41
2007-05-14,B,161
2007-05-14,O,269
2007-05-15,A,148
2007-05-15,AB,42
2007-05-15,B,173
2007-05-15,O,270
2007-05-16,A,164
2007-05-16,AB,49
2007-05-16,B,227
2007-05-16,O,311
2007-05-17,A,144
2007-05-17,AB,51
2007-05-17,B,170
2007-05-17,O,302
2007-05-18,A,151
2007-05-18,AB,50
2007-05-18,B,168
2007-05-18,O,254
2007-05-19,A,117
2007-05-19,AB,39
2007-05-19,B,147
2007-05-19,O,246
2007-05-20,A,133
2007-05-20,AB,37
2007-05-20,B,174
2007-05-20,O,275
2007-05-21,A,163
2007-05-21,AB,39
2007-05-21,B,197
2007-05-21,O,282
2007-05-22,A,153
2007-05-22,AB,41
2007-05-22,B,161
2007-05-22,O,269
2007-05-23,A,162
2007-05-23,AB,40
2007-05-23,B,168
2007-05-23,O,263
2007-05-24,A,160
2007-05-24,AB,50
2007-05-24,B,165
2007-05-24,O,266
2007-05-25,A,171
2007-05-25,AB,36
2007-05-25,B,165
2007-05-25,O,257
2007-05-26,A,142
2007-05-26,AB,48
2007-05-26,B,163
2007-05-26,O,284
2007-05-27,A,154
2007-05-27,AB,45
2007-05-27,B,148
2007-05-27,O,224
2007-05-28,A,162
2007-05-28,AB,44
2007-05-28,B,173
2007-05-28,O,264
2007-05-29,A,154
2007-05-29,AB,43
2007-05-29,B,143
2007-05-29,O,234
2007-05-30,A,140
2007-05-30,AB,38
2007-05-30,B,141
2007-05-30,O,253
2007-05-31,A,150
2007-05-31,AB,25
2007-05-31,B,156
2007-05-31,O,609
2007-06-01,A,148
2007-06-01,AB,43
2007-06-01,B,167
2007-06-01,O,250
2007-06-02,A,145
2007-06-02,AB,43
2007-06-02,B,142
2007-06-02,O,219
2007-06-03,A,118
2007-06-03,AB,29
2007-06-03,B,154
2007-06-03,O,212
2007-06-04,A,142
2007-06-04,AB,34
2007-06-04,B,169
2007-06-04,O,234
2007-06-05,A,150
2007-06-05,AB,28
2007-06-05,B,171
2007-06-05,O,245
2007-06-06,A,148
2007-06-06,AB,39
2007-06-06,B,151
2007-06-06,O,242
2007-06-07,A,179
2007-06-07,AB,35
2007-06-07,B,152
2007-06-07,O,241
2007-06-08,A,153
2007-06-08,AB,38
2007-06-08,B,185
2007-06-08,O,250
2007-06-09,A,147
2007-06-09,AB,30
2007-06-09,B,143
2007-06-09,O,208
2007-06-10,A,133
2007-06-10,AB,43
2007-06-10,B,174
2007-06-10,O,211
2007-06-11,A,163
2007-06-11,AB,41
2007-06-11,B,191
2007-06-11,O,250
2007-06-12,A,162
2007-06-12,AB,41
2007-06-12,B,173
2007-06-12,O,266
2007-06-13,A,159
2007-06-13,AB,52
2007-06-13,B,153
2007-06-13,O,255
2007-06-14,A,157
2007-06-14,AB,48
2007-06-14,B,191
2007-06-14,O,235
2007-06-15,A,153
2007-06-15,AB,49
2007-06-15,B,157
2007-06-15,O,231
2007-06-16,A,145
2007-06-16,AB,28
2007-06-16,B,147
2007-06-16,O,239
2007-06-17,A,153
2007-06-17,AB,43
2007-06-17,B,163
2007-06-17,O,208
2007-06-18,A,162
2007-06-18,AB,32
2007-06-18,B,184
2007-06-18,O,249
2007-06-19,A,133
2007-06-19,AB,37
2007-06-19,B,185
2007-06-19,O,225
2007-06-20,A,125
2007-06-20,AB,41
2007-06-20,B,216
2007-06-20,O,262
2007-06-21,A,150
2007-06-21,AB,38
2007-06-21,B,159
2007-06-21,O,258
2007-06-22,A,129
2007-06-22,AB,35
2007-06-22,B,172
2007-06-22,O,231
2007-06-23,A,128
2007-06-23,AB,31
2007-06-23,B,162
2007-06-23,O,228
2007-06-24,A,140
2007-06-24,AB,44
2007-06-24,B,195
2007-06-24,O,262
2007-06-25,A,146
2007-06-25,AB,37
2007-06-25,B,186
2007-06-25,O,244
2007-06-26,A,145
2007-06-26,AB,39
2007-06-26,B,178
2007-06-26,O,225
2007-06-27,A,131
2007-06-27,AB,34
2007-06-27,B,169
2007-06-27,O,257
2007-06-28,A,123
2007-06-28,AB,32
2007-06-28,B,160
2007-06-28,O,251
2007-06-29,A,143
2007-06-29,AB,34
2007-06-29,B,204
2007-06-29,O,305
2007-06-30,A,132
2007-06-30,AB,41
2007-06-30,B,144
2007-06-30,O,258
2007-07-01,A,118
2007-07-01,AB,106
2007-07-01,B,185
2007-07-01,O,261
2007-07-02,A,157
2007-07-02,AB,49
2007-07-02,B,198
2007-07-02,O,274
2007-07-03,A,148
2007-07-03,AB,46
2007-07-03,B,180
2007-07-03,O,279
2007-07-04,A,162
2007-07-04,AB,44
2007-07-04,B,205
2007-07-04,O,303
2007-07-05,A,148
2007-07-05,AB,46
2007-07-05,B,226
2007-07-05,O,269
2007-07-06,A,165
2007-07-06,AB,47
2007-07-06,B,209
2007-07-06,O,298
2007-07-07,A,138
2007-07-07,AB,35
2007-07-07,B,168
2007-07-07,O,267
2007-07-08,A,144
2007-07-08,AB,37
2007-07-08,B,180
2007-07-08,O,311
2007-07-09,A,127
2007-07-09,AB,39
2007-07-09,B,199
2007-07-09,O,306
2007-07-10,A,166
2007-07-10,AB,38
2007-07-10,B,195
2007-07-10,O,311
2007-07-11,A,169
2007-07-11,AB,55
2007-07-11,B,237
2007-07-11,O,310
2007-07-12,A,175
2007-07-12,AB,45
2007-07-12,B,223
2007-07-12,O,314
2007-07-13,A,160
2007-07-13,AB,48
2007-07-13,B,191
2007-07-13,O,316
2007-07-14,A,170
2007-07-14,AB,36
2007-07-14,B,207
2007-07-14,O,295
2007-07-15,A,155
2007-07-15,AB,37
2007-07-15,B,190
2007-07-15,O,294
2007-07-16,A,155
2007-07-16,AB,43
2007-07-16,B,216
2007-07-16,O,326
2007-07-17,A,178
2007-07-17,AB,38
2007-07-17,B,226
2007-07-17,O,315
2007-07-18,A,202
2007-07-18,AB,43
2007-07-18,B,230
2007-07-18,O,317
2007-07-19,A,186
2007-07-19,AB,50
2007-07-19,B,230
2007-07-19,O,350
2007-07-20,A,182
2007-07-20,AB,55
2007-07-20,B,268
2007-07-20,O,390
2007-07-21,A,154
2007-07-21,AB,53
2007-07-21,B,195
2007-07-21,O,296
2007-07-22,A,169
2007-07-22,AB,42
2007-07-22,B,206
2007-07-22,O,318
2007-07-23,A,188
2007-07-23,AB,59
2007-07-23,B,226
2007-07-23,O,402
2007-07-24,A,187
2007-07-24,AB,59
2007-07-24,B,238
2007-07-24,O,981
2007-07-25,A,167
2007-07-25,AB,56
2007-07-25,B,226
2007-07-25,O,377
2007-07-26,A,188
2007-07-26,AB,58
2007-07-26,B,262
2007-07-26,O,362
2007-07-27,A,212
2007-07-27,AB,63
2007-07-27,B,227
2007-07-27,O,403
2007-07-28,A,179
2007-07-28,AB,62
2007-07-28,B,234
2007-07-28,O,371
2007-07-29,A,169
2007-07-29,AB,58
2007-07-29,B,242
2007-07-29,O,399
2007-07-30,A,200
2007-07-30,AB,49
2007-07-30,B,228
2007-07-30,O,430
2007-07-31,A,225
2007-07-31,AB,57
2007-07-31,B,257
2007-07-31,O,428
2007-08-01,A,180
2007-08-01,AB,52
2007-08-01,B,285
2007-08-01,O,373
2007-08-02,A,229
2007-08-02,AB,56
2007-08-02,B,262
2007-08-02,O,405
2007-08-03,A,243
2007-08-03,AB,53
2007-08-03,B,290
2007-08-03,O,380
2007-08-04,A,201
2007-08-04,AB,37
2007-08-04,B,279
2007-08-04,O,355
2007-08-05,A,219
2007-08-05,AB,43
2007-08-05,B,276
2007-08-05,O,386
2007-08-06,A,227
2007-08-06,AB,66
2007-08-06,B,266
2007-08-06,O,379
2007-08-07,A,213
2007-08-07,AB,61
2007-08-07,B,246
2007-08-07,O,362
2007-08-08,A,213
2007-08-08,AB,47
2007-08-08,B,281
2007-08-08,O,405
2007-08-09,A,247
2007-08-09,AB,48
2007-08-09,B,287
2007-08-09,O,400
2007-08-10,A,226
2007-08-10,AB,64
2007-08-10,B,276
2007-08-10,O,352
2007-08-11,A,189
2007-08-11,AB,44
2007-08-11,B,220
2007-08-11,O,342
2007-08-12,A,230
2007-08-12,AB,51
2007-08-12,B,255
2007-08-12,O,315
2007-08-13,A,218
2007-08-13,AB,58
2007-08-13,B,265
2007-08-13,O,388
2007-08-14,A,206
2007-08-14,AB,41
2007-08-14,B,266
2007-08-14,O,340
2007-08-15,A,214
2007-08-15,AB,43
2007-08-15,B,281
2007-08-15,O,344
2007-08-16,A,229
2007-08-16,AB,59
2007-08-16,B,246
2007-08-16,O,352
2007-08-17,A,199
2007-08-17,AB,56
2007-08-17,B,244
2007-08-17,O,346
2007-08-18,A,204
2007-08-18,AB,51
2007-08-18,B,237
2007-08-18,O,325
2007-08-19,A,219
2007-08-19,AB,51
2007-08-19,B,236
2007-08-19,O,335
2007-08-20,A,216
2007-08-20,AB,54
2007-08-20,B,270
2007-08-20,O,350
2007-08-21,A,212
2007-08-21,AB,59
2007-08-21,B,245
2007-08-21,O,385
2007-08-22,A,239
2007-08-22,AB,53
2007-08-22,B,249
2007-08-22,O,364
2007-08-23,A,222
2007-08-23,AB,42
2007-08-23,B,264
2007-08-23,O,366
2007-08-24,A,233
2007-08-24,AB,56
2007-08-24,B,265
2007-08-24,O,367
2007-08-25,A,212
2007-08-25,AB,59
2007-08-25,B,197
2007-08-25,O,355
2007-08-26,A,217
2007-08-26,AB,43
2007-08-26,B,236
2007-08-26,O,333
2007-08-27,A,209
2007-08-27,AB,65
2007-08-27,B,241
2007-08-27,O,337
2007-08-28,A,218
2007-08-28,AB,60
2007-08-28,B,198
2007-08-28,O,359
2007-08-29,A,218
2007-08-29,AB,60
2007-08-29,B,265
2007-08-29,O,402
2007-08-30,A,248
2007-08-30,AB,67
2007-08-30,B,246
2007-08-30,O,379
2007-08-31,A,233
2007-08-31,AB,68
2007-08-31,B,246
2007-08-31,O,356
2007-09-01,A,178
2007-09-01,AB,59
2007-09-01,B,241
2007-09-01,O,326
2007-09-02,A,223
2007-09-02,AB,65
2007-09-02,B,240
2007-09-02,O,372
2007-09-03,A,246
2007-09-03,AB,78
2007-09-03,B,273
2007-09-03,O,376
2007-09-04,A,247
2007-09-04,AB,56
2007-09-04,B,274
2007-09-04,O,378
2007-09-05,A,248
2007-09-05,AB,70
2007-09-05,B,307
2007-09-05,O,438
2007-09-06,A,228
2007-09-06,AB,69
2007-09-06,B,268
2007-09-06,O,384
2007-09-07,A,222
2007-09-07,AB,68
2007-09-07,B,284
2007-09-07,O,411
2007-09-08,A,239
2007-09-08,AB,77
2007-09-08,B,270
2007-09-08,O,378
2007-09-09,A,291
2007-09-09,AB,63
2007-09-09,B,278
2007-09-09,O,418
2007-09-10,A,222
2007-09-10,AB,70
2007-09-10,B,292
2007-09-10,O,448
2007-09-11,A,245
2007-09-11,AB,68
2007-09-11,B,350
2007-09-11,O,464
2007-09-12,A,264
2007-09-12,AB,66
2007-09-12,B,287
2007-09-12,O,435
2007-09-13,A,257
2007-09-13,AB,80
2007-09-13,B,330
2007-09-13,O,443
2007-09-14,A,272
2007-09-14,AB,87
2007-09-14,B,317
2007-09-14,O,421
2007-09-15,A,236
2007-09-15,AB,52
2007-09-15,B,299
2007-09-15,O,399
2007-09-16,A,260
2007-09-16,AB,50
2007-09-16,B,260
2007-09-16,O,372
2007-09-17,A,280
2007-09-17,AB,58
2007-09-17,B,254
2007-09-17,O,410
2007-09-18,A,252
2007-09-18,AB,80
2007-09-18,B,269
2007-09-18,O,403
2007-09-19,A,273
2007-09-19,AB,68
2007-09-19,B,268
2007-09-19,O,428
2007-09-20,A,250
2007-09-20,AB,62
2007-09-20,B,237
2007-09-20,O,394
2007-09-21,A,230
2007-09-21,AB,86
2007-09-21,B,245
2007-09-21,O,344
2007-09-22,A,234
2007-09-22,AB,40
2007-09-22,B,202
2007-09-22,O,331
2007-09-23,A,224
2007-09-23,AB,59
2007-09-23,B,219
2007-09-23,O,360
2007-09-24,A,240
2007-09-24,AB,64
2007-09-24,B,222
2007-09-24,O,371
2007-09-25,A,242
2007-09-25,AB,62
2007-09-25,B,211
2007-09-25,O,388
2007-09-26,A,230
2007-09-26,AB,51
2007-09-26,B,225
2007-09-26,O,398
2007-09-27,A,241
2007-09-27,AB,61
2007-09-27,B,286
2007-09-27,O,347
2007-09-28,A,251
2007-09-28,AB,48
2007-09-28,B,259
2007-09-28,O,331
2007-09-29,A,204
2007-09-29,AB,49
2007-09-29,B,191
2007-09-29,O,315
2007-09-30,A,220
2007-09-30,AB,69
2007-09-30,B,260
2007-09-30,O,353
2007-10-01,A,246
2007-10-01,AB,57
2007-10-01,B,210
2007-10-01,O,366
2007-10-02,A,224
2007-10-02,AB,56
2007-10-02,B,213
2007-10-02,O,314
2007-10-03,A,237
2007-10-03,AB,59
2007-10-03,B,245
2007-10-03,O,331
2007-10-04,A,207
2007-10-04,AB,46
2007-10-04,B,226
2007-10-04,O,286
2007-10-05,A,232
2007-10-05,AB,47
2007-10-05,B,237
2007-10-05,O,316
2007-10-06,A,198
2007-10-06,AB,54
2007-10-06,B,224
2007-10-06,O,303
2007-10-07,A,197
2007-10-07,AB,40
2007-10-07,B,189
2007-10-07,O,265
2007-10-08,A,194
2007-10-08,AB,49
2007-10-08,B,205
2007-10-08,O,275
2007-10-09,A,158
2007-10-09,AB,44
2007-10-09,B,180
2007-10-09,O,264
2007-10-10,A,166
2007-10-10,AB,43
2007-10-10,B,174
2007-10-10,O,250
2007-10-11,A,178
2007-10-11,AB,45
2007-10-11,B,174
2007-10-11,O,245
2007-10-12,A,155
2007-10-12,AB,36
2007-10-12,B,159
2007-10-12,O,260
2007-10-13,A,139
2007-10-13,AB,27
2007-10-13,B,152
2007-10-13,O,197
2007-10-14,A,151
2007-10-14,AB,26
2007-10-14,B,163
2007-10-14,O,228
2007-10-15,A,141
2007-10-15,AB,34
2007-10-15,B,138
2007-10-15,O,223
2007-10-16,A,160
2007-10-16,AB,39
2007-10-16,B,145
2007-10-16,O,205
2007-10-17,A,165
2007-10-17,AB,35
2007-10-17,B,138
2007-10-17,O,218
2007-10-18,A,158
2007-10-18,AB,38
2007-10-18,B,144
2007-10-18,O,244
2007-10-19,A,156
2007-10-19,AB,27
2007-10-19,B,134
2007-10-19,O,231
2007-10-20,A,161
2007-10-20,AB,31
2007-10-20,B,141
2007-10-20,O,210
2007-10-21,A,139
2007-10-21,AB,36
2007-10-21,B,150
2007-10-21,O,218
2007-10-22,A,177
2007-10-22,AB,43
2007-10-22,B,186
2007-10-22,O,247
2007-10-23,A,174
2007-10-23,AB,38
2007-10-23,B,170
2007-10-23,O,209
2007-10-24,A,166
2007-10-24,AB,36
2007-10-24,B,195
2007-10-24,O,264
2007-10-25,A,198
2007-10-25,AB,95
2007-10-25,B,188
2007-10-25,O,269
2007-10-26,A,179
2007-10-26,AB,22
2007-10-26,B,175
2007-10-26,O,284
2007-10-27,A,186
2007-10-27,AB,43
2007-10-27,B,157
2007-10-27,O,241
2007-10-28,A,164
2007-10-28,AB,50
2007-10-28,B,186
2007-10-28,O,277
2007-10-29,A,202
2007-10-29,AB,46
2007-10-29,B,215
2007-10-29,O,282
2007-10-30,A,208
2007-10-30,AB,41
2007-10-30,B,191
2007-10-30,O,298
2007-10-31,A,205
2007-10-31,AB,39
2007-10-31,B,178
2007-10-31,O,295
2007-11-01,A,210
2007-11-01,AB,45
2007-11-01,B,210
2007-11-01,O,311
2007-11-02,A,226
2007-11-02,AB,40
2007-11-02,B,206
2007-11-02,O,336
2007-11-03,A,222
2007-11-03,AB,49
2007-11-03,B,184
2007-11-03,O,303
2007-11-04,A,210
2007-11-04,AB,47
2007-11-04,B,189
2007-11-04,O,315
2007-11-05,A,206
2007-11-05,AB,44
2007-11-05,B,212
2007-11-05,O,329
2007-11-06,A,199
2007-11-06,AB,52
2007-11-06,B,194
2007-11-06,O,289
2007-11-07,A,227
2007-11-07,AB,46
2007-11-07,B,209
2007-11-07,O,308
2007-11-08,A,199
2007-11-08,AB,47
2007-11-08,B,206
2007-11-08,O,280
2007-11-09,A,226
2007-11-09,AB,56
2007-11-09,B,203
2007-11-09,O,290
2007-11-10,A,200
2007-11-10,AB,45
2007-11-10,B,200
2007-11-10,O,265
2007-11-11,A,185
2007-11-11,AB,42
2007-11-11,B,193
2007-11-11,O,290
2007-11-12,A,239
2007-11-12,AB,40
2007-11-12,B,194
2007-11-12,O,330
2007-11-13,A,224
2007-11-13,AB,58
2007-11-13,B,229
2007-11-13,O,344
2007-11-14,A,214
2007-11-14,AB,42
2007-11-14,B,239
2007-11-14,O,348
2007-11-15,A,236
2007-11-15,AB,41
2007-11-15,B,219
2007-11-15,O,382
2007-11-16,A,246
2007-11-16,AB,127
2007-11-16,B,234
2007-11-16,O,367
2007-11-17,A,218
2007-11-17,AB,64
2007-11-17,B,199
2007-11-17,O,340
2007-11-18,A,536
2007-11-18,AB,54
2007-11-18,B,209
2007-11-18,O,341
2007-11-19,A,255
2007-11-19,AB,56
2007-11-19,B,235
2007-11-19,O,372
2007-11-20,A,242
2007-11-20,AB,52
2007-11-20,B,263
2007-11-20,O,398
2007-11-21,A,258
2007-11-21,AB,54
2007-11-21,B,293
2007-11-21,O,384
2007-11-22,A,278
2007-11-22,AB,47
2007-11-22,B,266
2007-11-22,O,383
2007-11-23,A,258
2007-11-23,AB,56
2007-11-23,B,268
2007-11-23,O,397
2007-11-24,A,238
2007-11-24,AB,61
2007-11-24,B,238
2007-11-24,O,323
2007-11-25,A,239
2007-11-25,AB,57
2007-11-25,B,240
2007-11-25,O,336
2007-11-26,A,254
2007-11-26,AB,59
2007-11-26,B,247
2007-11-26,O,364
2007-11-27,A,246
2007-11-27,AB,70
2007-11-27,B,268
2007-11-27,O,349
2007-11-28,A,231
2007-11-28,AB,68
2007-11-28,B,255
2007-11-28,O,334
2007-11-29,A,232
2007-11-29,AB,59
2007-11-29,B,254
2007-11-29,O,313
2007-11-30,A,229
2007-11-30,AB,50
2007-11-30,B,271
2007-11-30,O,348
2007-12-01,A,220
2007-12-01,AB,45
2007-12-01,B,241
2007-12-01,O,311
2007-12-02,A,230
2007-12-02,AB,59
2007-12-02,B,234
2007-12-02,O,320
2007-12-03,A,245
2007-12-03,AB,64
2007-12-03,B,276
2007-12-03,O,343
2007-12-04,A,207
2007-12-04,AB,60
2007-12-04,B,284
2007-12-04,O,340
2007-12-05,A,257
2007-12-05,AB,62
2007-12-05,B,262
2007-12-05,O,366
2007-12-06,A,252
2007-12-06,AB,53
2007-12-06,B,233
2007-12-06,O,368
2007-12-07,A,244
2007-12-07,AB,60
2007-12-07,B,272
2007-12-07,O,352
2007-12-08,A,231
2007-12-08,AB,45
2007-12-08,B,244
2007-12-08,O,351
2007-12-09,A,210
2007-12-09,AB,64
2007-12-09,B,206
2007-12-09,O,295
2007-12-10,A,243
2007-12-10,AB,54
2007-12-10,B,273
2007-12-10,O,346
2007-12-11,A,227
2007-12-11,AB,61
2007-12-11,B,282
2007-12-11,O,360
2007-12-12,A,238
2007-12-12,AB,71
2007-12-12,B,250
2007-12-12,O,339
2007-12-13,A,259
2007-12-13,AB,148
2007-12-13,B,251
2007-12-13,O,388
2007-12-14,A,246
2007-12-14,AB,84
2007-12-14,B,262
2007-12-14,O,360
2007-12-15,A,214
2007-12-15,AB,81
2007-12-15,B,252
2007-12-15,O,324
2007-12-16,A,220
2007-12-16,AB,81
2007-12-16,B,265
2007-12-16,O,334
2007-12-17,A,275
2007-12-17,AB,64
2007-12-17,B,281
2007-12-17,O,348
2007-12-18,A,276
2007-12-18,AB,72
2007-12-18,B,282
2007-12-18,O,364
2007-12-19,A,211
2007-12-19,AB,56
2007-12-19,B,266
2007-12-19,O,301
2007-12-20,A,254
2007-12-20,AB,61
2007-12-20,B,236
2007-12-20,O,318
2007-12-21,A,245
2007-12-21,AB,69
2007-12-21,B,274
2007-12-21,O,318
2007-12-22,A,213
2007-12-22,AB,51
2007-12-22,B,200
2007-12-22,O,297
2007-12-23,A,212
2007-12-23,AB,57
2007-12-23,B,186
2007-12-23,O,301
2007-12-24,A,218
2007-12-24,AB,58
2007-12-24,B,216
2007-12-24,O,325
2007-12-25,A,217
2007-12-25,AB,51
2007-12-25,B,216
2007-12-25,O,285
2007-12-26,A,197
2007-12-26,AB,53
2007-12-26,B,225
2007-12-26,O,288
2007-12-27,A,211
2007-12-27,AB,60
2007-12-27,B,235
2007-12-27,O,257
2007-12-28,A,206
2007-12-28,AB,47
2007-12-28,B,171
2007-12-28,O,295
2007-12-29,A,214
2007-12-29,AB,48
2007-12-29,B,201
2007-12-29,O,242
2007-12-30,A,173
2007-12-30,AB,42
2007-12-30,B,203
2007-12-30,O,275
2007-12-31,A,193
2007-12-31,AB,50
2007-12-31,B,204
2007-12-31,O,284
2008-01-01,A,189
2008-01-01,AB,54
2008-01-01,B,213
2008-01-01,O,284
2008-01-02,A,199
2008-01-02,AB,52
2008-01-02,B,201
2008-01-02,O,225
2008-01-03,A,193
2008-01-03,AB,66
2008-01-03,B,184
2008-01-03,O,269
2008-01-04,A,202
2008-01-04,AB,45
2008-01-04,B,189
2008-01-04,O,237
2008-01-05,A,170
2008-01-05,AB,42
2008-01-05,B,194
2008-01-05,O,221
2008-01-06,A,176
2008-01-06,AB,39
2008-01-06,B,174
2008-01-06,O,195
2008-01-07,A,164
2008-01-07,AB,44
2008-01-07,B,191
2008-01-07,O,231
2008-01-08,A,186
2008-01-08,AB,44
2008-01-08,B,165
2008-01-08,O,247
2008-01-09,A,194
2008-01-09,AB,59
2008-01-09,B,162
2008-01-09,O,234
2008-01-10,A,201
2008-01-10,AB,42
2008-01-10,B,207
2008-01-10,O,228
2008-01-11,A,179
2008-01-11,AB,46
2008-01-11,B,169
2008-01-11,O,227
2008-01-12,A,144
2008-01-12,AB,42
2008-01-12,B,148
2008-01-12,O,207
2008-01-13,A,176
2008-01-13,AB,33
2008-01-13,B,142
2008-01-13,O,208
2008-01-14,A,153
2008-01-14,AB,52
2008-01-14,B,173
2008-01-14,O,224
2008-01-15,A,183
2008-01-15,AB,44
2008-01-15,B,160
2008-01-15,O,294
2008-01-16,A,166
2008-01-16,AB,48
2008-01-16,B,182
2008-01-16,O,267
2008-01-17,A,201
2008-01-17,AB,45
2008-01-17,B,207
2008-01-17,O,267
2008-01-18,A,213
2008-01-18,AB,63
2008-01-18,B,197
2008-01-18,O,264
2008-01-19,A,190
2008-01-19,AB,57
2008-01-19,B,169
2008-01-19,O,652
2008-01-20,A,173
2008-01-20,AB,49
2008-01-20,B,187
2008-01-20,O,287
2008-01-21,A,210
2008-01-21,AB,90
2008-01-21,B,208
2008-01-21,O,311
2008-01-22,A,210
2008-01-22,AB,63
2008-01-22,B,225
2008-01-22,O,317
2008-01-23,A,213
2008-01-23,AB,58
2008-01-23,B,219
2008-01-23,O,314
2008-01-24,A,258
2008-01-24,AB,69
2008-01-24,B,244
2008-01-24,O,337
2008-01-25,A,229
2008-01-25,AB,72
2008-01-25,B,261
2008-01-25,O,351
2008-01-26,A,232
2008-01-26,AB,60
2008-01-26,B,246
2008-01-26,O,323
2008-01-27,A,213
2008-01-27,AB,48
2008-01-27,B,224
2008-01-27,O,307
2008-01-28,A,238
2008-01-28,AB,69
2008-01-28,B,240
2008-01-28,O,373
2008-01-29,A,247
2008-01-29,AB,71
2008-01-29,B,277
2008-01-29,O,338
2008-01-30,A,253
2008-01-30,AB,69
2008-01-30,B,310
2008-01-30,O,397
2008-01-31,A,262
2008-01-31,AB,56
2008-01-31,B,292
2008-01-31,O,392
2008-02-01,A,275
2008-02-01,AB,76
2008-02-01,B,278
2008-02-01,O,392
2008-02-02,A,270
2008-02-02,AB,120
2008-02-02,B,264
2008-02-02,O,359
2008-02-03,A,217
2008-02-03,AB,79
2008-02-03,B,294
2008-02-03,O,355
2008-02-04,A,275
2008-02-04,AB,67
2008-02-04,B,342
2008-02-04,O,390
2008-02-05,A,257
2008-02-05,AB,82
2008-02-05,B,326
2008-02-05,O,399
2008-02-06,A,273
2008-02-06,AB,77
2008-02-06,B,260
2008-02-06,O,399
2008-02-07,A,269
2008-02-07,AB,81
2008-02-07,B,274
2008-02-07,O,389
2008-02-08,A,241
2008-02-08,AB,85
2008-02-08,B,303
2008-02-08,O,353
2008-02-09,A,241
2008-02-09,AB,51
2008-02-09,B,253
2008-02-09,O,335
2008-02-10,A,244
2008-02-10,AB,65
2008-02-10,B,281
2008-02-10,O,386
2008-02-11,A,244
2008-02-11,AB,72
2008-02-11,B,282
2008-02-11,O,398
2008-02-12,A,256
2008-02-12,AB,79
2008-02-12,B,314
2008-02-12,O,370
2008-02-13,A,243
2008-02-13,AB,68
2008-02-13,B,314
2008-02-13,O,395
2008-02-14,A,250
2008-02-14,AB,61
2008-02-14,B,308
2008-02-14,O,364
2008-02-15,A,231
2008-02-15,AB,55
2008-02-15,B,259
2008-02-15,O,358
2008-02-16,A,223
2008-02-16,AB,51
2008-02-16,B,226
2008-02-16,O,295
2008-02-17,A,227
2008-02-17,AB,64
2008-02-17,B,266
2008-02-17,O,354
2008-02-18,A,229
2008-02-18,AB,65
2008-02-18,B,277
2008-02-18,O,389
2008-02-19,A,228
2008-02-19,AB,60
2008-02-19,B,290
2008-02-19,O,355
2008-02-20,A,242
2008-02-20,AB,77
2008-02-20,B,301
2008-02-20,O,383
2008-02-21,A,249
2008-02-21,AB,55
2008-02-21,B,285
2008-02-21,O,352
2008-02-22,A,471
2008-02-22,AB,66
2008-02-22,B,298
2008-02-22,O,345
2008-02-23,A,236
2008-02-23,AB,48
2008-02-23,B,244
2008-02-23,O,345
2008-02-24,A,237
2008-02-24,AB,55
2008-02-24,B,233
2008-02-24,O,330
2008-02-25,A,217
2008-02-25,AB,60
2008-02-25,B,274
2008-02-25,O,335
2008-02-26,A,245
2008-02-26,AB,61
2008-02-26,B,266
2008-02-26,O,361
2008-02-27,A,247
2008-02-27,AB,58
2008-02-27,B,282
2008-02-27,O,353
2008-02-28,A,237
2008-02-28,AB,70
2008-02-28,B,259
2008-02-28,O,352
2008-02-29,A,225
2008-02-29,AB,60
2008-02-29,B,260
2008-02-29,O,312
2008-03-01,A,219
2008-03-01,AB,57
2008-03-01,B,225
2008-03-01,O,259
2008-03-02,A,223
2008-03-02,AB,61
2008-03-02,B,263
2008-03-02,O,281
2008-03-03,A,237
2008-03-03,AB,60
2008-03-03,B,255
2008-03-03,O,343
2008-03-04,A,259
2008-03-04,AB,55
2008-03-04,B,271
2008-03-04,O,374
2008-03-05,A,219
2008-03-05,AB,60
2008-03-05,B,288
2008-03-05,O,346
2008-03-06,A,219
2008-03-06,AB,68
2008-03-06,B,248
2008-03-06,O,327
2008-03-07,A,238
2008-03-07,AB,55
2008-03-07,B,272
2008-03-07,O,336
2008-03-08,A,204
2008-03-08,AB,58
2008-03-08,B,204
2008-03-08,O,319
2008-03-09,A,202
2008-03-09,AB,51
2008-03-09,B,243
2008-03-09,O,337
2008-03-10,A,213
2008-03-10,AB,52
2008-03-10,B,260
2008-03-10,O,347
2008-03-11,A,231
2008-03-11,AB,51
2008-03-11,B,270
2008-03-11,O,355
2008-03-12,A,243
2008-03-12,AB,46
2008-03-12,B,255
2008-03-12,O,360
2008-03-13,A,233
2008-03-13,AB,54
2008-03-13,B,270
2008-03-13,O,363
2008-03-14,A,241
2008-03-14,AB,63
2008-03-14,B,239
2008-03-14,O,304
2008-03-15,A,240
2008-03-15,AB,56
2008-03-15,B,262
2008-03-15,O,284
2008-03-16,A,209
2008-03-16,AB,55
2008-03-16,B,242
2008-03-16,O,298
2008-03-17,A,204
2008-03-17,AB,59
2008-03-17,B,262
2008-03-17,O,339
2008-03-18,A,240
2008-03-18,AB,58
2008-03-18,B,301
2008-03-18,O,358
2008-03-19,A,285
2008-03-19,AB,58
2008-03-19,B,329
2008-03-19,O,825
2008-03-20,A,220
2008-03-20,AB,62
2008-03-20,B,249
2008-03-20,O,346
2008-03-21,A,234
2008-03-21,AB,50
2008-03-21,B,246
2008-03-21,O,306
2008-03-22,A,222
2008-03-22,AB,50
2008-03-22,B,207
2008-03-22,O,272
2008-03-23,A,204
2008-03-23,AB,55
2008-03-23,B,234
2008-03-23,O,315
2008-03-24,A,361
2008-03-24,AB,62
2008-03-24,B,265
2008-03-24,O,268
2008-03-25,A,199
2008-03-25,AB,128
2008-03-25,B,233
2008-03-25,O,292
2008-03-26,A,224
2008-03-26,AB,74
2008-03-26,B,273
2008-03-26,O,321
2008-03-27,A,216
2008-03-27,AB,59
2008-03-27,B,250
2008-03-27,O,306
2008-03-28,A,215
2008-03-28,AB,63
2008-03-28,B,270
2008-03-28,O,303
2008-03-29,A,193
2008-03-29,AB,49
2008-03-29,B,256
2008-03-29,O,270
2008-03-30,A,203
2008-03-30,AB,44
2008-03-30,B,217
2008-03-30,O,253
2008-03-31,A,225
2008-03-31,AB,51
2008-03-31,B,253
2008-03-31,O,294
2008-04-01,A,207
2008-04-01,AB,51
2008-04-01,B,248
2008-04-01,O,319
2008-04-02,A,219
2008-04-02,AB,73
2008-04-02,B,231
2008-04-02,O,303
2008-04-03,A,237
2008-04-03,AB,48
2008-04-03,B,272
2008-04-03,O,309
2008-04-04,A,218
2008-04-04,AB,60
2008-04-04,B,248
2008-04-04,O,338
2008-04-05,A,174
2008-04-05,AB,62
2008-04-05,B,235
2008-04-05,O,288
2008-04-06,A,209
2008-04-06,AB,51
2008-04-06,B,252
2008-04-06,O,303
2008-04-07,A,217
2008-04-07,AB,54
2008-04-07,B,271
2008-04-07,O,342
2008-04-08,A,241
2008-04-08,AB,63
2008-04-08,B,274
2008-04-08,O,367
2008-04-09,A,217
2008-04-09,AB,66
2008-04-09,B,268
2008-04-09,O,380
2008-04-10,A,243
2008-04-10,AB,45
2008-04-10,B,269
2008-04-10,O,386
2008-04-11,A,281
2008-04-11,AB,72
2008-04-11,B,277
2008-04-11,O,322
2008-04-12,A,207
2008-04-12,AB,48
2008-04-12,B,239
2008-04-12,O,308
2008-04-13,A,227
2008-04-13,AB,55
2008-04-13,B,281
2008-04-13,O,335
2008-04-14,A,244
2008-04-14,AB,58
2008-04-14,B,278
2008-04-14,O,813
2008-04-15,A,244
2008-04-15,AB,57
2008-04-15,B,271
2008-04-15,O,343
2008-04-16,A,253
2008-04-16,AB,66
2008-04-16,B,304
2008-04-16,O,363
2008-04-17,A,235
2008-04-17,AB,43
2008-04-17,B,285
2008-04-17,O,331
2008-04-18,A,222
2008-04-18,AB,71
2008-04-18,B,248
2008-04-18,O,354
2008-04-19,A,202
2008-04-19,AB,45
2008-04-19,B,244
2008-04-19,O,350
2008-04-20,A,235
2008-04-20,AB,43
2008-04-20,B,241
2008-04-20,O,317
2008-04-21,A,297
2008-04-21,AB,64
2008-04-21,B,294
2008-04-21,O,384
2008-04-22,A,262
2008-04-22,AB,61
2008-04-22,B,273
2008-04-22,O,315
2008-04-23,A,270
2008-04-23,AB,74
2008-04-23,B,276
2008-04-23,O,362
2008-04-24,A,251
2008-04-24,AB,56
2008-04-24,B,277
2008-04-24,O,338
2008-04-25,A,239
2008-04-25,AB,62
2008-04-25,B,256
2008-04-25,O,352
2008-04-26,A,438
2008-04-26,AB,53
2008-04-26,B,236
2008-04-26,O,295
2008-04-27,A,229
2008-04-27,AB,59
2008-04-27,B,229
2008-04-27,O,300
2008-04-28,A,243
2008-04-28,AB,51
2008-04-28,B,263
2008-04-28,O,331
2008-04-29,A,235
2008-04-29,AB,69
2008-04-29,B,226
2008-04-29,O,356
2008-04-30,A,239
2008-04-30,AB,62
2008-04-30,B,261
2008-04-30,O,354
2008-05-01,A,241
2008-05-01,AB,57
2008-05-01,B,266
2008-05-01,O,314
2008-05-02,A,223
2008-05-02,AB,52
2008-05-02,B,252
2008-05-02,O,348
2008-05-03,A,215
2008-05-03,AB,56
2008-05-03,B,211
2008-05-03,O,293
2008-05-04,A,231
2008-05-04,AB,46
2008-05-04,B,218
2008-05-04,O,285
2008-05-05,A,289
2008-05-05,AB,42
2008-05-05,B,245
2008-05-05,O,349
2008-05-06,A,237
2008-05-06,AB,43
2008-05-06,B,257
2008-05-06,O,342
2008-05-07,A,227
2008-05-07,AB,46
2008-05-07,B,243
2008-05-07,O,347
2008-05-08,A,258
2008-05-08,AB,43
2008-05-08,B,245
2008-05-08,O,368
2008-05-09,A,238
2008-05-09,AB,55
2008-05-09,B,249
2008-05-09,O,358
2008-05-10,A,212
2008-05-10,AB,62
2008-05-10,B,220
2008-05-10,O,321
2008-05-11,A,215
2008-05-11,AB,52
2008-05-11,B,218
2008-05-11,O,321
2008-05-12,A,248
2008-05-12,AB,64
2008-05-12,B,242
2008-05-12,O,345
2008-05-13,A,255
2008-05-13,AB,41
2008-05-13,B,198
2008-05-13,O,336
2008-05-14,A,242
2008-05-14,AB,46
2008-05-14,B,219
2008-05-14,O,374
2008-05-15,A,275
2008-05-15,AB,61
2008-05-15,B,226
2008-05-15,O,354
2008-05-16,A,228
2008-05-16,AB,45
2008-05-16,B,201
2008-05-16,O,372
2008-05-17,A,241
2008-05-17,AB,57
2008-05-17,B,208
2008-05-17,O,309
2008-05-18,A,233
2008-05-18,AB,48
2008-05-18,B,241
2008-05-18,O,341
2008-05-19,A,282
2008-05-19,AB,64
2008-05-19,B,278
2008-05-19,O,362
2008-05-20,A,275
2008-05-20,AB,48
2008-05-20,B,265
2008-05-20,O,359
2008-05-21,A,271
2008-05-21,AB,60
2008-05-21,B,236
2008-05-21,O,357
2008-05-22,A,259
2008-05-22,AB,49
2008-05-22,B,253
2008-05-22,O,353
2008-05-23,A,254
2008-05-23,AB,59
2008-05-23,B,260
2008-05-23,O,337
2008-05-24,A,255
2008-05-24,AB,53
2008-05-24,B,263
2008-05-24,O,349
2008-05-25,A,241
2008-05-25,AB,47
2008-05-25,B,252
2008-05-25,O,326
2008-05-26,A,232
2008-05-26,AB,46
2008-05-26,B,291
2008-05-26,O,334
2008-05-27,A,266
2008-05-27,AB,46
2008-05-27,B,283
2008-05-27,O,359
2008-05-28,A,268
2008-05-28,AB,61
2008-05-28,B,287
2008-05-28,O,389
2008-05-29,A,282
2008-05-29,AB,37
2008-05-29,B,321
2008-05-29,O,379
2008-05-30,A,283
2008-05-30,AB,64
2008-05-30,B,282
2008-05-30,O,376
2008-05-31,A,226
2008-05-31,AB,36
2008-05-31,B,627
2008-05-31,O,311
2008-06-01,A,200
2008-06-01,AB,57
2008-06-01,B,226
2008-06-01,O,313
2008-06-02,A,273
2008-06-02,AB,57
2008-06-02,B,257
2008-06-02,O,321
2008-06-03,A,232
2008-06-03,AB,51
2008-06-03,B,246
2008-06-03,O,346
2008-06-04,A,204
2008-06-04,AB,44
2008-06-04,B,223
2008-06-04,O,356
2008-06-05,A,239
2008-06-05,AB,53
2008-06-05,B,258
2008-06-05,O,366
2008-06-06,A,258
2008-06-06,AB,46
2008-06-06,B,253
2008-06-06,O,362
2008-06-07,A,217
2008-06-07,AB,44
2008-06-07,B,217
2008-06-07,O,301
2008-06-08,A,204
2008-06-08,AB,43
2008-06-08,B,238
2008-06-08,O,282
2008-06-09,A,239
2008-06-09,AB,48
2008-06-09,B,266
2008-06-09,O,337
2008-06-10,A,234
2008-06-10,AB,56
2008-06-10,B,225
2008-06-10,O,366
2008-06-11,A,221
2008-06-11,AB,55
2008-06-11,B,240
2008-06-11,O,335
2008-06-12,A,239
2008-06-12,AB,42
2008-06-12,B,270
2008-06-12,O,349
2008-06-13,A,213
2008-06-13,AB,58
2008-06-13,B,243
2008-06-13,O,338
2008-06-14,A,212
2008-06-14,AB,43
2008-06-14,B,236
2008-06-14,O,281
2008-06-15,A,194
2008-06-15,AB,49
2008-06-15,B,236
2008-06-15,O,286
2008-06-16,A,234
2008-06-16,AB,50
2008-06-16,B,252
2008-06-16,O,307
2008-06-17,A,218
2008-06-17,AB,44
2008-06-17,B,232
2008-06-17,O,293
2008-06-18,A,181
2008-06-18,AB,43
2008-06-18,B,236
2008-06-18,O,293
2008-06-19,A,210
2008-06-19,AB,41
2008-06-19,B,271
2008-06-19,O,299
2008-06-20,A,219
2008-06-20,AB,48
2008-06-20,B,230
2008-06-20,O,295
2008-06-21,A,203
2008-06-21,AB,46
2008-06-21,B,213
2008-06-21,O,280
2008-06-22,A,200
2008-06-22,AB,55
2008-06-22,B,249
2008-06-22,O,303
2008-06-23,A,226
2008-06-23,AB,42
2008-06-23,B,247
2008-06-23,O,320
2008-06-24,A,212
2008-06-24,AB,43
2008-06-24,B,261
2008-06-24,O,265
2008-06-25,A,220
2008-06-25,AB,47
2008-06-25,B,239
2008-06-25,O,310
2008-06-26,A,235
2008-06-26,AB,49
2008-06-26,B,294
2008-06-26,O,314
2008-06-27,A,230
2008-06-27,AB,50
2008-06-27,B,251
2008-06-27,O,314
2008-06-28,A,216
2008-06-28,AB,58
2008-06-28,B,219
2008-06-28,O,300
2008-06-29,A,216
2008-06-29,AB,36
2008-06-29,B,238
2008-06-29,O,288
2008-06-30,A,214
2008-06-30,AB,46
2008-06-30,B,227
2008-06-30,O,288
2008-07-01,A,214
2008-07-01,AB,50
2008-07-01,B,257
2008-07-01,O,337
2008-07-02,A,233
2008-07-02,AB,57
2008-07-02,B,294
2008-07-02,O,331
2008-07-03,A,249
2008-07-03,AB,55
2008-07-03,B,278
2008-07-03,O,346
2008-07-04,A,212
2008-07-04,AB,58
2008-07-04,B,302
2008-07-04,O,315
2008-07-05,A,222
2008-07-05,AB,49
2008-07-05,B,247
2008-07-05,O,279
2008-07-06,A,197
2008-07-06,AB,45
2008-07-06,B,242
2008-07-06,O,296
2008-07-07,A,225
2008-07-07,AB,60
2008-07-07,B,268
2008-07-07,O,279
2008-07-08,A,216
2008-07-08,AB,39
2008-07-08,B,287
2008-07-08,O,344
2008-07-09,A,243
2008-07-09,AB,66
2008-07-09,B,279
2008-07-09,O,319
2008-07-10,A,243
2008-07-10,AB,50
2008-07-10,B,316
2008-07-10,O,356
2008-07-11,A,271
2008-07-11,AB,66
2008-07-11,B,278
2008-07-11,O,342
2008-07-12,A,224
2008-07-12,AB,54
2008-07-12,B,233
2008-07-12,O,303
2008-07-13,A,226
2008-07-13,AB,43
2008-07-13,B,245
2008-07-13,O,323
2008-07-14,A,241
2008-07-14,AB,60
2008-07-14,B,559
2008-07-14,O,369
2008-07-15,A,647
2008-07-15,AB,62
2008-07-15,B,279
2008-07-15,O,368
2008-07-16,A,229
2008-07-16,AB,71
2008-07-16,B,272
2008-07-16,O,346
2008-07-17,A,243
2008-07-17,AB,58
2008-07-17,B,304
2008-07-17,O,331
2008-07-18,A,243
2008-07-18,AB,73
2008-07-18,B,320
2008-07-18,O,322
2008-07-19,A,198
2008-07-19,AB,58
2008-07-19,B,267
2008-07-19,O,334
2008-07-20,A,231
2008-07-20,AB,59
2008-07-20,B,253
2008-07-20,O,313
2008-07-21,A,221
2008-07-21,AB,68
2008-07-21,B,299
2008-07-21,O,369
2008-07-22,A,224
2008-07-22,AB,58
2008-07-22,B,278
2008-07-22,O,593
2008-07-23,A,227
2008-07-23,AB,57
2008-07-23,B,294
2008-07-23,O,380
2008-07-24,A,200
2008-07-24,AB,90
2008-07-24,B,285
2008-07-24,O,372
2008-07-25,A,251
2008-07-25,AB,72
2008-07-25,B,264
2008-07-25,O,359
2008-07-26,A,224
2008-07-26,AB,65
2008-07-26,B,276
2008-07-26,O,333
2008-07-27,A,234
2008-07-27,AB,72
2008-07-27,B,234
2008-07-27,O,323
2008-07-28,A,259
2008-07-28,AB,67
2008-07-28,B,301
2008-07-28,O,379
2008-07-29,A,244
2008-07-29,AB,66
2008-07-29,B,314
2008-07-29,O,328
2008-07-30,A,286
2008-07-30,AB,72
2008-07-30,B,307
2008-07-30,O,376
2008-07-31,A,271
2008-07-31,AB,79
2008-07-31,B,308
2008-07-31,O,371
2008-08-01,A,254
2008-08-01,AB,74
2008-08-01,B,312
2008-08-01,O,414
2008-08-02,A,244
2008-08-02,AB,65
2008-08-02,B,294
2008-08-02,O,385
2008-08-03,A,265
2008-08-03,AB,78
2008-08-03,B,313
2008-08-03,O,398
2008-08-04,A,308
2008-08-04,AB,75
2008-08-04,B,329
2008-08-04,O,500
2008-08-05,A,293
2008-08-05,AB,66
2008-08-05,B,323
2008-08-05,O,439
2008-08-06,A,254
2008-08-06,AB,95
2008-08-06,B,370
2008-08-06,O,436
2008-08-07,A,280
2008-08-07,AB,80
2008-08-07,B,362
2008-08-07,O,498
2008-08-08,A,279
2008-08-08,AB,84
2008-08-08,B,373
2008-08-08,O,454
2008-08-09,A,259
2008-08-09,AB,67
2008-08-09,B,343
2008-08-09,O,404
2008-08-10,A,275
2008-08-10,AB,61
2008-08-10,B,316
2008-08-10,O,421
2008-08-11,A,303
2008-08-11,AB,93
2008-08-11,B,401
2008-08-11,O,416
2008-08-12,A,315
2008-08-12,AB,82
2008-08-12,B,370
2008-08-12,O,517
2008-08-13,A,299
2008-08-13,AB,56
2008-08-13,B,381
2008-08-13,O,473
2008-08-14,A,320
2008-08-14,AB,65
2008-08-14,B,371
2008-08-14,O,508
2008-08-15,A,308
2008-08-15,AB,84
2008-08-15,B,385
2008-08-15,O,484
2008-08-16,A,303
2008-08-16,AB,70
2008-08-16,B,344
2008-08-16,O,450
2008-08-17,A,315
2008-08-17,AB,72
2008-08-17,B,370
2008-08-17,O,453
2008-08-18,A,331
2008-08-18,AB,73
2008-08-18,B,371
2008-08-18,O,483
2008-08-19,A,324
2008-08-19,AB,74
2008-08-19,B,355
2008-08-19,O,477
2008-08-20,A,314
2008-08-20,AB,77
2008-08-20,B,345
2008-08-20,O,493
2008-08-21,A,335
2008-08-21,AB,75
2008-08-21,B,401
2008-08-21,O,541
2008-08-22,A,326
2008-08-22,AB,74
2008-08-22,B,374
2008-08-22,O,503
2008-08-23,A,277
2008-08-23,AB,80
2008-08-23,B,359
2008-08-23,O,466
2008-08-24,A,306
2008-08-24,AB,77
2008-08-24,B,324
2008-08-24,O,499
2008-08-25,A,321
2008-08-25,AB,83
2008-08-25,B,377
2008-08-25,O,549
2008-08-26,A,307
2008-08-26,AB,81
2008-08-26,B,341
2008-08-26,O,521
2008-08-27,A,314
2008-08-27,AB,84
2008-08-27,B,389
2008-08-27,O,519
2008-08-28,A,312
2008-08-28,AB,81
2008-08-28,B,384
2008-08-28,O,537
2008-08-29,A,307
2008-08-29,AB,84
2008-08-29,B,383
2008-08-29,O,509
2008-08-30,A,289
2008-08-30,AB,74
2008-08-30,B,356
2008-08-30,O,481
2008-08-31,A,296
2008-08-31,AB,89
2008-08-31,B,347
2008-08-31,O,514
2008-09-01,A,337
2008-09-01,AB,86
2008-09-01,B,415
2008-09-01,O,543
2008-09-02,A,644
2008-09-02,AB,99
2008-09-02,B,377
2008-09-02,O,563
2008-09-03,A,340
2008-09-03,AB,79
2008-09-03,B,377
2008-09-03,O,533
2008-09-04,A,302
2008-09-04,AB,97
2008-09-04,B,312
2008-09-04,O,542
2008-09-05,A,291
2008-09-05,AB,78
2008-09-05,B,328
2008-09-05,O,507
2008-09-06,A,272
2008-09-06,AB,64
2008-09-06,B,318
2008-09-06,O,464
2008-09-07,A,279
2008-09-07,AB,70
2008-09-07,B,313
2008-09-07,O,475
2008-09-08,A,291
2008-09-08,AB,72
2008-09-08,B,346
2008-09-08,O,489
2008-09-09,A,262
2008-09-09,AB,85
2008-09-09,B,289
2008-09-09,O,451
2008-09-10,A,258
2008-09-10,AB,69
2008-09-10,B,337
2008-09-10,O,478
2008-09-11,A,264
2008-09-11,AB,71
2008-09-11,B,318
2008-09-11,O,459
2008-09-12,A,208
2008-09-12,AB,74
2008-09-12,B,301
2008-09-12,O,405
2008-09-13,A,232
2008-09-13,AB,64
2008-09-13,B,251
2008-09-13,O,358
2008-09-14,A,244
2008-09-14,AB,57
2008-09-14,B,269
2008-09-14,O,334
2008-09-15,A,256
2008-09-15,AB,46
2008-09-15,B,309
2008-09-15,O,412
2008-09-16,A,252
2008-09-16,AB,61
2008-09-16,B,270
2008-09-16,O,379
2008-09-17,A,235
2008-09-17,AB,63
2008-09-17,B,281
2008-09-17,O,367
2008-09-18,A,270
2008-09-18,AB,53
2008-09-18,B,295
2008-09-18,O,392
2008-09-19,A,200
2008-09-19,AB,71
2008-09-19,B,293
2008-09-19,O,413
2008-09-20,A,210
2008-09-20,AB,42
2008-09-20,B,252
2008-09-20,O,346
2008-09-21,A,237
2008-09-21,AB,44
2008-09-21,B,250
2008-09-21,O,385
2008-09-22,A,232
2008-09-22,AB,63
2008-09-22,B,261
2008-09-22,O,381
2008-09-23,A,252
2008-09-23,AB,57
2008-09-23,B,245
2008-09-23,O,384
2008-09-24,A,212
2008-09-24,AB,61
2008-09-24,B,270
2008-09-24,O,375
2008-09-25,A,193
2008-09-25,AB,53
2008-09-25,B,205
2008-09-25,O,332
2008-09-26,A,207
2008-09-26,AB,45
2008-09-26,B,227
2008-09-26,O,357
2008-09-27,A,165
2008-09-27,AB,34
2008-09-27,B,203
2008-09-27,O,282
2008-09-28,A,208
2008-09-28,AB,41
2008-09-28,B,186
2008-09-28,O,303
2008-09-29,A,192
2008-09-29,AB,57
2008-09-29,B,170
2008-09-29,O,306
2008-09-30,A,160
2008-09-30,AB,37
2008-09-30,B,167
2008-09-30,O,262
2008-10-01,A,173
2008-10-01,AB,39
2008-10-01,B,173
2008-10-01,O,258
2008-10-02,A,150
2008-10-02,AB,33
2008-10-02,B,162
2008-10-02,O,272
2008-10-03,A,163
2008-10-03,AB,41
2008-10-03,B,151
2008-10-03,O,270
2008-10-04,A,156
2008-10-04,AB,34
2008-10-04,B,175
2008-10-04,O,243
2008-10-05,A,165
2008-10-05,AB,49
2008-10-05,B,150
2008-10-05,O,284
2008-10-06,A,187
2008-10-06,AB,34
2008-10-06,B,189
2008-10-06,O,286
2008-10-07,A,127
2008-10-07,AB,49
2008-10-07,B,126
2008-10-07,O,270
2008-10-08,A,147
2008-10-08,AB,52
2008-10-08,B,165
2008-10-08,O,301
2008-10-09,A,170
2008-10-09,AB,33
2008-10-09,B,172
2008-10-09,O,310
2008-10-10,A,176
2008-10-10,AB,40
2008-10-10,B,179
2008-10-10,O,280
2008-10-11,A,160
2008-10-11,AB,37
2008-10-11,B,155
2008-10-11,O,298
2008-10-12,A,187
2008-10-12,AB,48
2008-10-12,B,184
2008-10-12,O,303
2008-10-13,A,177
2008-10-13,AB,31
2008-10-13,B,200
2008-10-13,O,316
2008-10-14,A,181
2008-10-14,AB,39
2008-10-14,B,194
2008-10-14,O,348
2008-10-15,A,172
2008-10-15,AB,62
2008-10-15,B,192
2008-10-15,O,340
2008-10-16,A,187
2008-10-16,AB,45
2008-10-16,B,223
2008-10-16,O,354
2008-10-17,A,172
2008-10-17,AB,63
2008-10-17,B,206
2008-10-17,O,376
2008-10-18,A,199
2008-10-18,AB,55
2008-10-18,B,198
2008-10-18,O,345
2008-10-19,A,194
2008-10-19,AB,51
2008-10-19,B,204
2008-10-19,O,337
2008-10-20,A,224
2008-10-20,AB,59
2008-10-20,B,232
2008-10-20,O,375
2008-10-21,A,195
2008-10-21,AB,60
2008-10-21,B,200
2008-10-21,O,369
2008-10-22,A,214
2008-10-22,AB,58
2008-10-22,B,222
2008-10-22,O,369
2008-10-23,A,241
2008-10-23,AB,64
2008-10-23,B,233
2008-10-23,O,390
2008-10-24,A,208
2008-10-24,AB,43
2008-10-24,B,199
2008-10-24,O,414
2008-10-25,A,205
2008-10-25,AB,60
2008-10-25,B,237
2008-10-25,O,404
2008-10-26,A,210
2008-10-26,AB,58
2008-10-26,B,212
2008-10-26,O,396
2008-10-27,A,202
2008-10-27,AB,59
2008-10-27,B,222
2008-10-27,O,372
2008-10-28,A,211
2008-10-28,AB,65
2008-10-28,B,217
2008-10-28,O,378
2008-10-29,A,219
2008-10-29,AB,57
2008-10-29,B,197
2008-10-29,O,377
2008-10-30,A,206
2008-10-30,AB,51
2008-10-30,B,257
2008-10-30,O,392
2008-10-31,A,214
2008-10-31,AB,49
2008-10-31,B,237
2008-10-31,O,1031
2008-11-01,A,166
2008-11-01,AB,68
2008-11-01,B,225
2008-11-01,O,373
2008-11-02,A,211
2008-11-02,AB,68
2008-11-02,B,218
2008-11-02,O,424
2008-11-03,A,240
2008-11-03,AB,62
2008-11-03,B,273
2008-11-03,O,386
2008-11-04,A,229
2008-11-04,AB,57
2008-11-04,B,289
2008-11-04,O,453
2008-11-05,A,246
2008-11-05,AB,67
2008-11-05,B,299
2008-11-05,O,410
2008-11-06,A,243
2008-11-06,AB,66
2008-11-06,B,292
2008-11-06,O,424
2008-11-07,A,271
2008-11-07,AB,68
2008-11-07,B,260
2008-11-07,O,416
2008-11-08,A,241
2008-11-08,AB,67
2008-11-08,B,249
2008-11-08,O,405
2008-11-09,A,219
2008-11-09,AB,63
2008-11-09,B,245
2008-11-09,O,393
2008-11-10,A,258
2008-11-10,AB,69
2008-11-10,B,287
2008-11-10,O,397
2008-11-11,A,283
2008-11-11,AB,52
2008-11-11,B,311
2008-11-11,O,413
2008-11-12,A,247
2008-11-12,AB,55
2008-11-12,B,264
2008-11-12,O,462
2008-11-13,A,264
2008-11-13,AB,66
2008-11-13,B,265
2008-11-13,O,422
2008-11-14,A,240
2008-11-14,AB,58
2008-11-14,B,263
2008-11-14,O,439
2008-11-15,A,204
2008-11-15,AB,75
2008-11-15,B,223
2008-11-15,O,346
2008-11-16,A,196
2008-11-16,AB,63
2008-11-16,B,235
2008-11-16,O,387
2008-11-17,A,230
2008-11-17,AB,53
2008-11-17,B,219
2008-11-17,O,400
2008-11-18,A,242
2008-11-18,AB,67
2008-11-18,B,258
2008-11-18,O,364
2008-11-19,A,239
2008-11-19,AB,55
2008-11-19,B,233
2008-11-19,O,419
2008-11-20,A,213
2008-11-20,AB,54
2008-11-20,B,246
2008-11-20,O,373
2008-11-21,A,229
2008-11-21,AB,73
2008-11-21,B,230
2008-11-21,O,419
2008-11-22,A,210
2008-11-22,AB,59
2008-11-22,B,209
2008-11-22,O,348
2008-11-23,A,207
2008-11-23,AB,40
2008-11-23,B,205
2008-11-23,O,371
2008-11-24,A,269
2008-11-24,AB,61
2008-11-24,B,258
2008-11-24,O,354
2008-11-25,A,240
2008-11-25,AB,62
2008-11-25,B,228
2008-11-25,O,379
2008-11-26,A,228
2008-11-26,AB,55
2008-11-26,B,250
2008-11-26,O,425
2008-11-27,A,237
2008-11-27,AB,59
2008-11-27,B,259
2008-11-27,O,418
2008-11-28,A,244
2008-11-28,AB,51
2008-11-28,B,274
2008-11-28,O,429
2008-11-29,A,235
2008-11-29,AB,64
2008-11-29,B,254
2008-11-29,O,395
2008-11-30,A,234
2008-11-30,AB,65
2008-11-30,B,216
2008-11-30,O,350
2008-12-01,A,276
2008-12-01,AB,62
2008-12-01,B,259
2008-12-01,O,421
2008-12-02,A,244
2008-12-02,AB,54
2008-12-02,B,251
2008-12-02,O,400
2008-12-03,A,273
2008-12-03,AB,52
2008-12-03,B,241
2008-12-03,O,371
2008-12-04,A,303
2008-12-04,AB,59
2008-12-04,B,269
2008-12-04,O,658
2008-12-05,A,296
2008-12-05,AB,56
2008-12-05,B,254
2008-12-05,O,386
2008-12-06,A,275
2008-12-06,AB,53
2008-12-06,B,233
2008-12-06,O,350
2008-12-07,A,245
2008-12-07,AB,61
2008-12-07,B,247
2008-12-07,O,390
2008-12-08,A,255
2008-12-08,AB,72
2008-12-08,B,271
2008-12-08,O,383
2008-12-09,A,235
2008-12-09,AB,51
2008-12-09,B,302
2008-12-09,O,393
2008-12-10,A,246
2008-12-10,AB,59
2008-12-10,B,240
2008-12-10,O,372
2008-12-11,A,234
2008-12-11,AB,52
2008-12-11,B,250
2008-12-11,O,383
2008-12-12,A,235
2008-12-12,AB,50
2008-12-12,B,249
2008-12-12,O,362
2008-12-13,A,207
2008-12-13,AB,46
2008-12-13,B,204
2008-12-13,O,353
2008-12-14,A,233
2008-12-14,AB,53
2008-12-14,B,215
2008-12-14,O,339
2008-12-15,A,223
2008-12-15,AB,53
2008-12-15,B,241
2008-12-15,O,399
2008-12-16,A,242
2008-12-16,AB,66
2008-12-16,B,237
2008-12-16,O,426
2008-12-17,A,220
2008-12-17,AB,56
2008-12-17,B,258
2008-12-17,O,364
2008-12-18,A,228
2008-12-18,AB,44
2008-12-18,B,264
2008-12-18,O,390
2008-12-19,A,227
2008-12-19,AB,126
2008-12-19,B,253
2008-12-19,O,423
2008-12-20,A,219
2008-12-20,AB,50
2008-12-20,B,207
2008-12-20,O,354
2008-12-21,A,204
2008-12-21,AB,58
2008-12-21,B,257
2008-12-21,O,360
2008-12-22,A,237
2008-12-22,AB,58
2008-12-22,B,254
2008-12-22,O,389
2008-12-23,A,228
2008-12-23,AB,59
2008-12-23,B,239
2008-12-23,O,363
2008-12-24,A,245
2008-12-24,AB,60
2008-12-24,B,246
2008-12-24,O,348
2008-12-25,A,216
2008-12-25,AB,45
2008-12-25,B,250
2008-12-25,O,375
2008-12-26,A,415
2008-12-26,AB,46
2008-12-26,B,195
2008-12-26,O,364
2008-12-27,A,191
2008-12-27,AB,33
2008-12-27,B,186
2008-12-27,O,295
2008-12-28,A,202
2008-12-28,AB,29
2008-12-28,B,186
2008-12-28,O,309
2008-12-29,A,200
2008-12-29,AB,47
2008-12-29,B,184
2008-12-29,O,309
2008-12-30,A,217
2008-12-30,AB,51
2008-12-30,B,188
2008-12-30,O,321
2008-12-31,A,213
2008-12-31,AB,46
2008-12-31,B,181
2008-12-31,O,330
2009-01-01,A,221
2009-01-01,AB,46
2009-01-01,B,191
2009-01-01,O,297
2009-01-02,A,194
2009-01-02,AB,58
2009-01-02,B,207
2009-01-02,O,298
2009-01-03,A,188
2009-01-03,AB,37
2009-01-03,B,161
2009-01-03,O,269
2009-01-04,A,179
2009-01-04,AB,33
2009-01-04,B,153
2009-01-04,O,283
2009-01-05,A,201
2009-01-05,AB,53
2009-01-05,B,171
2009-01-05,O,304
2009-01-06,A,209
2009-01-06,AB,36
2009-01-06,B,156
2009-01-06,O,271
2009-01-07,A,208
2009-01-07,AB,46
2009-01-07,B,197
2009-01-07,O,319
2009-01-08,A,182
2009-01-08,AB,52
2009-01-08,B,205
2009-01-08,O,303
2009-01-09,A,208
2009-01-09,AB,51
2009-01-09,B,186
2009-01-09,O,308
2009-01-10,A,188
2009-01-10,AB,40
2009-01-10,B,194
2009-01-10,O,274
2009-01-11,A,199
2009-01-11,AB,42
2009-01-11,B,178
2009-01-11,O,307
2009-01-12,A,222
2009-01-12,AB,46
2009-01-12,B,200
2009-01-12,O,302
2009-01-13,A,216
2009-01-13,AB,45
2009-01-13,B,202
2009-01-13,O,337
2009-01-14,A,211
2009-01-14,AB,51
2009-01-14,B,207
2009-01-14,O,338
2009-01-15,A,224
2009-01-15,AB,48
2009-01-15,B,208
2009-01-15,O,315
2009-01-16,A,233
2009-01-16,AB,45
2009-01-16,B,236
2009-01-16,O,307
2009-01-17,A,287
2009-01-17,AB,41
2009-01-17,B,173
2009-01-17,O,279
2009-01-18,A,316
2009-01-18,AB,37
2009-01-18,B,191
2009-01-18,O,267
2009-01-19,A,318
2009-01-19,AB,47
2009-01-19,B,235
2009-01-19,O,317
2009-01-20,A,294
2009-01-20,AB,49
2009-01-20,B,217
2009-01-20,O,305
2009-01-21,A,327
2009-01-21,AB,52
2009-01-21,B,218
2009-01-21,O,307
2009-01-22,A,332
2009-01-22,AB,55
2009-01-22,B,243
2009-01-22,O,358
2009-01-23,A,348
2009-01-23,AB,46
2009-01-23,B,252
2009-01-23,O,341
2009-01-24,A,326
2009-01-24,AB,45
2009-01-24,B,219
2009-01-24,O,313
2009-01-25,A,345
2009-01-25,AB,35
2009-01-25,B,215
2009-01-25,O,315
2009-01-26,A,295
2009-01-26,AB,43
2009-01-26,B,236
2009-01-26,O,342
2009-01-27,A,328
2009-01-27,AB,46
2009-01-27,B,246
2009-01-27,O,356
2009-01-28,A,319
2009-01-28,AB,38
2009-01-28,B,215
2009-01-28,O,346
2009-01-29,A,344
2009-01-29,AB,40
2009-01-29,B,252
2009-01-29,O,369
2009-01-30,A,306
2009-01-30,AB,48
2009-01-30,B,245
2009-01-30,O,371
2009-01-31,A,225
2009-01-31,AB,52
2009-01-31,B,228
2009-01-31,O,341
2009-02-01,A,197
2009-02-01,AB,36
2009-02-01,B,220
2009-02-01,O,336
2009-02-02,A,226
2009-02-02,AB,43
2009-02-02,B,253
2009-02-02,O,383
2009-02-03,A,241
2009-02-03,AB,37
2009-02-03,B,251
2009-02-03,O,388
2009-02-04,A,230
2009-02-04,AB,43
2009-02-04,B,310
2009-02-04,O,424
2009-02-05,A,256
2009-02-05,AB,41
2009-02-05,B,267
2009-02-05,O,414
2009-02-06,A,247
2009-02-06,AB,45
2009-02-06,B,246
2009-02-06,O,391
2009-02-07,A,232
2009-02-07,AB,47
2009-02-07,B,239
2009-02-07,O,386
2009-02-08,A,220
2009-02-08,AB,41
2009-02-08,B,244
2009-02-08,O,376
2009-02-09,A,235
2009-02-09,AB,48
2009-02-09,B,260
2009-02-09,O,407
2009-02-10,A,239
2009-02-10,AB,43
2009-02-10,B,234
2009-02-10,O,380
2009-02-11,A,234
2009-02-11,AB,46
2009-02-11,B,256
2009-02-11,O,402
2009-02-12,A,248
2009-02-12,AB,56
2009-02-12,B,279
2009-02-12,O,409
2009-02-13,A,233
2009-02-13,AB,54
2009-02-13,B,265
2009-02-13,O,376
2009-02-14,A,221
2009-02-14,AB,41
2009-02-14,B,276
2009-02-14,O,371
2009-02-15,A,202
2009-02-15,AB,99
2009-02-15,B,236
2009-02-15,O,366
2009-02-16,A,220
2009-02-16,AB,49
2009-02-16,B,242
2009-02-16,O,429
2009-02-17,A,225
2009-02-17,AB,95
2009-02-17,B,283
2009-02-17,O,361
2009-02-18,A,190
2009-02-18,AB,87
2009-02-18,B,250
2009-02-18,O,416
2009-02-19,A,240
2009-02-19,AB,84
2009-02-19,B,267
2009-02-19,O,400
2009-02-20,A,264
2009-02-20,AB,61
2009-02-20,B,241
2009-02-20,O,359
2009-02-21,A,240
2009-02-21,AB,95
2009-02-21,B,244
2009-02-21,O,399
2009-02-22,A,251
2009-02-22,AB,65
2009-02-22,B,262
2009-02-22,O,361
2009-02-23,A,250
2009-02-23,AB,102
2009-02-23,B,279
2009-02-23,O,415
2009-02-24,A,248
2009-02-24,AB,104
2009-02-24,B,325
2009-02-24,O,458
2009-02-25,A,304
2009-02-25,AB,83
2009-02-25,B,301
2009-02-25,O,442
2009-02-26,A,266
2009-02-26,AB,94
2009-02-26,B,303
2009-02-26,O,437
2009-02-27,A,293
2009-02-27,AB,84
2009-02-27,B,339
2009-02-27,O,409
2009-02-28,A,276
2009-02-28,AB,97
2009-02-28,B,319
2009-02-28,O,417
2009-03-01,A,272
2009-03-01,AB,93
2009-03-01,B,304
2009-03-01,O,424
2009-03-02,A,278
2009-03-02,AB,103
2009-03-02,B,321
2009-03-02,O,470
2009-03-03,A,280
2009-03-03,AB,103
2009-03-03,B,301
2009-03-03,O,484
2009-03-04,A,310
2009-03-04,AB,95
2009-03-04,B,335
2009-03-04,O,493
2009-03-05,A,299
2009-03-05,AB,80
2009-03-05,B,324
2009-03-05,O,449
2009-03-06,A,267
2009-03-06,AB,77
2009-03-06,B,305
2009-03-06,O,416
2009-03-07,A,256
2009-03-07,AB,86
2009-03-07,B,284
2009-03-07,O,402
2009-03-08,A,249
2009-03-08,AB,115
2009-03-08,B,317
2009-03-08,O,409
2009-03-09,A,287
2009-03-09,AB,103
2009-03-09,B,304
2009-03-09,O,456
2009-03-10,A,263
2009-03-10,AB,56
2009-03-10,B,312
2009-03-10,O,427
2009-03-11,A,261
2009-03-11,AB,44
2009-03-11,B,295
2009-03-11,O,413
2009-03-12,A,260
2009-03-12,AB,55
2009-03-12,B,320
2009-03-12,O,398
2009-03-13,A,257
2009-03-13,AB,52
2009-03-13,B,278
2009-03-13,O,402
2009-03-14,A,238
2009-03-14,AB,48
2009-03-14,B,233
2009-03-14,O,350
2009-03-15,A,521
2009-03-15,AB,62
2009-03-15,B,245
2009-03-15,O,387
2009-03-16,A,236
2009-03-16,AB,53
2009-03-16,B,253
2009-03-16,O,442
2009-03-17,A,231
2009-03-17,AB,54
2009-03-17,B,287
2009-03-17,O,413
2009-03-18,A,255
2009-03-18,AB,59
2009-03-18,B,280
2009-03-18,O,439
2009-03-19,A,257
2009-03-19,AB,52
2009-03-19,B,295
2009-03-19,O,419
2009-03-20,A,261
2009-03-20,AB,53
2009-03-20,B,267
2009-03-20,O,430
2009-03-21,A,235
2009-03-21,AB,50
2009-03-21,B,256
2009-03-21,O,376
2009-03-22,A,222
2009-03-22,AB,54
2009-03-22,B,249
2009-03-22,O,399
2009-03-23,A,240
2009-03-23,AB,61
2009-03-23,B,266
2009-03-23,O,408
2009-03-24,A,237
2009-03-24,AB,52
2009-03-24,B,257
2009-03-24,O,378
2009-03-25,A,256
2009-03-25,AB,68
2009-03-25,B,262
2009-03-25,O,397
2009-03-26,A,477
2009-03-26,AB,59
2009-03-26,B,238
2009-03-26,O,384
2009-03-27,A,226
2009-03-27,AB,51
2009-03-27,B,201
2009-03-27,O,382
2009-03-28,A,214
2009-03-28,AB,56
2009-03-28,B,221
2009-03-28,O,332
2009-03-29,A,202
2009-03-29,AB,50
2009-03-29,B,224
2009-03-29,O,387
2009-03-30,A,240
2009-03-30,AB,66
2009-03-30,B,231
2009-03-30,O,385
2009-03-31,A,200
2009-03-31,AB,52
2009-03-31,B,285
2009-03-31,O,363
2009-04-01,A,252
2009-04-01,AB,42
2009-04-01,B,277
2009-04-01,O,364
2009-04-02,A,227
2009-04-02,AB,51
2009-04-02,B,240
2009-04-02,O,395
2009-04-03,A,200
2009-04-03,AB,54
2009-04-03,B,252
2009-04-03,O,409
2009-04-04,A,194
2009-04-04,AB,51
2009-04-04,B,223
2009-04-04,O,328
2009-04-05,A,204
2009-04-05,AB,56
2009-04-05,B,256
2009-04-05,O,341
2009-04-06,A,214
2009-04-06,AB,53
2009-04-06,B,236
2009-04-06,O,373
2009-04-07,A,208
2009-04-07,AB,55
2009-04-07,B,224
2009-04-07,O,379
2009-04-08,A,206
2009-04-08,AB,60
2009-04-08,B,233
2009-04-08,O,357
2009-04-09,A,255
2009-04-09,AB,64
2009-04-09,B,246
2009-04-09,O,389
2009-04-10,A,229
2009-04-10,AB,64
2009-04-10,B,237
2009-04-10,O,401
2009-04-11,A,188
2009-04-11,AB,60
2009-04-11,B,217
2009-04-11,O,366
2009-04-12,A,202
2009-04-12,AB,53
2009-04-12,B,226
2009-04-12,O,355
2009-04-13,A,214
2009-04-13,AB,53
2009-04-13,B,233
2009-04-13,O,402
2009-04-14,A,236
2009-04-14,AB,60
2009-04-14,B,226
2009-04-14,O,388
2009-04-15,A,227
2009-04-15,AB,53
2009-04-15,B,269
2009-04-15,O,411
2009-04-16,A,243
2009-04-16,AB,56
2009-04-16,B,244
2009-04-16,O,385
2009-04-17,A,259
2009-04-17,AB,58
2009-04-17,B,501
2009-04-17,O,365
2009-04-18,A,253
2009-04-18,AB,54
2009-04-18,B,239
2009-04-18,O,341
2009-04-19,A,228
2009-04-19,AB,56
2009-04-19,B,221
2009-04-19,O,359
2009-04-20,A,238
2009-04-20,AB,49
2009-04-20,B,258
2009-04-20,O,372
2009-04-21,A,664
2009-04-21,AB,59
2009-04-21,B,232
2009-04-21,O,390
2009-04-22,A,254
2009-04-22,AB,54
2009-04-22,B,247
2009-04-22,O,376
2009-04-23,A,253
2009-04-23,AB,65
2009-04-23,B,260
2009-04-23,O,421
2009-04-24,A,247
2009-04-24,AB,58
2009-04-24,B,275
2009-04-24,O,399
2009-04-25,A,225
2009-04-25,AB,46
2009-04-25,B,233
2009-04-25,O,336
2009-04-26,A,235
2009-04-26,AB,40
2009-04-26,B,218
2009-04-26,O,358
2009-04-27,A,252
2009-04-27,AB,45
2009-04-27,B,286
2009-04-27,O,377
2009-04-28,A,246
2009-04-28,AB,64
2009-04-28,B,227
2009-04-28,O,400
2009-04-29,A,214
2009-04-29,AB,56
2009-04-29,B,242
2009-04-29,O,402
2009-04-30,A,198
2009-04-30,AB,51
2009-04-30,B,246
2009-04-30,O,363
2009-05-01,A,237
2009-05-01,AB,39
2009-05-01,B,252
2009-05-01,O,386
2009-05-02,A,231
2009-05-02,AB,49
2009-05-02,B,228
2009-05-02,O,350
2009-05-03,A,249
2009-05-03,AB,37
2009-05-03,B,206
2009-05-03,O,381
2009-05-04,A,223
2009-05-04,AB,49
2009-05-04,B,247
2009-05-04,O,394
2009-05-05,A,223
2009-05-05,AB,59
2009-05-05,B,261
2009-05-05,O,380
2009-05-06,A,225
2009-05-06,AB,56
2009-05-06,B,237
2009-05-06,O,382
2009-05-07,A,230
2009-05-07,AB,75
2009-05-07,B,253
2009-05-07,O,365
2009-05-08,A,225
2009-05-08,AB,59
2009-05-08,B,249
2009-05-08,O,408
2009-05-09,A,233
2009-05-09,AB,46
2009-05-09,B,220
2009-05-09,O,371
2009-05-10,A,208
2009-05-10,AB,62
2009-05-10,B,228
2009-05-10,O,381
2009-05-11,A,257
2009-05-11,AB,54
2009-05-11,B,246
2009-05-11,O,439
2009-05-12,A,214
2009-05-12,AB,65
2009-05-12,B,271
2009-05-12,O,377
2009-05-13,A,236
2009-05-13,AB,70
2009-05-13,B,253
2009-05-13,O,407
2009-05-14,A,243
2009-05-14,AB,69
2009-05-14,B,227
2009-05-14,O,410
2009-05-15,A,225
2009-05-15,AB,61
2009-05-15,B,231
2009-05-15,O,407
2009-05-16,A,234
2009-05-16,AB,55
2009-05-16,B,232
2009-05-16,O,375
2009-05-17,A,217
2009-05-17,AB,58
2009-05-17,B,243
2009-05-17,O,368
2009-05-18,A,259
2009-05-18,AB,60
2009-05-18,B,255
2009-05-18,O,427
2009-05-19,A,258
2009-05-19,AB,38
2009-05-19,B,237
2009-05-19,O,428
2009-05-20,A,212
2009-05-20,AB,57
2009-05-20,B,245
2009-05-20,O,374
2009-05-21,A,261
2009-05-21,AB,77
2009-05-21,B,257
2009-05-21,O,405
2009-05-22,A,241
2009-05-22,AB,64
2009-05-22,B,243
2009-05-22,O,393
2009-05-23,A,208
2009-05-23,AB,36
2009-05-23,B,238
2009-05-23,O,383
2009-05-24,A,227
2009-05-24,AB,69
2009-05-24,B,277
2009-05-24,O,388
2009-05-25,A,255
2009-05-25,AB,54
2009-05-25,B,237
2009-05-25,O,423
2009-05-26,A,240
2009-05-26,AB,56
2009-05-26,B,246
2009-05-26,O,420
2009-05-27,A,241
2009-05-27,AB,57
2009-05-27,B,227
2009-05-27,O,409
2009-05-28,A,285
2009-05-28,AB,59
2009-05-28,B,247
2009-05-28,O,412
2009-05-29,A,254
2009-05-29,AB,51
2009-05-29,B,282
2009-05-29,O,395
2009-05-30,A,220
2009-05-30,AB,43
2009-05-30,B,209
2009-05-30,O,362
2009-05-31,A,247
2009-05-31,AB,63
2009-05-31,B,201
2009-05-31,O,363
2009-06-01,A,266
2009-06-01,AB,60
2009-06-01,B,236
2009-06-01,O,352
2009-06-02,A,250
2009-06-02,AB,53
2009-06-02,B,251
2009-06-02,O,384
2009-06-03,A,229
2009-06-03,AB,66
2009-06-03,B,256
2009-06-03,O,339
2009-06-04,A,214
2009-06-04,AB,41
2009-06-04,B,224
2009-06-04,O,379
2009-06-05,A,211
2009-06-05,AB,47
2009-06-05,B,238
2009-06-05,O,333
2009-06-06,A,186
2009-06-06,AB,42
2009-06-06,B,195
2009-06-06,O,335
2009-06-07,A,220
2009-06-07,AB,56
2009-06-07,B,212
2009-06-07,O,350
2009-06-08,A,225
2009-06-08,AB,51
2009-06-08,B,240
2009-06-08,O,362
2009-06-09,A,214
2009-06-09,AB,51
2009-06-09,B,212
2009-06-09,O,362
2009-06-10,A,229
2009-06-10,AB,58
2009-06-10,B,210
2009-06-10,O,362
2009-06-11,A,226
2009-06-11,AB,42
2009-06-11,B,198
2009-06-11,O,372
2009-06-12,A,190
2009-06-12,AB,50
2009-06-12,B,243
2009-06-12,O,336
2009-06-13,A,191
2009-06-13,AB,59
2009-06-13,B,170
2009-06-13,O,307
2009-06-14,A,195
2009-06-14,AB,45
2009-06-14,B,182
2009-06-14,O,317
2009-06-15,A,226
2009-06-15,AB,62
2009-06-15,B,198
2009-06-15,O,308
2009-06-16,A,210
2009-06-16,AB,51
2009-06-16,B,197
2009-06-16,O,302
2009-06-17,A,214
2009-06-17,AB,56
2009-06-17,B,199
2009-06-17,O,314
2009-06-18,A,208
2009-06-18,AB,48
2009-06-18,B,210
2009-06-18,O,348
2009-06-19,A,186
2009-06-19,AB,67
2009-06-19,B,223
2009-06-19,O,353
2009-06-20,A,177
2009-06-20,AB,55
2009-06-20,B,200
2009-06-20,O,318
2009-06-21,A,181
2009-06-21,AB,62
2009-06-21,B,203
2009-06-21,O,313
2009-06-22,A,225
2009-06-22,AB,42
2009-06-22,B,211
2009-06-22,O,327
2009-06-23,A,238
2009-06-23,AB,105
2009-06-23,B,222
2009-06-23,O,389
2009-06-24,A,220
2009-06-24,AB,69
2009-06-24,B,237
2009-06-24,O,332
2009-06-25,A,218
2009-06-25,AB,45
2009-06-25,B,237
2009-06-25,O,386
2009-06-26,A,195
2009-06-26,AB,49
2009-06-26,B,240
2009-06-26,O,392
2009-06-27,A,181
2009-06-27,AB,51
2009-06-27,B,429
2009-06-27,O,394
2009-06-28,A,190
2009-06-28,AB,54
2009-06-28,B,246
2009-06-28,O,344
2009-06-29,A,257
2009-06-29,AB,56
2009-06-29,B,257
2009-06-29,O,411
2009-06-30,A,207
2009-06-30,AB,58
2009-06-30,B,235
2009-06-30,O,375
2009-07-01,A,207
2009-07-01,AB,48
2009-07-01,B,239
2009-07-01,O,374
2009-07-02,A,211
2009-07-02,AB,47
2009-07-02,B,227
2009-07-02,O,385
2009-07-03,A,207
2009-07-03,AB,57
2009-07-03,B,216
2009-07-03,O,431
2009-07-04,A,186
2009-07-04,AB,51
2009-07-04,B,229
2009-07-04,O,319
2009-07-05,A,209
2009-07-05,AB,62
2009-07-05,B,225
2009-07-05,O,359
2009-07-06,A,226
2009-07-06,AB,60
2009-07-06,B,230
2009-07-06,O,396
2009-07-07,A,225
2009-07-07,AB,54
2009-07-07,B,244
2009-07-07,O,391
2009-07-08,A,223
2009-07-08,AB,49
2009-07-08,B,251
2009-07-08,O,402
2009-07-09,A,214
2009-07-09,AB,62
2009-07-09,B,239
2009-07-09,O,400
2009-07-10,A,223
2009-07-10,AB,65
2009-07-10,B,254
2009-07-10,O,390
2009-07-11,A,212
2009-07-11,AB,55
2009-07-11,B,211
2009-07-11,O,398
2009-07-12,A,218
2009-07-12,AB,58
2009-07-12,B,231
2009-07-12,O,379
2009-07-13,A,222
2009-07-13,AB,66
2009-07-13,B,262
2009-07-13,O,466
2009-07-14,A,201
2009-07-14,AB,46
2009-07-14,B,245
2009-07-14,O,426
2009-07-15,A,225
2009-07-15,AB,59
2009-07-15,B,242
2009-07-15,O,419
2009-07-16,A,257
2009-07-16,AB,54
2009-07-16,B,286
2009-07-16,O,444
2009-07-17,A,208
2009-07-17,AB,65
2009-07-17,B,246
2009-07-17,O,421
2009-07-18,A,218
2009-07-18,AB,63
2009-07-18,B,226
2009-07-18,O,415
2009-07-19,A,233
2009-07-19,AB,65
2009-07-19,B,253
2009-07-19,O,398
2009-07-20,A,240
2009-07-20,AB,71
2009-07-20,B,284
2009-07-20,O,429
2009-07-21,A,235
2009-07-21,AB,62
2009-07-21,B,278
2009-07-21,O,426
2009-07-22,A,220
2009-07-22,AB,62
2009-07-22,B,269
2009-07-22,O,407
2009-07-23,A,233
2009-07-23,AB,54
2009-07-23,B,234
2009-07-23,O,464
2009-07-24,A,235
2009-07-24,AB,63
2009-07-24,B,234
2009-07-24,O,443
2009-07-25,A,204
2009-07-25,AB,63
2009-07-25,B,235
2009-07-25,O,432
2009-07-26,A,219
2009-07-26,AB,74
2009-07-26,B,232
2009-07-26,O,442
2009-07-27,A,242
2009-07-27,AB,80
2009-07-27,B,252
2009-07-27,O,462
2009-07-28,A,240
2009-07-28,AB,78
2009-07-28,B,244
2009-07-28,O,480
2009-07-29,A,228
2009-07-29,AB,64
2009-07-29,B,287
2009-07-29,O,458
2009-07-30,A,258
2009-07-30,AB,57
2009-07-30,B,285
2009-07-30,O,503
2009-07-31,A,252
2009-07-31,AB,79
2009-07-31,B,232
2009-07-31,O,470
2009-08-01,A,240
2009-08-01,AB,64
2009-08-01,B,231
2009-08-01,O,431
2009-08-02,A,252
2009-08-02,AB,82
2009-08-02,B,270
2009-08-02,O,450
2009-08-03,A,279
2009-08-03,AB,78
2009-08-03,B,292
2009-08-03,O,476
2009-08-04,A,287
2009-08-04,AB,93
2009-08-04,B,305
2009-08-04,O,488
2009-08-05,A,285
2009-08-05,AB,79
2009-08-05,B,291
2009-08-05,O,554
2009-08-06,A,287
2009-08-06,AB,80
2009-08-06,B,291
2009-08-06,O,564
2009-08-07,A,328
2009-08-07,AB,78
2009-08-07,B,314
2009-08-07,O,514
2009-08-08,A,292
2009-08-08,AB,82
2009-08-08,B,311
2009-08-08,O,511
2009-08-09,A,311
2009-08-09,AB,67
2009-08-09,B,306
2009-08-09,O,526
2009-08-10,A,332
2009-08-10,AB,98
2009-08-10,B,348
2009-08-10,O,513
2009-08-11,A,327
2009-08-11,AB,83
2009-08-11,B,348
2009-08-11,O,569
2009-08-12,A,312
2009-08-12,AB,89
2009-08-12,B,346
2009-08-12,O,530
2009-08-13,A,364
2009-08-13,AB,87
2009-08-13,B,357
2009-08-13,O,645
2009-08-14,A,342
2009-08-14,AB,77
2009-08-14,B,333
2009-08-14,O,643
2009-08-15,A,324
2009-08-15,AB,75
2009-08-15,B,304
2009-08-15,O,578
2009-08-16,A,358
2009-08-16,AB,87
2009-08-16,B,313
2009-08-16,O,544
2009-08-17,A,373
2009-08-17,AB,114
2009-08-17,B,362
2009-08-17,O,624
2009-08-18,A,398
2009-08-18,AB,99
2009-08-18,B,357
2009-08-18,O,545
2009-08-19,A,360
2009-08-19,AB,93
2009-08-19,B,406
2009-08-19,O,588
2009-08-20,A,388
2009-08-20,AB,83
2009-08-20,B,378
2009-08-20,O,623
2009-08-21,A,384
2009-08-21,AB,100
2009-08-21,B,357
2009-08-21,O,574
2009-08-22,A,342
2009-08-22,AB,80
2009-08-22,B,308
2009-08-22,O,509
2009-08-23,A,324
2009-08-23,AB,86
2009-08-23,B,315
2009-08-23,O,511
2009-08-24,A,395
2009-08-24,AB,98
2009-08-24,B,352
2009-08-24,O,574
2009-08-25,A,351
2009-08-25,AB,73
2009-08-25,B,376
2009-08-25,O,569
2009-08-26,A,339
2009-08-26,AB,81
2009-08-26,B,333
2009-08-26,O,531
2009-08-27,A,343
2009-08-27,AB,77
2009-08-27,B,312
2009-08-27,O,561
2009-08-28,A,334
2009-08-28,AB,75
2009-08-28,B,289
2009-08-28,O,578
2009-08-29,A,318
2009-08-29,AB,74
2009-08-29,B,309
2009-08-29,O,515
2009-08-30,A,303
2009-08-30,AB,75
2009-08-30,B,295
2009-08-30,O,534
2009-08-31,A,365
2009-08-31,AB,64
2009-08-31,B,318
2009-08-31,O,553
2009-09-01,A,340
2009-09-01,AB,62
2009-09-01,B,287
2009-09-01,O,522
2009-09-02,A,313
2009-09-02,AB,63
2009-09-02,B,322
2009-09-02,O,495
2009-09-03,A,296
2009-09-03,AB,55
2009-09-03,B,277
2009-09-03,O,506
2009-09-04,A,292
2009-09-04,AB,69
2009-09-04,B,257
2009-09-04,O,509
2009-09-05,A,272
2009-09-05,AB,63
2009-09-05,B,234
2009-09-05,O,425
2009-09-06,A,254
2009-09-06,AB,60
2009-09-06,B,229
2009-09-06,O,420
2009-09-07,A,284
2009-09-07,AB,65
2009-09-07,B,265
2009-09-07,O,458
2009-09-08,A,239
2009-09-08,AB,47
2009-09-08,B,237
2009-09-08,O,406
2009-09-09,A,245
2009-09-09,AB,48
2009-09-09,B,225
2009-09-09,O,462
2009-09-10,A,252
2009-09-10,AB,71
2009-09-10,B,220
2009-09-10,O,466
2009-09-11,A,285
2009-09-11,AB,65
2009-09-11,B,233
2009-09-11,O,446
2009-09-12,A,245
2009-09-12,AB,51
2009-09-12,B,215
2009-09-12,O,376
2009-09-13,A,248
2009-09-13,AB,54
2009-09-13,B,227
2009-09-13,O,386
2009-09-14,A,243
2009-09-14,AB,62
2009-09-14,B,228
2009-09-14,O,423
2009-09-15,A,221
2009-09-15,AB,46
2009-09-15,B,181
2009-09-15,O,405
2009-09-16,A,168
2009-09-16,AB,43
2009-09-16,B,238
2009-09-16,O,372
2009-09-17,A,222
2009-09-17,AB,36
2009-09-17,B,221
2009-09-17,O,379
2009-09-18,A,207
2009-09-18,AB,46
2009-09-18,B,178
2009-09-18,O,328
2009-09-19,A,176
2009-09-19,AB,53
2009-09-19,B,172
2009-09-19,O,317
2009-09-20,A,156
2009-09-20,AB,67
2009-09-20,B,162
2009-09-20,O,298
2009-09-21,A,181
2009-09-21,AB,49
2009-09-21,B,158
2009-09-21,O,326
2009-09-22,A,160
2009-09-22,AB,44
2009-09-22,B,169
2009-09-22,O,347
2009-09-23,A,177
2009-09-23,AB,33
2009-09-23,B,159
2009-09-23,O,292
2009-09-24,A,197
2009-09-24,AB,44
2009-09-24,B,296
2009-09-24,O,334
2009-09-25,A,179
2009-09-25,AB,31
2009-09-25,B,185
2009-09-25,O,325
2009-09-26,A,168
2009-09-26,AB,42
2009-09-26,B,171
2009-09-26,O,321
2009-09-27,A,148
2009-09-27,AB,38
2009-09-27,B,167
2009-09-27,O,356
2009-09-28,A,207
2009-09-28,AB,40
2009-09-28,B,187
2009-09-28,O,393
2009-09-29,A,173
2009-09-29,AB,43
2009-09-29,B,200
2009-09-29,O,378
2009-09-30,A,192
2009-09-30,AB,32
2009-09-30,B,192
2009-09-30,O,425
2009-10-01,A,196
2009-10-01,AB,46
2009-10-01,B,223
2009-10-01,O,446
2009-10-02,A,248
2009-10-02,AB,63
2009-10-02,B,209
2009-10-02,O,403
2009-10-03,A,183
2009-10-03,AB,44
2009-10-03,B,164
2009-10-03,O,728
2009-10-04,A,192
2009-10-04,AB,46
2009-10-04,B,207
2009-10-04,O,416
2009-10-05,A,218
2009-10-05,AB,48
2009-10-05,B,202
2009-10-05,O,448
2009-10-06,A,208
2009-10-06,AB,52
2009-10-06,B,203
2009-10-06,O,448
2009-10-07,A,217
2009-10-07,AB,55
2009-10-07,B,236
2009-10-07,O,444
2009-10-08,A,245
2009-10-08,AB,44
2009-10-08,B,225
2009-10-08,O,489
2009-10-09,A,213
2009-10-09,AB,46
2009-10-09,B,219
2009-10-09,O,454
2009-10-10,A,207
2009-10-10,AB,42
2009-10-10,B,210
2009-10-10,O,929
2009-10-11,A,185
2009-10-11,AB,52
2009-10-11,B,200
2009-10-11,O,465
2009-10-12,A,230
2009-10-12,AB,51
2009-10-12,B,242
2009-10-12,O,458
2009-10-13,A,222
2009-10-13,AB,47
2009-10-13,B,211
2009-10-13,O,435
2009-10-14,A,227
2009-10-14,AB,52
2009-10-14,B,242
2009-10-14,O,471
2009-10-15,A,228
2009-10-15,AB,68
2009-10-15,B,275
2009-10-15,O,505
2009-10-16,A,232
2009-10-16,AB,49
2009-10-16,B,259
2009-10-16,O,456
2009-10-17,A,238
2009-10-17,AB,61
2009-10-17,B,233
2009-10-17,O,493
2009-10-18,A,236
2009-10-18,AB,67
2009-10-18,B,214
2009-10-18,O,503
2009-10-19,A,287
2009-10-19,AB,65
2009-10-19,B,302
2009-10-19,O,538
2009-10-20,A,251
2009-10-20,AB,61
2009-10-20,B,269
2009-10-20,O,500
2009-10-21,A,278
2009-10-21,AB,57
2009-10-21,B,296
2009-10-21,O,538
2009-10-22,A,290
2009-10-22,AB,77
2009-10-22,B,311
2009-10-22,O,541
2009-10-23,A,269
2009-10-23,AB,68
2009-10-23,B,331
2009-10-23,O,580
2009-10-24,A,282
2009-10-24,AB,60
2009-10-24,B,284
2009-10-24,O,525
2009-10-25,A,282
2009-10-25,AB,67
2009-10-25,B,289
2009-10-25,O,562
2009-10-26,A,309
2009-10-26,AB,56
2009-10-26,B,313
2009-10-26,O,578
2009-10-27,A,331
2009-10-27,AB,82
2009-10-27,B,302
2009-10-27,O,597
2009-10-28,A,294
2009-10-28,AB,57
2009-10-28,B,292
2009-10-28,O,608
2009-10-29,A,290
2009-10-29,AB,73
2009-10-29,B,305
2009-10-29,O,605
2009-10-30,A,314
2009-10-30,AB,87
2009-10-30,B,336
2009-10-30,O,574
2009-10-31,A,263
2009-10-31,AB,65
2009-10-31,B,291
2009-10-31,O,528
2009-11-01,A,268
2009-11-01,AB,75
2009-11-01,B,298
2009-11-01,O,501
2009-11-02,A,295
2009-11-02,AB,83
2009-11-02,B,333
2009-11-02,O,571
2009-11-03,A,297
2009-11-03,AB,68
2009-11-03,B,347
2009-11-03,O,555
2009-11-04,A,310
2009-11-04,AB,58
2009-11-04,B,314
2009-11-04,O,569
2009-11-05,A,318
2009-11-05,AB,71
2009-11-05,B,285
2009-11-05,O,556
2009-11-06,A,284
2009-11-06,AB,75
2009-11-06,B,289
2009-11-06,O,542
2009-11-07,A,301
2009-11-07,AB,58
2009-11-07,B,269
2009-11-07,O,477
2009-11-08,A,299
2009-11-08,AB,66
2009-11-08,B,276
2009-11-08,O,518
2009-11-09,A,289
2009-11-09,AB,79
2009-11-09,B,283
2009-11-09,O,552
2009-11-10,A,295
2009-11-10,AB,65
2009-11-10,B,281
2009-11-10,O,539
2009-11-11,A,315
2009-11-11,AB,75
2009-11-11,B,271
2009-11-11,O,534
2009-11-12,A,291
2009-11-12,AB,63
2009-11-12,B,280
2009-11-12,O,545
2009-11-13,A,307
2009-11-13,AB,55
2009-11-13,B,621
2009-11-13,O,479
2009-11-14,A,276
2009-11-14,AB,62
2009-11-14,B,276
2009-11-14,O,445
2009-11-15,A,303
2009-11-15,AB,62
2009-11-15,B,266
2009-11-15,O,534
2009-11-16,A,321
2009-11-16,AB,70
2009-11-16,B,284
2009-11-16,O,522
2009-11-17,A,338
2009-11-17,AB,66
2009-11-17,B,303
2009-11-17,O,541
2009-11-18,A,309
2009-11-18,AB,72
2009-11-18,B,314
2009-11-18,O,533
2009-11-19,A,320
2009-11-19,AB,72
2009-11-19,B,295
2009-11-19,O,558
2009-11-20,A,279
2009-11-20,AB,74
2009-11-20,B,298
2009-11-20,O,539
2009-11-21,A,291
2009-11-21,AB,71
2009-11-21,B,268
2009-11-21,O,504
2009-11-22,A,289
2009-11-22,AB,69
2009-11-22,B,287
2009-11-22,O,542
2009-11-23,A,317
2009-11-23,AB,77
2009-11-23,B,346
2009-11-23,O,552
2009-11-24,A,312
2009-11-24,AB,84
2009-11-24,B,368
2009-11-24,O,556
2009-11-25,A,304
2009-11-25,AB,79
2009-11-25,B,333
2009-11-25,O,545
2009-11-26,A,323
2009-11-26,AB,98
2009-11-26,B,299
2009-11-26,O,597
2009-11-27,A,334
2009-11-27,AB,84
2009-11-27,B,319
2009-11-27,O,527
2009-11-28,A,249
2009-11-28,AB,64
2009-11-28,B,259
2009-11-28,O,486
2009-11-29,A,247
2009-11-29,AB,69
2009-11-29,B,288
2009-11-29,O,482
2009-11-30,A,290
2009-11-30,AB,56
2009-11-30,B,291
2009-11-30,O,543
2009-12-01,A,273
2009-12-01,AB,68
2009-12-01,B,295
2009-12-01,O,496
2009-12-02,A,299
2009-12-02,AB,85
2009-12-02,B,272
2009-12-02,O,531
2009-12-03,A,302
2009-12-03,AB,56
2009-12-03,B,253
2009-12-03,O,522
2009-12-04,A,269
2009-12-04,AB,58
2009-12-04,B,248
2009-12-04,O,519
2009-12-05,A,229
2009-12-05,AB,61
2009-12-05,B,274
2009-12-05,O,485
2009-12-06,A,257
2009-12-06,AB,55
2009-12-06,B,255
2009-12-06,O,493
2009-12-07,A,278
2009-12-07,AB,53
2009-12-07,B,288
2009-12-07,O,547
2009-12-08,A,278
2009-12-08,AB,62
2009-12-08,B,241
2009-12-08,O,491
2009-12-09,A,308
2009-12-09,AB,56
2009-12-09,B,308
2009-12-09,O,499
2009-12-10,A,278
2009-12-10,AB,57
2009-12-10,B,313
2009-12-10,O,467
2009-12-11,A,295
2009-12-11,AB,74
2009-12-11,B,289
2009-12-11,O,498
2009-12-12,A,249
2009-12-12,AB,50
2009-12-12,B,252
2009-12-12,O,454
2009-12-13,A,284
2009-12-13,AB,50
2009-12-13,B,283
2009-12-13,O,476
2009-12-14,A,263
2009-12-14,AB,53
2009-12-14,B,300
2009-12-14,O,480
2009-12-15,A,265
2009-12-15,AB,74
2009-12-15,B,280
2009-12-15,O,493
2009-12-16,A,296
2009-12-16,AB,72
2009-12-16,B,211
2009-12-16,O,478
2009-12-17,A,253
2009-12-17,AB,62
2009-12-17,B,232
2009-12-17,O,515
2009-12-18,A,248
2009-12-18,AB,54
2009-12-18,B,260
2009-12-18,O,445
2009-12-19,A,222
2009-12-19,AB,54
2009-12-19,B,223
2009-12-19,O,436
2009-12-20,A,223
2009-12-20,AB,51
2009-12-20,B,221
2009-12-20,O,384
2009-12-21,A,279
2009-12-21,AB,71
2009-12-21,B,240
2009-12-21,O,405
2009-12-22,A,239
2009-12-22,AB,49
2009-12-22,B,214
2009-12-22,O,366
2009-12-23,A,253
2009-12-23,AB,43
2009-12-23,B,241
2009-12-23,O,418
2009-12-24,A,219
2009-12-24,AB,62
2009-12-24,B,236
2009-12-24,O,402
2009-12-25,A,255
2009-12-25,AB,53
2009-12-25,B,210
2009-12-25,O,385
2009-12-26,A,211
2009-12-26,AB,41
2009-12-26,B,206
2009-12-26,O,350
2009-12-27,A,203
2009-12-27,AB,50
2009-12-27,B,210
2009-12-27,O,382
2009-12-28,A,228
2009-12-28,AB,55
2009-12-28,B,220
2009-12-28,O,446
2009-12-29,A,263
2009-12-29,AB,64
2009-12-29,B,232
2009-12-29,O,389
2009-12-30,A,240
2009-12-30,AB,58
2009-12-30,B,228
2009-12-30,O,418
2009-12-31,A,243
2009-12-31,AB,59
2009-12-31,B,248
2009-12-31,O,427
2010-01-01,A,253
2010-01-01,AB,44
2010-01-01,B,216
2010-01-01,O,380
2010-01-02,A,211
2010-01-02,AB,58
2010-01-02,B,203
2010-01-02,O,379
2010-01-03,A,203
2010-01-03,AB,49
2010-01-03,B,243
2010-01-03,O,389
2010-01-04,A,251
2010-01-04,AB,52
2010-01-04,B,181
2010-01-04,O,408
2010-01-05,A,222
2010-01-05,AB,46
2010-01-05,B,221
2010-01-05,O,404
2010-01-06,A,247
2010-01-06,AB,47
2010-01-06,B,204
2010-01-06,O,400
2010-01-07,A,225
2010-01-07,AB,43
2010-01-07,B,227
2010-01-07,O,419
2010-01-08,A,259
2010-01-08,AB,65
2010-01-08,B,244
2010-01-08,O,410
2010-01-09,A,240
2010-01-09,AB,46
2010-01-09,B,214
2010-01-09,O,385
2010-01-10,A,254
2010-01-10,AB,55
2010-01-10,B,222
2010-01-10,O,395
2010-01-11,A,297
2010-01-11,AB,76
2010-01-11,B,238
2010-01-11,O,421
2010-01-12,A,234
2010-01-12,AB,57
2010-01-12,B,257
2010-01-12,O,457
2010-01-13,A,236
2010-01-13,AB,78
2010-01-13,B,267
2010-01-13,O,428
2010-01-14,A,273
2010-01-14,AB,62
2010-01-14,B,257
2010-01-14,O,443
2010-01-15,A,283
2010-01-15,AB,58
2010-01-15,B,282
2010-01-15,O,435
2010-01-16,A,272
2010-01-16,AB,39
2010-01-16,B,213
2010-01-16,O,403
2010-01-17,A,251
2010-01-17,AB,41
2010-01-17,B,251
2010-01-17,O,381
2010-01-18,A,255
2010-01-18,AB,57
2010-01-18,B,249
2010-01-18,O,450
2010-01-19,A,252
2010-01-19,AB,58
2010-01-19,B,273
2010-01-19,O,407
2010-01-20,A,250
2010-01-20,AB,74
2010-01-20,B,273
2010-01-20,O,506
2010-01-21,A,286
2010-01-21,AB,75
2010-01-21,B,257
2010-01-21,O,482
2010-01-22,A,277
2010-01-22,AB,60
2010-01-22,B,259
2010-01-22,O,484
2010-01-23,A,270
2010-01-23,AB,78
2010-01-23,B,240
2010-01-23,O,452
2010-01-24,A,273
2010-01-24,AB,66
2010-01-24,B,240
2010-01-24,O,469
2010-01-25,A,295
2010-01-25,AB,67
2010-01-25,B,272
2010-01-25,O,499
2010-01-26,A,286
2010-01-26,AB,63
2010-01-26,B,310
2010-01-26,O,519
2010-01-27,A,292
2010-01-27,AB,70
2010-01-27,B,258
2010-01-27,O,480
2010-01-28,A,337
2010-01-28,AB,76
2010-01-28,B,270
2010-01-28,O,571
2010-01-29,A,346
2010-01-29,AB,78
2010-01-29,B,257
2010-01-29,O,502
2010-01-30,A,301
2010-01-30,AB,79
2010-01-30,B,266
2010-01-30,O,477
2010-01-31,A,266
2010-01-31,AB,74
2010-01-31,B,247
2010-01-31,O,467
2010-02-01,A,330
2010-02-01,AB,84
2010-02-01,B,295
2010-02-01,O,499
2010-02-02,A,365
2010-02-02,AB,77
2010-02-02,B,285
2010-02-02,O,572
2010-02-03,A,315
2010-02-03,AB,75
2010-02-03,B,308
2010-02-03,O,525
2010-02-04,A,339
2010-02-04,AB,101
2010-02-04,B,308
2010-02-04,O,557
2010-02-05,A,346
2010-02-05,AB,86
2010-02-05,B,331
2010-02-05,O,544
2010-02-06,A,301
2010-02-06,AB,81
2010-02-06,B,253
2010-02-06,O,464
2010-02-07,A,288
2010-02-07,AB,94
2010-02-07,B,285
2010-02-07,O,512
2010-02-08,A,298
2010-02-08,AB,65
2010-02-08,B,312
2010-02-08,O,517
2010-02-09,A,305
2010-02-09,AB,84
2010-02-09,B,295
2010-02-09,O,531
2010-02-10,A,338
2010-02-10,AB,84
2010-02-10,B,323
2010-02-10,O,497
2010-02-11,A,320
2010-02-11,AB,85
2010-02-11,B,294
2010-02-11,O,557
2010-02-12,A,290
2010-02-12,AB,80
2010-02-12,B,284
2010-02-12,O,481
2010-02-13,A,285
2010-02-13,AB,70
2010-02-13,B,266
2010-02-13,O,850
2010-02-14,A,287
2010-02-14,AB,61
2010-02-14,B,640
2010-02-14,O,438
2010-02-15,A,305
2010-02-15,AB,76
2010-02-15,B,271
2010-02-15,O,453
2010-02-16,A,276
2010-02-16,AB,75
2010-02-16,B,259
2010-02-16,O,460
2010-02-17,A,308
2010-02-17,AB,79
2010-02-17,B,278
2010-02-17,O,461
2010-02-18,A,286
2010-02-18,AB,73
2010-02-18,B,248
2010-02-18,O,471
2010-02-19,A,307
2010-02-19,AB,74
2010-02-19,B,269
2010-02-19,O,431
2010-02-20,A,240
2010-02-20,AB,62
2010-02-20,B,177
2010-02-20,O,343
2010-02-21,A,228
2010-02-21,AB,68
2010-02-21,B,195
2010-02-21,O,373
2010-02-22,A,225
2010-02-22,AB,64
2010-02-22,B,236
2010-02-22,O,426
2010-02-23,A,265
2010-02-23,AB,71
2010-02-23,B,198
2010-02-23,O,435
2010-02-24,A,275
2010-02-24,AB,59
2010-02-24,B,202
2010-02-24,O,407
2010-02-25,A,267
2010-02-25,AB,70
2010-02-25,B,264
2010-02-25,O,429
2010-02-26,A,249
2010-02-26,AB,63
2010-02-26,B,227
2010-02-26,O,416
2010-02-27,A,243
2010-02-27,AB,66
2010-02-27,B,217
2010-02-27,O,386
2010-02-28,A,256
2010-02-28,AB,62
2010-02-28,B,203
2010-02-28,O,421
2010-03-01,A,250
2010-03-01,AB,68
2010-03-01,B,207
2010-03-01,O,414
2010-03-02,A,287
2010-03-02,AB,56
2010-03-02,B,208
2010-03-02,O,427
2010-03-03,A,281
2010-03-03,AB,62
2010-03-03,B,231
2010-03-03,O,427
2010-03-04,A,274
2010-03-04,AB,67
2010-03-04,B,216
2010-03-04,O,451
2010-03-05,A,243
2010-03-05,AB,55
2010-03-05,B,221
2010-03-05,O,443
2010-03-06,A,228
2010-03-06,AB,62
2010-03-06,B,175
2010-03-06,O,363
2010-03-07,A,248
2010-03-07,AB,59
2010-03-07,B,385
2010-03-07,O,365
2010-03-08,A,247
2010-03-08,AB,74
2010-03-08,B,204
2010-03-08,O,399
2010-03-09,A,231
2010-03-09,AB,70
2010-03-09,B,215
2010-03-09,O,386
2010-03-10,A,276
2010-03-10,AB,76
2010-03-10,B,213
2010-03-10,O,421
2010-03-11,A,247
2010-03-11,AB,70
2010-03-11,B,221
2010-03-11,O,431
2010-03-12,A,253
2010-03-12,AB,54
2010-03-12,B,216
2010-03-12,O,417
2010-03-13,A,251
2010-03-13,AB,67
2010-03-13,B,186
2010-03-13,O,358
2010-03-14,A,268
2010-03-14,AB,59
2010-03-14,B,209
2010-03-14,O,355
2010-03-15,A,243
2010-03-15,AB,72
2010-03-15,B,211
2010-03-15,O,408
2010-03-16,A,269
2010-03-16,AB,71
2010-03-16,B,212
2010-03-16,O,442
2010-03-17,A,286
2010-03-17,AB,69
2010-03-17,B,232
2010-03-17,O,445
2010-03-18,A,263
2010-03-18,AB,63
2010-03-18,B,246
2010-03-18,O,428
2010-03-19,A,269
2010-03-19,AB,65
2010-03-19,B,240
2010-03-19,O,403
2010-03-20,A,238
2010-03-20,AB,61
2010-03-20,B,211
2010-03-20,O,348
2010-03-21,A,396
2010-03-21,AB,51
2010-03-21,B,183
2010-03-21,O,390
2010-03-22,A,269
2010-03-22,AB,81
2010-03-22,B,241
2010-03-22,O,442
2010-03-23,A,279
2010-03-23,AB,77
2010-03-23,B,260
2010-03-23,O,440
2010-03-24,A,290
2010-03-24,AB,77
2010-03-24,B,252
2010-03-24,O,403
2010-03-25,A,295
2010-03-25,AB,81
2010-03-25,B,239
2010-03-25,O,457
2010-03-26,A,218
2010-03-26,AB,71
2010-03-26,B,208
2010-03-26,O,437
2010-03-27,A,270
2010-03-27,AB,58
2010-03-27,B,189
2010-03-27,O,367
2010-03-28,A,257
2010-03-28,AB,71
2010-03-28,B,209
2010-03-28,O,435
2010-03-29,A,262
2010-03-29,AB,71
2010-03-29,B,220
2010-03-29,O,896
2010-03-30,A,257
2010-03-30,AB,75
2010-03-30,B,232
2010-03-30,O,467
2010-03-31,A,233
2010-03-31,AB,63
2010-03-31,B,230
2010-03-31,O,397
2010-04-01,A,285
2010-04-01,AB,69
2010-04-01,B,252
2010-04-01,O,438
2010-04-02,A,256
2010-04-02,AB,77
2010-04-02,B,257
2010-04-02,O,398
2010-04-03,A,239
2010-04-03,AB,61
2010-04-03,B,191
2010-04-03,O,366
2010-04-04,A,226
2010-04-04,AB,69
2010-04-04,B,226
2010-04-04,O,391
2010-04-05,A,265
2010-04-05,AB,94
2010-04-05,B,225
2010-04-05,O,371
2010-04-06,A,230
2010-04-06,AB,65
2010-04-06,B,232
2010-04-06,O,381
2010-04-07,A,682
2010-04-07,AB,64
2010-04-07,B,225
2010-04-07,O,396
2010-04-08,A,253
2010-04-08,AB,59
2010-04-08,B,208
2010-04-08,O,390
2010-04-09,A,237
2010-04-09,AB,87
2010-04-09,B,195
2010-04-09,O,382
2010-04-10,A,220
2010-04-10,AB,48
2010-04-10,B,194
2010-04-10,O,336
2010-04-11,A,213
2010-04-11,AB,46
2010-04-11,B,186
2010-04-11,O,326
2010-04-12,A,205
2010-04-12,AB,61
2010-04-12,B,222
2010-04-12,O,377
2010-04-13,A,197
2010-04-13,AB,63
2010-04-13,B,201
2010-04-13,O,372
2010-04-14,A,238
2010-04-14,AB,79
2010-04-14,B,221
2010-04-14,O,388
2010-04-15,A,224
2010-04-15,AB,71
2010-04-15,B,213
2010-04-15,O,395
2010-04-16,A,174
2010-04-16,AB,69
2010-04-16,B,203
2010-04-16,O,396
2010-04-17,A,195
2010-04-17,AB,65
2010-04-17,B,181
2010-04-17,O,375
2010-04-18,A,208
2010-04-18,AB,67
2010-04-18,B,151
2010-04-18,O,387
2010-04-19,A,216
2010-04-19,AB,58
2010-04-19,B,229
2010-04-19,O,405
2010-04-20,A,204
2010-04-20,AB,74
2010-04-20,B,215
2010-04-20,O,356
2010-04-21,A,237
2010-04-21,AB,72
2010-04-21,B,238
2010-04-21,O,388
2010-04-22,A,274
2010-04-22,AB,63
2010-04-22,B,223
2010-04-22,O,394
2010-04-23,A,228
2010-04-23,AB,68
2010-04-23,B,221
2010-04-23,O,407
2010-04-24,A,194
2010-04-24,AB,59
2010-04-24,B,187
2010-04-24,O,319
2010-04-25,A,208
2010-04-25,AB,70
2010-04-25,B,223
2010-04-25,O,349
2010-04-26,A,231
2010-04-26,AB,65
2010-04-26,B,192
2010-04-26,O,388
2010-04-27,A,219
2010-04-27,AB,60
2010-04-27,B,205
2010-04-27,O,343
2010-04-28,A,197
2010-04-28,AB,75
2010-04-28,B,226
2010-04-28,O,357
2010-04-29,A,205
2010-04-29,AB,68
2010-04-29,B,226
2010-04-29,O,387
2010-04-30,A,189
2010-04-30,AB,70
2010-04-30,B,204
2010-04-30,O,373
2010-05-01,A,198
2010-05-01,AB,70
2010-05-01,B,163
2010-05-01,O,357
2010-05-02,A,204
2010-05-02,AB,63
2010-05-02,B,214
2010-05-02,O,320
2010-05-03,A,226
2010-05-03,AB,74
2010-05-03,B,207
2010-05-03,O,372
2010-05-04,A,221
2010-05-04,AB,66
2010-05-04,B,228
2010-05-04,O,376
2010-05-05,A,214
2010-05-05,AB,61
2010-05-05,B,195
2010-05-05,O,372
2010-05-06,A,217
2010-05-06,AB,61
2010-05-06,B,230
2010-05-06,O,382
2010-05-07,A,216
2010-05-07,AB,58
2010-05-07,B,182
2010-05-07,O,416
2010-05-08,A,186
2010-05-08,AB,77
2010-05-08,B,180
2010-05-08,O,371
2010-05-09,A,196
2010-05-09,AB,62
2010-05-09,B,195
2010-05-09,O,367
2010-05-10,A,220
2010-05-10,AB,76
2010-05-10,B,213
2010-05-10,O,383
2010-05-11,A,228
2010-05-11,AB,65
2010-05-11,B,187
2010-05-11,O,347
2010-05-12,A,228
2010-05-12,AB,67
2010-05-12,B,193
2010-05-12,O,801
2010-05-13,A,226
2010-05-13,AB,58
2010-05-13,B,228
2010-05-13,O,385
2010-05-14,A,251
2010-05-14,AB,66
2010-05-14,B,226
2010-05-14,O,350
2010-05-15,A,219
2010-05-15,AB,72
2010-05-15,B,203
2010-05-15,O,297
2010-05-16,A,221
2010-05-16,AB,62
2010-05-16,B,166
2010-05-16,O,305
2010-05-17,A,221
2010-05-17,AB,59
2010-05-17,B,230
2010-05-17,O,333
2010-05-18,A,228
2010-05-18,AB,72
2010-05-18,B,222
2010-05-18,O,354
2010-05-19,A,221
2010-05-19,AB,62
2010-05-19,B,211
2010-05-19,O,339
2010-05-20,A,247
2010-05-20,AB,75
2010-05-20,B,236
2010-05-20,O,337
2010-05-21,A,220
2010-05-21,AB,62
2010-05-21,B,244
2010-05-21,O,348
2010-05-22,A,231
2010-05-22,AB,65
2010-05-22,B,198
2010-05-22,O,293
2010-05-23,A,204
2010-05-23,AB,70
2010-05-23,B,179
2010-05-23,O,327
2010-05-24,A,277
2010-05-24,AB,82
2010-05-24,B,219
2010-05-24,O,358
2010-05-25,A,237
2010-05-25,AB,89
2010-05-25,B,248
2010-05-25,O,385
2010-05-26,A,279
2010-05-26,AB,61
2010-05-26,B,248
2010-05-26,O,395
2010-05-27,A,219
2010-05-27,AB,62
2010-05-27,B,244
2010-05-27,O,355
2010-05-28,A,294
2010-05-28,AB,61
2010-05-28,B,236
2010-05-28,O,376
2010-05-29,A,281
2010-05-29,AB,86
2010-05-29,B,244
2010-05-29,O,355
2010-05-30,A,258
2010-05-30,AB,57
2010-05-30,B,253
2010-05-30,O,407
2010-05-31,A,267
2010-05-31,AB,67
2010-05-31,B,270
2010-05-31,O,413
2010-06-01,A,244
2010-06-01,AB,66
2010-06-01,B,257
2010-06-01,O,369
2010-06-02,A,259
2010-06-02,AB,75
2010-06-02,B,263
2010-06-02,O,381
2010-06-03,A,247
2010-06-03,AB,84
2010-06-03,B,298
2010-06-03,O,377
2010-06-04,A,264
2010-06-04,AB,71
2010-06-04,B,255
2010-06-04,O,392
2010-06-05,A,210
2010-06-05,AB,57
2010-06-05,B,227
2010-06-05,O,361
2010-06-06,A,252
2010-06-06,AB,63
2010-06-06,B,243
2010-06-06,O,369
2010-06-07,A,263
2010-06-07,AB,67
2010-06-07,B,222
2010-06-07,O,394
2010-06-08,A,258
2010-06-08,AB,62
2010-06-08,B,232
2010-06-08,O,409
2010-06-09,A,256
2010-06-09,AB,68
2010-06-09,B,222
2010-06-09,O,430
2010-06-10,A,286
2010-06-10,AB,57
2010-06-10,B,247
2010-06-10,O,429
2010-06-11,A,277
2010-06-11,AB,69
2010-06-11,B,242
2010-06-11,O,396
2010-06-12,A,225
2010-06-12,AB,57
2010-06-12,B,196
2010-06-12,O,394
2010-06-13,A,239
2010-06-13,AB,68
2010-06-13,B,216
2010-06-13,O,385
2010-06-14,A,257
2010-06-14,AB,78
2010-06-14,B,275
2010-06-14,O,436
2010-06-15,A,249
2010-06-15,AB,81
2010-06-15,B,265
2010-06-15,O,393
2010-06-16,A,295
2010-06-16,AB,68
2010-06-16,B,259
2010-06-16,O,426
2010-06-17,A,293
2010-06-17,AB,76
2010-06-17,B,233
2010-06-17,O,416
2010-06-18,A,259
2010-06-18,AB,76
2010-06-18,B,289
2010-06-18,O,396
2010-06-19,A,227
2010-06-19,AB,72
2010-06-19,B,226
2010-06-19,O,380
2010-06-20,A,268
2010-06-20,AB,61
2010-06-20,B,228
2010-06-20,O,390
2010-06-21,A,283
2010-06-21,AB,70
2010-06-21,B,264
2010-06-21,O,410
2010-06-22,A,245
2010-06-22,AB,60
2010-06-22,B,233
2010-06-22,O,400
2010-06-23,A,261
2010-06-23,AB,173
2010-06-23,B,225
2010-06-23,O,369
2010-06-24,A,255
2010-06-24,AB,60
2010-06-24,B,198
2010-06-24,O,380
2010-06-25,A,247
2010-06-25,AB,62
2010-06-25,B,217
2010-06-25,O,376
2010-06-26,A,235
2010-06-26,AB,61
2010-06-26,B,198
2010-06-26,O,343
2010-06-27,A,222
2010-06-27,AB,44
2010-06-27,B,178
2010-06-27,O,315
2010-06-28,A,223
2010-06-28,AB,51
2010-06-28,B,206
2010-06-28,O,360
2010-06-29,A,224
2010-06-29,AB,62
2010-06-29,B,192
2010-06-29,O,376
2010-06-30,A,235
2010-06-30,AB,50
2010-06-30,B,184
2010-06-30,O,335
2010-07-01,A,244
2010-07-01,AB,63
2010-07-01,B,198
2010-07-01,O,401
2010-07-02,A,224
2010-07-02,AB,58
2010-07-02,B,200
2010-07-02,O,372
2010-07-03,A,212
2010-07-03,AB,37
2010-07-03,B,180
2010-07-03,O,329
2010-07-04,A,201
2010-07-04,AB,46
2010-07-04,B,189
2010-07-04,O,375
2010-07-05,A,237
2010-07-05,AB,64
2010-07-05,B,238
2010-07-05,O,668
2010-07-06,A,215
2010-07-06,AB,65
2010-07-06,B,225
2010-07-06,O,382
2010-07-07,A,248
2010-07-07,AB,66
2010-07-07,B,207
2010-07-07,O,408
2010-07-08,A,231
2010-07-08,AB,67
2010-07-08,B,217
2010-07-08,O,426
2010-07-09,A,225
2010-07-09,AB,63
2010-07-09,B,255
2010-07-09,O,363
2010-07-10,A,228
2010-07-10,AB,51
2010-07-10,B,211
2010-07-10,O,383
2010-07-11,A,448
2010-07-11,AB,47
2010-07-11,B,206
2010-07-11,O,360
2010-07-12,A,267
2010-07-12,AB,63
2010-07-12,B,227
2010-07-12,O,441
2010-07-13,A,279
2010-07-13,AB,71
2010-07-13,B,213
2010-07-13,O,389
2010-07-14,A,247
2010-07-14,AB,47
2010-07-14,B,233
2010-07-14,O,421
2010-07-15,A,256
2010-07-15,AB,68
2010-07-15,B,247
2010-07-15,O,432
2010-07-16,A,236
2010-07-16,AB,50
2010-07-16,B,238
2010-07-16,O,434
2010-07-17,A,265
2010-07-17,AB,59
2010-07-17,B,234
2010-07-17,O,411
2010-07-18,A,246
2010-07-18,AB,61
2010-07-18,B,234
2010-07-18,O,415
2010-07-19,A,251
2010-07-19,AB,82
2010-07-19,B,231
2010-07-19,O,464
2010-07-20,A,277
2010-07-20,AB,69
2010-07-20,B,260
2010-07-20,O,418
2010-07-21,A,253
2010-07-21,AB,59
2010-07-21,B,267
2010-07-21,O,455
2010-07-22,A,292
2010-07-22,AB,78
2010-07-22,B,277
2010-07-22,O,456
2010-07-23,A,250
2010-07-23,AB,71
2010-07-23,B,276
2010-07-23,O,461
2010-07-24,A,281
2010-07-24,AB,64
2010-07-24,B,247
2010-07-24,O,462
2010-07-25,A,269
2010-07-25,AB,72
2010-07-25,B,270
2010-07-25,O,429
2010-07-26,A,274
2010-07-26,AB,88
2010-07-26,B,299
2010-07-26,O,432
2010-07-27,A,267
2010-07-27,AB,77
2010-07-27,B,267
2010-07-27,O,461
2010-07-28,A,288
2010-07-28,AB,67
2010-07-28,B,311
2010-07-28,O,471
2010-07-29,A,294
2010-07-29,AB,74
2010-07-29,B,321
2010-07-29,O,488
2010-07-30,A,260
2010-07-30,AB,68
2010-07-30,B,276
2010-07-30,O,489
2010-07-31,A,278
2010-07-31,AB,90
2010-07-31,B,303
2010-07-31,O,485
2010-08-01,A,324
2010-08-01,AB,80
2010-08-01,B,302
2010-08-01,O,497
2010-08-02,A,292
2010-08-02,AB,78
2010-08-02,B,303
2010-08-02,O,521
2010-08-03,A,328
2010-08-03,AB,99
2010-08-03,B,386
2010-08-03,O,522
2010-08-04,A,347
2010-08-04,AB,86
2010-08-04,B,394
2010-08-04,O,551
2010-08-05,A,318
2010-08-05,AB,89
2010-08-05,B,384
2010-08-05,O,620
2010-08-06,A,329
2010-08-06,AB,111
2010-08-06,B,331
2010-08-06,O,595
2010-08-07,A,356
2010-08-07,AB,103
2010-08-07,B,341
2010-08-07,O,571
2010-08-08,A,323
2010-08-08,AB,92
2010-08-08,B,363
2010-08-08,O,560
2010-08-09,A,411
2010-08-09,AB,108
2010-08-09,B,451
2010-08-09,O,636
2010-08-10,A,407
2010-08-10,AB,124
2010-08-10,B,393
2010-08-10,O,625
2010-08-11,A,387
2010-08-11,AB,100
2010-08-11,B,382
2010-08-11,O,638
2010-08-12,A,382
2010-08-12,AB,110
2010-08-12,B,420
2010-08-12,O,638
2010-08-13,A,374
2010-08-13,AB,105
2010-08-13,B,380
2010-08-13,O,615
2010-08-14,A,303
2010-08-14,AB,79
2010-08-14,B,348
2010-08-14,O,569
2010-08-15,A,321
2010-08-15,AB,85
2010-08-15,B,341
2010-08-15,O,562
2010-08-16,A,364
2010-08-16,AB,97
2010-08-16,B,374
2010-08-16,O,575
2010-08-17,A,333
2010-08-17,AB,88
2010-08-17,B,346
2010-08-17,O,577
2010-08-18,A,326
2010-08-18,AB,80
2010-08-18,B,359
2010-08-18,O,575
2010-08-19,A,364
2010-08-19,AB,91
2010-08-19,B,369
2010-08-19,O,615
2010-08-20,A,313
2010-08-20,AB,83
2010-08-20,B,354
2010-08-20,O,533
2010-08-21,A,330
2010-08-21,AB,68
2010-08-21,B,337
2010-08-21,O,492
2010-08-22,A,333
2010-08-22,AB,83
2010-08-22,B,344
2010-08-22,O,494
2010-08-23,A,309
2010-08-23,AB,75
2010-08-23,B,349
2010-08-23,O,583
2010-08-24,A,332
2010-08-24,AB,101
2010-08-24,B,359
2010-08-24,O,576
2010-08-25,A,336
2010-08-25,AB,89
2010-08-25,B,344
2010-08-25,O,521
2010-08-26,A,303
2010-08-26,AB,81
2010-08-26,B,330
2010-08-26,O,533
2010-08-27,A,296
2010-08-27,AB,69
2010-08-27,B,293
2010-08-27,O,496
2010-08-28,A,291
2010-08-28,AB,67
2010-08-28,B,247
2010-08-28,O,427
2010-08-29,A,265
2010-08-29,AB,67
2010-08-29,B,242
2010-08-29,O,456
2010-08-30,A,262
2010-08-30,AB,80
2010-08-30,B,248
2010-08-30,O,432
2010-08-31,A,264
2010-08-31,AB,80
2010-08-31,B,271
2010-08-31,O,467
2010-09-01,A,267
2010-09-01,AB,79
2010-09-01,B,272
2010-09-01,O,428
2010-09-02,A,456
2010-09-02,AB,67
2010-09-02,B,236
2010-09-02,O,452
2010-09-03,A,251
2010-09-03,AB,64
2010-09-03,B,252
2010-09-03,O,411
2010-09-04,A,208
2010-09-04,AB,50
2010-09-04,B,207
2010-09-04,O,342
2010-09-05,A,184
2010-09-05,AB,57
2010-09-05,B,222
2010-09-05,O,387
2010-09-06,A,212
2010-09-06,AB,50
2010-09-06,B,237
2010-09-06,O,377
2010-09-07,A,210
2010-09-07,AB,52
2010-09-07,B,188
2010-09-07,O,356
2010-09-08,A,188
2010-09-08,AB,44
2010-09-08,B,195
2010-09-08,O,314
2010-09-09,A,194
2010-09-09,AB,36
2010-09-09,B,210
2010-09-09,O,311
2010-09-10,A,205
2010-09-10,AB,45
2010-09-10,B,176
2010-09-10,O,325
2010-09-11,A,171
2010-09-11,AB,46
2010-09-11,B,170
2010-09-11,O,265
2010-09-12,A,160
2010-09-12,AB,42
2010-09-12,B,170
2010-09-12,O,256
2010-09-13,A,183
2010-09-13,AB,48
2010-09-13,B,195
2010-09-13,O,301
2010-09-14,A,164
2010-09-14,AB,38
2010-09-14,B,184
2010-09-14,O,292
2010-09-15,A,155
2010-09-15,AB,48
2010-09-15,B,174
2010-09-15,O,288
2010-09-16,A,184
2010-09-16,AB,41
2010-09-16,B,165
2010-09-16,O,299
2010-09-17,A,180
2010-09-17,AB,39
2010-09-17,B,196
2010-09-17,O,278
2010-09-18,A,177
2010-09-18,AB,37
2010-09-18,B,196
2010-09-18,O,330
2010-09-19,A,185
2010-09-19,AB,46
2010-09-19,B,205
2010-09-19,O,331
2010-09-20,A,213
2010-09-20,AB,36
2010-09-20,B,215
2010-09-20,O,338
2010-09-21,A,197
2010-09-21,AB,47
2010-09-21,B,239
2010-09-21,O,344
2010-09-22,A,217
2010-09-22,AB,51
2010-09-22,B,194
2010-09-22,O,369
2010-09-23,A,216
2010-09-23,AB,45
2010-09-23,B,210
2010-09-23,O,350
2010-09-24,A,235
2010-09-24,AB,46
2010-09-24,B,255
2010-09-24,O,353
2010-09-25,A,202
2010-09-25,AB,51
2010-09-25,B,200
2010-09-25,O,340
2010-09-26,A,187
2010-09-26,AB,54
2010-09-26,B,222
2010-09-26,O,331
2010-09-27,A,249
2010-09-27,AB,60
2010-09-27,B,238
2010-09-27,O,365
2010-09-28,A,189
2010-09-28,AB,53
2010-09-28,B,243
2010-09-28,O,371
2010-09-29,A,219
2010-09-29,AB,67
2010-09-29,B,277
2010-09-29,O,396
2010-09-30,A,207
2010-09-30,AB,59
2010-09-30,B,294
2010-09-30,O,360
2010-10-01,A,248
2010-10-01,AB,65
2010-10-01,B,264
2010-10-01,O,394
2010-10-02,A,194
2010-10-02,AB,60
2010-10-02,B,254
2010-10-02,O,345
2010-10-03,A,205
2010-10-03,AB,49
2010-10-03,B,262
2010-10-03,O,391
2010-10-04,A,222
2010-10-04,AB,63
2010-10-04,B,332
2010-10-04,O,420
2010-10-05,A,234
2010-10-05,AB,68
2010-10-05,B,263
2010-10-05,O,394
2010-10-06,A,252
2010-10-06,AB,83
2010-10-06,B,315
2010-10-06,O,439
2010-10-07,A,251
2010-10-07,AB,75
2010-10-07,B,317
2010-10-07,O,421
2010-10-08,A,236
2010-10-08,AB,86
2010-10-08,B,305
2010-10-08,O,440
2010-10-09,A,248
2010-10-09,AB,64
2010-10-09,B,302
2010-10-09,O,419
2010-10-10,A,252
2010-10-10,AB,63
2010-10-10,B,265
2010-10-10,O,1028
2010-10-11,A,294
2010-10-11,AB,86
2010-10-11,B,337
2010-10-11,O,492
2010-10-12,A,303
2010-10-12,AB,79
2010-10-12,B,348
2010-10-12,O,504
2010-10-13,A,287
2010-10-13,AB,95
2010-10-13,B,416
2010-10-13,O,534
2010-10-14,A,300
2010-10-14,AB,102
2010-10-14,B,398
2010-10-14,O,504
2010-10-15,A,260
2010-10-15,AB,98
2010-10-15,B,378
2010-10-15,O,504
2010-10-16,A,299
2010-10-16,AB,79
2010-10-16,B,324
2010-10-16,O,513
2010-10-17,A,255
2010-10-17,AB,88
2010-10-17,B,327
2010-10-17,O,446
2010-10-18,A,286
2010-10-18,AB,81
2010-10-18,B,339
2010-10-18,O,472
2010-10-19,A,300
2010-10-19,AB,90
2010-10-19,B,370
2010-10-19,O,528
2010-10-20,A,298
2010-10-20,AB,79
2010-10-20,B,357
2010-10-20,O,524
2010-10-21,A,296
2010-10-21,AB,86
2010-10-21,B,350
2010-10-21,O,502
2010-10-22,A,312
2010-10-22,AB,69
2010-10-22,B,362
2010-10-22,O,477
2010-10-23,A,273
2010-10-23,AB,88
2010-10-23,B,330
2010-10-23,O,446
2010-10-24,A,270
2010-10-24,AB,76
2010-10-24,B,335
2010-10-24,O,459
2010-10-25,A,289
2010-10-25,AB,80
2010-10-25,B,343
2010-10-25,O,523
2010-10-26,A,279
2010-10-26,AB,76
2010-10-26,B,301
2010-10-26,O,490
2010-10-27,A,327
2010-10-27,AB,84
2010-10-27,B,336
2010-10-27,O,510
2010-10-28,A,282
2010-10-28,AB,82
2010-10-28,B,337
2010-10-28,O,496
2010-10-29,A,308
2010-10-29,AB,81
2010-10-29,B,302
2010-10-29,O,526
2010-10-30,A,271
2010-10-30,AB,68
2010-10-30,B,288
2010-10-30,O,434
2010-10-31,A,267
2010-10-31,AB,77
2010-10-31,B,340
2010-10-31,O,508
2010-11-01,A,268
2010-11-01,AB,85
2010-11-01,B,343
2010-11-01,O,505
2010-11-02,A,317
2010-11-02,AB,90
2010-11-02,B,320
2010-11-02,O,505
2010-11-03,A,273
2010-11-03,AB,91
2010-11-03,B,337
2010-11-03,O,517
2010-11-04,A,246
2010-11-04,AB,90
2010-11-04,B,323
2010-11-04,O,493
2010-11-05,A,753
2010-11-05,AB,67
2010-11-05,B,365
2010-11-05,O,505
2010-11-06,A,256
2010-11-06,AB,83
2010-11-06,B,310
2010-11-06,O,444
2010-11-07,A,273
2010-11-07,AB,74
2010-11-07,B,328
2010-11-07,O,479
2010-11-08,A,310
2010-11-08,AB,78
2010-11-08,B,337
2010-11-08,O,513
2010-11-09,A,276
2010-11-09,AB,63
2010-11-09,B,340
2010-11-09,O,486
2010-11-10,A,288
2010-11-10,AB,81
2010-11-10,B,344
2010-11-10,O,461
2010-11-11,A,285
2010-11-11,AB,70
2010-11-11,B,336
2010-11-11,O,510
2010-11-12,A,293
2010-11-12,AB,77
2010-11-12,B,323
2010-11-12,O,497
2010-11-13,A,233
2010-11-13,AB,80
2010-11-13,B,308
2010-11-13,O,465
2010-11-14,A,264
2010-11-14,AB,79
2010-11-14,B,294
2010-11-14,O,475
2010-11-15,A,244
2010-11-15,AB,78
2010-11-15,B,353
2010-11-15,O,494
2010-11-16,A,268
2010-11-16,AB,76
2010-11-16,B,298
2010-11-16,O,465
2010-11-17,A,246
2010-11-17,AB,83
2010-11-17,B,311
2010-11-17,O,452
2010-11-18,A,239
2010-11-18,AB,84
2010-11-18,B,319
2010-11-18,O,463
2010-11-19,A,239
2010-11-19,AB,69
2010-11-19,B,269
2010-11-19,O,440
2010-11-20,A,216
2010-11-20,AB,45
2010-11-20,B,297
2010-11-20,O,391
2010-11-21,A,228
2010-11-21,AB,57
2010-11-21,B,283
2010-11-21,O,390
2010-11-22,A,264
2010-11-22,AB,70
2010-11-22,B,306
2010-11-22,O,449
2010-11-23,A,265
2010-11-23,AB,44
2010-11-23,B,287
2010-11-23,O,412
2010-11-24,A,280
2010-11-24,AB,55
2010-11-24,B,301
2010-11-24,O,386
2010-11-25,A,234
2010-11-25,AB,63
2010-11-25,B,328
2010-11-25,O,447
2010-11-26,A,269
2010-11-26,AB,51
2010-11-26,B,300
2010-11-26,O,415
2010-11-27,A,243
2010-11-27,AB,114
2010-11-27,B,264
2010-11-27,O,374
2010-11-28,A,242
2010-11-28,AB,107
2010-11-28,B,281
2010-11-28,O,408
2010-11-29,A,246
2010-11-29,AB,113
2010-11-29,B,321
2010-11-29,O,425
2010-11-30,A,236
2010-11-30,AB,110
2010-11-30,B,287
2010-11-30,O,442
2010-12-01,A,229
2010-12-01,AB,99
2010-12-01,B,317
2010-12-01,O,476
2010-12-02,A,239
2010-12-02,AB,104
2010-12-02,B,308
2010-12-02,O,428
2010-12-03,A,241
2010-12-03,AB,124
2010-12-03,B,281
2010-12-03,O,451
2010-12-04,A,207
2010-12-04,AB,121
2010-12-04,B,273
2010-12-04,O,414
2010-12-05,A,213
2010-12-05,AB,97
2010-12-05,B,270
2010-12-05,O,482
2010-12-06,A,246
2010-12-06,AB,115
2010-12-06,B,276
2010-12-06,O,438
2010-12-07,A,241
2010-12-07,AB,94
2010-12-07,B,277
2010-12-07,O,450
2010-12-08,A,243
2010-12-08,AB,64
2010-12-08,B,296
2010-12-08,O,478
2010-12-09,A,222
2010-12-09,AB,65
2010-12-09,B,299
2010-12-09,O,441
2010-12-10,A,235
2010-12-10,AB,69
2010-12-10,B,268
2010-12-10,O,386
2010-12-11,A,215
2010-12-11,AB,64
2010-12-11,B,260
2010-12-11,O,358
2010-12-12,A,237
2010-12-12,AB,52
2010-12-12,B,244
2010-12-12,O,392
2010-12-13,A,265
2010-12-13,AB,64
2010-12-13,B,295
2010-12-13,O,428
2010-12-14,A,259
2010-12-14,AB,61
2010-12-14,B,277
2010-12-14,O,438
2010-12-15,A,262
2010-12-15,AB,67
2010-12-15,B,248
2010-12-15,O,434
2010-12-16,A,253
2010-12-16,AB,69
2010-12-16,B,283
2010-12-16,O,450
2010-12-17,A,265
2010-12-17,AB,63
2010-12-17,B,274
2010-12-17,O,461
2010-12-18,A,255
2010-12-18,AB,59
2010-12-18,B,268
2010-12-18,O,409
2010-12-19,A,220
2010-12-19,AB,54
2010-12-19,B,278
2010-12-19,O,394
2010-12-20,A,249
2010-12-20,AB,65
2010-12-20,B,699
2010-12-20,O,451
2010-12-21,A,253
2010-12-21,AB,79
2010-12-21,B,498
2010-12-21,O,438
2010-12-22,A,263
2010-12-22,AB,56
2010-12-22,B,500
2010-12-22,O,448
2010-12-23,A,281
2010-12-23,AB,66
2010-12-23,B,484
2010-12-23,O,470
2010-12-24,A,228
2010-12-24,AB,68
2010-12-24,B,484
2010-12-24,O,466
2010-12-25,A,222
2010-12-25,AB,56
2010-12-25,B,482
2010-12-25,O,366
2010-12-26,A,235
2010-12-26,AB,61
2010-12-26,B,432
2010-12-26,O,410
2010-12-27,A,206
2010-12-27,AB,80
2010-12-27,B,490
2010-12-27,O,431
2010-12-28,A,252
2010-12-28,AB,80
2010-12-28,B,449
2010-12-28,O,432
2010-12-29,A,226
2010-12-29,AB,53
2010-12-29,B,470
2010-12-29,O,402
2010-12-30,A,243
2010-12-30,AB,59
2010-12-30,B,529
2010-12-30,O,497
2010-12-31,A,256
2010-12-31,AB,81
2010-12-31,B,484
2010-12-31,O,463
2011-01-01,A,192
2011-01-01,AB,55
2011-01-01,B,426
2011-01-01,O,417
2011-01-02,A,193
2011-01-02,AB,62
2011-01-02,B,451
2011-01-02,O,372
2011-01-03,A,205
2011-01-03,AB,70
2011-01-03,B,472
2011-01-03,O,396
2011-01-04,A,183
2011-01-04,AB,61
2011-01-04,B,430
2011-01-04,O,419
2011-01-05,A,204
2011-01-05,AB,72
2011-01-05,B,473
2011-01-05,O,410
2011-01-06,A,237
2011-01-06,AB,61
2011-01-06,B,264
2011-01-06,O,376
2011-01-07,A,203
2011-01-07,AB,72
2011-01-07,B,259
2011-01-07,O,431
2011-01-08,A,200
2011-01-08,AB,64
2011-01-08,B,235
2011-01-08,O,344
2011-01-09,A,222
2011-01-09,AB,55
2011-01-09,B,255
2011-01-09,O,336
2011-01-10,A,212
2011-01-10,AB,88
2011-01-10,B,266
2011-01-10,O,423
2011-01-11,A,218
2011-01-11,AB,69
2011-01-11,B,275
2011-01-11,O,421
2011-01-12,A,222
2011-01-12,AB,67
2011-01-12,B,246
2011-01-12,O,415
2011-01-13,A,244
2011-01-13,AB,64
2011-01-13,B,274
2011-01-13,O,412
2011-01-14,A,220
2011-01-14,AB,76
2011-01-14,B,258
2011-01-14,O,381
2011-01-15,A,216
2011-01-15,AB,50
2011-01-15,B,256
2011-01-15,O,350
2011-01-16,A,228
2011-01-16,AB,63
2011-01-16,B,248
2011-01-16,O,350
2011-01-17,A,240
2011-01-17,AB,63
2011-01-17,B,273
2011-01-17,O,399
2011-01-18,A,229
2011-01-18,AB,73
2011-01-18,B,275
2011-01-18,O,400
2011-01-19,A,241
2011-01-19,AB,57
2011-01-19,B,254
2011-01-19,O,387
2011-01-20,A,239
2011-01-20,AB,69
2011-01-20,B,302
2011-01-20,O,403
2011-01-21,A,255
2011-01-21,AB,64
2011-01-21,B,321
2011-01-21,O,433
2011-01-22,A,213
2011-01-22,AB,54
2011-01-22,B,277
2011-01-22,O,382
2011-01-23,A,259
2011-01-23,AB,52
2011-01-23,B,251
2011-01-23,O,398
2011-01-24,A,278
2011-01-24,AB,64
2011-01-24,B,290
2011-01-24,O,431
2011-01-25,A,256
2011-01-25,AB,63
2011-01-25,B,295
2011-01-25,O,467
2011-01-26,A,289
2011-01-26,AB,66
2011-01-26,B,295
2011-01-26,O,424
2011-01-27,A,293
2011-01-27,AB,66
2011-01-27,B,287
2011-01-27,O,471
2011-01-28,A,262
2011-01-28,AB,69
2011-01-28,B,305
2011-01-28,O,470
2011-01-29,A,233
2011-01-29,AB,64
2011-01-29,B,269
2011-01-29,O,412
2011-01-30,A,222
2011-01-30,AB,56
2011-01-30,B,261
2011-01-30,O,435
2011-01-31,A,556
2011-01-31,AB,73
2011-01-31,B,321
2011-01-31,O,410
2011-02-01,A,254
2011-02-01,AB,83
2011-02-01,B,317
2011-02-01,O,448
2011-02-02,A,294
2011-02-02,AB,65
2011-02-02,B,319
2011-02-02,O,415
2011-02-03,A,255
2011-02-03,AB,52
2011-02-03,B,315
2011-02-03,O,514
2011-02-04,A,254
2011-02-04,AB,59
2011-02-04,B,309
2011-02-04,O,411
2011-02-05,A,231
2011-02-05,AB,66
2011-02-05,B,295
2011-02-05,O,410
2011-02-06,A,215
2011-02-06,AB,50
2011-02-06,B,303
2011-02-06,O,389
2011-02-07,A,234
2011-02-07,AB,58
2011-02-07,B,310
2011-02-07,O,396
2011-02-08,A,238
2011-02-08,AB,70
2011-02-08,B,330
2011-02-08,O,399
2011-02-09,A,239
2011-02-09,AB,55
2011-02-09,B,326
2011-02-09,O,409
2011-02-10,A,278
2011-02-10,AB,61
2011-02-10,B,293
2011-02-10,O,411
2011-02-11,A,233
2011-02-11,AB,63
2011-02-11,B,314
2011-02-11,O,391
2011-02-12,A,212
2011-02-12,AB,53
2011-02-12,B,322
2011-02-12,O,375
2011-02-13,A,237
2011-02-13,AB,49
2011-02-13,B,278
2011-02-13,O,409
2011-02-14,A,233
2011-02-14,AB,59
2011-02-14,B,304
2011-02-14,O,380
2011-02-15,A,274
2011-02-15,AB,63
2011-02-15,B,286
2011-02-15,O,389
2011-02-16,A,245
2011-02-16,AB,52
2011-02-16,B,282
2011-02-16,O,396
2011-02-17,A,227
2011-02-17,AB,58
2011-02-17,B,296
2011-02-17,O,397
2011-02-18,A,247
2011-02-18,AB,59
2011-02-18,B,318
2011-02-18,O,396
2011-02-19,A,237
2011-02-19,AB,56
2011-02-19,B,259
2011-02-19,O,354
2011-02-20,A,232
2011-02-20,AB,54
2011-02-20,B,257
2011-02-20,O,366
2011-02-21,A,256
2011-02-21,AB,64
2011-02-21,B,270
2011-02-21,O,401
2011-02-22,A,240
2011-02-22,AB,68
2011-02-22,B,246
2011-02-22,O,358
2011-02-23,A,208
2011-02-23,AB,104
2011-02-23,B,305
2011-02-23,O,359
2011-02-24,A,248
2011-02-24,AB,67
2011-02-24,B,293
2011-02-24,O,378
2011-02-25,A,339
2011-02-25,AB,58
2011-02-25,B,258
2011-02-25,O,387
2011-02-26,A,308
2011-02-26,AB,59
2011-02-26,B,229
2011-02-26,O,339
2011-02-27,A,371
2011-02-27,AB,55
2011-02-27,B,201
2011-02-27,O,367
2011-02-28,A,358
2011-02-28,AB,67
2011-02-28,B,267
2011-02-28,O,378
2011-03-01,A,372
2011-03-01,AB,55
2011-03-01,B,308
2011-03-01,O,374
2011-03-02,A,361
2011-03-02,AB,65
2011-03-02,B,299
2011-03-02,O,349
2011-03-03,A,362
2011-03-03,AB,70
2011-03-03,B,255
2011-03-03,O,386
2011-03-04,A,352
2011-03-04,AB,66
2011-03-04,B,303
2011-03-04,O,341
2011-03-05,A,383
2011-03-05,AB,70
2011-03-05,B,278
2011-03-05,O,376
2011-03-06,A,352
2011-03-06,AB,62
2011-03-06,B,281
2011-03-06,O,362
2011-03-07,A,285
2011-03-07,AB,61
2011-03-07,B,328
2011-03-07,O,412
2011-03-08,A,281
2011-03-08,AB,80
2011-03-08,B,371
2011-03-08,O,447
2011-03-09,A,268
2011-03-09,AB,75
2011-03-09,B,329
2011-03-09,O,427
2011-03-10,A,309
2011-03-10,AB,75
2011-03-10,B,350
2011-03-10,O,434
2011-03-11,A,262
2011-03-11,AB,92
2011-03-11,B,360
2011-03-11,O,465
2011-03-12,A,279
2011-03-12,AB,56
2011-03-12,B,300
2011-03-12,O,442
2011-03-13,A,284
2011-03-13,AB,77
2011-03-13,B,291
2011-03-13,O,417
2011-03-14,A,280
2011-03-14,AB,76
2011-03-14,B,342
2011-03-14,O,449
2011-03-15,A,275
2011-03-15,AB,70
2011-03-15,B,338
2011-03-15,O,479
2011-03-16,A,294
2011-03-16,AB,76
2011-03-16,B,353
2011-03-16,O,470
2011-03-17,A,315
2011-03-17,AB,87
2011-03-17,B,358
2011-03-17,O,496
2011-03-18,A,274
2011-03-18,AB,68
2011-03-18,B,307
2011-03-18,O,488
2011-03-19,A,277
2011-03-19,AB,50
2011-03-19,B,308
2011-03-19,O,442
2011-03-20,A,275
2011-03-20,AB,75
2011-03-20,B,328
2011-03-20,O,429
2011-03-21,A,295
2011-03-21,AB,64
2011-03-21,B,331
2011-03-21,O,483
2011-03-22,A,280
2011-03-22,AB,75
2011-03-22,B,320
2011-03-22,O,456
2011-03-23,A,272
2011-03-23,AB,93
2011-03-23,B,297
2011-03-23,O,491
2011-03-24,A,245
2011-03-24,AB,104
2011-03-24,B,346
2011-03-24,O,515
2011-03-25,A,268
2011-03-25,AB,74
2011-03-25,B,907
2011-03-25,O,478
2011-03-26,A,254
2011-03-26,AB,59
2011-03-26,B,324
2011-03-26,O,441
2011-03-27,A,246
2011-03-27,AB,70
2011-03-27,B,310
2011-03-27,O,470
2011-03-28,A,262
2011-03-28,AB,76
2011-03-28,B,369
2011-03-28,O,490
2011-03-29,A,260
2011-03-29,AB,57
2011-03-29,B,339
2011-03-29,O,492
2011-03-30,A,295
2011-03-30,AB,66
2011-03-30,B,311
2011-03-30,O,487
2011-03-31,A,290
2011-03-31,AB,65
2011-03-31,B,298
2011-03-31,O,502
2011-04-01,A,279
2011-04-01,AB,73
2011-04-01,B,281
2011-04-01,O,485
2011-04-02,A,231
2011-04-02,AB,61
2011-04-02,B,286
2011-04-02,O,451
2011-04-03,A,240
2011-04-03,AB,78
2011-04-03,B,279
2011-04-03,O,453
2011-04-04,A,256
2011-04-04,AB,64
2011-04-04,B,300
2011-04-04,O,466
2011-04-05,A,288
2011-04-05,AB,72
2011-04-05,B,291
2011-04-05,O,536
2011-04-06,A,254
2011-04-06,AB,67
2011-04-06,B,261
2011-04-06,O,522
2011-04-07,A,222
2011-04-07,AB,74
2011-04-07,B,271
2011-04-07,O,460
2011-04-08,A,226
2011-04-08,AB,76
2011-04-08,B,269
2011-04-08,O,451
2011-04-09,A,209
2011-04-09,AB,67
2011-04-09,B,256
2011-04-09,O,432
2011-04-10,A,236
2011-04-10,AB,85
2011-04-10,B,268
2011-04-10,O,425
2011-04-11,A,233
2011-04-11,AB,70
2011-04-11,B,275
2011-04-11,O,446
2011-04-12,A,195
2011-04-12,AB,70
2011-04-12,B,283
2011-04-12,O,456
2011-04-13,A,264
2011-04-13,AB,80
2011-04-13,B,294
2011-04-13,O,439
2011-04-14,A,249
2011-04-14,AB,69
2011-04-14,B,283
2011-04-14,O,476
2011-04-15,A,256
2011-04-15,AB,71
2011-04-15,B,247
2011-04-15,O,406
2011-04-16,A,204
2011-04-16,AB,53
2011-04-16,B,257
2011-04-16,O,409
2011-04-17,A,205
2011-04-17,AB,70
2011-04-17,B,255
2011-04-17,O,399
2011-04-18,A,218
2011-04-18,AB,58
2011-04-18,B,255
2011-04-18,O,455
2011-04-19,A,223
2011-04-19,AB,58
2011-04-19,B,273
2011-04-19,O,443
2011-04-20,A,246
2011-04-20,AB,77
2011-04-20,B,273
2011-04-20,O,390
2011-04-21,A,207
2011-04-21,AB,87
2011-04-21,B,288
2011-04-21,O,442
2011-04-22,A,211
2011-04-22,AB,63
2011-04-22,B,268
2011-04-22,O,434
2011-04-23,A,201
2011-04-23,AB,52
2011-04-23,B,211
2011-04-23,O,414
2011-04-24,A,179
2011-04-24,AB,71
2011-04-24,B,231
2011-04-24,O,392
2011-04-25,A,260
2011-04-25,AB,81
2011-04-25,B,270
2011-04-25,O,430
2011-04-26,A,226
2011-04-26,AB,59
2011-04-26,B,231
2011-04-26,O,442
2011-04-27,A,200
2011-04-27,AB,87
2011-04-27,B,258
2011-04-27,O,410
2011-04-28,A,210
2011-04-28,AB,63
2011-04-28,B,285
2011-04-28,O,430
2011-04-29,A,224
2011-04-29,AB,68
2011-04-29,B,235
2011-04-29,O,423
2011-04-30,A,188
2011-04-30,AB,66
2011-04-30,B,216
2011-04-30,O,357
2011-05-01,A,190
2011-05-01,AB,76
2011-05-01,B,235
2011-05-01,O,368
2011-05-02,A,227
2011-05-02,AB,65
2011-05-02,B,261
2011-05-02,O,452
2011-05-03,A,202
2011-05-03,AB,59
2011-05-03,B,255
2011-05-03,O,397
2011-05-04,A,239
2011-05-04,AB,75
2011-05-04,B,268
2011-05-04,O,422
2011-05-05,A,226
2011-05-05,AB,78
2011-05-05,B,218
2011-05-05,O,417
2011-05-06,A,193
2011-05-06,AB,76
2011-05-06,B,226
2011-05-06,O,400
2011-05-07,A,182
2011-05-07,AB,69
2011-05-07,B,210
2011-05-07,O,379
2011-05-08,A,192
2011-05-08,AB,56
2011-05-08,B,223
2011-05-08,O,370
2011-05-09,A,218
2011-05-09,AB,60
2011-05-09,B,253
2011-05-09,O,409
2011-05-10,A,180
2011-05-10,AB,65
2011-05-10,B,269
2011-05-10,O,344
2011-05-11,A,232
2011-05-11,AB,69
2011-05-11,B,244
2011-05-11,O,344
2011-05-12,A,195
2011-05-12,AB,65
2011-05-12,B,275
2011-05-12,O,358
2011-05-13,A,217
2011-05-13,AB,62
2011-05-13,B,278
2011-05-13,O,351
2011-05-14,A,193
2011-05-14,AB,43
2011-05-14,B,504
2011-05-14,O,353
2011-05-15,A,188
2011-05-15,AB,52
2011-05-15,B,227
2011-05-15,O,331
2011-05-16,A,221
2011-05-16,AB,48
2011-05-16,B,264
2011-05-16,O,389
2011-05-17,A,203
2011-05-17,AB,49
2011-05-17,B,263
2011-05-17,O,368
2011-05-18,A,181
2011-05-18,AB,63
2011-05-18,B,228
2011-05-18,O,400
2011-05-19,A,215
2011-05-19,AB,57
2011-05-19,B,243
2011-05-19,O,392
2011-05-20,A,201
2011-05-20,AB,59
2011-05-20,B,269
2011-05-20,O,360
2011-05-21,A,196
2011-05-21,AB,55
2011-05-21,B,213
2011-05-21,O,362
2011-05-22,A,191
2011-05-22,AB,60
2011-05-22,B,241
2011-05-22,O,996
2011-05-23,A,212
2011-05-23,AB,62
2011-05-23,B,242
2011-05-23,O,427
2011-05-24,A,204
2011-05-24,AB,64
2011-05-24,B,218
2011-05-24,O,370
2011-05-25,A,220
2011-05-25,AB,67
2011-05-25,B,252
2011-05-25,O,413
2011-05-26,A,655
2011-05-26,AB,57
2011-05-26,B,250
2011-05-26,O,371
2011-05-27,A,214
2011-05-27,AB,56
2011-05-27,B,275
2011-05-27,O,347
2011-05-28,A,217
2011-05-28,AB,70
2011-05-28,B,187
2011-05-28,O,307
2011-05-29,A,217
2011-05-29,AB,56
2011-05-29,B,221
2011-05-29,O,319
2011-05-30,A,226
2011-05-30,AB,61
2011-05-30,B,239
2011-05-30,O,355
2011-05-31,A,235
2011-05-31,AB,65
2011-05-31,B,249
2011-05-31,O,346
2011-06-01,A,244
2011-06-01,AB,45
2011-06-01,B,230
2011-06-01,O,348
2011-06-02,A,241
2011-06-02,AB,58
2011-06-02,B,276
2011-06-02,O,334
2011-06-03,A,246
2011-06-03,AB,55
2011-06-03,B,246
2011-06-03,O,354
2011-06-04,A,182
2011-06-04,AB,64
2011-06-04,B,242
2011-06-04,O,347
2011-06-05,A,220
2011-06-05,AB,59
2011-06-05,B,228
2011-06-05,O,317
2011-06-06,A,294
2011-06-06,AB,59
2011-06-06,B,222
2011-06-06,O,374
2011-06-07,A,219
2011-06-07,AB,67
2011-06-07,B,267
2011-06-07,O,354
2011-06-08,A,224
2011-06-08,AB,65
2011-06-08,B,271
2011-06-08,O,338
2011-06-09,A,249
2011-06-09,AB,66
2011-06-09,B,257
2011-06-09,O,326
2011-06-10,A,257
2011-06-10,AB,61
2011-06-10,B,233
2011-06-10,O,371
2011-06-11,A,204
2011-06-11,AB,45
2011-06-11,B,260
2011-06-11,O,296
2011-06-12,A,229
2011-06-12,AB,66
2011-06-12,B,238
2011-06-12,O,354
2011-06-13,A,257
2011-06-13,AB,73
2011-06-13,B,258
2011-06-13,O,323
2011-06-14,A,251
2011-06-14,AB,72
2011-06-14,B,293
2011-06-14,O,386
2011-06-15,A,239
2011-06-15,AB,79
2011-06-15,B,259
2011-06-15,O,424
2011-06-16,A,213
2011-06-16,AB,66
2011-06-16,B,283
2011-06-16,O,401
2011-06-17,A,232
2011-06-17,AB,73
2011-06-17,B,275
2011-06-17,O,352
2011-06-18,A,224
2011-06-18,AB,72
2011-06-18,B,240
2011-06-18,O,364
2011-06-19,A,238
2011-06-19,AB,68
2011-06-19,B,264
2011-06-19,O,361
2011-06-20,A,243
2011-06-20,AB,74
2011-06-20,B,281
2011-06-20,O,420
2011-06-21,A,228
2011-06-21,AB,58
2011-06-21,B,279
2011-06-21,O,383
2011-06-22,A,244
2011-06-22,AB,72
2011-06-22,B,292
2011-06-22,O,426
2011-06-23,A,221
2011-06-23,AB,65
2011-06-23,B,287
2011-06-23,O,406
2011-06-24,A,241
2011-06-24,AB,60
2011-06-24,B,265
2011-06-24,O,416
2011-06-25,A,210
2011-06-25,AB,72
2011-06-25,B,266
2011-06-25,O,388
2011-06-26,A,205
2011-06-26,AB,66
2011-06-26,B,284
2011-06-26,O,414
2011-06-27,A,254
2011-06-27,AB,75
2011-06-27,B,304
2011-06-27,O,452
2011-06-28,A,259
2011-06-28,AB,66
2011-06-28,B,310
2011-06-28,O,446
2011-06-29,A,228
2011-06-29,AB,77
2011-06-29,B,323
2011-06-29,O,452
2011-06-30,A,261
2011-06-30,AB,86
2011-06-30,B,363
2011-06-30,O,478
2011-07-01,A,280
2011-07-01,AB,92
2011-07-01,B,365
2011-07-01,O,498
2011-07-02,A,243
2011-07-02,AB,65
2011-07-02,B,333
2011-07-02,O,396
2011-07-03,A,245
2011-07-03,AB,86
2011-07-03,B,341
2011-07-03,O,405
2011-07-04,A,258
2011-07-04,AB,83
2011-07-04,B,336
2011-07-04,O,440
2011-07-05,A,254
2011-07-05,AB,86
2011-07-05,B,322
2011-07-05,O,437
2011-07-06,A,287
2011-07-06,AB,71
2011-07-06,B,334
2011-07-06,O,446
2011-07-07,A,290
2011-07-07,AB,82
2011-07-07,B,369
2011-07-07,O,452
2011-07-08,A,257
2011-07-08,AB,82
2011-07-08,B,377
2011-07-08,O,452
2011-07-09,A,282
2011-07-09,AB,76
2011-07-09,B,292
2011-07-09,O,423
2011-07-10,A,293
2011-07-10,AB,96
2011-07-10,B,304
2011-07-10,O,437
2011-07-11,A,304
2011-07-11,AB,83
2011-07-11,B,344
2011-07-11,O,495
2011-07-12,A,296
2011-07-12,AB,87
2011-07-12,B,364
2011-07-12,O,483
2011-07-13,A,303
2011-07-13,AB,102
2011-07-13,B,347
2011-07-13,O,477
2011-07-14,A,282
2011-07-14,AB,78
2011-07-14,B,345
2011-07-14,O,437
2011-07-15,A,273
2011-07-15,AB,95
2011-07-15,B,357
2011-07-15,O,476
2011-07-16,A,261
2011-07-16,AB,74
2011-07-16,B,318
2011-07-16,O,474
2011-07-17,A,263
2011-07-17,AB,70
2011-07-17,B,305
2011-07-17,O,416
2011-07-18,A,306
2011-07-18,AB,88
2011-07-18,B,324
2011-07-18,O,510
2011-07-19,A,314
2011-07-19,AB,92
2011-07-19,B,361
2011-07-19,O,458
2011-07-20,A,325
2011-07-20,AB,101
2011-07-20,B,368
2011-07-20,O,474
2011-07-21,A,290
2011-07-21,AB,67
2011-07-21,B,385
2011-07-21,O,509
2011-07-22,A,294
2011-07-22,AB,101
2011-07-22,B,378
2011-07-22,O,461
2011-07-23,A,257
2011-07-23,AB,74
2011-07-23,B,302
2011-07-23,O,453
2011-07-24,A,266
2011-07-24,AB,72
2011-07-24,B,331
2011-07-24,O,474
2011-07-25,A,319
2011-07-25,AB,77
2011-07-25,B,359
2011-07-25,O,479
2011-07-26,A,300
2011-07-26,AB,100
2011-07-26,B,383
2011-07-26,O,535
2011-07-27,A,293
2011-07-27,AB,90
2011-07-27,B,347
2011-07-27,O,476
2011-07-28,A,336
2011-07-28,AB,85
2011-07-28,B,353
2011-07-28,O,473
2011-07-29,A,285
2011-07-29,AB,89
2011-07-29,B,355
2011-07-29,O,455
2011-07-30,A,244
2011-07-30,AB,88
2011-07-30,B,348
2011-07-30,O,422
2011-07-31,A,276
2011-07-31,AB,74
2011-07-31,B,367
2011-07-31,O,452
2011-08-01,A,315
2011-08-01,AB,86
2011-08-01,B,391
2011-08-01,O,514
2011-08-02,A,333
2011-08-02,AB,77
2011-08-02,B,418
2011-08-02,O,477
2011-08-03,A,312
2011-08-03,AB,92
2011-08-03,B,405
2011-08-03,O,531
2011-08-04,A,352
2011-08-04,AB,88
2011-08-04,B,365
2011-08-04,O,533
2011-08-05,A,328
2011-08-05,AB,83
2011-08-05,B,343
2011-08-05,O,517
2011-08-06,A,252
2011-08-06,AB,81
2011-08-06,B,314
2011-08-06,O,478
2011-08-07,A,272
2011-08-07,AB,68
2011-08-07,B,321
2011-08-07,O,494
2011-08-08,A,304
2011-08-08,AB,85
2011-08-08,B,347
2011-08-08,O,525
2011-08-09,A,347
2011-08-09,AB,77
2011-08-09,B,372
2011-08-09,O,457
2011-08-10,A,321
2011-08-10,AB,91
2011-08-10,B,368
2011-08-10,O,548
2011-08-11,A,321
2011-08-11,AB,63
2011-08-11,B,315
2011-08-11,O,551
2011-08-12,A,308
2011-08-12,AB,77
2011-08-12,B,370
2011-08-12,O,497
2011-08-13,A,280
2011-08-13,AB,65
2011-08-13,B,314
2011-08-13,O,434
2011-08-14,A,292
2011-08-14,AB,64
2011-08-14,B,320
2011-08-14,O,460
2011-08-15,A,328
2011-08-15,AB,78
2011-08-15,B,343
2011-08-15,O,506
2011-08-16,A,313
2011-08-16,AB,72
2011-08-16,B,299
2011-08-16,O,486
2011-08-17,A,290
2011-08-17,AB,95
2011-08-17,B,321
2011-08-17,O,487
2011-08-18,A,283
2011-08-18,AB,69
2011-08-18,B,306
2011-08-18,O,494
2011-08-19,A,290
2011-08-19,AB,71
2011-08-19,B,294
2011-08-19,O,470
2011-08-20,A,272
2011-08-20,AB,72
2011-08-20,B,272
2011-08-20,O,424
2011-08-21,A,266
2011-08-21,AB,69
2011-08-21,B,321
2011-08-21,O,447
2011-08-22,A,295
2011-08-22,AB,69
2011-08-22,B,255
2011-08-22,O,458
2011-08-23,A,282
2011-08-23,AB,65
2011-08-23,B,281
2011-08-23,O,445
2011-08-24,A,292
2011-08-24,AB,74
2011-08-24,B,285
2011-08-24,O,478
2011-08-25,A,278
2011-08-25,AB,61
2011-08-25,B,271
2011-08-25,O,447
2011-08-26,A,267
2011-08-26,AB,59
2011-08-26,B,282
2011-08-26,O,441
2011-08-27,A,228
2011-08-27,AB,67
2011-08-27,B,203
2011-08-27,O,375
2011-08-28,A,258
2011-08-28,AB,48
2011-08-28,B,250
2011-08-28,O,396
2011-08-29,A,240
2011-08-29,AB,55
2011-08-29,B,215
2011-08-29,O,342
2011-08-30,A,270
2011-08-30,AB,58
2011-08-30,B,204
2011-08-30,O,358
2011-08-31,A,218
2011-08-31,AB,42
2011-08-31,B,164
2011-08-31,O,333
2011-09-01,A,228
2011-09-01,AB,53
2011-09-01,B,209
2011-09-01,O,714
2011-09-02,A,235
2011-09-02,AB,44
2011-09-02,B,214
2011-09-02,O,325
2011-09-03,A,183
2011-09-03,AB,36
2011-09-03,B,208
2011-09-03,O,272
2011-09-04,A,181
2011-09-04,AB,39
2011-09-04,B,196
2011-09-04,O,307
2011-09-05,A,208
2011-09-05,AB,57
2011-09-05,B,212
2011-09-05,O,325
2011-09-06,A,204
2011-09-06,AB,44
2011-09-06,B,479
2011-09-06,O,336
2011-09-07,A,205
2011-09-07,AB,49
2011-09-07,B,214
2011-09-07,O,356
2011-09-08,A,218
2011-09-08,AB,43
2011-09-08,B,242
2011-09-08,O,348
2011-09-09,A,206
2011-09-09,AB,46
2011-09-09,B,225
2011-09-09,O,339
2011-09-10,A,210
2011-09-10,AB,40
2011-09-10,B,217
2011-09-10,O,339
2011-09-11,A,204
2011-09-11,AB,53
2011-09-11,B,214
2011-09-11,O,364
2011-09-12,A,211
2011-09-12,AB,50
2011-09-12,B,219
2011-09-12,O,428
2011-09-13,A,248
2011-09-13,AB,50
2011-09-13,B,210
2011-09-13,O,388
2011-09-14,A,239
2011-09-14,AB,61
2011-09-14,B,231
2011-09-14,O,416
2011-09-15,A,254
2011-09-15,AB,62
2011-09-15,B,210
2011-09-15,O,391
2011-09-16,A,264
2011-09-16,AB,58
2011-09-16,B,264
2011-09-16,O,375
2011-09-17,A,228
2011-09-17,AB,48
2011-09-17,B,219
2011-09-17,O,359
2011-09-18,A,246
2011-09-18,AB,47
2011-09-18,B,240
2011-09-18,O,398
2011-09-19,A,256
2011-09-19,AB,58
2011-09-19,B,230
2011-09-19,O,395
2011-09-20,A,280
2011-09-20,AB,48
2011-09-20,B,238
2011-09-20,O,383
2011-09-21,A,253
2011-09-21,AB,64
2011-09-21,B,280
2011-09-21,O,359
2011-09-22,A,249
2011-09-22,AB,43
2011-09-22,B,259
2011-09-22,O,387
2011-09-23,A,292
2011-09-23,AB,50
2011-09-23,B,240
2011-09-23,O,364
2011-09-24,A,308
2011-09-24,AB,66
2011-09-24,B,284
2011-09-24,O,368
2011-09-25,A,260
2011-09-25,AB,73
2011-09-25,B,252
2011-09-25,O,365
2011-09-26,A,323
2011-09-26,AB,60
2011-09-26,B,305
2011-09-26,O,431
2011-09-27,A,303
2011-09-27,AB,75
2011-09-27,B,245
2011-09-27,O,429
2011-09-28,A,328
2011-09-28,AB,81
2011-09-28,B,274
2011-09-28,O,450
2011-09-29,A,339
2011-09-29,AB,71
2011-09-29,B,303
2011-09-29,O,449
2011-09-30,A,355
2011-09-30,AB,68
2011-09-30,B,318
2011-09-30,O,485
2011-10-01,A,306
2011-10-01,AB,69
2011-10-01,B,305
2011-10-01,O,429
2011-10-02,A,343
2011-10-02,AB,175
2011-10-02,B,274
2011-10-02,O,427
2011-10-03,A,368
2011-10-03,AB,80
2011-10-03,B,317
2011-10-03,O,479
2011-10-04,A,366
2011-10-04,AB,85
2011-10-04,B,316
2011-10-04,O,451
2011-10-05,A,380
2011-10-05,AB,76
2011-10-05,B,301
2011-10-05,O,506
2011-10-06,A,383
2011-10-06,AB,76
2011-10-06,B,347
2011-10-06,O,495
2011-10-07,A,393
2011-10-07,AB,70
2011-10-07,B,315
2011-10-07,O,445
2011-10-08,A,346
2011-10-08,AB,70
2011-10-08,B,299
2011-10-08,O,452
2011-10-09,A,367
2011-10-09,AB,68
2011-10-09,B,306
2011-10-09,O,510
2011-10-10,A,402
2011-10-10,AB,80
2011-10-10,B,347
2011-10-10,O,493
2011-10-11,A,374
2011-10-11,AB,227
2011-10-11,B,303
2011-10-11,O,473
2011-10-12,A,343
2011-10-12,AB,91
2011-10-12,B,355
2011-10-12,O,543
2011-10-13,A,388
2011-10-13,AB,102
2011-10-13,B,350
2011-10-13,O,501
2011-10-14,A,362
2011-10-14,AB,93
2011-10-14,B,347
2011-10-14,O,526
2011-10-15,A,317
2011-10-15,AB,67
2011-10-15,B,316
2011-10-15,O,472
2011-10-16,A,347
2011-10-16,AB,81
2011-10-16,B,331
2011-10-16,O,498
2011-10-17,A,369
2011-10-17,AB,82
2011-10-17,B,346
2011-10-17,O,554
2011-10-18,A,364
2011-10-18,AB,86
2011-10-18,B,332
2011-10-18,O,502
2011-10-19,A,401
2011-10-19,AB,82
2011-10-19,B,334
2011-10-19,O,532
2011-10-20,A,386
2011-10-20,AB,88
2011-10-20,B,392
2011-10-20,O,583
2011-10-21,A,379
2011-10-21,AB,74
2011-10-21,B,352
2011-10-21,O,536
2011-10-22,A,367
2011-10-22,AB,81
2011-10-22,B,306
2011-10-22,O,527
2011-10-23,A,353
2011-10-23,AB,100
2011-10-23,B,392
2011-10-23,O,515
2011-10-24,A,375
2011-10-24,AB,91
2011-10-24,B,344
2011-10-24,O,549
2011-10-25,A,369
2011-10-25,AB,88
2011-10-25,B,331
2011-10-25,O,499
2011-10-26,A,367
2011-10-26,AB,82
2011-10-26,B,366
2011-10-26,O,1030
2011-10-27,A,358
2011-10-27,AB,95
2011-10-27,B,347
2011-10-27,O,548
2011-10-28,A,395
2011-10-28,AB,73
2011-10-28,B,332
2011-10-28,O,510
2011-10-29,A,344
2011-10-29,AB,60
2011-10-29,B,310
2011-10-29,O,454
2011-10-30,A,334
2011-10-30,AB,64
2011-10-30,B,307
2011-10-30,O,485
2011-10-31,A,385
2011-10-31,AB,79
2011-10-31,B,368
2011-10-31,O,555
2011-11-01,A,356
2011-11-01,AB,75
2011-11-01,B,323
2011-11-01,O,540
2011-11-02,A,328
2011-11-02,AB,91
2011-11-02,B,337
2011-11-02,O,552
2011-11-03,A,336
2011-11-03,AB,74
2011-11-03,B,330
2011-11-03,O,567
2011-11-04,A,354
2011-11-04,AB,72
2011-11-04,B,330
2011-11-04,O,569
2011-11-05,A,319
2011-11-05,AB,81
2011-11-05,B,303
2011-11-05,O,500
2011-11-06,A,311
2011-11-06,AB,60
2011-11-06,B,319
2011-11-06,O,505
2011-11-07,A,325
2011-11-07,AB,71
2011-11-07,B,294
2011-11-07,O,506
2011-11-08,A,312
2011-11-08,AB,63
2011-11-08,B,290
2011-11-08,O,440
2011-11-09,A,294
2011-11-09,AB,74
2011-11-09,B,321
2011-11-09,O,479
2011-11-10,A,313
2011-11-10,AB,57
2011-11-10,B,340
2011-11-10,O,526
2011-11-11,A,328
2011-11-11,AB,76
2011-11-11,B,285
2011-11-11,O,500
2011-11-12,A,318
2011-11-12,AB,76
2011-11-12,B,286
2011-11-12,O,439
2011-11-13,A,342
2011-11-13,AB,65
2011-11-13,B,284
2011-11-13,O,446
2011-11-14,A,360
2011-11-14,AB,60
2011-11-14,B,311
2011-11-14,O,497
2011-11-15,A,327
2011-11-15,AB,62
2011-11-15,B,339
2011-11-15,O,487
2011-11-16,A,337
2011-11-16,AB,53
2011-11-16,B,335
2011-11-16,O,488
2011-11-17,A,345
2011-11-17,AB,71
2011-11-17,B,294
2011-11-17,O,498
2011-11-18,A,312
2011-11-18,AB,54
2011-11-18,B,299
2011-11-18,O,441
2011-11-19,A,322
2011-11-19,AB,56
2011-11-19,B,282
2011-11-19,O,420
2011-11-20,A,317
2011-11-20,AB,56
2011-11-20,B,299
2011-11-20,O,407
2011-11-21,A,332
2011-11-21,AB,62
2011-11-21,B,268
2011-11-21,O,473
2011-11-22,A,329
2011-11-22,AB,70
2011-11-22,B,296
2011-11-22,O,447
2011-11-23,A,321
2011-11-23,AB,70
2011-11-23,B,285
2011-11-23,O,447
2011-11-24,A,274
2011-11-24,AB,63
2011-11-24,B,335
2011-11-24,O,405
2011-11-25,A,299
2011-11-25,AB,65
2011-11-25,B,265
2011-11-25,O,488
2011-11-26,A,322
2011-11-26,AB,58
2011-11-26,B,288
2011-11-26,O,415
2011-11-27,A,304
2011-11-27,AB,59
2011-11-27,B,276
2011-11-27,O,450
2011-11-28,A,332
2011-11-28,AB,64
2011-11-28,B,316
2011-11-28,O,462
2011-11-29,A,366
2011-11-29,AB,59
2011-11-29,B,325
2011-11-29,O,463
2011-11-30,A,326
2011-11-30,AB,120
2011-11-30,B,270
2011-11-30,O,376
2011-12-01,A,337
2011-12-01,AB,118
2011-12-01,B,320
2011-12-01,O,434
2011-12-02,A,338
2011-12-02,AB,120
2011-12-02,B,280
2011-12-02,O,471
2011-12-03,A,342
2011-12-03,AB,118
2011-12-03,B,258
2011-12-03,O,419
2011-12-04,A,325
2011-12-04,AB,129
2011-12-04,B,264
2011-12-04,O,842
2011-12-05,A,326
2011-12-05,AB,106
2011-12-05,B,293
2011-12-05,O,452
2011-12-06,A,327
2011-12-06,AB,127
2011-12-06,B,324
2011-12-06,O,471
2011-12-07,A,380
2011-12-07,AB,152
2011-12-07,B,322
2011-12-07,O,475
2011-12-08,A,363
2011-12-08,AB,156
2011-12-08,B,347
2011-12-08,O,516
2011-12-09,A,331
2011-12-09,AB,153
2011-12-09,B,328
2011-12-09,O,491
2011-12-10,A,317
2011-12-10,AB,121
2011-12-10,B,277
2011-12-10,O,505
2011-12-11,A,281
2011-12-11,AB,116
2011-12-11,B,294
2011-12-11,O,491
2011-12-12,A,336
2011-12-12,AB,137
2011-12-12,B,273
2011-12-12,O,481
2011-12-13,A,321
2011-12-13,AB,142
2011-12-13,B,563
2011-12-13,O,455
2011-12-14,A,358
2011-12-14,AB,140
2011-12-14,B,281
2011-12-14,O,482
2011-12-15,A,369
2011-12-15,AB,136
2011-12-15,B,318
2011-12-15,O,485
2011-12-16,A,340
2011-12-16,AB,139
2011-12-16,B,315
2011-12-16,O,481
2011-12-17,A,328
2011-12-17,AB,113
2011-12-17,B,281
2011-12-17,O,430
2011-12-18,A,323
2011-12-18,AB,120
2011-12-18,B,255
2011-12-18,O,438
2011-12-19,A,325
2011-12-19,AB,140
2011-12-19,B,278
2011-12-19,O,453
2011-12-20,A,308
2011-12-20,AB,118
2011-12-20,B,281
2011-12-20,O,439
2011-12-21,A,341
2011-12-21,AB,111
2011-12-21,B,260
2011-12-21,O,469
2011-12-22,A,315
2011-12-22,AB,137
2011-12-22,B,288
2011-12-22,O,470
2011-12-23,A,305
2011-12-23,AB,120
2011-12-23,B,300
2011-12-23,O,385
2011-12-24,A,276
2011-12-24,AB,295
2011-12-24,B,227
2011-12-24,O,370
2011-12-25,A,284
2011-12-25,AB,107
2011-12-25,B,243
2011-12-25,O,401
2011-12-26,A,305
2011-12-26,AB,77
2011-12-26,B,267
2011-12-26,O,453
2011-12-27,A,310
2011-12-27,AB,79
2011-12-27,B,249
2011-12-27,O,428
2011-12-28,A,313
2011-12-28,AB,73
2011-12-28,B,255
2011-12-28,O,405
2011-12-29,A,300
2011-12-29,AB,67
2011-12-29,B,285
2011-12-29,O,416
2011-12-30,A,330
2011-12-30,AB,74
2011-12-30,B,278
2011-12-30,O,402
2011-12-31,A,291
2011-12-31,AB,60
2011-12-31,B,217
2011-12-31,O,397
2012-01-01,A,305
2012-01-01,AB,56
2012-01-01,B,243
2012-01-01,O,368
2012-01-02,A,314
2012-01-02,AB,70
2012-01-02,B,276
2012-01-02,O,377
2012-01-03,A,287
2012-01-03,AB,60
2012-01-03,B,266
2012-01-03,O,418
2012-01-04,A,308
2012-01-04,AB,81
2012-01-04,B,221
2012-01-04,O,436
2012-01-05,A,259
2012-01-05,AB,60
2012-01-05,B,260
2012-01-05,O,412
2012-01-06,A,272
2012-01-06,AB,69
2012-01-06,B,286
2012-01-06,O,394
2012-01-07,A,248
2012-01-07,AB,44
2012-01-07,B,273
2012-01-07,O,372
2012-01-08,A,277
2012-01-08,AB,50
2012-01-08,B,229
2012-01-08,O,398
2012-01-09,A,302
2012-01-09,AB,55
2012-01-09,B,221
2012-01-09,O,402
2012-01-10,A,289
2012-01-10,AB,68
2012-01-10,B,252
2012-01-10,O,390
2012-01-11,A,298
2012-01-11,AB,62
2012-01-11,B,217
2012-01-11,O,405
2012-01-12,A,312
2012-01-12,AB,62
2012-01-12,B,255
2012-01-12,O,419
2012-01-13,A,334
2012-01-13,AB,81
2012-01-13,B,274
2012-01-13,O,414
2012-01-14,A,264
2012-01-14,AB,65
2012-01-14,B,247
2012-01-14,O,357
2012-01-15,A,278
2012-01-15,AB,52
2012-01-15,B,233
2012-01-15,O,384
2012-01-16,A,331
2012-01-16,AB,52
2012-01-16,B,236
2012-01-16,O,404
2012-01-17,A,314
2012-01-17,AB,64
2012-01-17,B,255
2012-01-17,O,380
2012-01-18,A,380
2012-01-18,AB,86
2012-01-18,B,247
2012-01-18,O,398
2012-01-19,A,336
2012-01-19,AB,71
2012-01-19,B,273
2012-01-19,O,409
2012-01-20,A,333
2012-01-20,AB,75
2012-01-20,B,266
2012-01-20,O,417
2012-01-21,A,283
2012-01-21,AB,69
2012-01-21,B,228
2012-01-21,O,349
2012-01-22,A,310
2012-01-22,AB,54
2012-01-22,B,259
2012-01-22,O,385
2012-01-23,A,298
2012-01-23,AB,68
2012-01-23,B,298
2012-01-23,O,382
2012-01-24,A,315
2012-01-24,AB,70
2012-01-24,B,289
2012-01-24,O,367
2012-01-25,A,317
2012-01-25,AB,65
2012-01-25,B,256
2012-01-25,O,388
2012-01-26,A,346
2012-01-26,AB,70
2012-01-26,B,260
2012-01-26,O,370
2012-01-27,A,356
2012-01-27,AB,62
2012-01-27,B,271
2012-01-27,O,399
2012-01-28,A,315
2012-01-28,AB,81
2012-01-28,B,250
2012-01-28,O,403
2012-01-29,A,308
2012-01-29,AB,49
2012-01-29,B,259
2012-01-29,O,399
2012-01-30,A,321
2012-01-30,AB,81
2012-01-30,B,293
2012-01-30,O,463
2012-01-31,A,332
2012-01-31,AB,86
2012-01-31,B,273
2012-01-31,O,436
2012-02-01,A,358
2012-02-01,AB,68
2012-02-01,B,288
2012-02-01,O,424
2012-02-02,A,347
2012-02-02,AB,74
2012-02-02,B,277
2012-02-02,O,425
2012-02-03,A,642
2012-02-03,AB,63
2012-02-03,B,287
2012-02-03,O,453
2012-02-04,A,299
2012-02-04,AB,81
2012-02-04,B,247
2012-02-04,O,366
2012-02-05,A,301
2012-02-05,AB,67
2012-02-05,B,248
2012-02-05,O,373
2012-02-06,A,367
2012-02-06,AB,68
2012-02-06,B,287
2012-02-06,O,418
2012-02-07,A,355
2012-02-07,AB,64
2012-02-07,B,280
2012-02-07,O,447
2012-02-08,A,379
2012-02-08,AB,66
2012-02-08,B,308
2012-02-08,O,474
2012-02-09,A,349
2012-02-09,AB,70
2012-02-09,B,280
2012-02-09,O,404
2012-02-10,A,339
2012-02-10,AB,69
2012-02-10,B,282
2012-02-10,O,421
2012-02-11,A,311
2012-02-11,AB,62
2012-02-11,B,253
2012-02-11,O,361
2012-02-12,A,296
2012-02-12,AB,58
2012-02-12,B,239
2012-02-12,O,365
2012-02-13,A,291
2012-02-13,AB,80
2012-02-13,B,261
2012-02-13,O,409
2012-02-14,A,303
2012-02-14,AB,62
2012-02-14,B,238
2012-02-14,O,405
2012-02-15,A,302
2012-02-15,AB,61
2012-02-15,B,285
2012-02-15,O,431
2012-02-16,A,318
2012-02-16,AB,74
2012-02-16,B,280
2012-02-16,O,423
2012-02-17,A,301
2012-02-17,AB,62
2012-02-17,B,275
2012-02-17,O,444
2012-02-18,A,239
2012-02-18,AB,58
2012-02-18,B,234
2012-02-18,O,357
2012-02-19,A,264
2012-02-19,AB,55
2012-02-19,B,224
2012-02-19,O,376
2012-02-20,A,308
2012-02-20,AB,63
2012-02-20,B,265
2012-02-20,O,432
2012-02-21,A,293
2012-02-21,AB,82
2012-02-21,B,294
2012-02-21,O,420
2012-02-22,A,315
2012-02-22,AB,68
2012-02-22,B,272
2012-02-22,O,436
2012-02-23,A,339
2012-02-23,AB,56
2012-02-23,B,302
2012-02-23,O,495
2012-02-24,A,355
2012-02-24,AB,140
2012-02-24,B,304
2012-02-24,O,494
2012-02-25,A,302
2012-02-25,AB,54
2012-02-25,B,245
2012-02-25,O,416
2012-02-26,A,267
2012-02-26,AB,66
2012-02-26,B,273
2012-02-26,O,431
2012-02-27,A,318
2012-02-27,AB,70
2012-02-27,B,263
2012-02-27,O,471
2012-02-28,A,312
2012-02-28,AB,55
2012-02-28,B,285
2012-02-28,O,468
2012-02-29,A,328
2012-02-29,AB,66
2012-02-29,B,306
2012-02-29,O,460
2012-03-01,A,359
2012-03-01,AB,55
2012-03-01,B,309
2012-03-01,O,432
2012-03-02,A,347
2012-03-02,AB,72
2012-03-02,B,310
2012-03-02,O,447
2012-03-03,A,304
2012-03-03,AB,75
2012-03-03,B,253
2012-03-03,O,414
2012-03-04,A,291
2012-03-04,AB,80
2012-03-04,B,265
2012-03-04,O,439
2012-03-05,A,373
2012-03-05,AB,64
2012-03-05,B,289
2012-03-05,O,507
2012-03-06,A,341
2012-03-06,AB,63
2012-03-06,B,324
2012-03-06,O,500
2012-03-07,A,341
2012-03-07,AB,79
2012-03-07,B,339
2012-03-07,O,483
2012-03-08,A,341
2012-03-08,AB,76
2012-03-08,B,315
2012-03-08,O,506
2012-03-09,A,359
2012-03-09,AB,55
2012-03-09,B,297
2012-03-09,O,457
2012-03-10,A,312
2012-03-10,AB,63
2012-03-10,B,298
2012-03-10,O,419
2012-03-11,A,324
2012-03-11,AB,68
2012-03-11,B,278
2012-03-11,O,415
2012-03-12,A,351
2012-03-12,AB,58
2012-03-12,B,293
2012-03-12,O,476
2012-03-13,A,355
2012-03-13,AB,62
2012-03-13,B,323
2012-03-13,O,479
2012-03-14,A,360
2012-03-14,AB,72
2012-03-14,B,342
2012-03-14,O,476
2012-03-15,A,364
2012-03-15,AB,79
2012-03-15,B,303
2012-03-15,O,459
2012-03-16,A,368
2012-03-16,AB,71
2012-03-16,B,314
2012-03-16,O,413
2012-03-17,A,310
2012-03-17,AB,55
2012-03-17,B,287
2012-03-17,O,434
2012-03-18,A,354
2012-03-18,AB,63
2012-03-18,B,304
2012-03-18,O,447
2012-03-19,A,364
2012-03-19,AB,69
2012-03-19,B,330
2012-03-19,O,451
2012-03-20,A,335
2012-03-20,AB,93
2012-03-20,B,374
2012-03-20,O,453
2012-03-21,A,361
2012-03-21,AB,75
2012-03-21,B,325
2012-03-21,O,461
2012-03-22,A,350
2012-03-22,AB,71
2012-03-22,B,339
2012-03-22,O,505
2012-03-23,A,330
2012-03-23,AB,72
2012-03-23,B,327
2012-03-23,O,434
2012-03-24,A,318
2012-03-24,AB,63
2012-03-24,B,278
2012-03-24,O,404
2012-03-25,A,298
2012-03-25,AB,77
2012-03-25,B,293
2012-03-25,O,390
2012-03-26,A,717
2012-03-26,AB,57
2012-03-26,B,288
2012-03-26,O,449
2012-03-27,A,316
2012-03-27,AB,88
2012-03-27,B,303
2012-03-27,O,1048
2012-03-28,A,332
2012-03-28,AB,67
2012-03-28,B,318
2012-03-28,O,424
2012-03-29,A,312
2012-03-29,AB,72
2012-03-29,B,310
2012-03-29,O,438
2012-03-30,A,326
2012-03-30,AB,80
2012-03-30,B,308
2012-03-30,O,409
2012-03-31,A,296
2012-03-31,AB,66
2012-03-31,B,267
2012-03-31,O,427
2012-04-01,A,313
2012-04-01,AB,69
2012-04-01,B,261
2012-04-01,O,409
2012-04-02,A,334
2012-04-02,AB,63
2012-04-02,B,274
2012-04-02,O,416
2012-04-03,A,305
2012-04-03,AB,72
2012-04-03,B,275
2012-04-03,O,460
2012-04-04,A,328
2012-04-04,AB,69
2012-04-04,B,286
2012-04-04,O,412
2012-04-05,A,321
2012-04-05,AB,69
2012-04-05,B,309
2012-04-05,O,404
2012-04-06,A,322
2012-04-06,AB,67
2012-04-06,B,305
2012-04-06,O,404
2012-04-07,A,276
2012-04-07,AB,56
2012-04-07,B,240
2012-04-07,O,303
2012-04-08,A,292
2012-04-08,AB,51
2012-04-08,B,251
2012-04-08,O,378
2012-04-09,A,294
2012-04-09,AB,72
2012-04-09,B,305
2012-04-09,O,441
2012-04-10,A,310
2012-04-10,AB,60
2012-04-10,B,309
2012-04-10,O,368
2012-04-11,A,301
2012-04-11,AB,66
2012-04-11,B,283
2012-04-11,O,378
2012-04-12,A,295
2012-04-12,AB,65
2012-04-12,B,280
2012-04-12,O,359
2012-04-13,A,286
2012-04-13,AB,51
2012-04-13,B,308
2012-04-13,O,372
2012-04-14,A,268
2012-04-14,AB,50
2012-04-14,B,281
2012-04-14,O,320
2012-04-15,A,266
2012-04-15,AB,73
2012-04-15,B,285
2012-04-15,O,351
2012-04-16,A,305
2012-04-16,AB,61
2012-04-16,B,279
2012-04-16,O,436
2012-04-17,A,260
2012-04-17,AB,76
2012-04-17,B,307
2012-04-17,O,384
2012-04-18,A,296
2012-04-18,AB,64
2012-04-18,B,302
2012-04-18,O,377
2012-04-19,A,317
2012-04-19,AB,67
2012-04-19,B,312
2012-04-19,O,380
2012-04-20,A,258
2012-04-20,AB,66
2012-04-20,B,314
2012-04-20,O,383
2012-04-21,A,222
2012-04-21,AB,45
2012-04-21,B,288
2012-04-21,O,316
2012-04-22,A,277
2012-04-22,AB,74
2012-04-22,B,286
2012-04-22,O,341
2012-04-23,A,301
2012-04-23,AB,79
2012-04-23,B,302
2012-04-23,O,392
2012-04-24,A,290
2012-04-24,AB,66
2012-04-24,B,299
2012-04-24,O,382
2012-04-25,A,277
2012-04-25,AB,54
2012-04-25,B,301
2012-04-25,O,388
2012-04-26,A,304
2012-04-26,AB,80
2012-04-26,B,297
2012-04-26,O,402
2012-04-27,A,285
2012-04-27,AB,73
2012-04-27,B,276
2012-04-27,O,404
2012-04-28,A,250
2012-04-28,AB,52
2012-04-28,B,308
2012-04-28,O,305
2012-04-29,A,281
2012-04-29,AB,74
2012-04-29,B,297
2012-04-29,O,386
2012-04-30,A,298
2012-04-30,AB,62
2012-04-30,B,280
2012-04-30,O,408
2012-05-01,A,296
2012-05-01,AB,82
2012-05-01,B,340
2012-05-01,O,391
2012-05-02,A,320
2012-05-02,AB,67
2012-05-02,B,302
2012-05-02,O,414
2012-05-03,A,294
2012-05-03,AB,55
2012-05-03,B,311
2012-05-03,O,400
2012-05-04,A,323
2012-05-04,AB,72
2012-05-04,B,307
2012-05-04,O,726
2012-05-05,A,274
2012-05-05,AB,57
2012-05-05,B,303
2012-05-05,O,685
2012-05-06,A,274
2012-05-06,AB,56
2012-05-06,B,279
2012-05-06,O,756
2012-05-07,A,320
2012-05-07,AB,73
2012-05-07,B,310
2012-05-07,O,765
2012-05-08,A,312
2012-05-08,AB,77
2012-05-08,B,269
2012-05-08,O,718
2012-05-09,A,318
2012-05-09,AB,69
2012-05-09,B,296
2012-05-09,O,733
2012-05-10,A,288
2012-05-10,AB,55
2012-05-10,B,263
2012-05-10,O,762
2012-05-11,A,306
2012-05-11,AB,66
2012-05-11,B,313
2012-05-11,O,758
2012-05-12,A,278
2012-05-12,AB,79
2012-05-12,B,283
2012-05-12,O,805
2012-05-13,A,264
2012-05-13,AB,64
2012-05-13,B,320
2012-05-13,O,717
2012-05-14,A,324
2012-05-14,AB,82
2012-05-14,B,347
2012-05-14,O,843
2012-05-15,A,277
2012-05-15,AB,67
2012-05-15,B,345
2012-05-15,O,794
2012-05-16,A,298
2012-05-16,AB,70
2012-05-16,B,326
2012-05-16,O,815
2012-05-17,A,292
2012-05-17,AB,67
2012-05-17,B,310
2012-05-17,O,783
2012-05-18,A,289
2012-05-18,AB,66
2012-05-18,B,311
2012-05-18,O,514
2012-05-19,A,256
2012-05-19,AB,64
2012-05-19,B,260
2012-05-19,O,434
2012-05-20,A,274
2012-05-20,AB,81
2012-05-20,B,268
2012-05-20,O,424
2012-05-21,A,285
2012-05-21,AB,80
2012-05-21,B,295
2012-05-21,O,434
2012-05-22,A,283
2012-05-22,AB,64
2012-05-22,B,305
2012-05-22,O,512
2012-05-23,A,251
2012-05-23,AB,56
2012-05-23,B,322
2012-05-23,O,464
2012-05-24,A,243
2012-05-24,AB,53
2012-05-24,B,293
2012-05-24,O,482
2012-05-25,A,276
2012-05-25,AB,71
2012-05-25,B,312
2012-05-25,O,539
2012-05-26,A,259
2012-05-26,AB,69
2012-05-26,B,270
2012-05-26,O,450
2012-05-27,A,269
2012-05-27,AB,62
2012-05-27,B,293
2012-05-27,O,490
2012-05-28,A,277
2012-05-28,AB,59
2012-05-28,B,306
2012-05-28,O,507
2012-05-29,A,265
2012-05-29,AB,78
2012-05-29,B,347
2012-05-29,O,504
2012-05-30,A,263
2012-05-30,AB,62
2012-05-30,B,278
2012-05-30,O,498
2012-05-31,A,470
2012-05-31,AB,58
2012-05-31,B,299
2012-05-31,O,486
2012-06-01,A,267
2012-06-01,AB,60
2012-06-01,B,271
2012-06-01,O,503
2012-06-02,A,228
2012-06-02,AB,55
2012-06-02,B,278
2012-06-02,O,364
2012-06-03,A,209
2012-06-03,AB,55
2012-06-03,B,273
2012-06-03,O,416
2012-06-04,A,239
2012-06-04,AB,66
2012-06-04,B,295
2012-06-04,O,421
2012-06-05,A,251
2012-06-05,AB,110
2012-06-05,B,266
2012-06-05,O,378
2012-06-06,A,519
2012-06-06,AB,56
2012-06-06,B,294
2012-06-06,O,422
2012-06-07,A,201
2012-06-07,AB,87
2012-06-07,B,264
2012-06-07,O,419
2012-06-08,A,258
2012-06-08,AB,54
2012-06-08,B,272
2012-06-08,O,390
2012-06-09,A,236
2012-06-09,AB,66
2012-06-09,B,252
2012-06-09,O,401
2012-06-10,A,210
2012-06-10,AB,58
2012-06-10,B,248
2012-06-10,O,410
2012-06-11,A,213
2012-06-11,AB,63
2012-06-11,B,277
2012-06-11,O,397
2012-06-12,A,223
2012-06-12,AB,68
2012-06-12,B,291
2012-06-12,O,395
2012-06-13,A,250
2012-06-13,AB,71
2012-06-13,B,274
2012-06-13,O,451
2012-06-14,A,238
2012-06-14,AB,62
2012-06-14,B,304
2012-06-14,O,416
2012-06-15,A,269
2012-06-15,AB,59
2012-06-15,B,294
2012-06-15,O,506
2012-06-16,A,216
2012-06-16,AB,70
2012-06-16,B,272
2012-06-16,O,423
2012-06-17,A,208
2012-06-17,AB,61
2012-06-17,B,293
2012-06-17,O,415
2012-06-18,A,244
2012-06-18,AB,74
2012-06-18,B,336
2012-06-18,O,473
2012-06-19,A,237
2012-06-19,AB,64
2012-06-19,B,274
2012-06-19,O,432
2012-06-20,A,248
2012-06-20,AB,60
2012-06-20,B,292
2012-06-20,O,420
2012-06-21,A,248
2012-06-21,AB,75
2012-06-21,B,336
2012-06-21,O,482
2012-06-22,A,255
2012-06-22,AB,77
2012-06-22,B,313
2012-06-22,O,486
2012-06-23,A,229
2012-06-23,AB,80
2012-06-23,B,291
2012-06-23,O,445
2012-06-24,A,235
2012-06-24,AB,72
2012-06-24,B,273
2012-06-24,O,451
2012-06-25,A,273
2012-06-25,AB,85
2012-06-25,B,324
2012-06-25,O,502
2012-06-26,A,251
2012-06-26,AB,75
2012-06-26,B,304
2012-06-26,O,509
2012-06-27,A,248
2012-06-27,AB,77
2012-06-27,B,342
2012-06-27,O,499
2012-06-28,A,264
2012-06-28,AB,83
2012-06-28,B,333
2012-06-28,O,466
2012-06-29,A,276
2012-06-29,AB,92
2012-06-29,B,316
2012-06-29,O,465
2012-06-30,A,237
2012-06-30,AB,75
2012-06-30,B,315
2012-06-30,O,448
2012-07-01,A,245
2012-07-01,AB,72
2012-07-01,B,326
2012-07-01,O,437
2012-07-02,A,276
2012-07-02,AB,75
2012-07-02,B,369
2012-07-02,O,483
2012-07-03,A,301
2012-07-03,AB,70
2012-07-03,B,358
2012-07-03,O,494
2012-07-04,A,308
2012-07-04,AB,87
2012-07-04,B,378
2012-07-04,O,517
2012-07-05,A,301
2012-07-05,AB,91
2012-07-05,B,371
2012-07-05,O,531
2012-07-06,A,275
2012-07-06,AB,71
2012-07-06,B,361
2012-07-06,O,518
2012-07-07,A,272
2012-07-07,AB,231
2012-07-07,B,331
2012-07-07,O,413
2012-07-08,A,632
2012-07-08,AB,229
2012-07-08,B,315
2012-07-08,O,480
2012-07-09,A,309
2012-07-09,AB,103
2012-07-09,B,357
2012-07-09,O,514
2012-07-10,A,296
2012-07-10,AB,95
2012-07-10,B,370
2012-07-10,O,529
2012-07-11,A,322
2012-07-11,AB,103
2012-07-11,B,387
2012-07-11,O,520
2012-07-12,A,339
2012-07-12,AB,96
2012-07-12,B,412
2012-07-12,O,535
2012-07-13,A,303
2012-07-13,AB,97
2012-07-13,B,432
2012-07-13,O,1532
2012-07-14,A,318
2012-07-14,AB,91
2012-07-14,B,391
2012-07-14,O,541
2012-07-15,A,321
2012-07-15,AB,90
2012-07-15,B,402
2012-07-15,O,513
2012-07-16,A,357
2012-07-16,AB,96
2012-07-16,B,425
2012-07-16,O,627
2012-07-17,A,331
2012-07-17,AB,115
2012-07-17,B,452
2012-07-17,O,595
2012-07-18,A,382
2012-07-18,AB,93
2012-07-18,B,442
2012-07-18,O,602
2012-07-19,A,343
2012-07-19,AB,100
2012-07-19,B,482
2012-07-19,O,623
2012-07-20,A,340
2012-07-20,AB,100
2012-07-20,B,455
2012-07-20,O,634
2012-07-21,A,270
2012-07-21,AB,99
2012-07-21,B,380
2012-07-21,O,546
2012-07-22,A,335
2012-07-22,AB,72
2012-07-22,B,415
2012-07-22,O,524
2012-07-23,A,316
2012-07-23,AB,95
2012-07-23,B,418
2012-07-23,O,581
2012-07-24,A,284
2012-07-24,AB,82
2012-07-24,B,387
2012-07-24,O,563
2012-07-25,A,308
2012-07-25,AB,89
2012-07-25,B,379
2012-07-25,O,540
2012-07-26,A,294
2012-07-26,AB,82
2012-07-26,B,378
2012-07-26,O,638
2012-07-27,A,289
2012-07-27,AB,79
2012-07-27,B,407
2012-07-27,O,569
2012-07-28,A,302
2012-07-28,AB,60
2012-07-28,B,348
2012-07-28,O,472
2012-07-29,A,316
2012-07-29,AB,68
2012-07-29,B,373
2012-07-29,O,502
2012-07-30,A,735
2012-07-30,AB,82
2012-07-30,B,396
2012-07-30,O,548
2012-07-31,A,289
2012-07-31,AB,87
2012-07-31,B,399
2012-07-31,O,533
2012-08-01,A,289
2012-08-01,AB,97
2012-08-01,B,347
2012-08-01,O,524
2012-08-02,A,315
2012-08-02,AB,82
2012-08-02,B,330
2012-08-02,O,495
2012-08-03,A,271
2012-08-03,AB,93
2012-08-03,B,330
2012-08-03,O,534
2012-08-04,A,259
2012-08-04,AB,62
2012-08-04,B,308
2012-08-04,O,473
2012-08-05,A,242
2012-08-05,AB,76
2012-08-05,B,345
2012-08-05,O,474
2012-08-06,A,281
2012-08-06,AB,76
2012-08-06,B,358
2012-08-06,O,515
2012-08-07,A,277
2012-08-07,AB,68
2012-08-07,B,314
2012-08-07,O,414
2012-08-08,A,286
2012-08-08,AB,83
2012-08-08,B,304
2012-08-08,O,511
2012-08-09,A,258
2012-08-09,AB,87
2012-08-09,B,294
2012-08-09,O,456
2012-08-10,A,263
2012-08-10,AB,67
2012-08-10,B,283
2012-08-10,O,448
2012-08-11,A,236
2012-08-11,AB,76
2012-08-11,B,267
2012-08-11,O,388
2012-08-12,A,245
2012-08-12,AB,70
2012-08-12,B,292
2012-08-12,O,387
2012-08-13,A,254
2012-08-13,AB,61
2012-08-13,B,309
2012-08-13,O,447
2012-08-14,A,223
2012-08-14,AB,64
2012-08-14,B,240
2012-08-14,O,345
2012-08-15,A,225
2012-08-15,AB,60
2012-08-15,B,253
2012-08-15,O,364
2012-08-16,A,203
2012-08-16,AB,73
2012-08-16,B,288
2012-08-16,O,358
2012-08-17,A,195
2012-08-17,AB,57
2012-08-17,B,255
2012-08-17,O,350
2012-08-18,A,179
2012-08-18,AB,46
2012-08-18,B,188
2012-08-18,O,319
2012-08-19,A,168
2012-08-19,AB,51
2012-08-19,B,171
2012-08-19,O,745
2012-08-20,A,183
2012-08-20,AB,49
2012-08-20,B,204
2012-08-20,O,321
2012-08-21,A,164
2012-08-21,AB,47
2012-08-21,B,195
2012-08-21,O,275
2012-08-22,A,154
2012-08-22,AB,39
2012-08-22,B,192
2012-08-22,O,277
2012-08-23,A,184
2012-08-23,AB,38
2012-08-23,B,205
2012-08-23,O,320
2012-08-24,A,186
2012-08-24,AB,50
2012-08-24,B,197
2012-08-24,O,346
2012-08-25,A,168
2012-08-25,AB,42
2012-08-25,B,193
2012-08-25,O,325
2012-08-26,A,180
2012-08-26,AB,47
2012-08-26,B,199
2012-08-26,O,293
2012-08-27,A,203
2012-08-27,AB,62
2012-08-27,B,204
2012-08-27,O,332
2012-08-28,A,183
2012-08-28,AB,44
2012-08-28,B,230
2012-08-28,O,327
2012-08-29,A,171
2012-08-29,AB,61
2012-08-29,B,240
2012-08-29,O,340
2012-08-30,A,175
2012-08-30,AB,51
2012-08-30,B,236
2012-08-30,O,357
2012-08-31,A,184
2012-08-31,AB,67
2012-08-31,B,268
2012-08-31,O,351
2012-09-01,A,195
2012-09-01,AB,42
2012-09-01,B,252
2012-09-01,O,297
2012-09-02,A,193
2012-09-02,AB,48
2012-09-02,B,262
2012-09-02,O,359
2012-09-03,A,194
2012-09-03,AB,61
2012-09-03,B,273
2012-09-03,O,409
2012-09-04,A,227
2012-09-04,AB,44
2012-09-04,B,244
2012-09-04,O,357
2012-09-05,A,218
2012-09-05,AB,54
2012-09-05,B,272
2012-09-05,O,360
2012-09-06,A,206
2012-09-06,AB,67
2012-09-06,B,274
2012-09-06,O,368
2012-09-07,A,241
2012-09-07,AB,62
2012-09-07,B,268
2012-09-07,O,369
2012-09-08,A,231
2012-09-08,AB,60
2012-09-08,B,275
2012-09-08,O,337
2012-09-09,A,240
2012-09-09,AB,59
2012-09-09,B,272
2012-09-09,O,353
2012-09-10,A,283
2012-09-10,AB,60
2012-09-10,B,286
2012-09-10,O,364
2012-09-11,A,297
2012-09-11,AB,61
2012-09-11,B,319
2012-09-11,O,530
2012-09-12,A,296
2012-09-12,AB,98
2012-09-12,B,322
2012-09-12,O,474
2012-09-13,A,303
2012-09-13,AB,78
2012-09-13,B,358
2012-09-13,O,487
2012-09-14,A,294
2012-09-14,AB,80
2012-09-14,B,321
2012-09-14,O,488
2012-09-15,A,286
2012-09-15,AB,60
2012-09-15,B,305
2012-09-15,O,412
2012-09-16,A,291
2012-09-16,AB,98
2012-09-16,B,329
2012-09-16,O,446
2012-09-17,A,358
2012-09-17,AB,88
2012-09-17,B,306
2012-09-17,O,491
2012-09-18,A,318
2012-09-18,AB,97
2012-09-18,B,319
2012-09-18,O,462
2012-09-19,A,387
2012-09-19,AB,113
2012-09-19,B,367
2012-09-19,O,535
2012-09-20,A,355
2012-09-20,AB,94
2012-09-20,B,383
2012-09-20,O,510
2012-09-21,A,349
2012-09-21,AB,77
2012-09-21,B,340
2012-09-21,O,511
2012-09-22,A,329
2012-09-22,AB,101
2012-09-22,B,349
2012-09-22,O,446
2012-09-23,A,361
2012-09-23,AB,97
2012-09-23,B,353
2012-09-23,O,529
2012-09-24,A,361
2012-09-24,AB,103
2012-09-24,B,377
2012-09-24,O,562
2012-09-25,A,378
2012-09-25,AB,100
2012-09-25,B,342
2012-09-25,O,1024
2012-09-26,A,381
2012-09-26,AB,108
2012-09-26,B,343
2012-09-26,O,534
2012-09-27,A,352
2012-09-27,AB,106
2012-09-27,B,356
2012-09-27,O,578
2012-09-28,A,358
2012-09-28,AB,104
2012-09-28,B,362
2012-09-28,O,568
2012-09-29,A,310
2012-09-29,AB,88
2012-09-29,B,337
2012-09-29,O,494
2012-09-30,A,334
2012-09-30,AB,99
2012-09-30,B,342
2012-09-30,O,493
2012-10-01,A,370
2012-10-01,AB,99
2012-10-01,B,358
2012-10-01,O,550
2012-10-02,A,306
2012-10-02,AB,105
2012-10-02,B,350
2012-10-02,O,510
2012-10-03,A,332
2012-10-03,AB,93
2012-10-03,B,380
2012-10-03,O,557
2012-10-04,A,335
2012-10-04,AB,101
2012-10-04,B,355
2012-10-04,O,520
2012-10-05,A,331
2012-10-05,AB,101
2012-10-05,B,358
2012-10-05,O,559
2012-10-06,A,361
2012-10-06,AB,94
2012-10-06,B,320
2012-10-06,O,543
2012-10-07,A,365
2012-10-07,AB,91
2012-10-07,B,338
2012-10-07,O,537
2012-10-08,A,357
2012-10-08,AB,97
2012-10-08,B,369
2012-10-08,O,540
2012-10-09,A,338
2012-10-09,AB,80
2012-10-09,B,336
2012-10-09,O,549
2012-10-10,A,344
2012-10-10,AB,105
2012-10-10,B,334
2012-10-10,O,494
2012-10-11,A,339
2012-10-11,AB,89
2012-10-11,B,316
2012-10-11,O,462
2012-10-12,A,487
2012-10-12,AB,92
2012-10-12,B,279
2012-10-12,O,454
2012-10-13,A,263
2012-10-13,AB,82
2012-10-13,B,273
2012-10-13,O,432
2012-10-14,A,284
2012-10-14,AB,82
2012-10-14,B,262
2012-10-14,O,422
2012-10-15,A,311
2012-10-15,AB,93
2012-10-15,B,323
2012-10-15,O,442
2012-10-16,A,295
2012-10-16,AB,87
2012-10-16,B,319
2012-10-16,O,454
2012-10-17,A,314
2012-10-17,AB,84
2012-10-17,B,305
2012-10-17,O,479
2012-10-18,A,350
2012-10-18,AB,85
2012-10-18,B,331
2012-10-18,O,478
2012-10-19,A,297
2012-10-19,AB,81
2012-10-19,B,297
2012-10-19,O,494
2012-10-20,A,291
2012-10-20,AB,84
2012-10-20,B,255
2012-10-20,O,420
2012-10-21,A,304
2012-10-21,AB,96
2012-10-21,B,309
2012-10-21,O,444
2012-10-22,A,339
2012-10-22,AB,100
2012-10-22,B,327
2012-10-22,O,495
2012-10-23,A,324
2012-10-23,AB,103
2012-10-23,B,320
2012-10-23,O,535
2012-10-24,A,328
2012-10-24,AB,89
2012-10-24,B,309
2012-10-24,O,498
2012-10-25,A,308
2012-10-25,AB,73
2012-10-25,B,310
2012-10-25,O,536
2012-10-26,A,265
2012-10-26,AB,91
2012-10-26,B,305
2012-10-26,O,496
2012-10-27,A,278
2012-10-27,AB,64
2012-10-27,B,263
2012-10-27,O,461
2012-10-28,A,299
2012-10-28,AB,68
2012-10-28,B,267
2012-10-28,O,495
2012-10-29,A,275
2012-10-29,AB,89
2012-10-29,B,302
2012-10-29,O,498
2012-10-30,A,293
2012-10-30,AB,76
2012-10-30,B,308
2012-10-30,O,479
2012-10-31,A,277
2012-10-31,AB,75
2012-10-31,B,307
2012-10-31,O,480
2012-11-01,A,294
2012-11-01,AB,79
2012-11-01,B,282
2012-11-01,O,490
2012-11-02,A,289
2012-11-02,AB,96
2012-11-02,B,313
2012-11-02,O,495
2012-11-03,A,253
2012-11-03,AB,67
2012-11-03,B,313
2012-11-03,O,460
2012-11-04,A,288
2012-11-04,AB,73
2012-11-04,B,336
2012-11-04,O,464
2012-11-05,A,314
2012-11-05,AB,73
2012-11-05,B,292
2012-11-05,O,492
2012-11-06,A,301
2012-11-06,AB,69
2012-11-06,B,308
2012-11-06,O,528
2012-11-07,A,273
2012-11-07,AB,77
2012-11-07,B,288
2012-11-07,O,481
2012-11-08,A,274
2012-11-08,AB,77
2012-11-08,B,318
2012-11-08,O,537
2012-11-09,A,287
2012-11-09,AB,91
2012-11-09,B,303
2012-11-09,O,496
2012-11-10,A,294
2012-11-10,AB,60
2012-11-10,B,301
2012-11-10,O,500
2012-11-11,A,281
2012-11-11,AB,75
2012-11-11,B,275
2012-11-11,O,482
2012-11-12,A,307
2012-11-12,AB,73
2012-11-12,B,327
2012-11-12,O,521
2012-11-13,A,269
2012-11-13,AB,69
2012-11-13,B,292
2012-11-13,O,492
2012-11-14,A,317
2012-11-14,AB,72
2012-11-14,B,309
2012-11-14,O,454
2012-11-15,A,287
2012-11-15,AB,82
2012-11-15,B,287
2012-11-15,O,460
2012-11-16,A,690
2012-11-16,AB,70
2012-11-16,B,306
2012-11-16,O,476
2012-11-17,A,288
2012-11-17,AB,68
2012-11-17,B,245
2012-11-17,O,447
2012-11-18,A,305
2012-11-18,AB,61
2012-11-18,B,252
2012-11-18,O,455
2012-11-19,A,276
2012-11-19,AB,98
2012-11-19,B,324
2012-11-19,O,492
2012-11-20,A,303
2012-11-20,AB,68
2012-11-20,B,319
2012-11-20,O,462
2012-11-21,A,311
2012-11-21,AB,85
2012-11-21,B,293
2012-11-21,O,471
2012-11-22,A,292
2012-11-22,AB,55
2012-11-22,B,306
2012-11-22,O,497
2012-11-23,A,301
2012-11-23,AB,62
2012-11-23,B,306
2012-11-23,O,475
2012-11-24,A,257
2012-11-24,AB,59
2012-11-24,B,273
2012-11-24,O,471
2012-11-25,A,276
2012-11-25,AB,86
2012-11-25,B,287
2012-11-25,O,458
2012-11-26,A,298
2012-11-26,AB,87
2012-11-26,B,296
2012-11-26,O,517
2012-11-27,A,282
2012-11-27,AB,78
2012-11-27,B,314
2012-11-27,O,486
2012-11-28,A,329
2012-11-28,AB,69
2012-11-28,B,292
2012-11-28,O,521
2012-11-29,A,320
2012-11-29,AB,83
2012-11-29,B,341
2012-11-29,O,525
2012-11-30,A,290
2012-11-30,AB,71
2012-11-30,B,281
2012-11-30,O,563
2012-12-01,A,290
2012-12-01,AB,70
2012-12-01,B,304
2012-12-01,O,443
2012-12-02,A,305
2012-12-02,AB,52
2012-12-02,B,316
2012-12-02,O,518
2012-12-03,A,317
2012-12-03,AB,95
2012-12-03,B,329
2012-12-03,O,551
2012-12-04,A,296
2012-12-04,AB,77
2012-12-04,B,328
2012-12-04,O,500
2012-12-05,A,325
2012-12-05,AB,84
2012-12-05,B,372
2012-12-05,O,459
2012-12-06,A,274
2012-12-06,AB,92
2012-12-06,B,286
2012-12-06,O,494
2012-12-07,A,289
2012-12-07,AB,74
2012-12-07,B,294
2012-12-07,O,504
2012-12-08,A,265
2012-12-08,AB,91
2012-12-08,B,261
2012-12-08,O,413
2012-12-09,A,254
2012-12-09,AB,96
2012-12-09,B,265
2012-12-09,O,418
2012-12-10,A,272
2012-12-10,AB,74
2012-12-10,B,288
2012-12-10,O,479
2012-12-11,A,275
2012-12-11,AB,95
2012-12-11,B,305
2012-12-11,O,478
2012-12-12,A,299
2012-12-12,AB,88
2012-12-12,B,281
2012-12-12,O,521
2012-12-13,A,273
2012-12-13,AB,71
2012-12-13,B,293
2012-12-13,O,461
2012-12-14,A,308
2012-12-14,AB,84
2012-12-14,B,325
2012-12-14,O,476
2012-12-15,A,292
2012-12-15,AB,91
2012-12-15,B,257
2012-12-15,O,426
2012-12-16,A,270
2012-12-16,AB,74
2012-12-16,B,253
2012-12-16,O,401
2012-12-17,A,339
2012-12-17,AB,94
2012-12-17,B,309
2012-12-17,O,473
2012-12-18,A,311
2012-12-18,AB,71
2012-12-18,B,297
2012-12-18,O,473
2012-12-19,A,294
2012-12-19,AB,95
2012-12-19,B,336
2012-12-19,O,474
2012-12-20,A,286
2012-12-20,AB,74
2012-12-20,B,326
2012-12-20,O,498
2012-12-21,A,327
2012-12-21,AB,75
2012-12-21,B,287
2012-12-21,O,516
2012-12-22,A,253
2012-12-22,AB,71
2012-12-22,B,316
2012-12-22,O,411
2012-12-23,A,272
2012-12-23,AB,66
2012-12-23,B,301
2012-12-23,O,460
2012-12-24,A,289
2012-12-24,AB,75
2012-12-24,B,314
2012-12-24,O,463
2012-12-25,A,282
2012-12-25,AB,74
2012-12-25,B,312
2012-12-25,O,431
2012-12-26,A,292
2012-12-26,AB,81
2012-12-26,B,322
2012-12-26,O,424
2012-12-27,A,264
2012-12-27,AB,77
2012-12-27,B,323
2012-12-27,O,456
2012-12-28,A,267
2012-12-28,AB,82
2012-12-28,B,293
2012-12-28,O,432
2012-12-29,A,269
2012-12-29,AB,58
2012-12-29,B,273
2012-12-29,O,375
2012-12-30,A,270
2012-12-30,AB,56
2012-12-30,B,305
2012-12-30,O,408
2012-12-31,A,255
2012-12-31,AB,67
2012-12-31,B,312
2012-12-31,O,386
2013-01-01,A,285
2013-01-01,AB,62
2013-01-01,B,267
2013-01-01,O,406
2013-01-02,A,244
2013-01-02,AB,71
2013-01-02,B,289
2013-01-02,O,408
2013-01-03,A,276
2013-01-03,AB,103
2013-01-03,B,265
2013-01-03,O,446
2013-01-04,A,234
2013-01-04,AB,64
2013-01-04,B,272
2013-01-04,O,384
2013-01-05,A,192
2013-01-05,AB,56
2013-01-05,B,261
2013-01-05,O,341
2013-01-06,A,228
2013-01-06,AB,56
2013-01-06,B,288
2013-01-06,O,375
2013-01-07,A,256
2013-01-07,AB,57
2013-01-07,B,295
2013-01-07,O,397
2013-01-08,A,230
2013-01-08,AB,70
2013-01-08,B,264
2013-01-08,O,387
2013-01-09,A,234
2013-01-09,AB,58
2013-01-09,B,278
2013-01-09,O,411
2013-01-10,A,256
2013-01-10,AB,66
2013-01-10,B,272
2013-01-10,O,384
2013-01-11,A,278
2013-01-11,AB,61
2013-01-11,B,289
2013-01-11,O,383
2013-01-12,A,231
2013-01-12,AB,50
2013-01-12,B,261
2013-01-12,O,359
2013-01-13,A,238
2013-01-13,AB,78
2013-01-13,B,277
2013-01-13,O,428
2013-01-14,A,289
2013-01-14,AB,53
2013-01-14,B,318
2013-01-14,O,440
2013-01-15,A,255
2013-01-15,AB,54
2013-01-15,B,313
2013-01-15,O,367
2013-01-16,A,288
2013-01-16,AB,54
2013-01-16,B,280
2013-01-16,O,402
2013-01-17,A,259
2013-01-17,AB,63
2013-01-17,B,331
2013-01-17,O,414
2013-01-18,A,238
2013-01-18,AB,70
2013-01-18,B,301
2013-01-18,O,403
2013-01-19,A,266
2013-01-19,AB,59
2013-01-19,B,273
2013-01-19,O,361
2013-01-20,A,281
2013-01-20,AB,60
2013-01-20,B,293
2013-01-20,O,394
2013-01-21,A,293
2013-01-21,AB,72
2013-01-21,B,312
2013-01-21,O,392
2013-01-22,A,269
2013-01-22,AB,78
2013-01-22,B,313
2013-01-22,O,435
2013-01-23,A,265
2013-01-23,AB,69
2013-01-23,B,308
2013-01-23,O,444
2013-01-24,A,268
2013-01-24,AB,70
2013-01-24,B,805
2013-01-24,O,429
2013-01-25,A,296
2013-01-25,AB,54
2013-01-25,B,319
2013-01-25,O,434
2013-01-26,A,285
2013-01-26,AB,69
2013-01-26,B,336
2013-01-26,O,457
2013-01-27,A,665
2013-01-27,AB,60
2013-01-27,B,339
2013-01-27,O,415
2013-01-28,A,312
2013-01-28,AB,110
2013-01-28,B,386
2013-01-28,O,438
2013-01-29,A,304
2013-01-29,AB,97
2013-01-29,B,347
2013-01-29,O,444
2013-01-30,A,291
2013-01-30,AB,107
2013-01-30,B,375
2013-01-30,O,496
2013-01-31,A,340
2013-01-31,AB,105
2013-01-31,B,366
2013-01-31,O,481
2013-02-01,A,286
2013-02-01,AB,103
2013-02-01,B,366
2013-02-01,O,459
2013-02-02,A,284
2013-02-02,AB,82
2013-02-02,B,304
2013-02-02,O,671
2013-02-03,A,275
2013-02-03,AB,108
2013-02-03,B,336
2013-02-03,O,442
2013-02-04,A,306
2013-02-04,AB,120
2013-02-04,B,412
2013-02-04,O,473
2013-02-05,A,300
2013-02-05,AB,127
2013-02-05,B,408
2013-02-05,O,459
2013-02-06,A,340
2013-02-06,AB,113
2013-02-06,B,367
2013-02-06,O,437
2013-02-07,A,314
2013-02-07,AB,134
2013-02-07,B,366
2013-02-07,O,465
2013-02-08,A,319
2013-02-08,AB,81
2013-02-08,B,376
2013-02-08,O,475
2013-02-09,A,282
2013-02-09,AB,54
2013-02-09,B,312
2013-02-09,O,449
2013-02-10,A,294
2013-02-10,AB,75
2013-02-10,B,350
2013-02-10,O,427
2013-02-11,A,293
2013-02-11,AB,65
2013-02-11,B,374
2013-02-11,O,470
2013-02-12,A,312
2013-02-12,AB,57
2013-02-12,B,363
2013-02-12,O,452
2013-02-13,A,277
2013-02-13,AB,70
2013-02-13,B,379
2013-02-13,O,421
2013-02-14,A,286
2013-02-14,AB,55
2013-02-14,B,354
2013-02-14,O,421
2013-02-15,A,287
2013-02-15,AB,68
2013-02-15,B,329
2013-02-15,O,426
2013-02-16,A,246
2013-02-16,AB,51
2013-02-16,B,310
2013-02-16,O,334
2013-02-17,A,235
2013-02-17,AB,58
2013-02-17,B,305
2013-02-17,O,348
2013-02-18,A,257
2013-02-18,AB,58
2013-02-18,B,330
2013-02-18,O,398
2013-02-19,A,288
2013-02-19,AB,50
2013-02-19,B,367
2013-02-19,O,361
2013-02-20,A,269
2013-02-20,AB,68
2013-02-20,B,330
2013-02-20,O,411
2013-02-21,A,263
2013-02-21,AB,59
2013-02-21,B,384
2013-02-21,O,407
2013-02-22,A,258
2013-02-22,AB,58
2013-02-22,B,290
2013-02-22,O,364
2013-02-23,A,236
2013-02-23,AB,65
2013-02-23,B,288
2013-02-23,O,342
2013-02-24,A,267
2013-02-24,AB,62
2013-02-24,B,300
2013-02-24,O,370
2013-02-25,A,258
2013-02-25,AB,56
2013-02-25,B,327
2013-02-25,O,346
2013-02-26,A,280
2013-02-26,AB,61
2013-02-26,B,301
2013-02-26,O,366
2013-02-27,A,306
2013-02-27,AB,61
2013-02-27,B,320
2013-02-27,O,354
2013-02-28,A,274
2013-02-28,AB,68
2013-02-28,B,297
2013-02-28,O,362
2013-03-01,A,287
2013-03-01,AB,68
2013-03-01,B,325
2013-03-01,O,326
2013-03-02,A,219
2013-03-02,AB,64
2013-03-02,B,322
2013-03-02,O,321
2013-03-03,A,263
2013-03-03,AB,77
2013-03-03,B,357
2013-03-03,O,336
2013-03-04,A,307
2013-03-04,AB,67
2013-03-04,B,331
2013-03-04,O,427
2013-03-05,A,308
2013-03-05,AB,70
2013-03-05,B,366
2013-03-05,O,387
2013-03-06,A,277
2013-03-06,AB,132
2013-03-06,B,367
2013-03-06,O,435
2013-03-07,A,305
2013-03-07,AB,63
2013-03-07,B,356
2013-03-07,O,437
2013-03-08,A,291
2013-03-08,AB,78
2013-03-08,B,347
2013-03-08,O,392
2013-03-09,A,274
2013-03-09,AB,53
2013-03-09,B,356
2013-03-09,O,361
2013-03-10,A,294
2013-03-10,AB,59
2013-03-10,B,327
2013-03-10,O,337
2013-03-11,A,276
2013-03-11,AB,82
2013-03-11,B,389
2013-03-11,O,427
2013-03-12,A,285
2013-03-12,AB,60
2013-03-12,B,395
2013-03-12,O,413
2013-03-13,A,311
2013-03-13,AB,78
2013-03-13,B,395
2013-03-13,O,456
2013-03-14,A,329
2013-03-14,AB,68
2013-03-14,B,413
2013-03-14,O,493
2013-03-15,A,327
2013-03-15,AB,127
2013-03-15,B,376
2013-03-15,O,474
2013-03-16,A,304
2013-03-16,AB,64
2013-03-16,B,395
2013-03-16,O,437
2013-03-17,A,323
2013-03-17,AB,65
2013-03-17,B,371
2013-03-17,O,433
2013-03-18,A,303
2013-03-18,AB,94
2013-03-18,B,409
2013-03-18,O,477
2013-03-19,A,452
2013-03-19,AB,77
2013-03-19,B,445
2013-03-19,O,511
2013-03-20,A,502
2013-03-20,AB,87
2013-03-20,B,436
2013-03-20,O,484
2013-03-21,A,493
2013-03-21,AB,78
2013-03-21,B,405
2013-03-21,O,479
2013-03-22,A,496
2013-03-22,AB,83
2013-03-22,B,403
2013-03-22,O,493
2013-03-23,A,466
2013-03-23,AB,95
2013-03-23,B,349
2013-03-23,O,497
2013-03-24,A,460
2013-03-24,AB,83
2013-03-24,B,415
2013-03-24,O,451
2013-03-25,A,477
2013-03-25,AB,81
2013-03-25,B,414
2013-03-25,O,493
2013-03-26,A,453
2013-03-26,AB,87
2013-03-26,B,406
2013-03-26,O,1358
2013-03-27,A,495
2013-03-27,AB,73
2013-03-27,B,424
2013-03-27,O,503
2013-03-28,A,467
2013-03-28,AB,91
2013-03-28,B,417
2013-03-28,O,538
2013-03-29,A,463
2013-03-29,AB,71
2013-03-29,B,456
2013-03-29,O,488
2013-03-30,A,410
2013-03-30,AB,67
2013-03-30,B,385
2013-03-30,O,461
2013-03-31,A,426
2013-03-31,AB,63
2013-03-31,B,446
2013-03-31,O,427
2013-04-01,A,429
2013-04-01,AB,75
2013-04-01,B,404
2013-04-01,O,464
2013-04-02,A,465
2013-04-02,AB,89
2013-04-02,B,394
2013-04-02,O,462
2013-04-03,A,460
2013-04-03,AB,68
2013-04-03,B,465
2013-04-03,O,492
2013-04-04,A,481
2013-04-04,AB,81
2013-04-04,B,376
2013-04-04,O,488
2013-04-05,A,430
2013-04-05,AB,61
2013-04-05,B,410
2013-04-05,O,499
2013-04-06,A,411
2013-04-06,AB,58
2013-04-06,B,342
2013-04-06,O,455
2013-04-07,A,386
2013-04-07,AB,43
2013-04-07,B,332
2013-04-07,O,500
2013-04-08,A,471
2013-04-08,AB,57
2013-04-08,B,413
2013-04-08,O,523
2013-04-09,A,448
2013-04-09,AB,59
2013-04-09,B,333
2013-04-09,O,516
2013-04-10,A,460
2013-04-10,AB,71
2013-04-10,B,347
2013-04-10,O,523
2013-04-11,A,324
2013-04-11,AB,69
2013-04-11,B,347
2013-04-11,O,480
2013-04-12,A,331
2013-04-12,AB,59
2013-04-12,B,318
2013-04-12,O,460
2013-04-13,A,290
2013-04-13,AB,53
2013-04-13,B,303
2013-04-13,O,439
2013-04-14,A,291
2013-04-14,AB,72
2013-04-14,B,278
2013-04-14,O,491
2013-04-15,A,297
2013-04-15,AB,56
2013-04-15,B,343
2013-04-15,O,451
2013-04-16,A,297
2013-04-16,AB,62
2013-04-16,B,276
2013-04-16,O,441
2013-04-17,A,313
2013-04-17,AB,73
2013-04-17,B,343
2013-04-17,O,476
2013-04-18,A,259
2013-04-18,AB,49
2013-04-18,B,312
2013-04-18,O,483
2013-04-19,A,296
2013-04-19,AB,58
2013-04-19,B,319
2013-04-19,O,489
2013-04-20,A,274
2013-04-20,AB,69
2013-04-20,B,288
2013-04-20,O,420
2013-04-21,A,261
2013-04-21,AB,60
2013-04-21,B,292
2013-04-21,O,442
2013-04-22,A,294
2013-04-22,AB,77
2013-04-22,B,308
2013-04-22,O,492
2013-04-23,A,253
2013-04-23,AB,79
2013-04-23,B,334
2013-04-23,O,478
2013-04-24,A,272
2013-04-24,AB,66
2013-04-24,B,267
2013-04-24,O,428
2013-04-25,A,290
2013-04-25,AB,70
2013-04-25,B,274
2013-04-25,O,434
2013-04-26,A,278
2013-04-26,AB,60
2013-04-26,B,304
2013-04-26,O,479
2013-04-27,A,275
2013-04-27,AB,52
2013-04-27,B,309
2013-04-27,O,441
2013-04-28,A,272
2013-04-28,AB,55
2013-04-28,B,241
2013-04-28,O,427
2013-04-29,A,296
2013-04-29,AB,65
2013-04-29,B,307
2013-04-29,O,1384
2013-04-30,A,295
2013-04-30,AB,61
2013-04-30,B,284
2013-04-30,O,532
2013-05-01,A,325
2013-05-01,AB,70
2013-05-01,B,324
2013-05-01,O,523
2013-05-02,A,325
2013-05-02,AB,53
2013-05-02,B,322
2013-05-02,O,570
2013-05-03,A,311
2013-05-03,AB,54
2013-05-03,B,337
2013-05-03,O,509
2013-05-04,A,768
2013-05-04,AB,57
2013-05-04,B,275
2013-05-04,O,468
2013-05-05,A,279
2013-05-05,AB,54
2013-05-05,B,286
2013-05-05,O,499
2013-05-06,A,269
2013-05-06,AB,77
2013-05-06,B,265
2013-05-06,O,470
2013-05-07,A,303
2013-05-07,AB,58
2013-05-07,B,280
2013-05-07,O,455
2013-05-08,A,284
2013-05-08,AB,49
2013-05-08,B,293
2013-05-08,O,436
2013-05-09,A,279
2013-05-09,AB,49
2013-05-09,B,282
2013-05-09,O,464
2013-05-10,A,276
2013-05-10,AB,49
2013-05-10,B,277
2013-05-10,O,465
2013-05-11,A,237
2013-05-11,AB,51
2013-05-11,B,237
2013-05-11,O,416
2013-05-12,A,256
2013-05-12,AB,51
2013-05-12,B,265
2013-05-12,O,407
2013-05-13,A,265
2013-05-13,AB,52
2013-05-13,B,299
2013-05-13,O,444
2013-05-14,A,303
2013-05-14,AB,51
2013-05-14,B,276
2013-05-14,O,443
2013-05-15,A,263
2013-05-15,AB,64
2013-05-15,B,280
2013-05-15,O,480
2013-05-16,A,268
2013-05-16,AB,80
2013-05-16,B,287
2013-05-16,O,469
2013-05-17,A,282
2013-05-17,AB,50
2013-05-17,B,265
2013-05-17,O,451
2013-05-18,A,246
2013-05-18,AB,56
2013-05-18,B,244
2013-05-18,O,407
2013-05-19,A,587
2013-05-19,AB,61
2013-05-19,B,284
2013-05-19,O,438
2013-05-20,A,306
2013-05-20,AB,68
2013-05-20,B,278
2013-05-20,O,457
2013-05-21,A,288
2013-05-21,AB,67
2013-05-21,B,281
2013-05-21,O,477
2013-05-22,A,278
2013-05-22,AB,67
2013-05-22,B,305
2013-05-22,O,414
2013-05-23,A,279
2013-05-23,AB,62
2013-05-23,B,270
2013-05-23,O,475
2013-05-24,A,264
2013-05-24,AB,81
2013-05-24,B,286
2013-05-24,O,480
2013-05-25,A,282
2013-05-25,AB,65
2013-05-25,B,266
2013-05-25,O,441
2013-05-26,A,268
2013-05-26,AB,68
2013-05-26,B,267
2013-05-26,O,458
2013-05-27,A,286
2013-05-27,AB,80
2013-05-27,B,308
2013-05-27,O,532
2013-05-28,A,290
2013-05-28,AB,74
2013-05-28,B,292
2013-05-28,O,515
2013-05-29,A,301
2013-05-29,AB,75
2013-05-29,B,265
2013-05-29,O,506
2013-05-30,A,272
2013-05-30,AB,54
2013-05-30,B,284
2013-05-30,O,523
2013-05-31,A,264
2013-05-31,AB,75
2013-05-31,B,298
2013-05-31,O,460
2013-06-01,A,254
2013-06-01,AB,69
2013-06-01,B,259
2013-06-01,O,485
2013-06-02,A,240
2013-06-02,AB,79
2013-06-02,B,298
2013-06-02,O,455
2013-06-03,A,282
2013-06-03,AB,73
2013-06-03,B,294
2013-06-03,O,441
2013-06-04,A,328
2013-06-04,AB,81
2013-06-04,B,315
2013-06-04,O,554
2013-06-05,A,293
2013-06-05,AB,78
2013-06-05,B,327
2013-06-05,O,568
2013-06-06,A,310
2013-06-06,AB,79
2013-06-06,B,327
2013-06-06,O,578
2013-06-07,A,308
2013-06-07,AB,77
2013-06-07,B,321
2013-06-07,O,524
2013-06-08,A,262
2013-06-08,AB,66
2013-06-08,B,275
2013-06-08,O,434
2013-06-09,A,257
2013-06-09,AB,71
2013-06-09,B,273
2013-06-09,O,470
2013-06-10,A,297
2013-06-10,AB,73
2013-06-10,B,320
2013-06-10,O,512
2013-06-11,A,333
2013-06-11,AB,72
2013-06-11,B,336
2013-06-11,O,485
2013-06-12,A,294
2013-06-12,AB,74
2013-06-12,B,320
2013-06-12,O,451
2013-06-13,A,283
2013-06-13,AB,88
2013-06-13,B,322
2013-06-13,O,455
2013-06-14,A,294
2013-06-14,AB,65
2013-06-14,B,284
2013-06-14,O,487
2013-06-15,A,278
2013-06-15,AB,69
2013-06-15,B,284
2013-06-15,O,436
2013-06-16,A,297
2013-06-16,AB,69
2013-06-16,B,291
2013-06-16,O,439
2013-06-17,A,319
2013-06-17,AB,71
2013-06-17,B,327
2013-06-17,O,506
2013-06-18,A,301
2013-06-18,AB,59
2013-06-18,B,297
2013-06-18,O,489
2013-06-19,A,311
2013-06-19,AB,73
2013-06-19,B,339
2013-06-19,O,513
2013-06-20,A,296
2013-06-20,AB,68
2013-06-20,B,338
2013-06-20,O,461
2013-06-21,A,319
2013-06-21,AB,87
2013-06-21,B,357
2013-06-21,O,524
2013-06-22,A,289
2013-06-22,AB,85
2013-06-22,B,311
2013-06-22,O,480
2013-06-23,A,280
2013-06-23,AB,78
2013-06-23,B,280
2013-06-23,O,504
2013-06-24,A,318
2013-06-24,AB,77
2013-06-24,B,299
2013-06-24,O,525
2013-06-25,A,321
2013-06-25,AB,76
2013-06-25,B,313
2013-06-25,O,506
2013-06-26,A,311
2013-06-26,AB,85
2013-06-26,B,288
2013-06-26,O,555
2013-06-27,A,332
2013-06-27,AB,95
2013-06-27,B,317
2013-06-27,O,486
2013-06-28,A,311
2013-06-28,AB,93
2013-06-28,B,333
2013-06-28,O,499
2013-06-29,A,325
2013-06-29,AB,69
2013-06-29,B,294
2013-06-29,O,469
2013-06-30,A,295
2013-06-30,AB,56
2013-06-30,B,263
2013-06-30,O,444
2013-07-01,A,364
2013-07-01,AB,77
2013-07-01,B,355
2013-07-01,O,489
2013-07-02,A,313
2013-07-02,AB,69
2013-07-02,B,326
2013-07-02,O,461
2013-07-03,A,328
2013-07-03,AB,77
2013-07-03,B,326
2013-07-03,O,544
2013-07-04,A,361
2013-07-04,AB,74
2013-07-04,B,314
2013-07-04,O,534
2013-07-05,A,308
2013-07-05,AB,72
2013-07-05,B,315
2013-07-05,O,558
2013-07-06,A,325
2013-07-06,AB,86
2013-07-06,B,300
2013-07-06,O,538
2013-07-07,A,327
2013-07-07,AB,80
2013-07-07,B,324
2013-07-07,O,570
2013-07-08,A,370
2013-07-08,AB,95
2013-07-08,B,365
2013-07-08,O,1309
2013-07-09,A,400
2013-07-09,AB,99
2013-07-09,B,350
2013-07-09,O,653
2013-07-10,A,364
2013-07-10,AB,83
2013-07-10,B,367
2013-07-10,O,624
2013-07-11,A,288
2013-07-11,AB,83
2013-07-11,B,316
2013-07-11,O,599
2013-07-12,A,370
2013-07-12,AB,88
2013-07-12,B,346
2013-07-12,O,610
2013-07-13,A,328
2013-07-13,AB,84
2013-07-13,B,266
2013-07-13,O,594
2013-07-14,A,312
2013-07-14,AB,75
2013-07-14,B,331
2013-07-14,O,611
2013-07-15,A,370
2013-07-15,AB,103
2013-07-15,B,362
2013-07-15,O,639
2013-07-16,A,345
2013-07-16,AB,88
2013-07-16,B,319
2013-07-16,O,615
2013-07-17,A,332
2013-07-17,AB,95
2013-07-17,B,347
2013-07-17,O,614
2013-07-18,A,383
2013-07-18,AB,90
2013-07-18,B,299
2013-07-18,O,612
2013-07-19,A,342
2013-07-19,AB,76
2013-07-19,B,321
2013-07-19,O,639
2013-07-20,A,270
2013-07-20,AB,70
2013-07-20,B,312
2013-07-20,O,585
2013-07-21,A,318
2013-07-21,AB,75
2013-07-21,B,314
2013-07-21,O,564
2013-07-22,A,375
2013-07-22,AB,66
2013-07-22,B,291
2013-07-22,O,614
2013-07-23,A,338
2013-07-23,AB,69
2013-07-23,B,306
2013-07-23,O,560
2013-07-24,A,343
2013-07-24,AB,81
2013-07-24,B,306
2013-07-24,O,643
2013-07-25,A,331
2013-07-25,AB,71
2013-07-25,B,303
2013-07-25,O,596
2013-07-26,A,353
2013-07-26,AB,78
2013-07-26,B,324
2013-07-26,O,593
2013-07-27,A,342
2013-07-27,AB,83
2013-07-27,B,296
2013-07-27,O,524
2013-07-28,A,340
2013-07-28,AB,77
2013-07-28,B,295
2013-07-28,O,539
2013-07-29,A,322
2013-07-29,AB,68
2013-07-29,B,303
2013-07-29,O,563
2013-07-30,A,326
2013-07-30,AB,82
2013-07-30,B,282
2013-07-30,O,572
2013-07-31,A,302
2013-07-31,AB,87
2013-07-31,B,309
2013-07-31,O,600
2013-08-01,A,307
2013-08-01,AB,73
2013-08-01,B,270
2013-08-01,O,540
2013-08-02,A,296
2013-08-02,AB,77
2013-08-02,B,271
2013-08-02,O,491
2013-08-03,A,260
2013-08-03,AB,43
2013-08-03,B,237
2013-08-03,O,486
2013-08-04,A,290
2013-08-04,AB,60
2013-08-04,B,256
2013-08-04,O,488
2013-08-05,A,303
2013-08-05,AB,59
2013-08-05,B,272
2013-08-05,O,521
2013-08-06,A,258
2013-08-06,AB,44
2013-08-06,B,216
2013-08-06,O,451
2013-08-07,A,267
2013-08-07,AB,64
2013-08-07,B,215
2013-08-07,O,445
2013-08-08,A,246
2013-08-08,AB,65
2013-08-08,B,214
2013-08-08,O,423
2013-08-09,A,247
2013-08-09,AB,48
2013-08-09,B,206
2013-08-09,O,419
2013-08-10,A,209
2013-08-10,AB,57
2013-08-10,B,174
2013-08-10,O,419
2013-08-11,A,218
2013-08-11,AB,42
2013-08-11,B,183
2013-08-11,O,425
2013-08-12,A,247
2013-08-12,AB,54
2013-08-12,B,206
2013-08-12,O,395
2013-08-13,A,198
2013-08-13,AB,44
2013-08-13,B,219
2013-08-13,O,371
2013-08-14,A,237
2013-08-14,AB,60
2013-08-14,B,222
2013-08-14,O,391
2013-08-15,A,217
2013-08-15,AB,45
2013-08-15,B,262
2013-08-15,O,380
2013-08-16,A,250
2013-08-16,AB,56
2013-08-16,B,200
2013-08-16,O,410
2013-08-17,A,205
2013-08-17,AB,39
2013-08-17,B,192
2013-08-17,O,342
2013-08-18,A,246
2013-08-18,AB,57
2013-08-18,B,223
2013-08-18,O,383
2013-08-19,A,265
2013-08-19,AB,55
2013-08-19,B,248
2013-08-19,O,416
2013-08-20,A,279
2013-08-20,AB,53
2013-08-20,B,238
2013-08-20,O,413
2013-08-21,A,274
2013-08-21,AB,63
2013-08-21,B,266
2013-08-21,O,399
2013-08-22,A,253
2013-08-22,AB,66
2013-08-22,B,244
2013-08-22,O,445
2013-08-23,A,235
2013-08-23,AB,50
2013-08-23,B,258
2013-08-23,O,392
2013-08-24,A,219
2013-08-24,AB,58
2013-08-24,B,218
2013-08-24,O,392
2013-08-25,A,225
2013-08-25,AB,57
2013-08-25,B,231
2013-08-25,O,381
2013-08-26,A,255
2013-08-26,AB,64
2013-08-26,B,229
2013-08-26,O,441
2013-08-27,A,232
2013-08-27,AB,58
2013-08-27,B,255
2013-08-27,O,393
2013-08-28,A,256
2013-08-28,AB,57
2013-08-28,B,248
2013-08-28,O,417
2013-08-29,A,266
2013-08-29,AB,58
2013-08-29,B,309
2013-08-29,O,403
2013-08-30,A,260
2013-08-30,AB,58
2013-08-30,B,290
2013-08-30,O,437
2013-08-31,A,237
2013-08-31,AB,52
2013-08-31,B,266
2013-08-31,O,385
2013-09-01,A,224
2013-09-01,AB,58
2013-09-01,B,308
2013-09-01,O,433
2013-09-02,A,286
2013-09-02,AB,57
2013-09-02,B,325
2013-09-02,O,462
2013-09-03,A,266
2013-09-03,AB,53
2013-09-03,B,311
2013-09-03,O,432
2013-09-04,A,282
2013-09-04,AB,52
2013-09-04,B,328
2013-09-04,O,470
2013-09-05,A,285
2013-09-05,AB,92
2013-09-05,B,310
2013-09-05,O,486
2013-09-06,A,271
2013-09-06,AB,67
2013-09-06,B,305
2013-09-06,O,442
2013-09-07,A,267
2013-09-07,AB,68
2013-09-07,B,284
2013-09-07,O,489
2013-09-08,A,261
2013-09-08,AB,75
2013-09-08,B,315
2013-09-08,O,519
2013-09-09,A,303
2013-09-09,AB,75
2013-09-09,B,368
2013-09-09,O,535
2013-09-10,A,308
2013-09-10,AB,91
2013-09-10,B,382
2013-09-10,O,540
2013-09-11,A,359
2013-09-11,AB,76
2013-09-11,B,380
2013-09-11,O,564
2013-09-12,A,310
2013-09-12,AB,73
2013-09-12,B,381
2013-09-12,O,563
2013-09-13,A,320
2013-09-13,AB,74
2013-09-13,B,390
2013-09-13,O,550
2013-09-14,A,320
2013-09-14,AB,69
2013-09-14,B,354
2013-09-14,O,528
2013-09-15,A,299
2013-09-15,AB,92
2013-09-15,B,369
2013-09-15,O,531
2013-09-16,A,325
2013-09-16,AB,91
2013-09-16,B,408
2013-09-16,O,584
2013-09-17,A,298
2013-09-17,AB,75
2013-09-17,B,380
2013-09-17,O,545
2013-09-18,A,352
2013-09-18,AB,88
2013-09-18,B,394
2013-09-18,O,558
2013-09-19,A,353
2013-09-19,AB,79
2013-09-19,B,389
2013-09-19,O,570
2013-09-20,A,310
2013-09-20,AB,90
2013-09-20,B,398
2013-09-20,O,568
2013-09-21,A,308
2013-09-21,AB,80
2013-09-21,B,355
2013-09-21,O,488
2013-09-22,A,315
2013-09-22,AB,82
2013-09-22,B,353
2013-09-22,O,544
2013-09-23,A,363
2013-09-23,AB,101
2013-09-23,B,353
2013-09-23,O,583
2013-09-24,A,311
2013-09-24,AB,105
2013-09-24,B,399
2013-09-24,O,608
2013-09-25,A,344
2013-09-25,AB,102
2013-09-25,B,394
2013-09-25,O,593
2013-09-26,A,311
2013-09-26,AB,92
2013-09-26,B,388
2013-09-26,O,570
2013-09-27,A,331
2013-09-27,AB,88
2013-09-27,B,402
2013-09-27,O,560
2013-09-28,A,298
2013-09-28,AB,77
2013-09-28,B,366
2013-09-28,O,504
2013-09-29,A,345
2013-09-29,AB,81
2013-09-29,B,354
2013-09-29,O,550
2013-09-30,A,334
2013-09-30,AB,84
2013-09-30,B,411
2013-09-30,O,640
2013-10-01,A,355
2013-10-01,AB,82
2013-10-01,B,393
2013-10-01,O,510
2013-10-02,A,336
2013-10-02,AB,84
2013-10-02,B,365
2013-10-02,O,600
2013-10-03,A,358
2013-10-03,AB,82
2013-10-03,B,392
2013-10-03,O,592
2013-10-04,A,317
2013-10-04,AB,64
2013-10-04,B,331
2013-10-04,O,530
2013-10-05,A,327
2013-10-05,AB,66
2013-10-05,B,330
2013-10-05,O,507
2013-10-06,A,305
2013-10-06,AB,68
2013-10-06,B,378
2013-10-06,O,544
2013-10-07,A,360
2013-10-07,AB,99
2013-10-07,B,371
2013-10-07,O,587
2013-10-08,A,373
2013-10-08,AB,68
2013-10-08,B,363
2013-10-08,O,548
2013-10-09,A,330
2013-10-09,AB,79
2013-10-09,B,352
2013-10-09,O,548
2013-10-10,A,373
2013-10-10,AB,77
2013-10-10,B,355
2013-10-10,O,584
2013-10-11,A,356
2013-10-11,AB,79
2013-10-11,B,357
2013-10-11,O,570
2013-10-12,A,337
2013-10-12,AB,64
2013-10-12,B,369
2013-10-12,O,530
2013-10-13,A,321
2013-10-13,AB,85
2013-10-13,B,342
2013-10-13,O,521
2013-10-14,A,333
2013-10-14,AB,83
2013-10-14,B,345
2013-10-14,O,552
2013-10-15,A,333
2013-10-15,AB,94
2013-10-15,B,375
2013-10-15,O,520
2013-10-16,A,335
2013-10-16,AB,65
2013-10-16,B,341
2013-10-16,O,534
2013-10-17,A,334
2013-10-17,AB,80
2013-10-17,B,326
2013-10-17,O,502
2013-10-18,A,276
2013-10-18,AB,85
2013-10-18,B,339
2013-10-18,O,513
2013-10-19,A,273
2013-10-19,AB,60
2013-10-19,B,329
2013-10-19,O,465
2013-10-20,A,282
2013-10-20,AB,80
2013-10-20,B,325
2013-10-20,O,494
2013-10-21,A,308
2013-10-21,AB,84
2013-10-21,B,934
2013-10-21,O,497
2013-10-22,A,310
2013-10-22,AB,75
2013-10-22,B,336
2013-10-22,O,526
2013-10-23,A,311
2013-10-23,AB,75
2013-10-23,B,342
2013-10-23,O,521
2013-10-24,A,320
2013-10-24,AB,82
2013-10-24,B,361
2013-10-24,O,546
2013-10-25,A,325
2013-10-25,AB,98
2013-10-25,B,350
2013-10-25,O,531
2013-10-26,A,321
2013-10-26,AB,73
2013-10-26,B,314
2013-10-26,O,494
2013-10-27,A,292
2013-10-27,AB,79
2013-10-27,B,364
2013-10-27,O,495
2013-10-28,A,314
2013-10-28,AB,85
2013-10-28,B,309
2013-10-28,O,560
2013-10-29,A,290
2013-10-29,AB,77
2013-10-29,B,362
2013-10-29,O,534
2013-10-30,A,320
2013-10-30,AB,71
2013-10-30,B,316
2013-10-30,O,491
2013-10-31,A,302
2013-10-31,AB,104
2013-10-31,B,337
2013-10-31,O,518
2013-11-01,A,321
2013-11-01,AB,95
2013-11-01,B,343
2013-11-01,O,499
2013-11-02,A,289
2013-11-02,AB,84
2013-11-02,B,332
2013-11-02,O,535
2013-11-03,A,305
2013-11-03,AB,85
2013-11-03,B,330
2013-11-03,O,523
2013-11-04,A,325
2013-11-04,AB,75
2013-11-04,B,335
2013-11-04,O,540
2013-11-05,A,356
2013-11-05,AB,84
2013-11-05,B,348
2013-11-05,O,475
2013-11-06,A,293
2013-11-06,AB,65
2013-11-06,B,343
2013-11-06,O,523
2013-11-07,A,286
2013-11-07,AB,82
2013-11-07,B,339
2013-11-07,O,763
2013-11-08,A,281
2013-11-08,AB,76
2013-11-08,B,344
2013-11-08,O,501
2013-11-09,A,261
2013-11-09,AB,73
2013-11-09,B,296
2013-11-09,O,435
2013-11-10,A,277
2013-11-10,AB,69
2013-11-10,B,276
2013-11-10,O,430
2013-11-11,A,265
2013-11-11,AB,78
2013-11-11,B,342
2013-11-11,O,488
2013-11-12,A,268
2013-11-12,AB,64
2013-11-12,B,320
2013-11-12,O,513
2013-11-13,A,320
2013-11-13,AB,75
2013-11-13,B,327
2013-11-13,O,471
2013-11-14,A,334
2013-11-14,AB,82
2013-11-14,B,312
2013-11-14,O,550
2013-11-15,A,307
2013-11-15,AB,63
2013-11-15,B,363
2013-11-15,O,516
2013-11-16,A,275
2013-11-16,AB,84
2013-11-16,B,321
2013-11-16,O,504
2013-11-17,A,281
2013-11-17,AB,81
2013-11-17,B,343
2013-11-17,O,531
2013-11-18,A,310
2013-11-18,AB,78
2013-11-18,B,356
2013-11-18,O,591
2013-11-19,A,287
2013-11-19,AB,76
2013-11-19,B,347
2013-11-19,O,539
2013-11-20,A,297
2013-11-20,AB,80
2013-11-20,B,333
2013-11-20,O,491
2013-11-21,A,282
2013-11-21,AB,80
2013-11-21,B,363
2013-11-21,O,529
2013-11-22,A,289
2013-11-22,AB,80
2013-11-22,B,330
2013-11-22,O,497
2013-11-23,A,239
2013-11-23,AB,65
2013-11-23,B,305
2013-11-23,O,488
2013-11-24,A,268
2013-11-24,AB,61
2013-11-24,B,322
2013-11-24,O,455
2013-11-25,A,291
2013-11-25,AB,71
2013-11-25,B,365
2013-11-25,O,475
2013-11-26,A,284
2013-11-26,AB,72
2013-11-26,B,340
2013-11-26,O,491
2013-11-27,A,283
2013-11-27,AB,77
2013-11-27,B,338
2013-11-27,O,501
2013-11-28,A,261
2013-11-28,AB,63
2013-11-28,B,303
2013-11-28,O,530
2013-11-29,A,277
2013-11-29,AB,83
2013-11-29,B,329
2013-11-29,O,470
2013-11-30,A,271
2013-11-30,AB,64
2013-11-30,B,315
2013-11-30,O,434
2013-12-01,A,277
2013-12-01,AB,66
2013-12-01,B,340
2013-12-01,O,449
2013-12-02,A,279
2013-12-02,AB,84
2013-12-02,B,332
2013-12-02,O,496
2013-12-03,A,251
2013-12-03,AB,70
2013-12-03,B,334
2013-12-03,O,488
2013-12-04,A,275
2013-12-04,AB,79
2013-12-04,B,336
2013-12-04,O,492
2013-12-05,A,297
2013-12-05,AB,81
2013-12-05,B,331
2013-12-05,O,487
2013-12-06,A,291
2013-12-06,AB,74
2013-12-06,B,345
2013-12-06,O,456
2013-12-07,A,255
2013-12-07,AB,67
2013-12-07,B,318
2013-12-07,O,443
2013-12-08,A,263
2013-12-08,AB,74
2013-12-08,B,302
2013-12-08,O,533
2013-12-09,A,279
2013-12-09,AB,73
2013-12-09,B,394
2013-12-09,O,537
2013-12-10,A,280
2013-12-10,AB,70
2013-12-10,B,318
2013-12-10,O,499
2013-12-11,A,263
2013-12-11,AB,85
2013-12-11,B,341
2013-12-11,O,524
2013-12-12,A,301
2013-12-12,AB,91
2013-12-12,B,359
2013-12-12,O,496
2013-12-13,A,290
2013-12-13,AB,74
2013-12-13,B,320
2013-12-13,O,498
2013-12-14,A,257
2013-12-14,AB,86
2013-12-14,B,338
2013-12-14,O,436
2013-12-15,A,270
2013-12-15,AB,68
2013-12-15,B,358
2013-12-15,O,489
2013-12-16,A,316
2013-12-16,AB,77
2013-12-16,B,352
2013-12-16,O,500
2013-12-17,A,310
2013-12-17,AB,106
2013-12-17,B,338
2013-12-17,O,496
2013-12-18,A,304
2013-12-18,AB,96
2013-12-18,B,343
2013-12-18,O,504
2013-12-19,A,315
2013-12-19,AB,75
2013-12-19,B,365
2013-12-19,O,520
2013-12-20,A,295
2013-12-20,AB,88
2013-12-20,B,351
2013-12-20,O,473
2013-12-21,A,285
2013-12-21,AB,67
2013-12-21,B,304
2013-12-21,O,436
2013-12-22,A,288
2013-12-22,AB,60
2013-12-22,B,302
2013-12-22,O,450
2013-12-23,A,337
2013-12-23,AB,83
2013-12-23,B,374
2013-12-23,O,566
2013-12-24,A,301
2013-12-24,AB,80
2013-12-24,B,331
2013-12-24,O,512
2013-12-25,A,299
2013-12-25,AB,87
2013-12-25,B,327
2013-12-25,O,510
2013-12-26,A,276
2013-12-26,AB,76
2013-12-26,B,336
2013-12-26,O,479
2013-12-27,A,302
2013-12-27,AB,75
2013-12-27,B,344
2013-12-27,O,478
2013-12-28,A,260
2013-12-28,AB,61
2013-12-28,B,334
2013-12-28,O,445
2013-12-29,A,264
2013-12-29,AB,52
2013-12-29,B,281
2013-12-29,O,480
2013-12-30,A,317
2013-12-30,AB,69
2013-12-30,B,310
2013-12-30,O,461
2013-12-31,A,280
2013-12-31,AB,71
2013-12-31,B,346
2013-12-31,O,486
2014-01-01,A,291
2014-01-01,AB,64
2014-01-01,B,329
2014-01-01,O,448
2014-01-02,A,286
2014-01-02,AB,71
2014-01-02,B,302
2014-01-02,O,462
2014-01-03,A,282
2014-01-03,AB,78
2014-01-03,B,304
2014-01-03,O,428
2014-01-04,A,256
2014-01-04,AB,59
2014-01-04,B,266
2014-01-04,O,393
2014-01-05,A,270
2014-01-05,AB,64
2014-01-05,B,265
2014-01-05,O,436
2014-01-06,A,273
2014-01-06,AB,67
2014-01-06,B,319
2014-01-06,O,471
2014-01-07,A,256
2014-01-07,AB,76
2014-01-07,B,295
2014-01-07,O,485
2014-01-08,A,253
2014-01-08,AB,72
2014-01-08,B,311
2014-01-08,O,498
2014-01-09,A,274
2014-01-09,AB,75
2014-01-09,B,297
2014-01-09,O,471
2014-01-10,A,261
2014-01-10,AB,56
2014-01-10,B,320
2014-01-10,O,474
2014-01-11,A,251
2014-01-11,AB,87
2014-01-11,B,259
2014-01-11,O,394
2014-01-12,A,256
2014-01-12,AB,63
2014-01-12,B,292
2014-01-12,O,403
2014-01-13,A,281
2014-01-13,AB,60
2014-01-13,B,283
2014-01-13,O,462
2014-01-14,A,258
2014-01-14,AB,53
2014-01-14,B,305
2014-01-14,O,424
2014-01-15,A,253
2014-01-15,AB,61
2014-01-15,B,310
2014-01-15,O,484
2014-01-16,A,283
2014-01-16,AB,73
2014-01-16,B,278
2014-01-16,O,446
2014-01-17,A,258
2014-01-17,AB,69
2014-01-17,B,312
2014-01-17,O,499
2014-01-18,A,242
2014-01-18,AB,60
2014-01-18,B,283
2014-01-18,O,466
2014-01-19,A,239
2014-01-19,AB,69
2014-01-19,B,303
2014-01-19,O,434
2014-01-20,A,263
2014-01-20,AB,79
2014-01-20,B,313
2014-01-20,O,471
2014-01-21,A,282
2014-01-21,AB,87
2014-01-21,B,323
2014-01-21,O,508
2014-01-22,A,298
2014-01-22,AB,63
2014-01-22,B,327
2014-01-22,O,482
2014-01-23,A,328
2014-01-23,AB,80
2014-01-23,B,337
2014-01-23,O,518
2014-01-24,A,296
2014-01-24,AB,81
2014-01-24,B,339
2014-01-24,O,544
2014-01-25,A,303
2014-01-25,AB,70
2014-01-25,B,325
2014-01-25,O,485
2014-01-26,A,263
2014-01-26,AB,70
2014-01-26,B,323
2014-01-26,O,466
2014-01-27,A,265
2014-01-27,AB,59
2014-01-27,B,354
2014-01-27,O,518
2014-01-28,A,316
2014-01-28,AB,70
2014-01-28,B,351
2014-01-28,O,504
2014-01-29,A,299
2014-01-29,AB,75
2014-01-29,B,350
2014-01-29,O,530
2014-01-30,A,292
2014-01-30,AB,68
2014-01-30,B,414
2014-01-30,O,547
2014-01-31,A,285
2014-01-31,AB,64
2014-01-31,B,331
2014-01-31,O,453
2014-02-01,A,259
2014-02-01,AB,72
2014-02-01,B,306
2014-02-01,O,470
2014-02-02,A,299
2014-02-02,AB,82
2014-02-02,B,323
2014-02-02,O,454
2014-02-03,A,325
2014-02-03,AB,70
2014-02-03,B,329
2014-02-03,O,524
2014-02-04,A,323
2014-02-04,AB,68
2014-02-04,B,356
2014-02-04,O,492
2014-02-05,A,300
2014-02-05,AB,83
2014-02-05,B,359
2014-02-05,O,510
2014-02-06,A,292
2014-02-06,AB,77
2014-02-06,B,325
2014-02-06,O,501
2014-02-07,A,267
2014-02-07,AB,78
2014-02-07,B,338
2014-02-07,O,446
2014-02-08,A,268
2014-02-08,AB,90
2014-02-08,B,275
2014-02-08,O,465
2014-02-09,A,281
2014-02-09,AB,61
2014-02-09,B,320
2014-02-09,O,422
2014-02-10,A,289
2014-02-10,AB,68
2014-02-10,B,373
2014-02-10,O,457
2014-02-11,A,272
2014-02-11,AB,67
2014-02-11,B,340
2014-02-11,O,485
2014-02-12,A,293
2014-02-12,AB,74
2014-02-12,B,356
2014-02-12,O,507
2014-02-13,A,276
2014-02-13,AB,75
2014-02-13,B,369
2014-02-13,O,501
2014-02-14,A,283
2014-02-14,AB,71
2014-02-14,B,350
2014-02-14,O,497
2014-02-15,A,278
2014-02-15,AB,76
2014-02-15,B,328
2014-02-15,O,430
2014-02-16,A,269
2014-02-16,AB,82
2014-02-16,B,256
2014-02-16,O,444
2014-02-17,A,284
2014-02-17,AB,70
2014-02-17,B,308
2014-02-17,O,478
2014-02-18,A,270
2014-02-18,AB,72
2014-02-18,B,319
2014-02-18,O,476
2014-02-19,A,265
2014-02-19,AB,71
2014-02-19,B,326
2014-02-19,O,451
2014-02-20,A,278
2014-02-20,AB,91
2014-02-20,B,308
2014-02-20,O,455
2014-02-21,A,286
2014-02-21,AB,69
2014-02-21,B,320
2014-02-21,O,482
2014-02-22,A,224
2014-02-22,AB,77
2014-02-22,B,262
2014-02-22,O,371
2014-02-23,A,233
2014-02-23,AB,70
2014-02-23,B,258
2014-02-23,O,386
2014-02-24,A,258
2014-02-24,AB,62
2014-02-24,B,311
2014-02-24,O,481
2014-02-25,A,289
2014-02-25,AB,74
2014-02-25,B,300
2014-02-25,O,493
2014-02-26,A,280
2014-02-26,AB,52
2014-02-26,B,323
2014-02-26,O,507
2014-02-27,A,231
2014-02-27,AB,69
2014-02-27,B,295
2014-02-27,O,495
2014-02-28,A,265
2014-02-28,AB,80
2014-02-28,B,278
2014-02-28,O,987
2014-03-01,A,240
2014-03-01,AB,69
2014-03-01,B,265
2014-03-01,O,416
2014-03-02,A,262
2014-03-02,AB,68
2014-03-02,B,269
2014-03-02,O,450
2014-03-03,A,265
2014-03-03,AB,115
2014-03-03,B,326
2014-03-03,O,514
2014-03-04,A,314
2014-03-04,AB,119
2014-03-04,B,296
2014-03-04,O,493
2014-03-05,A,260
2014-03-05,AB,98
2014-03-05,B,333
2014-03-05,O,524
2014-03-06,A,327
2014-03-06,AB,112
2014-03-06,B,339
2014-03-06,O,521
2014-03-07,A,318
2014-03-07,AB,128
2014-03-07,B,315
2014-03-07,O,490
2014-03-08,A,298
2014-03-08,AB,103
2014-03-08,B,266
2014-03-08,O,472
2014-03-09,A,297
2014-03-09,AB,108
2014-03-09,B,307
2014-03-09,O,499
2014-03-10,A,319
2014-03-10,AB,120
2014-03-10,B,349
2014-03-10,O,549
2014-03-11,A,315
2014-03-11,AB,129
2014-03-11,B,336
2014-03-11,O,556
2014-03-12,A,331
2014-03-12,AB,136
2014-03-12,B,377
2014-03-12,O,597
2014-03-13,A,309
2014-03-13,AB,119
2014-03-13,B,375
2014-03-13,O,514
2014-03-14,A,299
2014-03-14,AB,97
2014-03-14,B,351
2014-03-14,O,561
2014-03-15,A,291
2014-03-15,AB,109
2014-03-15,B,311
2014-03-15,O,513
2014-03-16,A,273
2014-03-16,AB,116
2014-03-16,B,331
2014-03-16,O,490
2014-03-17,A,305
2014-03-17,AB,110
2014-03-17,B,293
2014-03-17,O,526
2014-03-18,A,293
2014-03-18,AB,101
2014-03-18,B,349
2014-03-18,O,529
2014-03-19,A,328
2014-03-19,AB,120
2014-03-19,B,352
2014-03-19,O,582
2014-03-20,A,356
2014-03-20,AB,130
2014-03-20,B,383
2014-03-20,O,544
2014-03-21,A,321
2014-03-21,AB,120
2014-03-21,B,375
2014-03-21,O,517
2014-03-22,A,313
2014-03-22,AB,105
2014-03-22,B,316
2014-03-22,O,473
2014-03-23,A,277
2014-03-23,AB,130
2014-03-23,B,341
2014-03-23,O,532
2014-03-24,A,321
2014-03-24,AB,146
2014-03-24,B,343
2014-03-24,O,505
2014-03-25,A,323
2014-03-25,AB,116
2014-03-25,B,346
2014-03-25,O,519
2014-03-26,A,322
2014-03-26,AB,129
2014-03-26,B,290
2014-03-26,O,486
2014-03-27,A,296
2014-03-27,AB,84
2014-03-27,B,358
2014-03-27,O,474
2014-03-28,A,334
2014-03-28,AB,67
2014-03-28,B,295
2014-03-28,O,470
2014-03-29,A,245
2014-03-29,AB,74
2014-03-29,B,297
2014-03-29,O,456
2014-03-30,A,250
2014-03-30,AB,68
2014-03-30,B,275
2014-03-30,O,430
2014-03-31,A,289
2014-03-31,AB,61
2014-03-31,B,310
2014-03-31,O,493
2014-04-01,A,278
2014-04-01,AB,73
2014-04-01,B,307
2014-04-01,O,496
2014-04-02,A,266
2014-04-02,AB,89
2014-04-02,B,288
2014-04-02,O,503
2014-04-03,A,279
2014-04-03,AB,65
2014-04-03,B,320
2014-04-03,O,428
2014-04-04,A,341
2014-04-04,AB,64
2014-04-04,B,287
2014-04-04,O,433
2014-04-05,A,254
2014-04-05,AB,50
2014-04-05,B,251
2014-04-05,O,417
2014-04-06,A,260
2014-04-06,AB,67
2014-04-06,B,258
2014-04-06,O,400
2014-04-07,A,259
2014-04-07,AB,57
2014-04-07,B,562
2014-04-07,O,418
2014-04-08,A,270
2014-04-08,AB,46
2014-04-08,B,279
2014-04-08,O,398
2014-04-09,A,255
2014-04-09,AB,64
2014-04-09,B,296
2014-04-09,O,420
2014-04-10,A,252
2014-04-10,AB,69
2014-04-10,B,271
2014-04-10,O,407
2014-04-11,A,287
2014-04-11,AB,72
2014-04-11,B,297
2014-04-11,O,352
2014-04-12,A,227
2014-04-12,AB,61
2014-04-12,B,252
2014-04-12,O,356
2014-04-13,A,199
2014-04-13,AB,58
2014-04-13,B,282
2014-04-13,O,360
2014-04-14,A,253
2014-04-14,AB,61
2014-04-14,B,292
2014-04-14,O,421
2014-04-15,A,255
2014-04-15,AB,61
2014-04-15,B,286
2014-04-15,O,403
2014-04-16,A,255
2014-04-16,AB,62
2014-04-16,B,304
2014-04-16,O,433
2014-04-17,A,266
2014-04-17,AB,52
2014-04-17,B,305
2014-04-17,O,398
2014-04-18,A,256
2014-04-18,AB,71
2014-04-18,B,279
2014-04-18,O,412
2014-04-19,A,203
2014-04-19,AB,61
2014-04-19,B,269
2014-04-19,O,355
2014-04-20,A,234
2014-04-20,AB,54
2014-04-20,B,272
2014-04-20,O,420
2014-04-21,A,277
2014-04-21,AB,59
2014-04-21,B,321
2014-04-21,O,418
2014-04-22,A,276
2014-04-22,AB,62
2014-04-22,B,320
2014-04-22,O,433
2014-04-23,A,260
2014-04-23,AB,66
2014-04-23,B,303
2014-04-23,O,441
2014-04-24,A,279
2014-04-24,AB,75
2014-04-24,B,315
2014-04-24,O,423
2014-04-25,A,258
2014-04-25,AB,65
2014-04-25,B,316
2014-04-25,O,420
2014-04-26,A,235
2014-04-26,AB,66
2014-04-26,B,285
2014-04-26,O,421
2014-04-27,A,227
2014-04-27,AB,70
2014-04-27,B,273
2014-04-27,O,394
2014-04-28,A,254
2014-04-28,AB,68
2014-04-28,B,343
2014-04-28,O,501
2014-04-29,A,245
2014-04-29,AB,91
2014-04-29,B,341
2014-04-29,O,432
2014-04-30,A,232
2014-04-30,AB,83
2014-04-30,B,325
2014-04-30,O,440
2014-05-01,A,275
2014-05-01,AB,85
2014-05-01,B,371
2014-05-01,O,483
2014-05-02,A,264
2014-05-02,AB,71
2014-05-02,B,319
2014-05-02,O,463
2014-05-03,A,216
2014-05-03,AB,84
2014-05-03,B,282
2014-05-03,O,381
2014-05-04,A,242
2014-05-04,AB,63
2014-05-04,B,297
2014-05-04,O,430
2014-05-05,A,251
2014-05-05,AB,73
2014-05-05,B,331
2014-05-05,O,452
2014-05-06,A,273
2014-05-06,AB,73
2014-05-06,B,325
2014-05-06,O,445
2014-05-07,A,285
2014-05-07,AB,70
2014-05-07,B,377
2014-05-07,O,443
2014-05-08,A,261
2014-05-08,AB,76
2014-05-08,B,345
2014-05-08,O,538
2014-05-09,A,279
2014-05-09,AB,85
2014-05-09,B,307
2014-05-09,O,460
2014-05-10,A,261
2014-05-10,AB,73
2014-05-10,B,300
2014-05-10,O,396
2014-05-11,A,247
2014-05-11,AB,89
2014-05-11,B,307
2014-05-11,O,418
2014-05-12,A,240
2014-05-12,AB,91
2014-05-12,B,311
2014-05-12,O,455
2014-05-13,A,257
2014-05-13,AB,79
2014-05-13,B,361
2014-05-13,O,465
2014-05-14,A,251
2014-05-14,AB,86
2014-05-14,B,340
2014-05-14,O,475
2014-05-15,A,283
2014-05-15,AB,82
2014-05-15,B,313
2014-05-15,O,519
2014-05-16,A,284
2014-05-16,AB,88
2014-05-16,B,311
2014-05-16,O,534
2014-05-17,A,248
2014-05-17,AB,74
2014-05-17,B,335
2014-05-17,O,464
2014-05-18,A,241
2014-05-18,AB,84
2014-05-18,B,303
2014-05-18,O,513
2014-05-19,A,267
2014-05-19,AB,99
2014-05-19,B,341
2014-05-19,O,538
2014-05-20,A,309
2014-05-20,AB,72
2014-05-20,B,371
2014-05-20,O,545
2014-05-21,A,278
2014-05-21,AB,89
2014-05-21,B,369
2014-05-21,O,581
2014-05-22,A,269
2014-05-22,AB,84
2014-05-22,B,352
2014-05-22,O,585
2014-05-23,A,291
2014-05-23,AB,85
2014-05-23,B,378
2014-05-23,O,525
2014-05-24,A,220
2014-05-24,AB,70
2014-05-24,B,340
2014-05-24,O,491
2014-05-25,A,258
2014-05-25,AB,95
2014-05-25,B,344
2014-05-25,O,511
2014-05-26,A,293
2014-05-26,AB,87
2014-05-26,B,374
2014-05-26,O,536
2014-05-27,A,302
2014-05-27,AB,95
2014-05-27,B,373
2014-05-27,O,490
2014-05-28,A,261
2014-05-28,AB,87
2014-05-28,B,371
2014-05-28,O,547
2014-05-29,A,312
2014-05-29,AB,97
2014-05-29,B,361
2014-05-29,O,525
2014-05-30,A,303
2014-05-30,AB,84
2014-05-30,B,364
2014-05-30,O,579
2014-05-31,A,257
2014-05-31,AB,71
2014-05-31,B,337
2014-05-31,O,1139
2014-06-01,A,278
2014-06-01,AB,80
2014-06-01,B,337
2014-06-01,O,1160
2014-06-02,A,273
2014-06-02,AB,89
2014-06-02,B,349
2014-06-02,O,517
2014-06-03,A,250
2014-06-03,AB,81
2014-06-03,B,348
2014-06-03,O,554
2014-06-04,A,270
2014-06-04,AB,101
2014-06-04,B,341
2014-06-04,O,516
2014-06-05,A,276
2014-06-05,AB,67
2014-06-05,B,318
2014-06-05,O,570
2014-06-06,A,268
2014-06-06,AB,77
2014-06-06,B,359
2014-06-06,O,502
2014-06-07,A,239
2014-06-07,AB,75
2014-06-07,B,277
2014-06-07,O,480
2014-06-08,A,275
2014-06-08,AB,79
2014-06-08,B,326
2014-06-08,O,446
2014-06-09,A,285
2014-06-09,AB,81
2014-06-09,B,343
2014-06-09,O,551
2014-06-10,A,291
2014-06-10,AB,64
2014-06-10,B,346
2014-06-10,O,503
2014-06-11,A,304
2014-06-11,AB,92
2014-06-11,B,338
2014-06-11,O,531
2014-06-12,A,288
2014-06-12,AB,67
2014-06-12,B,329
2014-06-12,O,513
2014-06-13,A,295
2014-06-13,AB,62
2014-06-13,B,351
2014-06-13,O,560
2014-06-14,A,282
2014-06-14,AB,50
2014-06-14,B,296
2014-06-14,O,481
2014-06-15,A,260
2014-06-15,AB,55
2014-06-15,B,320
2014-06-15,O,499
2014-06-16,A,303
2014-06-16,AB,82
2014-06-16,B,336
2014-06-16,O,562
2014-06-17,A,297
2014-06-17,AB,91
2014-06-17,B,341
2014-06-17,O,545
2014-06-18,A,326
2014-06-18,AB,78
2014-06-18,B,348
2014-06-18,O,557
2014-06-19,A,347
2014-06-19,AB,88
2014-06-19,B,361
2014-06-19,O,606
2014-06-20,A,316
2014-06-20,AB,89
2014-06-20,B,350
2014-06-20,O,1093
2014-06-21,A,288
2014-06-21,AB,70
2014-06-21,B,338
2014-06-21,O,565
2014-06-22,A,318
2014-06-22,AB,75
2014-06-22,B,342
2014-06-22,O,505
2014-06-23,A,368
2014-06-23,AB,74
2014-06-23,B,405
2014-06-23,O,623
2014-06-24,A,367
2014-06-24,AB,89
2014-06-24,B,404
2014-06-24,O,623
2014-06-25,A,340
2014-06-25,AB,90
2014-06-25,B,388
2014-06-25,O,568
2014-06-26,A,367
2014-06-26,AB,76
2014-06-26,B,396
2014-06-26,O,563
2014-06-27,A,340
2014-06-27,AB,82
2014-06-27,B,392
2014-06-27,O,606
2014-06-28,A,321
2014-06-28,AB,72
2014-06-28,B,397
2014-06-28,O,547
2014-06-29,A,329
2014-06-29,AB,68
2014-06-29,B,341
2014-06-29,O,554
2014-06-30,A,345
2014-06-30,AB,139
2014-06-30,B,411
2014-06-30,O,559
2014-07-01,A,299
2014-07-01,AB,83
2014-07-01,B,393
2014-07-01,O,550
2014-07-02,A,349
2014-07-02,AB,93
2014-07-02,B,380
2014-07-02,O,540
2014-07-03,A,353
2014-07-03,AB,73
2014-07-03,B,357
2014-07-03,O,572
2014-07-04,A,349
2014-07-04,AB,79
2014-07-04,B,350
2014-07-04,O,565
2014-07-05,A,333
2014-07-05,AB,65
2014-07-05,B,351
2014-07-05,O,469
2014-07-06,A,342
2014-07-06,AB,73
2014-07-06,B,360
2014-07-06,O,471
2014-07-07,A,353
2014-07-07,AB,82
2014-07-07,B,387
2014-07-07,O,501
2014-07-08,A,327
2014-07-08,AB,69
2014-07-08,B,364
2014-07-08,O,527
2014-07-09,A,370
2014-07-09,AB,83
2014-07-09,B,365
2014-07-09,O,537
2014-07-10,A,353
2014-07-10,AB,76
2014-07-10,B,359
2014-07-10,O,531
2014-07-11,A,404
2014-07-11,AB,79
2014-07-11,B,387
2014-07-11,O,516
2014-07-12,A,332
2014-07-12,AB,68
2014-07-12,B,341
2014-07-12,O,471
2014-07-13,A,361
2014-07-13,AB,73
2014-07-13,B,321
2014-07-13,O,514
2014-07-14,A,377
2014-07-14,AB,81
2014-07-14,B,359
2014-07-14,O,529
2014-07-15,A,320
2014-07-15,AB,78
2014-07-15,B,351
2014-07-15,O,475
2014-07-16,A,318
2014-07-16,AB,77
2014-07-16,B,358
2014-07-16,O,583
2014-07-17,A,336
2014-07-17,AB,69
2014-07-17,B,356
2014-07-17,O,480
2014-07-18,A,290
2014-07-18,AB,71
2014-07-18,B,349
2014-07-18,O,509
2014-07-19,A,266
2014-07-19,AB,67
2014-07-19,B,288
2014-07-19,O,429
2014-07-20,A,287
2014-07-20,AB,60
2014-07-20,B,345
2014-07-20,O,514
2014-07-21,A,268
2014-07-21,AB,66
2014-07-21,B,312
2014-07-21,O,526
2014-07-22,A,313
2014-07-22,AB,63
2014-07-22,B,333
2014-07-22,O,482
2014-07-23,A,300
2014-07-23,AB,63
2014-07-23,B,303
2014-07-23,O,436
2014-07-24,A,290
2014-07-24,AB,67
2014-07-24,B,267
2014-07-24,O,501
2014-07-25,A,296
2014-07-25,AB,58
2014-07-25,B,296
2014-07-25,O,472
2014-07-26,A,249
2014-07-26,AB,49
2014-07-26,B,266
2014-07-26,O,427
2014-07-27,A,256
2014-07-27,AB,48
2014-07-27,B,258
2014-07-27,O,384
2014-07-28,A,255
2014-07-28,AB,39
2014-07-28,B,245
2014-07-28,O,422
2014-07-29,A,228
2014-07-29,AB,52
2014-07-29,B,249
2014-07-29,O,436
2014-07-30,A,269
2014-07-30,AB,53
2014-07-30,B,253
2014-07-30,O,463
2014-07-31,A,268
2014-07-31,AB,39
2014-07-31,B,264
2014-07-31,O,425
2014-08-01,A,267
2014-08-01,AB,48
2014-08-01,B,240
2014-08-01,O,400
2014-08-02,A,236
2014-08-02,AB,47
2014-08-02,B,247
2014-08-02,O,445
2014-08-03,A,265
2014-08-03,AB,49
2014-08-03,B,251
2014-08-03,O,454
2014-08-04,A,270
2014-08-04,AB,59
2014-08-04,B,302
2014-08-04,O,420
2014-08-05,A,243
2014-08-05,AB,50
2014-08-05,B,245
2014-08-05,O,403
2014-08-06,A,253
2014-08-06,AB,51
2014-08-06,B,295
2014-08-06,O,435
2014-08-07,A,266
2014-08-07,AB,58
2014-08-07,B,285
2014-08-07,O,459
2014-08-08,A,274
2014-08-08,AB,59
2014-08-08,B,277
2014-08-08,O,433
2014-08-09,A,262
2014-08-09,AB,52
2014-08-09,B,283
2014-08-09,O,388
2014-08-10,A,276
2014-08-10,AB,72
2014-08-10,B,306
2014-08-10,O,484
2014-08-11,A,293
2014-08-11,AB,66
2014-08-11,B,339
2014-08-11,O,518
2014-08-12,A,265
2014-08-12,AB,60
2014-08-12,B,287
2014-08-12,O,499
2014-08-13,A,293
2014-08-13,AB,80
2014-08-13,B,310
2014-08-13,O,497
2014-08-14,A,332
2014-08-14,AB,81
2014-08-14,B,322
2014-08-14,O,530
2014-08-15,A,339
2014-08-15,AB,70
2014-08-15,B,359
2014-08-15,O,528
2014-08-16,A,308
2014-08-16,AB,67
2014-08-16,B,355
2014-08-16,O,485
2014-08-17,A,373
2014-08-17,AB,62
2014-08-17,B,358
2014-08-17,O,512
2014-08-18,A,341
2014-08-18,AB,66
2014-08-18,B,368
2014-08-18,O,547
2014-08-19,A,333
2014-08-19,AB,63
2014-08-19,B,349
2014-08-19,O,569
2014-08-20,A,333
2014-08-20,AB,78
2014-08-20,B,349
2014-08-20,O,569
2014-08-21,A,313
2014-08-21,AB,66
2014-08-21,B,390
2014-08-21,O,569
2014-08-22,A,326
2014-08-22,AB,85
2014-08-22,B,365
2014-08-22,O,525
2014-08-23,A,310
2014-08-23,AB,58
2014-08-23,B,341
2014-08-23,O,506
2014-08-24,A,302
2014-08-24,AB,64
2014-08-24,B,358
2014-08-24,O,533
2014-08-25,A,331
2014-08-25,AB,62
2014-08-25,B,376
2014-08-25,O,559
2014-08-26,A,353
2014-08-26,AB,78
2014-08-26,B,360
2014-08-26,O,582
2014-08-27,A,352
2014-08-27,AB,145
2014-08-27,B,411
2014-08-27,O,632
2014-08-28,A,402
2014-08-28,AB,77
2014-08-28,B,420
2014-08-28,O,660
2014-08-29,A,390
2014-08-29,AB,80
2014-08-29,B,406
2014-08-29,O,612
2014-08-30,A,379
2014-08-30,AB,68
2014-08-30,B,362
2014-08-30,O,602
2014-08-31,A,379
2014-08-31,AB,105
2014-08-31,B,413
2014-08-31,O,562
2014-09-01,A,422
2014-09-01,AB,97
2014-09-01,B,476
2014-09-01,O,596
2014-09-02,A,416
2014-09-02,AB,102
2014-09-02,B,418
2014-09-02,O,620
2014-09-03,A,387
2014-09-03,AB,89
2014-09-03,B,422
2014-09-03,O,635
2014-09-04,A,402
2014-09-04,AB,93
2014-09-04,B,421
2014-09-04,O,628
2014-09-05,A,422
2014-09-05,AB,76
2014-09-05,B,452
2014-09-05,O,638
2014-09-06,A,392
2014-09-06,AB,79
2014-09-06,B,400
2014-09-06,O,607
2014-09-07,A,421
2014-09-07,AB,73
2014-09-07,B,418
2014-09-07,O,571
2014-09-08,A,401
2014-09-08,AB,88
2014-09-08,B,486
2014-09-08,O,645
2014-09-09,A,402
2014-09-09,AB,79
2014-09-09,B,442
2014-09-09,O,589
2014-09-10,A,429
2014-09-10,AB,88
2014-09-10,B,419
2014-09-10,O,626
2014-09-11,A,450
2014-09-11,AB,92
2014-09-11,B,477
2014-09-11,O,623
2014-09-12,A,407
2014-09-12,AB,92
2014-09-12,B,434
2014-09-12,O,582
2014-09-13,A,381
2014-09-13,AB,88
2014-09-13,B,406
2014-09-13,O,1172
2014-09-14,A,394
2014-09-14,AB,85
2014-09-14,B,411
2014-09-14,O,533
2014-09-15,A,425
2014-09-15,AB,97
2014-09-15,B,426
2014-09-15,O,609
2014-09-16,A,398
2014-09-16,AB,87
2014-09-16,B,431
2014-09-16,O,590
2014-09-17,A,418
2014-09-17,AB,94
2014-09-17,B,1084
2014-09-17,O,581
2014-09-18,A,403
2014-09-18,AB,95
2014-09-18,B,438
2014-09-18,O,537
2014-09-19,A,383
2014-09-19,AB,85
2014-09-19,B,418
2014-09-19,O,569
2014-09-20,A,355
2014-09-20,AB,85
2014-09-20,B,385
2014-09-20,O,515
2014-09-21,A,378
2014-09-21,AB,91
2014-09-21,B,1038
2014-09-21,O,511
2014-09-22,A,397
2014-09-22,AB,92
2014-09-22,B,455
2014-09-22,O,580
2014-09-23,A,385
2014-09-23,AB,83
2014-09-23,B,421
2014-09-23,O,596
2014-09-24,A,456
2014-09-24,AB,88
2014-09-24,B,452
2014-09-24,O,593
2014-09-25,A,438
2014-09-25,AB,93
2014-09-25,B,458
2014-09-25,O,603
2014-09-26,A,448
2014-09-26,AB,94
2014-09-26,B,458
2014-09-26,O,625
2014-09-27,A,384
2014-09-27,AB,88
2014-09-27,B,464
2014-09-27,O,579
2014-09-28,A,464
2014-09-28,AB,106
2014-09-28,B,518
2014-09-28,O,604
2014-09-29,A,450
2014-09-29,AB,104
2014-09-29,B,498
2014-09-29,O,637
2014-09-30,A,474
2014-09-30,AB,105
2014-09-30,B,490
2014-09-30,O,630
2014-10-01,A,448
2014-10-01,AB,97
2014-10-01,B,507
2014-10-01,O,650
2014-10-02,A,466
2014-10-02,AB,101
2014-10-02,B,512
2014-10-02,O,674
2014-10-03,A,480
2014-10-03,AB,92
2014-10-03,B,483
2014-10-03,O,708
2014-10-04,A,463
2014-10-04,AB,82
2014-10-04,B,432
2014-10-04,O,624
2014-10-05,A,438
2014-10-05,AB,100
2014-10-05,B,435
2014-10-05,O,604
2014-10-06,A,454
2014-10-06,AB,93
2014-10-06,B,438
2014-10-06,O,639
2014-10-07,A,386
2014-10-07,AB,107
2014-10-07,B,447
2014-10-07,O,608
2014-10-08,A,423
2014-10-08,AB,109
2014-10-08,B,407
2014-10-08,O,625
2014-10-09,A,427
2014-10-09,AB,97
2014-10-09,B,474
2014-10-09,O,643
2014-10-10,A,396
2014-10-10,AB,115
2014-10-10,B,421
2014-10-10,O,654
2014-10-11,A,367
2014-10-11,AB,93
2014-10-11,B,414
2014-10-11,O,620
2014-10-12,A,384
2014-10-12,AB,97
2014-10-12,B,424
2014-10-12,O,575
2014-10-13,A,435
2014-10-13,AB,119
2014-10-13,B,478
2014-10-13,O,669
2014-10-14,A,430
2014-10-14,AB,99
2014-10-14,B,418
2014-10-14,O,640
2014-10-15,A,427
2014-10-15,AB,93
2014-10-15,B,476
2014-10-15,O,710
2014-10-16,A,470
2014-10-16,AB,107
2014-10-16,B,440
2014-10-16,O,674
2014-10-17,A,455
2014-10-17,AB,100
2014-10-17,B,476
2014-10-17,O,697
2014-10-18,A,414
2014-10-18,AB,84
2014-10-18,B,442
2014-10-18,O,631
2014-10-19,A,441
2014-10-19,AB,94
2014-10-19,B,448
2014-10-19,O,654
2014-10-20,A,488
2014-10-20,AB,99
2014-10-20,B,512
2014-10-20,O,675
2014-10-21,A,417
2014-10-21,AB,101
2014-10-21,B,445
2014-10-21,O,690
2014-10-22,A,455
2014-10-22,AB,119
2014-10-22,B,439
2014-10-22,O,660
2014-10-23,A,425
2014-10-23,AB,100
2014-10-23,B,473
2014-10-23,O,669
2014-10-24,A,403
2014-10-24,AB,93
2014-10-24,B,425
2014-10-24,O,675
2014-10-25,A,382
2014-10-25,AB,63
2014-10-25,B,720
2014-10-25,O,558
2014-10-26,A,342
2014-10-26,AB,90
2014-10-26,B,379
2014-10-26,O,529
2014-10-27,A,367
2014-10-27,AB,88
2014-10-27,B,371
2014-10-27,O,613
2014-10-28,A,344
2014-10-28,AB,93
2014-10-28,B,395
2014-10-28,O,558
2014-10-29,A,366
2014-10-29,AB,84
2014-10-29,B,373
2014-10-29,O,544
2014-10-30,A,346
2014-10-30,AB,84
2014-10-30,B,408
2014-10-30,O,588
2014-10-31,A,347
2014-10-31,AB,78
2014-10-31,B,360
2014-10-31,O,553
2014-11-01,A,322
2014-11-01,AB,74
2014-11-01,B,355
2014-11-01,O,522
2014-11-02,A,325
2014-11-02,AB,67
2014-11-02,B,340
2014-11-02,O,540
2014-11-03,A,366
2014-11-03,AB,81
2014-11-03,B,390
2014-11-03,O,613
2014-11-04,A,393
2014-11-04,AB,92
2014-11-04,B,451
2014-11-04,O,607
2014-11-05,A,386
2014-11-05,AB,91
2014-11-05,B,380
2014-11-05,O,624
2014-11-06,A,417
2014-11-06,AB,91
2014-11-06,B,397
2014-11-06,O,615
2014-11-07,A,578
2014-11-07,AB,78
2014-11-07,B,448
2014-11-07,O,598
2014-11-08,A,358
2014-11-08,AB,77
2014-11-08,B,376
2014-11-08,O,575
2014-11-09,A,376
2014-11-09,AB,81
2014-11-09,B,387
2014-11-09,O,569
2014-11-10,A,361
2014-11-10,AB,92
2014-11-10,B,423
2014-11-10,O,600
2014-11-11,A,368
2014-11-11,AB,78
2014-11-11,B,424
2014-11-11,O,601
2014-11-12,A,393
2014-11-12,AB,103
2014-11-12,B,420
2014-11-12,O,616
2014-11-13,A,433
2014-11-13,AB,79
2014-11-13,B,408
2014-11-13,O,581
2014-11-14,A,389
2014-11-14,AB,83
2014-11-14,B,404
2014-11-14,O,543
2014-11-15,A,319
2014-11-15,AB,69
2014-11-15,B,340
2014-11-15,O,482
2014-11-16,A,364
2014-11-16,AB,62
2014-11-16,B,344
2014-11-16,O,481
2014-11-17,A,410
2014-11-17,AB,79
2014-11-17,B,366
2014-11-17,O,522
2014-11-18,A,390
2014-11-18,AB,85
2014-11-18,B,370
2014-11-18,O,540
2014-11-19,A,334
2014-11-19,AB,66
2014-11-19,B,396
2014-11-19,O,545
2014-11-20,A,377
2014-11-20,AB,68
2014-11-20,B,362
2014-11-20,O,524
2014-11-21,A,326
2014-11-21,AB,75
2014-11-21,B,402
2014-11-21,O,563
2014-11-22,A,336
2014-11-22,AB,64
2014-11-22,B,332
2014-11-22,O,487
2014-11-23,A,344
2014-11-23,AB,81
2014-11-23,B,350
2014-11-23,O,507
2014-11-24,A,374
2014-11-24,AB,69
2014-11-24,B,353
2014-11-24,O,568
2014-11-25,A,376
2014-11-25,AB,84
2014-11-25,B,385
2014-11-25,O,573
2014-11-26,A,355
2014-11-26,AB,94
2014-11-26,B,433
2014-11-26,O,569
2014-11-27,A,388
2014-11-27,AB,102
2014-11-27,B,384
2014-11-27,O,547
2014-11-28,A,375
2014-11-28,AB,93
2014-11-28,B,379
2014-11-28,O,558
2014-11-29,A,361
2014-11-29,AB,70
2014-11-29,B,359
2014-11-29,O,490
2014-11-30,A,349
2014-11-30,AB,71
2014-11-30,B,323
2014-11-30,O,530
2014-12-01,A,361
2014-12-01,AB,84
2014-12-01,B,401
2014-12-01,O,627
2014-12-02,A,342
2014-12-02,AB,91
2014-12-02,B,378
2014-12-02,O,576
2014-12-03,A,336
2014-12-03,AB,73
2014-12-03,B,358
2014-12-03,O,574
2014-12-04,A,336
2014-12-04,AB,88
2014-12-04,B,357
2014-12-04,O,619
2014-12-05,A,350
2014-12-05,AB,91
2014-12-05,B,341
2014-12-05,O,601
2014-12-06,A,306
2014-12-06,AB,91
2014-12-06,B,343
2014-12-06,O,491
2014-12-07,A,316
2014-12-07,AB,83
2014-12-07,B,358
2014-12-07,O,578
2014-12-08,A,351
2014-12-08,AB,104
2014-12-08,B,374
2014-12-08,O,587
2014-12-09,A,336
2014-12-09,AB,102
2014-12-09,B,424
2014-12-09,O,602
2014-12-10,A,339
2014-12-10,AB,90
2014-12-10,B,360
2014-12-10,O,588
2014-12-11,A,375
2014-12-11,AB,88
2014-12-11,B,393
2014-12-11,O,576
2014-12-12,A,341
2014-12-12,AB,80
2014-12-12,B,386
2014-12-12,O,580
2014-12-13,A,292
2014-12-13,AB,77
2014-12-13,B,359
2014-12-13,O,553
2014-12-14,A,529
2014-12-14,AB,88
2014-12-14,B,364
2014-12-14,O,574
2014-12-15,A,545
2014-12-15,AB,77
2014-12-15,B,370
2014-12-15,O,589
2014-12-16,A,552
2014-12-16,AB,84
2014-12-16,B,365
2014-12-16,O,557
2014-12-17,A,1161
2014-12-17,AB,93
2014-12-17,B,387
2014-12-17,O,585
2014-12-18,A,570
2014-12-18,AB,81
2014-12-18,B,399
2014-12-18,O,562
2014-12-19,A,523
2014-12-19,AB,99
2014-12-19,B,428
2014-12-19,O,599
2014-12-20,A,513
2014-12-20,AB,63
2014-12-20,B,341
2014-12-20,O,509
2014-12-21,A,498
2014-12-21,AB,91
2014-12-21,B,331
2014-12-21,O,574
2014-12-22,A,586
2014-12-22,AB,106
2014-12-22,B,382
2014-12-22,O,613
2014-12-23,A,514
2014-12-23,AB,83
2014-12-23,B,371
2014-12-23,O,538
2014-12-24,A,516
2014-12-24,AB,88
2014-12-24,B,322
2014-12-24,O,571
2014-12-25,A,539
2014-12-25,AB,78
2014-12-25,B,398
2014-12-25,O,544
2014-12-26,A,494
2014-12-26,AB,82
2014-12-26,B,356
2014-12-26,O,563
2014-12-27,A,488
2014-12-27,AB,57
2014-12-27,B,329
2014-12-27,O,506
2014-12-28,A,528
2014-12-28,AB,64
2014-12-28,B,324
2014-12-28,O,527
2014-12-29,A,515
2014-12-29,AB,91
2014-12-29,B,355
2014-12-29,O,552
2014-12-30,A,510
2014-12-30,AB,66
2014-12-30,B,334
2014-12-30,O,534
2014-12-31,A,488
2014-12-31,AB,88
2014-12-31,B,322
2014-12-31,O,509
2015-01-01,A,337
2015-01-01,AB,87
2015-01-01,B,345
2015-01-01,O,528
2015-01-02,A,288
2015-01-02,AB,88
2015-01-02,B,289
2015-01-02,O,535
2015-01-03,A,278
2015-01-03,AB,82
2015-01-03,B,289
2015-01-03,O,497
2015-01-04,A,293
2015-01-04,AB,84
2015-01-04,B,293
2015-01-04,O,520
2015-01-05,A,313
2015-01-05,AB,81
2015-01-05,B,331
2015-01-05,O,571
2015-01-06,A,324
2015-01-06,AB,83
2015-01-06,B,328
2015-01-06,O,530
2015-01-07,A,318
2015-01-07,AB,81
2015-01-07,B,336
2015-01-07,O,522
2015-01-08,A,326
2015-01-08,AB,94
2015-01-08,B,327
2015-01-08,O,568
2015-01-09,A,359
2015-01-09,AB,77
2015-01-09,B,363
2015-01-09,O,565
2015-01-10,A,353
2015-01-10,AB,98
2015-01-10,B,301
2015-01-10,O,522
2015-01-11,A,375
2015-01-11,AB,89
2015-01-11,B,334
2015-01-11,O,530
2015-01-12,A,363
2015-01-12,AB,82
2015-01-12,B,363
2015-01-12,O,603
2015-01-13,A,346
2015-01-13,AB,88
2015-01-13,B,341
2015-01-13,O,591
2015-01-14,A,338
2015-01-14,AB,91
2015-01-14,B,327
2015-01-14,O,623
2015-01-15,A,394
2015-01-15,AB,118
2015-01-15,B,335
2015-01-15,O,595
2015-01-16,A,374
2015-01-16,AB,107
2015-01-16,B,352
2015-01-16,O,628
2015-01-17,A,335
2015-01-17,AB,95
2015-01-17,B,300
2015-01-17,O,545
2015-01-18,A,352
2015-01-18,AB,81
2015-01-18,B,354
2015-01-18,O,543
2015-01-19,A,387
2015-01-19,AB,105
2015-01-19,B,360
2015-01-19,O,1488
2015-01-20,A,367
2015-01-20,AB,89
2015-01-20,B,359
2015-01-20,O,636
2015-01-21,A,368
2015-01-21,AB,98
2015-01-21,B,381
2015-01-21,O,584
2015-01-22,A,390
2015-01-22,AB,86
2015-01-22,B,413
2015-01-22,O,570
2015-01-23,A,366
2015-01-23,AB,99
2015-01-23,B,390
2015-01-23,O,647
2015-01-24,A,375
2015-01-24,AB,118
2015-01-24,B,385
2015-01-24,O,566
2015-01-25,A,369
2015-01-25,AB,91
2015-01-25,B,388
2015-01-25,O,517
2015-01-26,A,412
2015-01-26,AB,96
2015-01-26,B,432
2015-01-26,O,642
2015-01-27,A,398
2015-01-27,AB,111
2015-01-27,B,386
2015-01-27,O,566
2015-01-28,A,379
2015-01-28,AB,100
2015-01-28,B,417
2015-01-28,O,626
2015-01-29,A,369
2015-01-29,AB,112
2015-01-29,B,391
2015-01-29,O,650
2015-01-30,A,391
2015-01-30,AB,94
2015-01-30,B,407
2015-01-30,O,604
2015-01-31,A,345
2015-01-31,AB,85
2015-01-31,B,367
2015-01-31,O,570
2015-02-01,A,324
2015-02-01,AB,88
2015-02-01,B,350
2015-02-01,O,593
2015-02-02,A,371
2015-02-02,AB,88
2015-02-02,B,398
2015-02-02,O,576
2015-02-03,A,377
2015-02-03,AB,91
2015-02-03,B,452
2015-02-03,O,618
2015-02-04,A,399
2015-02-04,AB,88
2015-02-04,B,424
2015-02-04,O,640
2015-02-05,A,371
2015-02-05,AB,73
2015-02-05,B,450
2015-02-05,O,622
2015-02-06,A,335
2015-02-06,AB,91
2015-02-06,B,406
2015-02-06,O,624
2015-02-07,A,321
2015-02-07,AB,89
2015-02-07,B,376
2015-02-07,O,572
2015-02-08,A,337
2015-02-08,AB,99
2015-02-08,B,410
2015-02-08,O,560
2015-02-09,A,322
2015-02-09,AB,92
2015-02-09,B,404
2015-02-09,O,558
2015-02-10,A,332
2015-02-10,AB,84
2015-02-10,B,426
2015-02-10,O,541
2015-02-11,A,340
2015-02-11,AB,77
2015-02-11,B,401
2015-02-11,O,603
2015-02-12,A,323
2015-02-12,AB,136
2015-02-12,B,441
2015-02-12,O,514
2015-02-13,A,287
2015-02-13,AB,129
2015-02-13,B,378
2015-02-13,O,556
2015-02-14,A,283
2015-02-14,AB,142
2015-02-14,B,345
2015-02-14,O,454
2015-02-15,A,290
2015-02-15,AB,127
2015-02-15,B,384
2015-02-15,O,498
2015-02-16,A,307
2015-02-16,AB,160
2015-02-16,B,388
2015-02-16,O,514
2015-02-17,A,330
2015-02-17,AB,134
2015-02-17,B,409
2015-02-17,O,505
2015-02-18,A,307
2015-02-18,AB,138
2015-02-18,B,435
2015-02-18,O,508
2015-02-19,A,296
2015-02-19,AB,143
2015-02-19,B,366
2015-02-19,O,512
2015-02-20,A,296
2015-02-20,AB,124
2015-02-20,B,347
2015-02-20,O,508
2015-02-21,A,256
2015-02-21,AB,137
2015-02-21,B,355
2015-02-21,O,457
2015-02-22,A,287
2015-02-22,AB,112
2015-02-22,B,333
2015-02-22,O,463
2015-02-23,A,282
2015-02-23,AB,118
2015-02-23,B,347
2015-02-23,O,507
2015-02-24,A,297
2015-02-24,AB,134
2015-02-24,B,373
2015-02-24,O,464
2015-02-25,A,331
2015-02-25,AB,125
2015-02-25,B,345
2015-02-25,O,504
2015-02-26,A,292
2015-02-26,AB,131
2015-02-26,B,385
2015-02-26,O,513
2015-02-27,A,274
2015-02-27,AB,120
2015-02-27,B,374
2015-02-27,O,484
2015-02-28,A,252
2015-02-28,AB,122
2015-02-28,B,321
2015-02-28,O,436
2015-03-01,A,281
2015-03-01,AB,114
2015-03-01,B,350
2015-03-01,O,430
2015-03-02,A,284
2015-03-02,AB,127
2015-03-02,B,369
2015-03-02,O,528
2015-03-03,A,321
2015-03-03,AB,123
2015-03-03,B,336
2015-03-03,O,491
2015-03-04,A,324
2015-03-04,AB,116
2015-03-04,B,340
2015-03-04,O,453
2015-03-05,A,309
2015-03-05,AB,112
2015-03-05,B,336
2015-03-05,O,487
2015-03-06,A,283
2015-03-06,AB,129
2015-03-06,B,343
2015-03-06,O,496
2015-03-07,A,271
2015-03-07,AB,59
2015-03-07,B,312
2015-03-07,O,404
2015-03-08,A,247
2015-03-08,AB,64
2015-03-08,B,328
2015-03-08,O,492
2015-03-09,A,267
2015-03-09,AB,76
2015-03-09,B,352
2015-03-09,O,532
2015-03-10,A,323
2015-03-10,AB,63
2015-03-10,B,338
2015-03-10,O,496
2015-03-11,A,324
2015-03-11,AB,84
2015-03-11,B,337
2015-03-11,O,459
2015-03-12,A,295
2015-03-12,AB,66
2015-03-12,B,368
2015-03-12,O,472
2015-03-13,A,326
2015-03-13,AB,78
2015-03-13,B,375
2015-03-13,O,460
2015-03-14,A,283
2015-03-14,AB,62
2015-03-14,B,304
2015-03-14,O,388
2015-03-15,A,289
2015-03-15,AB,62
2015-03-15,B,344
2015-03-15,O,438
2015-03-16,A,320
2015-03-16,AB,79
2015-03-16,B,323
2015-03-16,O,466
2015-03-17,A,325
2015-03-17,AB,60
2015-03-17,B,339
2015-03-17,O,438
2015-03-18,A,307
2015-03-18,AB,68
2015-03-18,B,320
2015-03-18,O,466
2015-03-19,A,322
2015-03-19,AB,66
2015-03-19,B,389
2015-03-19,O,483
2015-03-20,A,327
2015-03-20,AB,75
2015-03-20,B,335
2015-03-20,O,470
2015-03-21,A,296
2015-03-21,AB,49
2015-03-21,B,310
2015-03-21,O,420
2015-03-22,A,288
2015-03-22,AB,67
2015-03-22,B,334
2015-03-22,O,429
2015-03-23,A,312
2015-03-23,AB,85
2015-03-23,B,354
2015-03-23,O,468
2015-03-24,A,322
2015-03-24,AB,76
2015-03-24,B,353
2015-03-24,O,485
2015-03-25,A,349
2015-03-25,AB,84
2015-03-25,B,343
2015-03-25,O,508
2015-03-26,A,352
2015-03-26,AB,77
2015-03-26,B,379
2015-03-26,O,455
2015-03-27,A,356
2015-03-27,AB,76
2015-03-27,B,353
2015-03-27,O,474
2015-03-28,A,323
2015-03-28,AB,74
2015-03-28,B,321
2015-03-28,O,417
2015-03-29,A,295
2015-03-29,AB,55
2015-03-29,B,320
2015-03-29,O,470
2015-03-30,A,349
2015-03-30,AB,85
2015-03-30,B,340
2015-03-30,O,492
2015-03-31,A,317
2015-03-31,AB,77
2015-03-31,B,369
2015-03-31,O,476
2015-04-01,A,324
2015-04-01,AB,72
2015-04-01,B,373
2015-04-01,O,510
2015-04-02,A,301
2015-04-02,AB,79
2015-04-02,B,352
2015-04-02,O,520
2015-04-03,A,324
2015-04-03,AB,90
2015-04-03,B,331
2015-04-03,O,484
2015-04-04,A,264
2015-04-04,AB,55
2015-04-04,B,327
2015-04-04,O,455
2015-04-05,A,269
2015-04-05,AB,57
2015-04-05,B,282
2015-04-05,O,442
2015-04-06,A,297
2015-04-06,AB,68
2015-04-06,B,374
2015-04-06,O,496
2015-04-07,A,272
2015-04-07,AB,75
2015-04-07,B,370
2015-04-07,O,495
2015-04-08,A,268
2015-04-08,AB,74
2015-04-08,B,344
2015-04-08,O,482
2015-04-09,A,270
2015-04-09,AB,61
2015-04-09,B,323
2015-04-09,O,535
2015-04-10,A,286
2015-04-10,AB,80
2015-04-10,B,335
2015-04-10,O,526
2015-04-11,A,246
2015-04-11,AB,66
2015-04-11,B,327
2015-04-11,O,446
2015-04-12,A,245
2015-04-12,AB,69
2015-04-12,B,322
2015-04-12,O,450
2015-04-13,A,280
2015-04-13,AB,55
2015-04-13,B,344
2015-04-13,O,514
2015-04-14,A,262
2015-04-14,AB,66
2015-04-14,B,349
2015-04-14,O,487
2015-04-15,A,268
2015-04-15,AB,81
2015-04-15,B,335
2015-04-15,O,515
2015-04-16,A,266
2015-04-16,AB,79
2015-04-16,B,355
2015-04-16,O,498
2015-04-17,A,269
2015-04-17,AB,81
2015-04-17,B,334
2015-04-17,O,512
2015-04-18,A,252
2015-04-18,AB,86
2015-04-18,B,276
2015-04-18,O,456
2015-04-19,A,245
2015-04-19,AB,79
2015-04-19,B,325
2015-04-19,O,490
2015-04-20,A,287
2015-04-20,AB,78
2015-04-20,B,387
2015-04-20,O,576
2015-04-21,A,280
2015-04-21,AB,82
2015-04-21,B,393
2015-04-21,O,579
2015-04-22,A,273
2015-04-22,AB,86
2015-04-22,B,336
2015-04-22,O,562
2015-04-23,A,257
2015-04-23,AB,75
2015-04-23,B,398
2015-04-23,O,514
2015-04-24,A,277
2015-04-24,AB,59
2015-04-24,B,339
2015-04-24,O,554
2015-04-25,A,250
2015-04-25,AB,70
2015-04-25,B,336
2015-04-25,O,514
2015-04-26,A,265
2015-04-26,AB,62
2015-04-26,B,375
2015-04-26,O,536
2015-04-27,A,292
2015-04-27,AB,68
2015-04-27,B,336
2015-04-27,O,545
2015-04-28,A,298
2015-04-28,AB,74
2015-04-28,B,334
2015-04-28,O,537
2015-04-29,A,283
2015-04-29,AB,64
2015-04-29,B,347
2015-04-29,O,594
2015-04-30,A,279
2015-04-30,AB,76
2015-04-30,B,345
2015-04-30,O,574
2015-05-01,A,308
2015-05-01,AB,90
2015-05-01,B,690
2015-05-01,O,550
2015-05-02,A,274
2015-05-02,AB,67
2015-05-02,B,722
2015-05-02,O,477
2015-05-03,A,284
2015-05-03,AB,72
2015-05-03,B,694
2015-05-03,O,559
2015-05-04,A,300
2015-05-04,AB,87
2015-05-04,B,706
2015-05-04,O,632
2015-05-05,A,302
2015-05-05,AB,73
2015-05-05,B,681
2015-05-05,O,598
2015-05-06,A,292
2015-05-06,AB,96
2015-05-06,B,773
2015-05-06,O,547
2015-05-07,A,311
2015-05-07,AB,80
2015-05-07,B,751
2015-05-07,O,564
2015-05-08,A,285
2015-05-08,AB,82
2015-05-08,B,695
2015-05-08,O,509
2015-05-09,A,301
2015-05-09,AB,85
2015-05-09,B,687
2015-05-09,O,524
2015-05-10,A,267
2015-05-10,AB,65
2015-05-10,B,756
2015-05-10,O,533
2015-05-11,A,331
2015-05-11,AB,66
2015-05-11,B,723
2015-05-11,O,621
2015-05-12,A,309
2015-05-12,AB,71
2015-05-12,B,695
2015-05-12,O,580
2015-05-13,A,325
2015-05-13,AB,68
2015-05-13,B,356
2015-05-13,O,622
2015-05-14,A,296
2015-05-14,AB,79
2015-05-14,B,368
2015-05-14,O,570
2015-05-15,A,292
2015-05-15,AB,67
2015-05-15,B,357
2015-05-15,O,540
2015-05-16,A,288
2015-05-16,AB,75
2015-05-16,B,312
2015-05-16,O,517
2015-05-17,A,267
2015-05-17,AB,78
2015-05-17,B,335
2015-05-17,O,554
2015-05-18,A,337
2015-05-18,AB,83
2015-05-18,B,370
2015-05-18,O,574
2015-05-19,A,312
2015-05-19,AB,81
2015-05-19,B,357
2015-05-19,O,544
2015-05-20,A,315
2015-05-20,AB,85
2015-05-20,B,367
2015-05-20,O,533
2015-05-21,A,297
2015-05-21,AB,64
2015-05-21,B,357
2015-05-21,O,544
2015-05-22,A,327
2015-05-22,AB,90
2015-05-22,B,358
2015-05-22,O,540
2015-05-23,A,275
2015-05-23,AB,68
2015-05-23,B,297
2015-05-23,O,532
2015-05-24,A,302
2015-05-24,AB,75
2015-05-24,B,337
2015-05-24,O,560
2015-05-25,A,271
2015-05-25,AB,83
2015-05-25,B,365
2015-05-25,O,639
2015-05-26,A,316
2015-05-26,AB,77
2015-05-26,B,321
2015-05-26,O,577
2015-05-27,A,302
2015-05-27,AB,91
2015-05-27,B,332
2015-05-27,O,588
2015-05-28,A,310
2015-05-28,AB,76
2015-05-28,B,370
2015-05-28,O,623
2015-05-29,A,338
2015-05-29,AB,74
2015-05-29,B,384
2015-05-29,O,557
2015-05-30,A,273
2015-05-30,AB,70
2015-05-30,B,354
2015-05-30,O,552
2015-05-31,A,278
2015-05-31,AB,77
2015-05-31,B,352
2015-05-31,O,549
2015-06-01,A,372
2015-06-01,AB,90
2015-06-01,B,363
2015-06-01,O,631
2015-06-02,A,318
2015-06-02,AB,84
2015-06-02,B,349
2015-06-02,O,593
2015-06-03,A,473
2015-06-03,AB,87
2015-06-03,B,352
2015-06-03,O,603
2015-06-04,A,323
2015-06-04,AB,101
2015-06-04,B,403
2015-06-04,O,621
2015-06-05,A,328
2015-06-05,AB,91
2015-06-05,B,375
2015-06-05,O,637
2015-06-06,A,321
2015-06-06,AB,82
2015-06-06,B,351
2015-06-06,O,539
2015-06-07,A,305
2015-06-07,AB,72
2015-06-07,B,348
2015-06-07,O,508
2015-06-08,A,320
2015-06-08,AB,71
2015-06-08,B,404
2015-06-08,O,594
2015-06-09,A,334
2015-06-09,AB,67
2015-06-09,B,343
2015-06-09,O,626
2015-06-10,A,306
2015-06-10,AB,81
2015-06-10,B,406
2015-06-10,O,580
2015-06-11,A,329
2015-06-11,AB,89
2015-06-11,B,377
2015-06-11,O,623
2015-06-12,A,345
2015-06-12,AB,72
2015-06-12,B,364
2015-06-12,O,613
2015-06-13,A,280
2015-06-13,AB,67
2015-06-13,B,368
2015-06-13,O,566
2015-06-14,A,252
2015-06-14,AB,71
2015-06-14,B,397
2015-06-14,O,617
2015-06-15,A,347
2015-06-15,AB,82
2015-06-15,B,418
2015-06-15,O,674
2015-06-16,A,345
2015-06-16,AB,89
2015-06-16,B,402
2015-06-16,O,638
2015-06-17,A,334
2015-06-17,AB,74
2015-06-17,B,472
2015-06-17,O,1197
2015-06-18,A,345
2015-06-18,AB,66
2015-06-18,B,416
2015-06-18,O,655
2015-06-19,A,311
2015-06-19,AB,92
2015-06-19,B,407
2015-06-19,O,607
2015-06-20,A,283
2015-06-20,AB,65
2015-06-20,B,336
2015-06-20,O,561
2015-06-21,A,332
2015-06-21,AB,64
2015-06-21,B,358
2015-06-21,O,580
2015-06-22,A,298
2015-06-22,AB,70
2015-06-22,B,386
2015-06-22,O,604
2015-06-23,A,327
2015-06-23,AB,85
2015-06-23,B,371
2015-06-23,O,591
2015-06-24,A,281
2015-06-24,AB,72
2015-06-24,B,408
2015-06-24,O,571
2015-06-25,A,295
2015-06-25,AB,73
2015-06-25,B,356
2015-06-25,O,533
2015-06-26,A,277
2015-06-26,AB,49
2015-06-26,B,342
2015-06-26,O,530
2015-06-27,A,264
2015-06-27,AB,57
2015-06-27,B,297
2015-06-27,O,535
2015-06-28,A,277
2015-06-28,AB,45
2015-06-28,B,334
2015-06-28,O,560
2015-06-29,A,294
2015-06-29,AB,76
2015-06-29,B,373
2015-06-29,O,581
2015-06-30,A,271
2015-06-30,AB,49
2015-06-30,B,376
2015-06-30,O,585
2015-07-01,A,295
2015-07-01,AB,61
2015-07-01,B,308
2015-07-01,O,531
2015-07-02,A,316
2015-07-02,AB,60
2015-07-02,B,332
2015-07-02,O,496
2015-07-03,A,305
2015-07-03,AB,71
2015-07-03,B,351
2015-07-03,O,513
2015-07-04,A,255
2015-07-04,AB,52
2015-07-04,B,297
2015-07-04,O,473
2015-07-05,A,277
2015-07-05,AB,72
2015-07-05,B,315
2015-07-05,O,494
2015-07-06,A,329
2015-07-06,AB,58
2015-07-06,B,331
2015-07-06,O,534
2015-07-07,A,313
2015-07-07,AB,62
2015-07-07,B,338
2015-07-07,O,528
2015-07-08,A,316
2015-07-08,AB,45
2015-07-08,B,344
2015-07-08,O,584
2015-07-09,A,294
2015-07-09,AB,57
2015-07-09,B,345
2015-07-09,O,598
2015-07-10,A,288
2015-07-10,AB,55
2015-07-10,B,342
2015-07-10,O,561
2015-07-11,A,290
2015-07-11,AB,48
2015-07-11,B,298
2015-07-11,O,513
2015-07-12,A,277
2015-07-12,AB,63
2015-07-12,B,351
2015-07-12,O,550
2015-07-13,A,293
2015-07-13,AB,64
2015-07-13,B,381
2015-07-13,O,514
2015-07-14,A,271
2015-07-14,AB,70
2015-07-14,B,290
2015-07-14,O,505
2015-07-15,A,235
2015-07-15,AB,64
2015-07-15,B,335
2015-07-15,O,506
2015-07-16,A,265
2015-07-16,AB,62
2015-07-16,B,315
2015-07-16,O,440
2015-07-17,A,236
2015-07-17,AB,56
2015-07-17,B,272
2015-07-17,O,478
2015-07-18,A,234
2015-07-18,AB,54
2015-07-18,B,261
2015-07-18,O,427
2015-07-19,A,255
2015-07-19,AB,41
2015-07-19,B,256
2015-07-19,O,425
2015-07-20,A,276
2015-07-20,AB,54
2015-07-20,B,295
2015-07-20,O,488
2015-07-21,A,244
2015-07-21,AB,64
2015-07-21,B,277
2015-07-21,O,461
2015-07-22,A,265
2015-07-22,AB,60
2015-07-22,B,292
2015-07-22,O,482
2015-07-23,A,245
2015-07-23,AB,65
2015-07-23,B,328
2015-07-23,O,485
2015-07-24,A,258
2015-07-24,AB,59
2015-07-24,B,316
2015-07-24,O,457
2015-07-25,A,255
2015-07-25,AB,64
2015-07-25,B,317
2015-07-25,O,434
2015-07-26,A,246
2015-07-26,AB,97
2015-07-26,B,354
2015-07-26,O,445
2015-07-27,A,278
2015-07-27,AB,82
2015-07-27,B,315
2015-07-27,O,497
2015-07-28,A,292
2015-07-28,AB,67
2015-07-28,B,355
2015-07-28,O,493
2015-07-29,A,271
2015-07-29,AB,82
2015-07-29,B,349
2015-07-29,O,491
2015-07-30,A,303
2015-07-30,AB,76
2015-07-30,B,362
2015-07-30,O,549
2015-07-31,A,286
2015-07-31,AB,68
2015-07-31,B,387
2015-07-31,O,515
2015-08-01,A,274
2015-08-01,AB,73
2015-08-01,B,358
2015-08-01,O,467
2015-08-02,A,276
2015-08-02,AB,69
2015-08-02,B,396
2015-08-02,O,479
2015-08-03,A,322
2015-08-03,AB,92
2015-08-03,B,405
2015-08-03,O,577
2015-08-04,A,289
2015-08-04,AB,83
2015-08-04,B,378
2015-08-04,O,563
2015-08-05,A,300
2015-08-05,AB,63
2015-08-05,B,411
2015-08-05,O,549
2015-08-06,A,278
2015-08-06,AB,74
2015-08-06,B,407
2015-08-06,O,559
2015-08-07,A,289
2015-08-07,AB,79
2015-08-07,B,405
2015-08-07,O,509
2015-08-08,A,258
2015-08-08,AB,95
2015-08-08,B,356
2015-08-08,O,482
2015-08-09,A,303
2015-08-09,AB,71
2015-08-09,B,333
2015-08-09,O,532
2015-08-10,A,300
2015-08-10,AB,61
2015-08-10,B,397
2015-08-10,O,568
2015-08-11,A,315
2015-08-11,AB,90
2015-08-11,B,362
2015-08-11,O,539
2015-08-12,A,341
2015-08-12,AB,92
2015-08-12,B,434
2015-08-12,O,540
2015-08-13,A,382
2015-08-13,AB,87
2015-08-13,B,460
2015-08-13,O,562
2015-08-14,A,338
2015-08-14,AB,105
2015-08-14,B,482
2015-08-14,O,578
2015-08-15,A,352
2015-08-15,AB,83
2015-08-15,B,422
2015-08-15,O,527
2015-08-16,A,318
2015-08-16,AB,87
2015-08-16,B,419
2015-08-16,O,641
2015-08-17,A,418
2015-08-17,AB,100
2015-08-17,B,439
2015-08-17,O,653
2015-08-18,A,421
2015-08-18,AB,89
2015-08-18,B,482
2015-08-18,O,658
2015-08-19,A,427
2015-08-19,AB,84
2015-08-19,B,503
2015-08-19,O,671
2015-08-20,A,416
2015-08-20,AB,103
2015-08-20,B,535
2015-08-20,O,680
2015-08-21,A,430
2015-08-21,AB,119
2015-08-21,B,684
2015-08-21,O,692
2015-08-22,A,405
2015-08-22,AB,97
2015-08-22,B,640
2015-08-22,O,636
2015-08-23,A,395
2015-08-23,AB,116
2015-08-23,B,704
2015-08-23,O,622
2015-08-24,A,448
2015-08-24,AB,113
2015-08-24,B,702
2015-08-24,O,686
2015-08-25,A,459
2015-08-25,AB,109
2015-08-25,B,698
2015-08-25,O,627
2015-08-26,A,436
2015-08-26,AB,101
2015-08-26,B,757
2015-08-26,O,677
2015-08-27,A,460
2015-08-27,AB,98
2015-08-27,B,665
2015-08-27,O,698
2015-08-28,A,419
2015-08-28,AB,93
2015-08-28,B,725
2015-08-28,O,657
2015-08-29,A,361
2015-08-29,AB,83
2015-08-29,B,612
2015-08-29,O,619
2015-08-30,A,406
2015-08-30,AB,92
2015-08-30,B,657
2015-08-30,O,633
2015-08-31,A,419
2015-08-31,AB,99
2015-08-31,B,514
2015-08-31,O,668
2015-09-01,A,402
2015-09-01,AB,104
2015-09-01,B,515
2015-09-01,O,657
2015-09-02,A,425
2015-09-02,AB,94
2015-09-02,B,536
2015-09-02,O,650
2015-09-03,A,446
2015-09-03,AB,104
2015-09-03,B,887
2015-09-03,O,660
2015-09-04,A,407
2015-09-04,AB,88
2015-09-04,B,464
2015-09-04,O,632
2015-09-05,A,368
2015-09-05,AB,100
2015-09-05,B,418
2015-09-05,O,630
2015-09-06,A,399
2015-09-06,AB,96
2015-09-06,B,457
2015-09-06,O,648
2015-09-07,A,451
2015-09-07,AB,124
2015-09-07,B,525
2015-09-07,O,700
2015-09-08,A,425
2015-09-08,AB,107
2015-09-08,B,492
2015-09-08,O,706
2015-09-09,A,432
2015-09-09,AB,100
2015-09-09,B,500
2015-09-09,O,703
2015-09-10,A,409
2015-09-10,AB,106
2015-09-10,B,518
2015-09-10,O,724
2015-09-11,A,398
2015-09-11,AB,91
2015-09-11,B,424
2015-09-11,O,726
2015-09-12,A,389
2015-09-12,AB,97
2015-09-12,B,425
2015-09-12,O,645
2015-09-13,A,360
2015-09-13,AB,85
2015-09-13,B,459
2015-09-13,O,631
2015-09-14,A,460
2015-09-14,AB,104
2015-09-14,B,432
2015-09-14,O,699
2015-09-15,A,409
2015-09-15,AB,89
2015-09-15,B,428
2015-09-15,O,676
2015-09-16,A,457
2015-09-16,AB,114
2015-09-16,B,476
2015-09-16,O,673
2015-09-17,A,444
2015-09-17,AB,87
2015-09-17,B,459
2015-09-17,O,676
2015-09-18,A,404
2015-09-18,AB,93
2015-09-18,B,457
2015-09-18,O,704
2015-09-19,A,406
2015-09-19,AB,96
2015-09-19,B,414
2015-09-19,O,657
2015-09-20,A,427
2015-09-20,AB,93
2015-09-20,B,395
2015-09-20,O,645
2015-09-21,A,749
2015-09-21,AB,92
2015-09-21,B,469
2015-09-21,O,691
2015-09-22,A,405
2015-09-22,AB,81
2015-09-22,B,441
2015-09-22,O,688
2015-09-23,A,424
2015-09-23,AB,89
2015-09-23,B,444
2015-09-23,O,678
2015-09-24,A,398
2015-09-24,AB,79
2015-09-24,B,445
2015-09-24,O,622
2015-09-25,A,419
2015-09-25,AB,91
2015-09-25,B,443
2015-09-25,O,616
2015-09-26,A,351
2015-09-26,AB,66
2015-09-26,B,383
2015-09-26,O,567
2015-09-27,A,353
2015-09-27,AB,65
2015-09-27,B,400
2015-09-27,O,571
2015-09-28,A,411
2015-09-28,AB,80
2015-09-28,B,451
2015-09-28,O,596
2015-09-29,A,373
2015-09-29,AB,74
2015-09-29,B,414
2015-09-29,O,597
2015-09-30,A,413
2015-09-30,AB,90
2015-09-30,B,392
2015-09-30,O,645
2015-10-01,A,378
2015-10-01,AB,86
2015-10-01,B,423
2015-10-01,O,666
2015-10-02,A,372
2015-10-02,AB,82
2015-10-02,B,401
2015-10-02,O,702
2015-10-03,A,365
2015-10-03,AB,74
2015-10-03,B,369
2015-10-03,O,642
2015-10-04,A,364
2015-10-04,AB,72
2015-10-04,B,426
2015-10-04,O,620
2015-10-05,A,388
2015-10-05,AB,84
2015-10-05,B,445
2015-10-05,O,691
2015-10-06,A,374
2015-10-06,AB,73
2015-10-06,B,418
2015-10-06,O,612
2015-10-07,A,405
2015-10-07,AB,92
2015-10-07,B,386
2015-10-07,O,616
2015-10-08,A,366
2015-10-08,AB,88
2015-10-08,B,430
2015-10-08,O,637
2015-10-09,A,355
2015-10-09,AB,63
2015-10-09,B,415
2015-10-09,O,667
2015-10-10,A,355
2015-10-10,AB,79
2015-10-10,B,376
2015-10-10,O,616
2015-10-11,A,367
2015-10-11,AB,62
2015-10-11,B,332
2015-10-11,O,630
2015-10-12,A,411
2015-10-12,AB,90
2015-10-12,B,434
2015-10-12,O,647
2015-10-13,A,347
2015-10-13,AB,92
2015-10-13,B,397
2015-10-13,O,648
2015-10-14,A,350
2015-10-14,AB,80
2015-10-14,B,359
2015-10-14,O,651
2015-10-15,A,349
2015-10-15,AB,81
2015-10-15,B,430
2015-10-15,O,612
2015-10-16,A,365
2015-10-16,AB,80
2015-10-16,B,377
2015-10-16,O,609
2015-10-17,A,305
2015-10-17,AB,60
2015-10-17,B,368
2015-10-17,O,576
2015-10-18,A,331
2015-10-18,AB,82
2015-10-18,B,342
2015-10-18,O,552
2015-10-19,A,353
2015-10-19,AB,67
2015-10-19,B,395
2015-10-19,O,570
2015-10-20,A,340
2015-10-20,AB,89
2015-10-20,B,376
2015-10-20,O,564
2015-10-21,A,358
2015-10-21,AB,86
2015-10-21,B,364
2015-10-21,O,572
2015-10-22,A,340
2015-10-22,AB,93
2015-10-22,B,377
2015-10-22,O,628
2015-10-23,A,357
2015-10-23,AB,78
2015-10-23,B,391
2015-10-23,O,587
2015-10-24,A,338
2015-10-24,AB,88
2015-10-24,B,359
2015-10-24,O,554
2015-10-25,A,334
2015-10-25,AB,82
2015-10-25,B,388
2015-10-25,O,600
2015-10-26,A,340
2015-10-26,AB,92
2015-10-26,B,425
2015-10-26,O,668
2015-10-27,A,395
2015-10-27,AB,91
2015-10-27,B,798
2015-10-27,O,644
2015-10-28,A,396
2015-10-28,AB,92
2015-10-28,B,416
2015-10-28,O,656
2015-10-29,A,1117
2015-10-29,AB,95
2015-10-29,B,421
2015-10-29,O,1320
2015-10-30,A,395
2015-10-30,AB,100
2015-10-30,B,423
2015-10-30,O,656
2015-10-31,A,324
2015-10-31,AB,82
2015-10-31,B,387
2015-10-31,O,597
2015-11-01,A,379
2015-11-01,AB,96
2015-11-01,B,419
2015-11-01,O,637
2015-11-02,A,417
2015-11-02,AB,73
2015-11-02,B,457
2015-11-02,O,731
2015-11-03,A,400
2015-11-03,AB,106
2015-11-03,B,422
2015-11-03,O,706
2015-11-04,A,441
2015-11-04,AB,105
2015-11-04,B,461
2015-11-04,O,728
2015-11-05,A,432
2015-11-05,AB,96
2015-11-05,B,465
2015-11-05,O,689
2015-11-06,A,398
2015-11-06,AB,104
2015-11-06,B,463
2015-11-06,O,699
2015-11-07,A,367
2015-11-07,AB,104
2015-11-07,B,411
2015-11-07,O,640
2015-11-08,A,372
2015-11-08,AB,99
2015-11-08,B,419
2015-11-08,O,690
2015-11-09,A,431
2015-11-09,AB,115
2015-11-09,B,458
2015-11-09,O,738
2015-11-10,A,414
2015-11-10,AB,72
2015-11-10,B,406
2015-11-10,O,693
2015-11-11,A,417
2015-11-11,AB,94
2015-11-11,B,414
2015-11-11,O,627
2015-11-12,A,388
2015-11-12,AB,87
2015-11-12,B,435
2015-11-12,O,669
2015-11-13,A,402
2015-11-13,AB,81
2015-11-13,B,420
2015-11-13,O,686
2015-11-14,A,405
2015-11-14,AB,101
2015-11-14,B,392
2015-11-14,O,624
2015-11-15,A,421
2015-11-15,AB,96
2015-11-15,B,391
2015-11-15,O,568
2015-11-16,A,423
2015-11-16,AB,97
2015-11-16,B,451
2015-11-16,O,755
2015-11-17,A,421
2015-11-17,AB,95
2015-11-17,B,435
2015-11-17,O,660
2015-11-18,A,399
2015-11-18,AB,117
2015-11-18,B,421
2015-11-18,O,672
2015-11-19,A,429
2015-11-19,AB,91
2015-11-19,B,452
2015-11-19,O,655
2015-11-20,A,460
2015-11-20,AB,101
2015-11-20,B,415
2015-11-20,O,686
2015-11-21,A,387
2015-11-21,AB,80
2015-11-21,B,407
2015-11-21,O,650
2015-11-22,A,452
2015-11-22,AB,91
2015-11-22,B,397
2015-11-22,O,645
2015-11-23,A,455
2015-11-23,AB,97
2015-11-23,B,442
2015-11-23,O,718
2015-11-24,A,417
2015-11-24,AB,70
2015-11-24,B,403
2015-11-24,O,681
2015-11-25,A,403
2015-11-25,AB,89
2015-11-25,B,441
2015-11-25,O,682
2015-11-26,A,397
2015-11-26,AB,86
2015-11-26,B,468
2015-11-26,O,675
2015-11-27,A,441
2015-11-27,AB,90
2015-11-27,B,426
2015-11-27,O,675
2015-11-28,A,396
2015-11-28,AB,93
2015-11-28,B,362
2015-11-28,O,652
2015-11-29,A,405
2015-11-29,AB,106
2015-11-29,B,443
2015-11-29,O,650
2015-11-30,A,423
2015-11-30,AB,108
2015-11-30,B,418
2015-11-30,O,666
2015-12-01,A,415
2015-12-01,AB,78
2015-12-01,B,450
2015-12-01,O,666
2015-12-02,A,420
2015-12-02,AB,90
2015-12-02,B,442
2015-12-02,O,614
2015-12-03,A,404
2015-12-03,AB,85
2015-12-03,B,421
2015-12-03,O,622
2015-12-04,A,397
2015-12-04,AB,90
2015-12-04,B,401
2015-12-04,O,617
2015-12-05,A,377
2015-12-05,AB,90
2015-12-05,B,391
2015-12-05,O,579
2015-12-06,A,410
2015-12-06,AB,69
2015-12-06,B,416
2015-12-06,O,626
2015-12-07,A,449
2015-12-07,AB,78
2015-12-07,B,441
2015-12-07,O,658
2015-12-08,A,445
2015-12-08,AB,89
2015-12-08,B,455
2015-12-08,O,612
2015-12-09,A,440
2015-12-09,AB,181
2015-12-09,B,456
2015-12-09,O,662
2015-12-10,A,431
2015-12-10,AB,116
2015-12-10,B,430
2015-12-10,O,710
2015-12-11,A,406
2015-12-11,AB,84
2015-12-11,B,450
2015-12-11,O,604
2015-12-12,A,389
2015-12-12,AB,81
2015-12-12,B,422
2015-12-12,O,591
2015-12-13,A,431
2015-12-13,AB,80
2015-12-13,B,425
2015-12-13,O,615
2015-12-14,A,401
2015-12-14,AB,105
2015-12-14,B,478
2015-12-14,O,603
2015-12-15,A,410
2015-12-15,AB,89
2015-12-15,B,453
2015-12-15,O,642
2015-12-16,A,424
2015-12-16,AB,112
2015-12-16,B,461
2015-12-16,O,672
2015-12-17,A,412
2015-12-17,AB,97
2015-12-17,B,471
2015-12-17,O,702
2015-12-18,A,383
2015-12-18,AB,90
2015-12-18,B,457
2015-12-18,O,700
2015-12-19,A,385
2015-12-19,AB,88
2015-12-19,B,467
2015-12-19,O,639
2015-12-20,A,406
2015-12-20,AB,77
2015-12-20,B,470
2015-12-20,O,620
2015-12-21,A,420
2015-12-21,AB,83
2015-12-21,B,498
2015-12-21,O,670
2015-12-22,A,401
2015-12-22,AB,88
2015-12-22,B,492
2015-12-22,O,629
2015-12-23,A,448
2015-12-23,AB,108
2015-12-23,B,478
2015-12-23,O,652
2015-12-24,A,389
2015-12-24,AB,78
2015-12-24,B,433
2015-12-24,O,672
2015-12-25,A,371
2015-12-25,AB,110
2015-12-25,B,438
2015-12-25,O,661
2015-12-26,A,354
2015-12-26,AB,80
2015-12-26,B,399
2015-12-26,O,564
2015-12-27,A,380
2015-12-27,AB,87
2015-12-27,B,369
2015-12-27,O,554
2015-12-28,A,416
2015-12-28,AB,97
2015-12-28,B,401
2015-12-28,O,614
2015-12-29,A,367
2015-12-29,AB,76
2015-12-29,B,411
2015-12-29,O,586
2015-12-30,A,414
2015-12-30,AB,82
2015-12-30,B,390
2015-12-30,O,626
2015-12-31,A,386
2015-12-31,AB,105
2015-12-31,B,442
2015-12-31,O,591
2016-01-01,A,416
2016-01-01,AB,81
2016-01-01,B,388
2016-01-01,O,572
2016-01-02,A,377
2016-01-02,AB,83
2016-01-02,B,380
2016-01-02,O,547
2016-01-03,A,351
2016-01-03,AB,84
2016-01-03,B,384
2016-01-03,O,563
2016-01-04,A,414
2016-01-04,AB,86
2016-01-04,B,372
2016-01-04,O,575
2016-01-05,A,373
2016-01-05,AB,77
2016-01-05,B,390
2016-01-05,O,555
2016-01-06,A,369
2016-01-06,AB,98
2016-01-06,B,451
2016-01-06,O,562
2016-01-07,A,402
2016-01-07,AB,96
2016-01-07,B,394
2016-01-07,O,529
2016-01-08,A,329
2016-01-08,AB,82
2016-01-08,B,386
2016-01-08,O,582
2016-01-09,A,374
2016-01-09,AB,81
2016-01-09,B,300
2016-01-09,O,448
2016-01-10,A,352
2016-01-10,AB,76
2016-01-10,B,333
2016-01-10,O,513
2016-01-11,A,378
2016-01-11,AB,78
2016-01-11,B,350
2016-01-11,O,578
2016-01-12,A,361
2016-01-12,AB,89
2016-01-12,B,361
2016-01-12,O,508
2016-01-13,A,365
2016-01-13,AB,94
2016-01-13,B,835
2016-01-13,O,542
2016-01-14,A,381
2016-01-14,AB,69
2016-01-14,B,409
2016-01-14,O,585
2016-01-15,A,325
2016-01-15,AB,74
2016-01-15,B,341
2016-01-15,O,529
2016-01-16,A,308
2016-01-16,AB,58
2016-01-16,B,345
2016-01-16,O,472
2016-01-17,A,313
2016-01-17,AB,85
2016-01-17,B,354
2016-01-17,O,531
2016-01-18,A,358
2016-01-18,AB,83
2016-01-18,B,355
2016-01-18,O,524
2016-01-19,A,353
2016-01-19,AB,123
2016-01-19,B,368
2016-01-19,O,521
2016-01-20,A,367
2016-01-20,AB,90
2016-01-20,B,381
2016-01-20,O,552
2016-01-21,A,368
2016-01-21,AB,99
2016-01-21,B,357
2016-01-21,O,575
2016-01-22,A,367
2016-01-22,AB,88
2016-01-22,B,384
2016-01-22,O,565
2016-01-23,A,348
2016-01-23,AB,77
2016-01-23,B,377
2016-01-23,O,547
2016-01-24,A,380
2016-01-24,AB,73
2016-01-24,B,370
2016-01-24,O,543
2016-01-25,A,364
2016-01-25,AB,107
2016-01-25,B,381
2016-01-25,O,590
2016-01-26,A,369
2016-01-26,AB,78
2016-01-26,B,418
2016-01-26,O,608
2016-01-27,A,393
2016-01-27,AB,94
2016-01-27,B,406
2016-01-27,O,619
2016-01-28,A,375
2016-01-28,AB,85
2016-01-28,B,386
2016-01-28,O,671
2016-01-29,A,360
2016-01-29,AB,98
2016-01-29,B,451
2016-01-29,O,639
2016-01-30,A,339
2016-01-30,AB,93
2016-01-30,B,345
2016-01-30,O,582
2016-01-31,A,371
2016-01-31,AB,85
2016-01-31,B,360
2016-01-31,O,608
2016-02-01,A,400
2016-02-01,AB,90
2016-02-01,B,406
2016-02-01,O,652
2016-02-02,A,366
2016-02-02,AB,86
2016-02-02,B,367
2016-02-02,O,624
2016-02-03,A,423
2016-02-03,AB,81
2016-02-03,B,386
2016-02-03,O,610
2016-02-04,A,376
2016-02-04,AB,85
2016-02-04,B,450
2016-02-04,O,704
2016-02-05,A,378
2016-02-05,AB,92
2016-02-05,B,412
2016-02-05,O,624
2016-02-06,A,354
2016-02-06,AB,94
2016-02-06,B,331
2016-02-06,O,551
2016-02-07,A,352
2016-02-07,AB,90
2016-02-07,B,388
2016-02-07,O,556
2016-02-08,A,341
2016-02-08,AB,85
2016-02-08,B,441
2016-02-08,O,584
2016-02-09,A,333
2016-02-09,AB,100
2016-02-09,B,372
2016-02-09,O,573
2016-02-10,A,338
2016-02-10,AB,94
2016-02-10,B,399
2016-02-10,O,565
2016-02-11,A,317
2016-02-11,AB,87
2016-02-11,B,385
2016-02-11,O,554
2016-02-12,A,326
2016-02-12,AB,91
2016-02-12,B,365
2016-02-12,O,586
2016-02-13,A,334
2016-02-13,AB,72
2016-02-13,B,343
2016-02-13,O,502
2016-02-14,A,315
2016-02-14,AB,82
2016-02-14,B,379
2016-02-14,O,499
2016-02-15,A,363
2016-02-15,AB,85
2016-02-15,B,383
2016-02-15,O,544
2016-02-16,A,343
2016-02-16,AB,68
2016-02-16,B,386
2016-02-16,O,537
2016-02-17,A,324
2016-02-17,AB,91
2016-02-17,B,387
2016-02-17,O,544
2016-02-18,A,334
2016-02-18,AB,87
2016-02-18,B,396
2016-02-18,O,528
2016-02-19,A,309
2016-02-19,AB,90
2016-02-19,B,360
2016-02-19,O,516
2016-02-20,A,301
2016-02-20,AB,96
2016-02-20,B,360
2016-02-20,O,537
2016-02-21,A,295
2016-02-21,AB,84
2016-02-21,B,379
2016-02-21,O,474
2016-02-22,A,317
2016-02-22,AB,190
2016-02-22,B,355
2016-02-22,O,594
2016-02-23,A,344
2016-02-23,AB,81
2016-02-23,B,352
2016-02-23,O,543
2016-02-24,A,348
2016-02-24,AB,87
2016-02-24,B,412
2016-02-24,O,585
2016-02-25,A,369
2016-02-25,AB,88
2016-02-25,B,383
2016-02-25,O,588
2016-02-26,A,363
2016-02-26,AB,90
2016-02-26,B,374
2016-02-26,O,553
2016-02-27,A,348
2016-02-27,AB,94
2016-02-27,B,323
2016-02-27,O,514
2016-02-28,A,346
2016-02-28,AB,82
2016-02-28,B,376
2016-02-28,O,484
2016-02-29,A,374
2016-02-29,AB,85
2016-02-29,B,383
2016-02-29,O,567
2016-03-01,A,347
2016-03-01,AB,93
2016-03-01,B,378
2016-03-01,O,613
2016-03-02,A,320
2016-03-02,AB,83
2016-03-02,B,370
2016-03-02,O,531
2016-03-03,A,326
2016-03-03,AB,95
2016-03-03,B,381
2016-03-03,O,603
2016-03-04,A,303
2016-03-04,AB,88
2016-03-04,B,346
2016-03-04,O,530
2016-03-05,A,271
2016-03-05,AB,61
2016-03-05,B,376
2016-03-05,O,561
2016-03-06,A,283
2016-03-06,AB,76
2016-03-06,B,361
2016-03-06,O,520
2016-03-07,A,363
2016-03-07,AB,90
2016-03-07,B,332
2016-03-07,O,553
2016-03-08,A,346
2016-03-08,AB,75
2016-03-08,B,361
2016-03-08,O,571
2016-03-09,A,330
2016-03-09,AB,94
2016-03-09,B,403
2016-03-09,O,608
2016-03-10,A,323
2016-03-10,AB,89
2016-03-10,B,433
2016-03-10,O,643
2016-03-11,A,330
2016-03-11,AB,102
2016-03-11,B,395
2016-03-11,O,595
2016-03-12,A,318
2016-03-12,AB,79
2016-03-12,B,403
2016-03-12,O,584
2016-03-13,A,330
2016-03-13,AB,90
2016-03-13,B,387
2016-03-13,O,624
2016-03-14,A,325
2016-03-14,AB,83
2016-03-14,B,424
2016-03-14,O,630
2016-03-15,A,360
2016-03-15,AB,74
2016-03-15,B,420
2016-03-15,O,647
2016-03-16,A,329
2016-03-16,AB,91
2016-03-16,B,445
2016-03-16,O,651
2016-03-17,A,377
2016-03-17,AB,91
2016-03-17,B,418
2016-03-17,O,629
2016-03-18,A,390
2016-03-18,AB,96
2016-03-18,B,454
2016-03-18,O,694
2016-03-19,A,360
2016-03-19,AB,75
2016-03-19,B,387
2016-03-19,O,624
2016-03-20,A,349
2016-03-20,AB,69
2016-03-20,B,395
2016-03-20,O,683
2016-03-21,A,381
2016-03-21,AB,83
2016-03-21,B,418
2016-03-21,O,681
2016-03-22,A,368
2016-03-22,AB,92
2016-03-22,B,411
2016-03-22,O,695
2016-03-23,A,398
2016-03-23,AB,73
2016-03-23,B,420
2016-03-23,O,692
2016-03-24,A,398
2016-03-24,AB,84
2016-03-24,B,419
2016-03-24,O,685
2016-03-25,A,361
2016-03-25,AB,86
2016-03-25,B,392
2016-03-25,O,650
2016-03-26,A,298
2016-03-26,AB,73
2016-03-26,B,329
2016-03-26,O,628
2016-03-27,A,335
2016-03-27,AB,83
2016-03-27,B,377
2016-03-27,O,670
2016-03-28,A,387
2016-03-28,AB,87
2016-03-28,B,390
2016-03-28,O,681
2016-03-29,A,373
2016-03-29,AB,87
2016-03-29,B,444
2016-03-29,O,664
2016-03-30,A,391
2016-03-30,AB,94
2016-03-30,B,395
2016-03-30,O,684
2016-03-31,A,405
2016-03-31,AB,216
2016-03-31,B,419
2016-03-31,O,704
2016-04-01,A,367
2016-04-01,AB,81
2016-04-01,B,383
2016-04-01,O,700
2016-04-02,A,351
2016-04-02,AB,70
2016-04-02,B,366
2016-04-02,O,645
2016-04-03,A,348
2016-04-03,AB,72
2016-04-03,B,410
2016-04-03,O,643
2016-04-04,A,362
2016-04-04,AB,104
2016-04-04,B,401
2016-04-04,O,681
2016-04-05,A,368
2016-04-05,AB,90
2016-04-05,B,417
2016-04-05,O,619
2016-04-06,A,374
2016-04-06,AB,103
2016-04-06,B,410
2016-04-06,O,682
2016-04-07,A,383
2016-04-07,AB,109
2016-04-07,B,383
2016-04-07,O,772
2016-04-08,A,381
2016-04-08,AB,80
2016-04-08,B,412
2016-04-08,O,746
2016-04-09,A,340
2016-04-09,AB,82
2016-04-09,B,349
2016-04-09,O,671
2016-04-10,A,305
2016-04-10,AB,73
2016-04-10,B,345
2016-04-10,O,696
2016-04-11,A,338
2016-04-11,AB,75
2016-04-11,B,425
2016-04-11,O,727
2016-04-12,A,388
2016-04-12,AB,68
2016-04-12,B,601
2016-04-12,O,712
2016-04-13,A,356
2016-04-13,AB,94
2016-04-13,B,648
2016-04-13,O,761
2016-04-14,A,379
2016-04-14,AB,82
2016-04-14,B,630
2016-04-14,O,688
2016-04-15,A,349
2016-04-15,AB,92
2016-04-15,B,608
2016-04-15,O,644
2016-04-16,A,341
2016-04-16,AB,72
2016-04-16,B,541
2016-04-16,O,596
2016-04-17,A,367
2016-04-17,AB,80
2016-04-17,B,602
2016-04-17,O,644
2016-04-18,A,346
2016-04-18,AB,97
2016-04-18,B,588
2016-04-18,O,683
2016-04-19,A,373
2016-04-19,AB,95
2016-04-19,B,571
2016-04-19,O,645
2016-04-20,A,408
2016-04-20,AB,72
2016-04-20,B,631
2016-04-20,O,637
2016-04-21,A,395
2016-04-21,AB,90
2016-04-21,B,573
2016-04-21,O,647
2016-04-22,A,352
2016-04-22,AB,79
2016-04-22,B,617
2016-04-22,O,695
2016-04-23,A,342
2016-04-23,AB,70
2016-04-23,B,573
2016-04-23,O,594
2016-04-24,A,345
2016-04-24,AB,80
2016-04-24,B,559
2016-04-24,O,607
2016-04-25,A,388
2016-04-25,AB,85
2016-04-25,B,426
2016-04-25,O,619
2016-04-26,A,357
2016-04-26,AB,85
2016-04-26,B,422
2016-04-26,O,618
2016-04-27,A,385
2016-04-27,AB,80
2016-04-27,B,429
2016-04-27,O,685
2016-04-28,A,347
2016-04-28,AB,88
2016-04-28,B,430
2016-04-28,O,630
2016-04-29,A,405
2016-04-29,AB,101
2016-04-29,B,454
2016-04-29,O,629
2016-04-30,A,382
2016-04-30,AB,68
2016-04-30,B,389
2016-04-30,O,579
2016-05-01,A,358
2016-05-01,AB,72
2016-05-01,B,400
2016-05-01,O,646
2016-05-02,A,402
2016-05-02,AB,76
2016-05-02,B,382
2016-05-02,O,659
2016-05-03,A,363
2016-05-03,AB,103
2016-05-03,B,393
2016-05-03,O,635
2016-05-04,A,360
2016-05-04,AB,92
2016-05-04,B,444
2016-05-04,O,665
2016-05-05,A,373
2016-05-05,AB,69
2016-05-05,B,420
2016-05-05,O,613
2016-05-06,A,381
2016-05-06,AB,85
2016-05-06,B,418
2016-05-06,O,624
2016-05-07,A,294
2016-05-07,AB,81
2016-05-07,B,323
2016-05-07,O,587
2016-05-08,A,320
2016-05-08,AB,76
2016-05-08,B,352
2016-05-08,O,608
2016-05-09,A,323
2016-05-09,AB,87
2016-05-09,B,409
2016-05-09,O,620
2016-05-10,A,340
2016-05-10,AB,89
2016-05-10,B,375
2016-05-10,O,597
2016-05-11,A,356
2016-05-11,AB,91
2016-05-11,B,427
2016-05-11,O,599
2016-05-12,A,336
2016-05-12,AB,85
2016-05-12,B,383
2016-05-12,O,1350
2016-05-13,A,379
2016-05-13,AB,88
2016-05-13,B,381
2016-05-13,O,650
2016-05-14,A,286
2016-05-14,AB,84
2016-05-14,B,331
2016-05-14,O,586
2016-05-15,A,345
2016-05-15,AB,91
2016-05-15,B,380
2016-05-15,O,588
2016-05-16,A,367
2016-05-16,AB,77
2016-05-16,B,389
2016-05-16,O,642
2016-05-17,A,333
2016-05-17,AB,81
2016-05-17,B,396
2016-05-17,O,547
2016-05-18,A,307
2016-05-18,AB,76
2016-05-18,B,430
2016-05-18,O,637
2016-05-19,A,385
2016-05-19,AB,82
2016-05-19,B,399
2016-05-19,O,597
2016-05-20,A,313
2016-05-20,AB,102
2016-05-20,B,420
2016-05-20,O,669
2016-05-21,A,327
2016-05-21,AB,86
2016-05-21,B,413
2016-05-21,O,587
2016-05-22,A,345
2016-05-22,AB,78
2016-05-22,B,412
2016-05-22,O,568
2016-05-23,A,379
2016-05-23,AB,110
2016-05-23,B,431
2016-05-23,O,642
2016-05-24,A,362
2016-05-24,AB,91
2016-05-24,B,396
2016-05-24,O,622
2016-05-25,A,389
2016-05-25,AB,71
2016-05-25,B,413
2016-05-25,O,648
2016-05-26,A,371
2016-05-26,AB,78
2016-05-26,B,451
2016-05-26,O,655
2016-05-27,A,377
2016-05-27,AB,83
2016-05-27,B,461
2016-05-27,O,708
2016-05-28,A,301
2016-05-28,AB,77
2016-05-28,B,415
2016-05-28,O,617
2016-05-29,A,367
2016-05-29,AB,76
2016-05-29,B,449
2016-05-29,O,685
2016-05-30,A,392
2016-05-30,AB,72
2016-05-30,B,467
2016-05-30,O,734
2016-05-31,A,394
2016-05-31,AB,82
2016-05-31,B,454
2016-05-31,O,688
2016-06-01,A,373
2016-06-01,AB,73
2016-06-01,B,458
2016-06-01,O,671
2016-06-02,A,374
2016-06-02,AB,83
2016-06-02,B,434
2016-06-02,O,689
2016-06-03,A,397
2016-06-03,AB,90
2016-06-03,B,458
2016-06-03,O,722
2016-06-04,A,392
2016-06-04,AB,91
2016-06-04,B,417
2016-06-04,O,669
2016-06-05,A,350
2016-06-05,AB,88
2016-06-05,B,433
2016-06-05,O,722
2016-06-06,A,398
2016-06-06,AB,77
2016-06-06,B,458
2016-06-06,O,733
2016-06-07,A,390
2016-06-07,AB,88
2016-06-07,B,411
2016-06-07,O,784
2016-06-08,A,362
2016-06-08,AB,83
2016-06-08,B,424
2016-06-08,O,707
2016-06-09,A,383
2016-06-09,AB,95
2016-06-09,B,420
2016-06-09,O,745
2016-06-10,A,368
2016-06-10,AB,89
2016-06-10,B,424
2016-06-10,O,719
2016-06-11,A,318
2016-06-11,AB,70
2016-06-11,B,369
2016-06-11,O,691
2016-06-12,A,336
2016-06-12,AB,63
2016-06-12,B,363
2016-06-12,O,688
2016-06-13,A,347
2016-06-13,AB,81
2016-06-13,B,743
2016-06-13,O,728
2016-06-14,A,339
2016-06-14,AB,81
2016-06-14,B,444
2016-06-14,O,715
2016-06-15,A,307
2016-06-15,AB,78
2016-06-15,B,463
2016-06-15,O,646
2016-06-16,A,318
2016-06-16,AB,78
2016-06-16,B,427
2016-06-16,O,673
2016-06-17,A,322
2016-06-17,AB,75
2016-06-17,B,385
2016-06-17,O,642
2016-06-18,A,325
2016-06-18,AB,68
2016-06-18,B,326
2016-06-18,O,567
2016-06-19,A,278
2016-06-19,AB,81
2016-06-19,B,379
2016-06-19,O,603
2016-06-20,A,330
2016-06-20,AB,77
2016-06-20,B,422
2016-06-20,O,637
2016-06-21,A,310
2016-06-21,AB,74
2016-06-21,B,375
2016-06-21,O,604
2016-06-22,A,289
2016-06-22,AB,72
2016-06-22,B,367
2016-06-22,O,620
2016-06-23,A,283
2016-06-23,AB,66
2016-06-23,B,344
2016-06-23,O,596
2016-06-24,A,294
2016-06-24,AB,65
2016-06-24,B,386
2016-06-24,O,596
2016-06-25,A,261
2016-06-25,AB,62
2016-06-25,B,298
2016-06-25,O,530
2016-06-26,A,253
2016-06-26,AB,68
2016-06-26,B,301
2016-06-26,O,562
2016-06-27,A,308
2016-06-27,AB,141
2016-06-27,B,335
2016-06-27,O,599
2016-06-28,A,295
2016-06-28,AB,127
2016-06-28,B,315
2016-06-28,O,599
2016-06-29,A,239
2016-06-29,AB,226
2016-06-29,B,305
2016-06-29,O,577
2016-06-30,A,265
2016-06-30,AB,142
2016-06-30,B,312
2016-06-30,O,588
2016-07-01,A,461
2016-07-01,AB,139
2016-07-01,B,303
2016-07-01,O,550
2016-07-02,A,230
2016-07-02,AB,125
2016-07-02,B,275
2016-07-02,O,519
2016-07-03,A,264
2016-07-03,AB,122
2016-07-03,B,284
2016-07-03,O,493
2016-07-04,A,250
2016-07-04,AB,125
2016-07-04,B,282
2016-07-04,O,509
2016-07-05,A,266
2016-07-05,AB,121
2016-07-05,B,259
2016-07-05,O,501
2016-07-06,A,217
2016-07-06,AB,109
2016-07-06,B,262
2016-07-06,O,487
2016-07-07,A,249
2016-07-07,AB,105
2016-07-07,B,261
2016-07-07,O,491
2016-07-08,A,213
2016-07-08,AB,120
2016-07-08,B,258
2016-07-08,O,508
2016-07-09,A,206
2016-07-09,AB,125
2016-07-09,B,256
2016-07-09,O,449
2016-07-10,A,247
2016-07-10,AB,52
2016-07-10,B,228
2016-07-10,O,489
2016-07-11,A,216
2016-07-11,AB,66
2016-07-11,B,296
2016-07-11,O,497
2016-07-12,A,240
2016-07-12,AB,64
2016-07-12,B,291
2016-07-12,O,479
2016-07-13,A,265
2016-07-13,AB,60
2016-07-13,B,281
2016-07-13,O,516
2016-07-14,A,239
2016-07-14,AB,58
2016-07-14,B,280
2016-07-14,O,505
2016-07-15,A,248
2016-07-15,AB,71
2016-07-15,B,320
2016-07-15,O,520
2016-07-16,A,231
2016-07-16,AB,54
2016-07-16,B,277
2016-07-16,O,461
2016-07-17,A,287
2016-07-17,AB,63
2016-07-17,B,261
2016-07-17,O,516
2016-07-18,A,288
2016-07-18,AB,53
2016-07-18,B,277
2016-07-18,O,586
2016-07-19,A,273
2016-07-19,AB,58
2016-07-19,B,342
2016-07-19,O,526
2016-07-20,A,292
2016-07-20,AB,75
2016-07-20,B,355
2016-07-20,O,614
2016-07-21,A,281
2016-07-21,AB,55
2016-07-21,B,350
2016-07-21,O,588
2016-07-22,A,305
2016-07-22,AB,48
2016-07-22,B,336
2016-07-22,O,554
2016-07-23,A,272
2016-07-23,AB,72
2016-07-23,B,349
2016-07-23,O,527
2016-07-24,A,258
2016-07-24,AB,73
2016-07-24,B,319
2016-07-24,O,526
2016-07-25,A,293
2016-07-25,AB,64
2016-07-25,B,369
2016-07-25,O,598
2016-07-26,A,265
2016-07-26,AB,69
2016-07-26,B,321
2016-07-26,O,565
2016-07-27,A,484
2016-07-27,AB,77
2016-07-27,B,321
2016-07-27,O,566
2016-07-28,A,290
2016-07-28,AB,87
2016-07-28,B,308
2016-07-28,O,615
2016-07-29,A,259
2016-07-29,AB,76
2016-07-29,B,334
2016-07-29,O,594
2016-07-30,A,289
2016-07-30,AB,77
2016-07-30,B,328
2016-07-30,O,565
2016-07-31,A,293
2016-07-31,AB,77
2016-07-31,B,330
2016-07-31,O,572
2016-08-01,A,308
2016-08-01,AB,77
2016-08-01,B,361
2016-08-01,O,614
2016-08-02,A,264
2016-08-02,AB,99
2016-08-02,B,322
2016-08-02,O,600
2016-08-03,A,317
2016-08-03,AB,80
2016-08-03,B,354
2016-08-03,O,643
2016-08-04,A,298
2016-08-04,AB,97
2016-08-04,B,363
2016-08-04,O,621
2016-08-05,A,357
2016-08-05,AB,94
2016-08-05,B,375
2016-08-05,O,713
2016-08-06,A,322
2016-08-06,AB,92
2016-08-06,B,406
2016-08-06,O,682
2016-08-07,A,319
2016-08-07,AB,91
2016-08-07,B,432
2016-08-07,O,670
2016-08-08,A,368
2016-08-08,AB,103
2016-08-08,B,419
2016-08-08,O,673
2016-08-09,A,341
2016-08-09,AB,115
2016-08-09,B,414
2016-08-09,O,686
2016-08-10,A,402
2016-08-10,AB,115
2016-08-10,B,444
2016-08-10,O,739
2016-08-11,A,376
2016-08-11,AB,89
2016-08-11,B,436
2016-08-11,O,741
2016-08-12,A,428
2016-08-12,AB,97
2016-08-12,B,439
2016-08-12,O,745
2016-08-13,A,411
2016-08-13,AB,97
2016-08-13,B,396
2016-08-13,O,668
2016-08-14,A,376
2016-08-14,AB,90
2016-08-14,B,441
2016-08-14,O,711
2016-08-15,A,436
2016-08-15,AB,103
2016-08-15,B,845
2016-08-15,O,750
2016-08-16,A,405
2016-08-16,AB,107
2016-08-16,B,437
2016-08-16,O,658
2016-08-17,A,403
2016-08-17,AB,103
2016-08-17,B,439
2016-08-17,O,803
2016-08-18,A,400
2016-08-18,AB,105
2016-08-18,B,445
2016-08-18,O,776
2016-08-19,A,398
2016-08-19,AB,125
2016-08-19,B,433
2016-08-19,O,734
2016-08-20,A,314
2016-08-20,AB,90
2016-08-20,B,421
2016-08-20,O,677
2016-08-21,A,356
2016-08-21,AB,112
2016-08-21,B,437
2016-08-21,O,695
2016-08-22,A,374
2016-08-22,AB,123
2016-08-22,B,430
2016-08-22,O,806
2016-08-23,A,339
2016-08-23,AB,116
2016-08-23,B,438
2016-08-23,O,737
2016-08-24,A,337
2016-08-24,AB,110
2016-08-24,B,472
2016-08-24,O,755
2016-08-25,A,383
2016-08-25,AB,109
2016-08-25,B,1152
2016-08-25,O,788
2016-08-26,A,374
2016-08-26,AB,86
2016-08-26,B,444
2016-08-26,O,780
2016-08-27,A,321
2016-08-27,AB,108
2016-08-27,B,429
2016-08-27,O,679
2016-08-28,A,377
2016-08-28,AB,104
2016-08-28,B,450
2016-08-28,O,691
2016-08-29,A,385
2016-08-29,AB,100
2016-08-29,B,464
2016-08-29,O,790
2016-08-30,A,421
2016-08-30,AB,115
2016-08-30,B,447
2016-08-30,O,737
2016-08-31,A,362
2016-08-31,AB,117
2016-08-31,B,480
2016-08-31,O,763
2016-09-01,A,415
2016-09-01,AB,99
2016-09-01,B,478
2016-09-01,O,774
2016-09-02,A,432
2016-09-02,AB,125
2016-09-02,B,424
2016-09-02,O,751
2016-09-03,A,360
2016-09-03,AB,110
2016-09-03,B,414
2016-09-03,O,721
2016-09-04,A,360
2016-09-04,AB,103
2016-09-04,B,450
2016-09-04,O,775
2016-09-05,A,406
2016-09-05,AB,111
2016-09-05,B,467
2016-09-05,O,782
2016-09-06,A,388
2016-09-06,AB,102
2016-09-06,B,467
2016-09-06,O,774
2016-09-07,A,426
2016-09-07,AB,111
2016-09-07,B,487
2016-09-07,O,777
2016-09-08,A,405
2016-09-08,AB,94
2016-09-08,B,478
2016-09-08,O,835
2016-09-09,A,395
2016-09-09,AB,108
2016-09-09,B,495
2016-09-09,O,751
2016-09-10,A,329
2016-09-10,AB,115
2016-09-10,B,406
2016-09-10,O,732
2016-09-11,A,356
2016-09-11,AB,115
2016-09-11,B,455
2016-09-11,O,756
2016-09-12,A,417
2016-09-12,AB,87
2016-09-12,B,433
2016-09-12,O,726
2016-09-13,A,370
2016-09-13,AB,97
2016-09-13,B,454
2016-09-13,O,713
2016-09-14,A,387
2016-09-14,AB,98
2016-09-14,B,433
2016-09-14,O,729
2016-09-15,A,375
2016-09-15,AB,90
2016-09-15,B,418
2016-09-15,O,714
2016-09-16,A,348
2016-09-16,AB,83
2016-09-16,B,440
2016-09-16,O,678
2016-09-17,A,268
2016-09-17,AB,94
2016-09-17,B,383
2016-09-17,O,635
2016-09-18,A,353
2016-09-18,AB,111
2016-09-18,B,410
2016-09-18,O,690
2016-09-19,A,392
2016-09-19,AB,85
2016-09-19,B,420
2016-09-19,O,700
2016-09-20,A,392
2016-09-20,AB,104
2016-09-20,B,445
2016-09-20,O,680
2016-09-21,A,382
2016-09-21,AB,119
2016-09-21,B,416
2016-09-21,O,687
2016-09-22,A,394
2016-09-22,AB,106
2016-09-22,B,416
2016-09-22,O,746
2016-09-23,A,350
2016-09-23,AB,103
2016-09-23,B,419
2016-09-23,O,645
2016-09-24,A,348
2016-09-24,AB,88
2016-09-24,B,369
2016-09-24,O,594
2016-09-25,A,333
2016-09-25,AB,111
2016-09-25,B,361
2016-09-25,O,653
2016-09-26,A,369
2016-09-26,AB,100
2016-09-26,B,404
2016-09-26,O,656
2016-09-27,A,326
2016-09-27,AB,104
2016-09-27,B,409
2016-09-27,O,630
2016-09-28,A,370
2016-09-28,AB,103
2016-09-28,B,406
2016-09-28,O,658
2016-09-29,A,335
2016-09-29,AB,116
2016-09-29,B,453
2016-09-29,O,651
2016-09-30,A,348
2016-09-30,AB,105
2016-09-30,B,447
2016-09-30,O,581
2016-10-01,A,325
2016-10-01,AB,89
2016-10-01,B,395
2016-10-01,O,576
2016-10-02,A,318
2016-10-02,AB,84
2016-10-02,B,399
2016-10-02,O,571
2016-10-03,A,358
2016-10-03,AB,102
2016-10-03,B,416
2016-10-03,O,571
2016-10-04,A,366
2016-10-04,AB,89
2016-10-04,B,373
2016-10-04,O,644
2016-10-05,A,346
2016-10-05,AB,103
2016-10-05,B,392
2016-10-05,O,621
2016-10-06,A,334
2016-10-06,AB,111
2016-10-06,B,410
2016-10-06,O,599
2016-10-07,A,343
2016-10-07,AB,86
2016-10-07,B,396
2016-10-07,O,583
2016-10-08,A,334
2016-10-08,AB,90
2016-10-08,B,396
2016-10-08,O,596
2016-10-09,A,349
2016-10-09,AB,92
2016-10-09,B,370
2016-10-09,O,606
2016-10-10,A,377
2016-10-10,AB,102
2016-10-10,B,436
2016-10-10,O,622
2016-10-11,A,386
2016-10-11,AB,119
2016-10-11,B,424
2016-10-11,O,627
2016-10-12,A,391
2016-10-12,AB,97
2016-10-12,B,446
2016-10-12,O,670
2016-10-13,A,380
2016-10-13,AB,113
2016-10-13,B,451
2016-10-13,O,1360
2016-10-14,A,387
2016-10-14,AB,114
2016-10-14,B,469
2016-10-14,O,704
2016-10-15,A,399
2016-10-15,AB,106
2016-10-15,B,412
2016-10-15,O,631
2016-10-16,A,354
2016-10-16,AB,106
2016-10-16,B,451
2016-10-16,O,584
2016-10-17,A,401
2016-10-17,AB,110
2016-10-17,B,438
2016-10-17,O,679
2016-10-18,A,394
2016-10-18,AB,111
2016-10-18,B,417
2016-10-18,O,680
2016-10-19,A,430
2016-10-19,AB,88
2016-10-19,B,436
2016-10-19,O,682
2016-10-20,A,418
2016-10-20,AB,80
2016-10-20,B,436
2016-10-20,O,669
2016-10-21,A,412
2016-10-21,AB,103
2016-10-21,B,445
2016-10-21,O,677
2016-10-22,A,400
2016-10-22,AB,84
2016-10-22,B,392
2016-10-22,O,614
2016-10-23,A,371
2016-10-23,AB,104
2016-10-23,B,377
2016-10-23,O,646
2016-10-24,A,397
2016-10-24,AB,88
2016-10-24,B,433
2016-10-24,O,1588
2016-10-25,A,412
2016-10-25,AB,105
2016-10-25,B,419
2016-10-25,O,684
2016-10-26,A,448
2016-10-26,AB,90
2016-10-26,B,431
2016-10-26,O,682
2016-10-27,A,387
2016-10-27,AB,83
2016-10-27,B,429
2016-10-27,O,599
2016-10-28,A,410
2016-10-28,AB,117
2016-10-28,B,409
2016-10-28,O,660
2016-10-29,A,341
2016-10-29,AB,66
2016-10-29,B,364
2016-10-29,O,583
2016-10-30,A,383
2016-10-30,AB,75
2016-10-30,B,367
2016-10-30,O,557
2016-10-31,A,403
2016-10-31,AB,82
2016-10-31,B,371
2016-10-31,O,609
2016-11-01,A,368
2016-11-01,AB,83
2016-11-01,B,367
2016-11-01,O,591
2016-11-02,A,385
2016-11-02,AB,69
2016-11-02,B,407
2016-11-02,O,607
2016-11-03,A,393
2016-11-03,AB,77
2016-11-03,B,376
2016-11-03,O,565
2016-11-04,A,369
2016-11-04,AB,79
2016-11-04,B,402
2016-11-04,O,611
2016-11-05,A,337
2016-11-05,AB,87
2016-11-05,B,365
2016-11-05,O,480
2016-11-06,A,363
2016-11-06,AB,71
2016-11-06,B,365
2016-11-06,O,511
2016-11-07,A,380
2016-11-07,AB,82
2016-11-07,B,429
2016-11-07,O,564
2016-11-08,A,331
2016-11-08,AB,70
2016-11-08,B,383
2016-11-08,O,605
2016-11-09,A,324
2016-11-09,AB,74
2016-11-09,B,409
2016-11-09,O,548
2016-11-10,A,337
2016-11-10,AB,75
2016-11-10,B,358
2016-11-10,O,561
2016-11-11,A,327
2016-11-11,AB,86
2016-11-11,B,365
2016-11-11,O,573
2016-11-12,A,287
2016-11-12,AB,74
2016-11-12,B,348
2016-11-12,O,491
2016-11-13,A,614
2016-11-13,AB,73
2016-11-13,B,363
2016-11-13,O,534
2016-11-14,A,366
2016-11-14,AB,82
2016-11-14,B,382
2016-11-14,O,524
2016-11-15,A,371
2016-11-15,AB,63
2016-11-15,B,337
2016-11-15,O,545
2016-11-16,A,321
2016-11-16,AB,54
2016-11-16,B,385
2016-11-16,O,529
2016-11-17,A,370
2016-11-17,AB,85
2016-11-17,B,352
2016-11-17,O,530
2016-11-18,A,306
2016-11-18,AB,76
2016-11-18,B,368
2016-11-18,O,567
2016-11-19,A,339
2016-11-19,AB,86
2016-11-19,B,331
2016-11-19,O,487
2016-11-20,A,319
2016-11-20,AB,68
2016-11-20,B,361
2016-11-20,O,514
2016-11-21,A,366
2016-11-21,AB,87
2016-11-21,B,367
2016-11-21,O,549
2016-11-22,A,335
2016-11-22,AB,92
2016-11-22,B,377
2016-11-22,O,558
2016-11-23,A,320
2016-11-23,AB,212
2016-11-23,B,403
2016-11-23,O,608
2016-11-24,A,378
2016-11-24,AB,93
2016-11-24,B,428
2016-11-24,O,593
2016-11-25,A,333
2016-11-25,AB,93
2016-11-25,B,381
2016-11-25,O,561
2016-11-26,A,305
2016-11-26,AB,86
2016-11-26,B,351
2016-11-26,O,546
2016-11-27,A,324
2016-11-27,AB,78
2016-11-27,B,391
2016-11-27,O,594
2016-11-28,A,379
2016-11-28,AB,94
2016-11-28,B,392
2016-11-28,O,558
2016-11-29,A,359
2016-11-29,AB,93
2016-11-29,B,383
2016-11-29,O,539
2016-11-30,A,365
2016-11-30,AB,73
2016-11-30,B,413
2016-11-30,O,568
2016-12-01,A,400
2016-12-01,AB,106
2016-12-01,B,389
2016-12-01,O,562
2016-12-02,A,380
2016-12-02,AB,93
2016-12-02,B,445
2016-12-02,O,551
2016-12-03,A,372
2016-12-03,AB,88
2016-12-03,B,390
2016-12-03,O,511
2016-12-04,A,339
2016-12-04,AB,89
2016-12-04,B,365
2016-12-04,O,539
2016-12-05,A,376
2016-12-05,AB,108
2016-12-05,B,412
2016-12-05,O,588
2016-12-06,A,406
2016-12-06,AB,85
2016-12-06,B,421
2016-12-06,O,540
2016-12-07,A,365
2016-12-07,AB,100
2016-12-07,B,405
2016-12-07,O,601
2016-12-08,A,601
2016-12-08,AB,96
2016-12-08,B,446
2016-12-08,O,575
2016-12-09,A,347
2016-12-09,AB,85
2016-12-09,B,455
2016-12-09,O,624
2016-12-10,A,311
2016-12-10,AB,68
2016-12-10,B,929
2016-12-10,O,570
2016-12-11,A,327
2016-12-11,AB,94
2016-12-11,B,415
2016-12-11,O,552
2016-12-12,A,368
2016-12-12,AB,108
2016-12-12,B,406
2016-12-12,O,553
2016-12-13,A,342
2016-12-13,AB,81
2016-12-13,B,378
2016-12-13,O,576
2016-12-14,A,331
2016-12-14,AB,106
2016-12-14,B,367
2016-12-14,O,566
2016-12-15,A,321
2016-12-15,AB,98
2016-12-15,B,425
2016-12-15,O,553
2016-12-16,A,342
2016-12-16,AB,102
2016-12-16,B,390
2016-12-16,O,592
2016-12-17,A,337
2016-12-17,AB,93
2016-12-17,B,429
2016-12-17,O,512
2016-12-18,A,317
2016-12-18,AB,94
2016-12-18,B,403
2016-12-18,O,510
2016-12-19,A,369
2016-12-19,AB,84
2016-12-19,B,389
2016-12-19,O,533
2016-12-20,A,331
2016-12-20,AB,92
2016-12-20,B,397
2016-12-20,O,528
2016-12-21,A,328
2016-12-21,AB,101
2016-12-21,B,415
2016-12-21,O,547
2016-12-22,A,350
2016-12-22,AB,93
2016-12-22,B,397
2016-12-22,O,544
2016-12-23,A,339
2016-12-23,AB,112
2016-12-23,B,415
2016-12-23,O,520
2016-12-24,A,309
2016-12-24,AB,95
2016-12-24,B,361
2016-12-24,O,415
2016-12-25,A,290
2016-12-25,AB,84
2016-12-25,B,335
2016-12-25,O,412
2016-12-26,A,349
2016-12-26,AB,84
2016-12-26,B,381
2016-12-26,O,500
2016-12-27,A,300
2016-12-27,AB,98
2016-12-27,B,361
2016-12-27,O,463
2016-12-28,A,313
2016-12-28,AB,78
2016-12-28,B,367
2016-12-28,O,454
2016-12-29,A,344
2016-12-29,AB,86
2016-12-29,B,362
2016-12-29,O,522
2016-12-30,A,334
2016-12-30,AB,76
2016-12-30,B,344
2016-12-30,O,435
2016-12-31,A,292
2016-12-31,AB,73
2016-12-31,B,302
2016-12-31,O,414
2017-01-01,A,290
2017-01-01,AB,68
2017-01-01,B,309
2017-01-01,O,415
2017-01-02,A,330
2017-01-02,AB,76
2017-01-02,B,310
2017-01-02,O,496
2017-01-03,A,315
2017-01-03,AB,81
2017-01-03,B,290
2017-01-03,O,441
2017-01-04,A,292
2017-01-04,AB,64
2017-01-04,B,320
2017-01-04,O,478
2017-01-05,A,270
2017-01-05,AB,70
2017-01-05,B,345
2017-01-05,O,478
2017-01-06,A,300
2017-01-06,AB,86
2017-01-06,B,318
2017-01-06,O,460
2017-01-07,A,263
2017-01-07,AB,60
2017-01-07,B,304
2017-01-07,O,427
2017-01-08,A,280
2017-01-08,AB,84
2017-01-08,B,282
2017-01-08,O,502
2017-01-09,A,340
2017-01-09,AB,77
2017-01-09,B,336
2017-01-09,O,469
2017-01-10,A,293
2017-01-10,AB,70
2017-01-10,B,356
2017-01-10,O,478
2017-01-11,A,336
2017-01-11,AB,85
2017-01-11,B,352
2017-01-11,O,473
2017-01-12,A,357
2017-01-12,AB,90
2017-01-12,B,373
2017-01-12,O,463
2017-01-13,A,347
2017-01-13,AB,88
2017-01-13,B,338
2017-01-13,O,484
2017-01-14,A,306
2017-01-14,AB,92
2017-01-14,B,336
2017-01-14,O,419
2017-01-15,A,273
2017-01-15,AB,77
2017-01-15,B,373
2017-01-15,O,451
2017-01-16,A,333
2017-01-16,AB,92
2017-01-16,B,374
2017-01-16,O,487
2017-01-17,A,302
2017-01-17,AB,85
2017-01-17,B,360
2017-01-17,O,514
2017-01-18,A,341
2017-01-18,AB,93
2017-01-18,B,376
2017-01-18,O,468
2017-01-19,A,328
2017-01-19,AB,115
2017-01-19,B,362
2017-01-19,O,523
2017-01-20,A,318
2017-01-20,AB,96
2017-01-20,B,369
2017-01-20,O,520
2017-01-21,A,309
2017-01-21,AB,85
2017-01-21,B,318
2017-01-21,O,480
2017-01-22,A,318
2017-01-22,AB,67
2017-01-22,B,348
2017-01-22,O,466
2017-01-23,A,344
2017-01-23,AB,87
2017-01-23,B,379
2017-01-23,O,522
2017-01-24,A,360
2017-01-24,AB,84
2017-01-24,B,411
2017-01-24,O,565
2017-01-25,A,374
2017-01-25,AB,108
2017-01-25,B,362
2017-01-25,O,548
2017-01-26,A,338
2017-01-26,AB,84
2017-01-26,B,360
2017-01-26,O,555
2017-01-27,A,385
2017-01-27,AB,91
2017-01-27,B,376
2017-01-27,O,537
2017-01-28,A,328
2017-01-28,AB,76
2017-01-28,B,330
2017-01-28,O,478
2017-01-29,A,346
2017-01-29,AB,90
2017-01-29,B,359
2017-01-29,O,512
2017-01-30,A,374
2017-01-30,AB,83
2017-01-30,B,410
2017-01-30,O,509
2017-01-31,A,359
2017-01-31,AB,95
2017-01-31,B,368
2017-01-31,O,546
2017-02-01,A,384
2017-02-01,AB,91
2017-02-01,B,352
2017-02-01,O,469
2017-02-02,A,392
2017-02-02,AB,79
2017-02-02,B,379
2017-02-02,O,570
2017-02-03,A,352
2017-02-03,AB,84
2017-02-03,B,370
2017-02-03,O,560
2017-02-04,A,372
2017-02-04,AB,63
2017-02-04,B,361
2017-02-04,O,471
2017-02-05,A,354
2017-02-05,AB,90
2017-02-05,B,351
2017-02-05,O,493
2017-02-06,A,318
2017-02-06,AB,68
2017-02-06,B,339
2017-02-06,O,555
2017-02-07,A,340
2017-02-07,AB,85
2017-02-07,B,380
2017-02-07,O,476
2017-02-08,A,341
2017-02-08,AB,85
2017-02-08,B,368
2017-02-08,O,456
2017-02-09,A,386
2017-02-09,AB,101
2017-02-09,B,378
2017-02-09,O,555
2017-02-10,A,336
2017-02-10,AB,84
2017-02-10,B,381
2017-02-10,O,510
2017-02-11,A,310
2017-02-11,AB,78
2017-02-11,B,377
2017-02-11,O,438
2017-02-12,A,330
2017-02-12,AB,84
2017-02-12,B,360
2017-02-12,O,507
2017-02-13,A,390
2017-02-13,AB,87
2017-02-13,B,411
2017-02-13,O,460
2017-02-14,A,350
2017-02-14,AB,88
2017-02-14,B,418
2017-02-14,O,534
2017-02-15,A,348
2017-02-15,AB,88
2017-02-15,B,397
2017-02-15,O,482
2017-02-16,A,351
2017-02-16,AB,69
2017-02-16,B,369
2017-02-16,O,535
2017-02-17,A,332
2017-02-17,AB,82
2017-02-17,B,375
2017-02-17,O,499
2017-02-18,A,337
2017-02-18,AB,73
2017-02-18,B,312
2017-02-18,O,426
2017-02-19,A,325
2017-02-19,AB,77
2017-02-19,B,319
2017-02-19,O,433
2017-02-20,A,372
2017-02-20,AB,95
2017-02-20,B,355
2017-02-20,O,509
2017-02-21,A,369
2017-02-21,AB,70
2017-02-21,B,361
2017-02-21,O,526
2017-02-22,A,374
2017-02-22,AB,90
2017-02-22,B,377
2017-02-22,O,519
2017-02-23,A,331
2017-02-23,AB,90
2017-02-23,B,380
2017-02-23,O,519
2017-02-24,A,353
2017-02-24,AB,75
2017-02-24,B,385
2017-02-24,O,490
2017-02-25,A,341
2017-02-25,AB,73
2017-02-25,B,340
2017-02-25,O,426
2017-02-26,A,329
2017-02-26,AB,64
2017-02-26,B,361
2017-02-26,O,460
2017-02-27,A,321
2017-02-27,AB,87
2017-02-27,B,362
2017-02-27,O,472
2017-02-28,A,355
2017-02-28,AB,76
2017-02-28,B,421
2017-02-28,O,529
2017-03-01,A,342
2017-03-01,AB,75
2017-03-01,B,415
2017-03-01,O,518
2017-03-02,A,374
2017-03-02,AB,93
2017-03-02,B,414
2017-03-02,O,559
2017-03-03,A,399
2017-03-03,AB,87
2017-03-03,B,407
2017-03-03,O,530
2017-03-04,A,354
2017-03-04,AB,87
2017-03-04,B,393
2017-03-04,O,498
2017-03-05,A,356
2017-03-05,AB,83
2017-03-05,B,379
2017-03-05,O,546
2017-03-06,A,401
2017-03-06,AB,82
2017-03-06,B,404
2017-03-06,O,543
2017-03-07,A,353
2017-03-07,AB,93
2017-03-07,B,375
2017-03-07,O,583
2017-03-08,A,401
2017-03-08,AB,76
2017-03-08,B,423
2017-03-08,O,538
2017-03-09,A,431
2017-03-09,AB,89
2017-03-09,B,463
2017-03-09,O,577
2017-03-10,A,408
2017-03-10,AB,94
2017-03-10,B,425
2017-03-10,O,552
2017-03-11,A,343
2017-03-11,AB,73
2017-03-11,B,359
2017-03-11,O,463
2017-03-12,A,357
2017-03-12,AB,74
2017-03-12,B,344
2017-03-12,O,555
2017-03-13,A,388
2017-03-13,AB,105
2017-03-13,B,423
2017-03-13,O,569
2017-03-14,A,389
2017-03-14,AB,90
2017-03-14,B,408
2017-03-14,O,543
2017-03-15,A,400
2017-03-15,AB,83
2017-03-15,B,388
2017-03-15,O,577
2017-03-16,A,388
2017-03-16,AB,104
2017-03-16,B,426
2017-03-16,O,613
2017-03-17,A,375
2017-03-17,AB,99
2017-03-17,B,406
2017-03-17,O,591
2017-03-18,A,398
2017-03-18,AB,79
2017-03-18,B,326
2017-03-18,O,501
2017-03-19,A,415
2017-03-19,AB,96
2017-03-19,B,369
2017-03-19,O,532
2017-03-20,A,421
2017-03-20,AB,97
2017-03-20,B,386
2017-03-20,O,593
2017-03-21,A,382
2017-03-21,AB,84
2017-03-21,B,390
2017-03-21,O,611
2017-03-22,A,379
2017-03-22,AB,86
2017-03-22,B,408
2017-03-22,O,642
2017-03-23,A,385
2017-03-23,AB,94
2017-03-23,B,415
2017-03-23,O,593
2017-03-24,A,397
2017-03-24,AB,98
2017-03-24,B,382
2017-03-24,O,604
2017-03-25,A,334
2017-03-25,AB,76
2017-03-25,B,334
2017-03-25,O,514
2017-03-26,A,338
2017-03-26,AB,81
2017-03-26,B,333
2017-03-26,O,516
2017-03-27,A,367
2017-03-27,AB,76
2017-03-27,B,392
2017-03-27,O,573
2017-03-28,A,379
2017-03-28,AB,104
2017-03-28,B,403
2017-03-28,O,599
2017-03-29,A,400
2017-03-29,AB,90
2017-03-29,B,424
2017-03-29,O,595
2017-03-30,A,393
2017-03-30,AB,95
2017-03-30,B,423
2017-03-30,O,584
2017-03-31,A,333
2017-03-31,AB,86
2017-03-31,B,392
2017-03-31,O,567
2017-04-01,A,315
2017-04-01,AB,80
2017-04-01,B,365
2017-04-01,O,529
2017-04-02,A,360
2017-04-02,AB,106
2017-04-02,B,335
2017-04-02,O,569
2017-04-03,A,414
2017-04-03,AB,83
2017-04-03,B,381
2017-04-03,O,599
2017-04-04,A,347
2017-04-04,AB,80
2017-04-04,B,405
2017-04-04,O,540
2017-04-05,A,377
2017-04-05,AB,81
2017-04-05,B,396
2017-04-05,O,545
2017-04-06,A,399
2017-04-06,AB,78
2017-04-06,B,463
2017-04-06,O,645
2017-04-07,A,360
2017-04-07,AB,54
2017-04-07,B,390
2017-04-07,O,613
2017-04-08,A,322
2017-04-08,AB,63
2017-04-08,B,365
2017-04-08,O,547
2017-04-09,A,380
2017-04-09,AB,85
2017-04-09,B,368
2017-04-09,O,580
2017-04-10,A,380
2017-04-10,AB,197
2017-04-10,B,375
2017-04-10,O,615
2017-04-11,A,371
2017-04-11,AB,79
2017-04-11,B,384
2017-04-11,O,527
2017-04-12,A,406
2017-04-12,AB,78
2017-04-12,B,391
2017-04-12,O,593
2017-04-13,A,394
2017-04-13,AB,75
2017-04-13,B,375
2017-04-13,O,629
2017-04-14,A,428
2017-04-14,AB,66
2017-04-14,B,434
2017-04-14,O,599
2017-04-15,A,377
2017-04-15,AB,69
2017-04-15,B,831
2017-04-15,O,527
2017-04-16,A,387
2017-04-16,AB,67
2017-04-16,B,307
2017-04-16,O,506
2017-04-17,A,437
2017-04-17,AB,59
2017-04-17,B,372
2017-04-17,O,599
2017-04-18,A,407
2017-04-18,AB,78
2017-04-18,B,377
2017-04-18,O,611
2017-04-19,A,388
2017-04-19,AB,68
2017-04-19,B,356
2017-04-19,O,581
2017-04-20,A,354
2017-04-20,AB,66
2017-04-20,B,361
2017-04-20,O,550
2017-04-21,A,353
2017-04-21,AB,66
2017-04-21,B,356
2017-04-21,O,524
2017-04-22,A,318
2017-04-22,AB,70
2017-04-22,B,346
2017-04-22,O,482
2017-04-23,A,378
2017-04-23,AB,73
2017-04-23,B,335
2017-04-23,O,454
2017-04-24,A,413
2017-04-24,AB,59
2017-04-24,B,362
2017-04-24,O,538
2017-04-25,A,343
2017-04-25,AB,62
2017-04-25,B,340
2017-04-25,O,499
2017-04-26,A,375
2017-04-26,AB,50
2017-04-26,B,334
2017-04-26,O,514
2017-04-27,A,381
2017-04-27,AB,76
2017-04-27,B,278
2017-04-27,O,535
2017-04-28,A,375
2017-04-28,AB,74
2017-04-28,B,346
2017-04-28,O,514
2017-04-29,A,346
2017-04-29,AB,50
2017-04-29,B,292
2017-04-29,O,432
2017-04-30,A,333
2017-04-30,AB,60
2017-04-30,B,279
2017-04-30,O,471
2017-05-01,A,385
2017-05-01,AB,81
2017-05-01,B,324
2017-05-01,O,491
2017-05-02,A,352
2017-05-02,AB,63
2017-05-02,B,329
2017-05-02,O,530
2017-05-03,A,380
2017-05-03,AB,83
2017-05-03,B,344
2017-05-03,O,496
2017-05-04,A,377
2017-05-04,AB,56
2017-05-04,B,355
2017-05-04,O,542
2017-05-05,A,367
2017-05-05,AB,75
2017-05-05,B,340
2017-05-05,O,566
2017-05-06,A,342
2017-05-06,AB,58
2017-05-06,B,319
2017-05-06,O,446
2017-05-07,A,355
2017-05-07,AB,61
2017-05-07,B,317
2017-05-07,O,490
2017-05-08,A,385
2017-05-08,AB,64
2017-05-08,B,353
2017-05-08,O,490
2017-05-09,A,366
2017-05-09,AB,84
2017-05-09,B,356
2017-05-09,O,523
2017-05-10,A,424
2017-05-10,AB,71
2017-05-10,B,369
2017-05-10,O,615
2017-05-11,A,388
2017-05-11,AB,65
2017-05-11,B,381
2017-05-11,O,548
2017-05-12,A,386
2017-05-12,AB,70
2017-05-12,B,355
2017-05-12,O,573
2017-05-13,A,378
2017-05-13,AB,64
2017-05-13,B,319
2017-05-13,O,516
2017-05-14,A,394
2017-05-14,AB,85
2017-05-14,B,338
2017-05-14,O,558
2017-05-15,A,474
2017-05-15,AB,95
2017-05-15,B,398
2017-05-15,O,599
2017-05-16,A,418
2017-05-16,AB,80
2017-05-16,B,357
2017-05-16,O,591
2017-05-17,A,383
2017-05-17,AB,60
2017-05-17,B,357
2017-05-17,O,648
2017-05-18,A,407
2017-05-18,AB,89
2017-05-18,B,364
2017-05-18,O,618
2017-05-19,A,412
2017-05-19,AB,92
2017-05-19,B,340
2017-05-19,O,604
2017-05-20,A,398
2017-05-20,AB,85
2017-05-20,B,300
2017-05-20,O,606
2017-05-21,A,404
2017-05-21,AB,88
2017-05-21,B,343
2017-05-21,O,580
2017-05-22,A,431
2017-05-22,AB,96
2017-05-22,B,382
2017-05-22,O,639
2017-05-23,A,435
2017-05-23,AB,97
2017-05-23,B,381
2017-05-23,O,608
2017-05-24,A,479
2017-05-24,AB,102
2017-05-24,B,349
2017-05-24,O,588
2017-05-25,A,412
2017-05-25,AB,103
2017-05-25,B,364
2017-05-25,O,622
2017-05-26,A,428
2017-05-26,AB,97
2017-05-26,B,386
2017-05-26,O,634
2017-05-27,A,379
2017-05-27,AB,84
2017-05-27,B,324
2017-05-27,O,537
2017-05-28,A,387
2017-05-28,AB,79
2017-05-28,B,344
2017-05-28,O,509
2017-05-29,A,387
2017-05-29,AB,109
2017-05-29,B,325
2017-05-29,O,658
2017-05-30,A,407
2017-05-30,AB,93
2017-05-30,B,354
2017-05-30,O,594
2017-05-31,A,356
2017-05-31,AB,101
2017-05-31,B,325
2017-05-31,O,551
2017-06-01,A,417
2017-06-01,AB,92
2017-06-01,B,344
2017-06-01,O,563
2017-06-02,A,372
2017-06-02,AB,99
2017-06-02,B,356
2017-06-02,O,562
2017-06-03,A,348
2017-06-03,AB,73
2017-06-03,B,284
2017-06-03,O,462
2017-06-04,A,384
2017-06-04,AB,91
2017-06-04,B,279
2017-06-04,O,453
2017-06-05,A,387
2017-06-05,AB,81
2017-06-05,B,357
2017-06-05,O,519
2017-06-06,A,350
2017-06-06,AB,79
2017-06-06,B,302
2017-06-06,O,514
2017-06-07,A,379
2017-06-07,AB,90
2017-06-07,B,311
2017-06-07,O,473
2017-06-08,A,350
2017-06-08,AB,81
2017-06-08,B,301
2017-06-08,O,466
2017-06-09,A,321
2017-06-09,AB,85
2017-06-09,B,299
2017-06-09,O,484
2017-06-10,A,294
2017-06-10,AB,80
2017-06-10,B,246
2017-06-10,O,411
2017-06-11,A,304
2017-06-11,AB,75
2017-06-11,B,269
2017-06-11,O,425
2017-06-12,A,345
2017-06-12,AB,87
2017-06-12,B,303
2017-06-12,O,438
2017-06-13,A,323
2017-06-13,AB,170
2017-06-13,B,297
2017-06-13,O,453
2017-06-14,A,323
2017-06-14,AB,66
2017-06-14,B,282
2017-06-14,O,462
2017-06-15,A,297
2017-06-15,AB,69
2017-06-15,B,280
2017-06-15,O,450
2017-06-16,A,327
2017-06-16,AB,77
2017-06-16,B,308
2017-06-16,O,453
2017-06-17,A,283
2017-06-17,AB,64
2017-06-17,B,275
2017-06-17,O,394
2017-06-18,A,264
2017-06-18,AB,69
2017-06-18,B,256
2017-06-18,O,417
2017-06-19,A,325
2017-06-19,AB,67
2017-06-19,B,269
2017-06-19,O,419
2017-06-20,A,264
2017-06-20,AB,71
2017-06-20,B,272
2017-06-20,O,398
2017-06-21,A,257
2017-06-21,AB,81
2017-06-21,B,253
2017-06-21,O,412
2017-06-22,A,281
2017-06-22,AB,80
2017-06-22,B,263
2017-06-22,O,377
2017-06-23,A,243
2017-06-23,AB,56
2017-06-23,B,262
2017-06-23,O,371
2017-06-24,A,244
2017-06-24,AB,53
2017-06-24,B,236
2017-06-24,O,330
2017-06-25,A,220
2017-06-25,AB,48
2017-06-25,B,228
2017-06-25,O,309
2017-06-26,A,247
2017-06-26,AB,44
2017-06-26,B,215
2017-06-26,O,374
2017-06-27,A,250
2017-06-27,AB,62
2017-06-27,B,236
2017-06-27,O,365
2017-06-28,A,201
2017-06-28,AB,64
2017-06-28,B,233
2017-06-28,O,320
2017-06-29,A,259
2017-06-29,AB,61
2017-06-29,B,476
2017-06-29,O,330
2017-06-30,A,284
2017-06-30,AB,55
2017-06-30,B,218
2017-06-30,O,366
2017-07-01,A,229
2017-07-01,AB,62
2017-07-01,B,234
2017-07-01,O,320
2017-07-02,A,240
2017-07-02,AB,66
2017-07-02,B,235
2017-07-02,O,361
2017-07-03,A,253
2017-07-03,AB,68
2017-07-03,B,256
2017-07-03,O,423
2017-07-04,A,306
2017-07-04,AB,68
2017-07-04,B,227
2017-07-04,O,368
2017-07-05,A,278
2017-07-05,AB,57
2017-07-05,B,262
2017-07-05,O,408
2017-07-06,A,300
2017-07-06,AB,61
2017-07-06,B,246
2017-07-06,O,403
2017-07-07,A,285
2017-07-07,AB,66
2017-07-07,B,274
2017-07-07,O,394
2017-07-08,A,244
2017-07-08,AB,57
2017-07-08,B,262
2017-07-08,O,365
2017-07-09,A,278
2017-07-09,AB,53
2017-07-09,B,248
2017-07-09,O,429
2017-07-10,A,335
2017-07-10,AB,69
2017-07-10,B,282
2017-07-10,O,438
2017-07-11,A,310
2017-07-11,AB,75
2017-07-11,B,264
2017-07-11,O,438
2017-07-12,A,300
2017-07-12,AB,64
2017-07-12,B,293
2017-07-12,O,449
2017-07-13,A,302
2017-07-13,AB,69
2017-07-13,B,292
2017-07-13,O,467
2017-07-14,A,288
2017-07-14,AB,74
2017-07-14,B,280
2017-07-14,O,476
2017-07-15,A,302
2017-07-15,AB,76
2017-07-15,B,291
2017-07-15,O,423
2017-07-16,A,331
2017-07-16,AB,69
2017-07-16,B,305
2017-07-16,O,441
2017-07-17,A,338
2017-07-17,AB,82
2017-07-17,B,327
2017-07-17,O,451
2017-07-18,A,319
2017-07-18,AB,100
2017-07-18,B,269
2017-07-18,O,454
2017-07-19,A,340
2017-07-19,AB,86
2017-07-19,B,355
2017-07-19,O,435
2017-07-20,A,343
2017-07-20,AB,88
2017-07-20,B,320
2017-07-20,O,420
2017-07-21,A,318
2017-07-21,AB,84
2017-07-21,B,329
2017-07-21,O,484
2017-07-22,A,311
2017-07-22,AB,75
2017-07-22,B,273
2017-07-22,O,397
2017-07-23,A,340
2017-07-23,AB,92
2017-07-23,B,322
2017-07-23,O,426
2017-07-24,A,395
2017-07-24,AB,101
2017-07-24,B,382
2017-07-24,O,437
2017-07-25,A,357
2017-07-25,AB,91
2017-07-25,B,342
2017-07-25,O,583
2017-07-26,A,387
2017-07-26,AB,102
2017-07-26,B,357
2017-07-26,O,556
2017-07-27,A,413
2017-07-27,AB,121
2017-07-27,B,364
2017-07-27,O,610
2017-07-28,A,395
2017-07-28,AB,91
2017-07-28,B,403
2017-07-28,O,573
2017-07-29,A,378
2017-07-29,AB,110
2017-07-29,B,367
2017-07-29,O,573
2017-07-30,A,417
2017-07-30,AB,115
2017-07-30,B,358
2017-07-30,O,542
2017-07-31,A,446
2017-07-31,AB,110
2017-07-31,B,410
2017-07-31,O,597
2017-08-01,A,400
2017-08-01,AB,108
2017-08-01,B,408
2017-08-01,O,568
2017-08-02,A,432
2017-08-02,AB,93
2017-08-02,B,419
2017-08-02,O,529
2017-08-03,A,431
2017-08-03,AB,105
2017-08-03,B,406
2017-08-03,O,572
2017-08-04,A,494
2017-08-04,AB,122
2017-08-04,B,423
2017-08-04,O,591
2017-08-05,A,415
2017-08-05,AB,103
2017-08-05,B,375
2017-08-05,O,527
2017-08-06,A,435
2017-08-06,AB,124
2017-08-06,B,415
2017-08-06,O,579
2017-08-07,A,458
2017-08-07,AB,125
2017-08-07,B,453
2017-08-07,O,616
2017-08-08,A,476
2017-08-08,AB,122
2017-08-08,B,463
2017-08-08,O,610
2017-08-09,A,466
2017-08-09,AB,124
2017-08-09,B,454
2017-08-09,O,580
2017-08-10,A,464
2017-08-10,AB,99
2017-08-10,B,452
2017-08-10,O,634
2017-08-11,A,469
2017-08-11,AB,139
2017-08-11,B,433
2017-08-11,O,594
2017-08-12,A,416
2017-08-12,AB,104
2017-08-12,B,410
2017-08-12,O,571
2017-08-13,A,434
2017-08-13,AB,105
2017-08-13,B,404
2017-08-13,O,553
2017-08-14,A,435
2017-08-14,AB,119
2017-08-14,B,446
2017-08-14,O,659
2017-08-15,A,448
2017-08-15,AB,120
2017-08-15,B,489
2017-08-15,O,627
2017-08-16,A,455
2017-08-16,AB,101
2017-08-16,B,463
2017-08-16,O,614
2017-08-17,A,463
2017-08-17,AB,111
2017-08-17,B,468
2017-08-17,O,585
2017-08-18,A,424
2017-08-18,AB,250
2017-08-18,B,506
2017-08-18,O,601
2017-08-19,A,416
2017-08-19,AB,107
2017-08-19,B,404
2017-08-19,O,554
2017-08-20,A,426
2017-08-20,AB,132
2017-08-20,B,409
2017-08-20,O,588
2017-08-21,A,486
2017-08-21,AB,125
2017-08-21,B,485
2017-08-21,O,599
2017-08-22,A,446
2017-08-22,AB,121
2017-08-22,B,458
2017-08-22,O,623
2017-08-23,A,472
2017-08-23,AB,120
2017-08-23,B,522
2017-08-23,O,537
2017-08-24,A,490
2017-08-24,AB,95
2017-08-24,B,475
2017-08-24,O,566
2017-08-25,A,472
2017-08-25,AB,104
2017-08-25,B,499
2017-08-25,O,582
2017-08-26,A,444
2017-08-26,AB,100
2017-08-26,B,417
2017-08-26,O,539
2017-08-27,A,447
2017-08-27,AB,93
2017-08-27,B,471
2017-08-27,O,496
2017-08-28,A,445
2017-08-28,AB,90
2017-08-28,B,463
2017-08-28,O,605
2017-08-29,A,423
2017-08-29,AB,108
2017-08-29,B,452
2017-08-29,O,568
2017-08-30,A,445
2017-08-30,AB,99
2017-08-30,B,413
2017-08-30,O,593
2017-08-31,A,402
2017-08-31,AB,87
2017-08-31,B,395
2017-08-31,O,602
2017-09-01,A,407
2017-09-01,AB,95
2017-09-01,B,384
2017-09-01,O,565
2017-09-02,A,368
2017-09-02,AB,101
2017-09-02,B,369
2017-09-02,O,552
2017-09-03,A,373
2017-09-03,AB,71
2017-09-03,B,364
2017-09-03,O,496
2017-09-04,A,365
2017-09-04,AB,92
2017-09-04,B,391
2017-09-04,O,559
2017-09-05,A,381
2017-09-05,AB,70
2017-09-05,B,340
2017-09-05,O,469
2017-09-06,A,387
2017-09-06,AB,79
2017-09-06,B,368
2017-09-06,O,501
2017-09-07,A,389
2017-09-07,AB,90
2017-09-07,B,343
2017-09-07,O,511
2017-09-08,A,388
2017-09-08,AB,70
2017-09-08,B,348
2017-09-08,O,526
2017-09-09,A,323
2017-09-09,AB,77
2017-09-09,B,336
2017-09-09,O,505
2017-09-10,A,341
2017-09-10,AB,79
2017-09-10,B,356
2017-09-10,O,463
2017-09-11,A,404
2017-09-11,AB,78
2017-09-11,B,369
2017-09-11,O,547
2017-09-12,A,416
2017-09-12,AB,87
2017-09-12,B,347
2017-09-12,O,564
2017-09-13,A,403
2017-09-13,AB,103
2017-09-13,B,396
2017-09-13,O,592
2017-09-14,A,358
2017-09-14,AB,68
2017-09-14,B,390
2017-09-14,O,567
2017-09-15,A,408
2017-09-15,AB,76
2017-09-15,B,403
2017-09-15,O,536
2017-09-16,A,370
2017-09-16,AB,86
2017-09-16,B,377
2017-09-16,O,969
2017-09-17,A,373
2017-09-17,AB,91
2017-09-17,B,379
2017-09-17,O,1007
2017-09-18,A,376
2017-09-18,AB,112
2017-09-18,B,422
2017-09-18,O,1266
2017-09-19,A,420
2017-09-19,AB,85
2017-09-19,B,398
2017-09-19,O,1210
2017-09-20,A,365
2017-09-20,AB,98
2017-09-20,B,409
2017-09-20,O,1227
2017-09-21,A,379
2017-09-21,AB,104
2017-09-21,B,420
2017-09-21,O,1257
2017-09-22,A,352
2017-09-22,AB,96
2017-09-22,B,372
2017-09-22,O,1203
2017-09-23,A,391
2017-09-23,AB,76
2017-09-23,B,380
2017-09-23,O,1155
2017-09-24,A,346
2017-09-24,AB,94
2017-09-24,B,386
2017-09-24,O,1223
2017-09-25,A,375
2017-09-25,AB,78
2017-09-25,B,421
2017-09-25,O,1165
2017-09-26,A,357
2017-09-26,AB,82
2017-09-26,B,383
2017-09-26,O,1208
2017-09-27,A,370
2017-09-27,AB,95
2017-09-27,B,393
2017-09-27,O,1216
2017-09-28,A,405
2017-09-28,AB,94
2017-09-28,B,388
2017-09-28,O,1192
2017-09-29,A,376
2017-09-29,AB,104
2017-09-29,B,380
2017-09-29,O,1211
2017-09-30,A,343
2017-09-30,AB,97
2017-09-30,B,408
2017-09-30,O,1187
2017-10-01,A,330
2017-10-01,AB,97
2017-10-01,B,435
2017-10-01,O,1320
2017-10-02,A,437
2017-10-02,AB,96
2017-10-02,B,442
2017-10-02,O,1279
2017-10-03,A,413
2017-10-03,AB,92
2017-10-03,B,430
2017-10-03,O,1271
2017-10-04,A,419
2017-10-04,AB,106
2017-10-04,B,459
2017-10-04,O,2814
2017-10-05,A,408
2017-10-05,AB,101
2017-10-05,B,447
2017-10-05,O,956
2017-10-06,A,394
2017-10-06,AB,96
2017-10-06,B,430
2017-10-06,O,939
2017-10-07,A,359
2017-10-07,AB,89
2017-10-07,B,391
2017-10-07,O,858
2017-10-08,A,363
2017-10-08,AB,93
2017-10-08,B,406
2017-10-08,O,905
2017-10-09,A,385
2017-10-09,AB,108
2017-10-09,B,439
2017-10-09,O,627
2017-10-10,A,370
2017-10-10,AB,89
2017-10-10,B,645
2017-10-10,O,637
2017-10-11,A,429
2017-10-11,AB,104
2017-10-11,B,630
2017-10-11,O,617
2017-10-12,A,450
2017-10-12,AB,73
2017-10-12,B,627
2017-10-12,O,655
2017-10-13,A,365
2017-10-13,AB,105
2017-10-13,B,607
2017-10-13,O,571
2017-10-14,A,372
2017-10-14,AB,89
2017-10-14,B,564
2017-10-14,O,563
2017-10-15,A,388
2017-10-15,AB,109
2017-10-15,B,632
2017-10-15,O,620
2017-10-16,A,413
2017-10-16,AB,100
2017-10-16,B,569
2017-10-16,O,675
2017-10-17,A,371
2017-10-17,AB,109
2017-10-17,B,615
2017-10-17,O,601
2017-10-18,A,356
2017-10-18,AB,105
2017-10-18,B,576
2017-10-18,O,668
2017-10-19,A,360
2017-10-19,AB,99
2017-10-19,B,525
2017-10-19,O,1283
2017-10-20,A,359
2017-10-20,AB,91
2017-10-20,B,554
2017-10-20,O,567
2017-10-21,A,364
2017-10-21,AB,225
2017-10-21,B,507
2017-10-21,O,577
2017-10-22,A,351
2017-10-22,AB,73
2017-10-22,B,553
2017-10-22,O,657
2017-10-23,A,354
2017-10-23,AB,110
2017-10-23,B,583
2017-10-23,O,634
2017-10-24,A,370
2017-10-24,AB,107
2017-10-24,B,521
2017-10-24,O,670
2017-10-25,A,373
2017-10-25,AB,97
2017-10-25,B,549
2017-10-25,O,665
2017-10-26,A,349
2017-10-26,AB,93
2017-10-26,B,528
2017-10-26,O,650
2017-10-27,A,363
2017-10-27,AB,118
2017-10-27,B,575
2017-10-27,O,610
2017-10-28,A,358
2017-10-28,AB,104
2017-10-28,B,581
2017-10-28,O,612
2017-10-29,A,346
2017-10-29,AB,92
2017-10-29,B,574
2017-10-29,O,605
2017-10-30,A,370
2017-10-30,AB,112
2017-10-30,B,378
2017-10-30,O,672
2017-10-31,A,373
2017-10-31,AB,85
2017-10-31,B,370
2017-10-31,O,652
2017-11-01,A,359
2017-11-01,AB,103
2017-11-01,B,401
2017-11-01,O,610
2017-11-02,A,366
2017-11-02,AB,91
2017-11-02,B,437
2017-11-02,O,623
2017-11-03,A,373
2017-11-03,AB,95
2017-11-03,B,410
2017-11-03,O,626
2017-11-04,A,341
2017-11-04,AB,103
2017-11-04,B,365
2017-11-04,O,646
2017-11-05,A,347
2017-11-05,AB,118
2017-11-05,B,368
2017-11-05,O,651
2017-11-06,A,339
2017-11-06,AB,89
2017-11-06,B,376
2017-11-06,O,637
2017-11-07,A,373
2017-11-07,AB,85
2017-11-07,B,356
2017-11-07,O,605
2017-11-08,A,380
2017-11-08,AB,103
2017-11-08,B,396
2017-11-08,O,637
2017-11-09,A,355
2017-11-09,AB,97
2017-11-09,B,409
2017-11-09,O,591
2017-11-10,A,364
2017-11-10,AB,79
2017-11-10,B,359
2017-11-10,O,574
2017-11-11,A,329
2017-11-11,AB,82
2017-11-11,B,334
2017-11-11,O,557
2017-11-12,A,353
2017-11-12,AB,87
2017-11-12,B,360
2017-11-12,O,567
2017-11-13,A,372
2017-11-13,AB,103
2017-11-13,B,396
2017-11-13,O,647
2017-11-14,A,366
2017-11-14,AB,87
2017-11-14,B,372
2017-11-14,O,585
2017-11-15,A,379
2017-11-15,AB,102
2017-11-15,B,392
2017-11-15,O,663
2017-11-16,A,352
2017-11-16,AB,100
2017-11-16,B,383
2017-11-16,O,606
2017-11-17,A,348
2017-11-17,AB,108
2017-11-17,B,349
2017-11-17,O,661
2017-11-18,A,335
2017-11-18,AB,99
2017-11-18,B,354
2017-11-18,O,592
2017-11-19,A,764
2017-11-19,AB,90
2017-11-19,B,353
2017-11-19,O,594
2017-11-20,A,361
2017-11-20,AB,100
2017-11-20,B,366
2017-11-20,O,636
2017-11-21,A,345
2017-11-21,AB,90
2017-11-21,B,372
2017-11-21,O,601
2017-11-22,A,371
2017-11-22,AB,99
2017-11-22,B,382
2017-11-22,O,654
2017-11-23,A,369
2017-11-23,AB,79
2017-11-23,B,414
2017-11-23,O,603
2017-11-24,A,398
2017-11-24,AB,89
2017-11-24,B,406
2017-11-24,O,639
2017-11-25,A,342
2017-11-25,AB,87
2017-11-25,B,332
2017-11-25,O,621
2017-11-26,A,336
2017-11-26,AB,81
2017-11-26,B,332
2017-11-26,O,563
2017-11-27,A,392
2017-11-27,AB,102
2017-11-27,B,385
2017-11-27,O,688
2017-11-28,A,365
2017-11-28,AB,92
2017-11-28,B,377
2017-11-28,O,614
2017-11-29,A,356
2017-11-29,AB,187
2017-11-29,B,402
2017-11-29,O,669
2017-11-30,A,398
2017-11-30,AB,98
2017-11-30,B,390
2017-11-30,O,680
2017-12-01,A,372
2017-12-01,AB,103
2017-12-01,B,393
2017-12-01,O,647
2017-12-02,A,351
2017-12-02,AB,99
2017-12-02,B,955
2017-12-02,O,594
2017-12-03,A,371
2017-12-03,AB,78
2017-12-03,B,359
2017-12-03,O,604
2017-12-04,A,409
2017-12-04,AB,103
2017-12-04,B,403
2017-12-04,O,629
2017-12-05,A,395
2017-12-05,AB,79
2017-12-05,B,375
2017-12-05,O,624
2017-12-06,A,758
2017-12-06,AB,95
2017-12-06,B,362
2017-12-06,O,663
2017-12-07,A,423
2017-12-07,AB,100
2017-12-07,B,401
2017-12-07,O,564
2017-12-08,A,397
2017-12-08,AB,98
2017-12-08,B,356
2017-12-08,O,585
2017-12-09,A,374
2017-12-09,AB,115
2017-12-09,B,339
2017-12-09,O,528
2017-12-10,A,369
2017-12-10,AB,94
2017-12-10,B,359
2017-12-10,O,573
2017-12-11,A,395
2017-12-11,AB,118
2017-12-11,B,395
2017-12-11,O,552
2017-12-12,A,401
2017-12-12,AB,98
2017-12-12,B,395
2017-12-12,O,538
2017-12-13,A,397
2017-12-13,AB,107
2017-12-13,B,417
2017-12-13,O,531
2017-12-14,A,397
2017-12-14,AB,92
2017-12-14,B,863
2017-12-14,O,562
2017-12-15,A,382
2017-12-15,AB,87
2017-12-15,B,399
2017-12-15,O,511
2017-12-16,A,367
2017-12-16,AB,74
2017-12-16,B,363
2017-12-16,O,517
2017-12-17,A,376
2017-12-17,AB,81
2017-12-17,B,383
2017-12-17,O,533
2017-12-18,A,386
2017-12-18,AB,103
2017-12-18,B,410
2017-12-18,O,607
2017-12-19,A,408
2017-12-19,AB,107
2017-12-19,B,404
2017-12-19,O,549
2017-12-20,A,409
2017-12-20,AB,112
2017-12-20,B,424
2017-12-20,O,557
2017-12-21,A,408
2017-12-21,AB,103
2017-12-21,B,409
2017-12-21,O,590
2017-12-22,A,405
2017-12-22,AB,93
2017-12-22,B,387
2017-12-22,O,539
2017-12-23,A,374
2017-12-23,AB,101
2017-12-23,B,357
2017-12-23,O,519
2017-12-24,A,403
2017-12-24,AB,78
2017-12-24,B,330
2017-12-24,O,491
2017-12-25,A,378
2017-12-25,AB,81
2017-12-25,B,367
2017-12-25,O,564
2017-12-26,A,387
2017-12-26,AB,88
2017-12-26,B,350
2017-12-26,O,525
2017-12-27,A,370
2017-12-27,AB,93
2017-12-27,B,376
2017-12-27,O,527
2017-12-28,A,349
2017-12-28,AB,87
2017-12-28,B,380
2017-12-28,O,488
2017-12-29,A,388
2017-12-29,AB,87
2017-12-29,B,342
2017-12-29,O,524
2017-12-30,A,327
2017-12-30,AB,82
2017-12-30,B,330
2017-12-30,O,435
2017-12-31,A,320
2017-12-31,AB,88
2017-12-31,B,321
2017-12-31,O,477
2018-01-01,A,367
2018-01-01,AB,80
2018-01-01,B,351
2018-01-01,O,577
2018-01-02,A,336
2018-01-02,AB,79
2018-01-02,B,301
2018-01-02,O,527
2018-01-03,A,343
2018-01-03,AB,69
2018-01-03,B,343
2018-01-03,O,567
2018-01-04,A,361
2018-01-04,AB,185
2018-01-04,B,330
2018-01-04,O,574
2018-01-05,A,320
2018-01-05,AB,69
2018-01-05,B,368
2018-01-05,O,546
2018-01-06,A,294
2018-01-06,AB,78
2018-01-06,B,291
2018-01-06,O,483
2018-01-07,A,358
2018-01-07,AB,66
2018-01-07,B,359
2018-01-07,O,538
2018-01-08,A,314
2018-01-08,AB,82
2018-01-08,B,361
2018-01-08,O,578
2018-01-09,A,366
2018-01-09,AB,74
2018-01-09,B,349
2018-01-09,O,533
2018-01-10,A,344
2018-01-10,AB,79
2018-01-10,B,360
2018-01-10,O,541
2018-01-11,A,308
2018-01-11,AB,72
2018-01-11,B,347
2018-01-11,O,499
2018-01-12,A,317
2018-01-12,AB,66
2018-01-12,B,340
2018-01-12,O,535
2018-01-13,A,286
2018-01-13,AB,68
2018-01-13,B,329
2018-01-13,O,483
2018-01-14,A,305
2018-01-14,AB,81
2018-01-14,B,349
2018-01-14,O,546
2018-01-15,A,377
2018-01-15,AB,65
2018-01-15,B,366
2018-01-15,O,541
2018-01-16,A,322
2018-01-16,AB,200
2018-01-16,B,388
2018-01-16,O,546
2018-01-17,A,343
2018-01-17,AB,77
2018-01-17,B,359
2018-01-17,O,536
2018-01-18,A,378
2018-01-18,AB,85
2018-01-18,B,373
2018-01-18,O,572
2018-01-19,A,356
2018-01-19,AB,84
2018-01-19,B,403
2018-01-19,O,575
2018-01-20,A,307
2018-01-20,AB,62
2018-01-20,B,338
2018-01-20,O,491
2018-01-21,A,365
2018-01-21,AB,58
2018-01-21,B,368
2018-01-21,O,531
2018-01-22,A,376
2018-01-22,AB,77
2018-01-22,B,365
2018-01-22,O,556
2018-01-23,A,394
2018-01-23,AB,78
2018-01-23,B,371
2018-01-23,O,546
2018-01-24,A,372
2018-01-24,AB,71
2018-01-24,B,362
2018-01-24,O,592
2018-01-25,A,412
2018-01-25,AB,66
2018-01-25,B,389
2018-01-25,O,579
2018-01-26,A,405
2018-01-26,AB,90
2018-01-26,B,420
2018-01-26,O,580
2018-01-27,A,393
2018-01-27,AB,71
2018-01-27,B,394
2018-01-27,O,564
2018-01-28,A,381
2018-01-28,AB,62
2018-01-28,B,379
2018-01-28,O,557
2018-01-29,A,401
2018-01-29,AB,94
2018-01-29,B,398
2018-01-29,O,654
2018-01-30,A,397
2018-01-30,AB,68
2018-01-30,B,410
2018-01-30,O,617
2018-01-31,A,427
2018-01-31,AB,70
2018-01-31,B,432
2018-01-31,O,652
2018-02-01,A,393
2018-02-01,AB,87
2018-02-01,B,456
2018-02-01,O,616
2018-02-02,A,740
2018-02-02,AB,86
2018-02-02,B,461
2018-02-02,O,624
2018-02-03,A,368
2018-02-03,AB,73
2018-02-03,B,405
2018-02-03,O,590
2018-02-04,A,419
2018-02-04,AB,76
2018-02-04,B,416
2018-02-04,O,593
2018-02-05,A,423
2018-02-05,AB,88
2018-02-05,B,448
2018-02-05,O,658
2018-02-06,A,389
2018-02-06,AB,90
2018-02-06,B,434
2018-02-06,O,698
2018-02-07,A,412
2018-02-07,AB,90
2018-02-07,B,486
2018-02-07,O,682
2018-02-08,A,440
2018-02-08,AB,82
2018-02-08,B,471
2018-02-08,O,667
2018-02-09,A,383
2018-02-09,AB,91
2018-02-09,B,421
2018-02-09,O,623
2018-02-10,A,386
2018-02-10,AB,69
2018-02-10,B,405
2018-02-10,O,639
2018-02-11,A,414
2018-02-11,AB,84
2018-02-11,B,401
2018-02-11,O,655
2018-02-12,A,438
2018-02-12,AB,89
2018-02-12,B,474
2018-02-12,O,650
2018-02-13,A,420
2018-02-13,AB,86
2018-02-13,B,461
2018-02-13,O,681
2018-02-14,A,446
2018-02-14,AB,101
2018-02-14,B,440
2018-02-14,O,702
2018-02-15,A,407
2018-02-15,AB,87
2018-02-15,B,404
2018-02-15,O,672
2018-02-16,A,419
2018-02-16,AB,87
2018-02-16,B,440
2018-02-16,O,664
2018-02-17,A,369
2018-02-17,AB,70
2018-02-17,B,371
2018-02-17,O,578
2018-02-18,A,375
2018-02-18,AB,79
2018-02-18,B,384
2018-02-18,O,592
2018-02-19,A,390
2018-02-19,AB,80
2018-02-19,B,414
2018-02-19,O,633
2018-02-20,A,378
2018-02-20,AB,92
2018-02-20,B,393
2018-02-20,O,667
2018-02-21,A,371
2018-02-21,AB,100
2018-02-21,B,396
2018-02-21,O,632
2018-02-22,A,384
2018-02-22,AB,81
2018-02-22,B,438
2018-02-22,O,649
2018-02-23,A,391
2018-02-23,AB,82
2018-02-23,B,412
2018-02-23,O,636
2018-02-24,A,331
2018-02-24,AB,65
2018-02-24,B,362
2018-02-24,O,635
2018-02-25,A,368
2018-02-25,AB,62
2018-02-25,B,368
2018-02-25,O,655
2018-02-26,A,384
2018-02-26,AB,88
2018-02-26,B,400
2018-02-26,O,1760
2018-02-27,A,387
2018-02-27,AB,78
2018-02-27,B,388
2018-02-27,O,680
2018-02-28,A,351
2018-02-28,AB,67
2018-02-28,B,418
2018-02-28,O,704
2018-03-01,A,451
2018-03-01,AB,80
2018-03-01,B,377
2018-03-01,O,702
2018-03-02,A,370
2018-03-02,AB,54
2018-03-02,B,386
2018-03-02,O,668
2018-03-03,A,352
2018-03-03,AB,66
2018-03-03,B,354
2018-03-03,O,640
2018-03-04,A,348
2018-03-04,AB,76
2018-03-04,B,353
2018-03-04,O,658
2018-03-05,A,376
2018-03-05,AB,76
2018-03-05,B,396
2018-03-05,O,630
2018-03-06,A,382
2018-03-06,AB,74
2018-03-06,B,407
2018-03-06,O,626
2018-03-07,A,370
2018-03-07,AB,68
2018-03-07,B,418
2018-03-07,O,668
2018-03-08,A,354
2018-03-08,AB,76
2018-03-08,B,402
2018-03-08,O,645
2018-03-09,A,403
2018-03-09,AB,70
2018-03-09,B,402
2018-03-09,O,657
2018-03-10,A,310
2018-03-10,AB,212
2018-03-10,B,387
2018-03-10,O,638
2018-03-11,A,326
2018-03-11,AB,67
2018-03-11,B,419
2018-03-11,O,632
2018-03-12,A,390
2018-03-12,AB,79
2018-03-12,B,401
2018-03-12,O,709
2018-03-13,A,345
2018-03-13,AB,74
2018-03-13,B,376
2018-03-13,O,692
2018-03-14,A,354
2018-03-14,AB,97
2018-03-14,B,439
2018-03-14,O,669
2018-03-15,A,387
2018-03-15,AB,79
2018-03-15,B,463
2018-03-15,O,678
2018-03-16,A,328
2018-03-16,AB,81
2018-03-16,B,390
2018-03-16,O,624
2018-03-17,A,320
2018-03-17,AB,55
2018-03-17,B,326
2018-03-17,O,617
2018-03-18,A,326
2018-03-18,AB,91
2018-03-18,B,411
2018-03-18,O,671
2018-03-19,A,384
2018-03-19,AB,86
2018-03-19,B,430
2018-03-19,O,707
2018-03-20,A,371
2018-03-20,AB,80
2018-03-20,B,424
2018-03-20,O,714
2018-03-21,A,378
2018-03-21,AB,76
2018-03-21,B,442
2018-03-21,O,820
2018-03-22,A,412
2018-03-22,AB,82
2018-03-22,B,401
2018-03-22,O,743
2018-03-23,A,340
2018-03-23,AB,87
2018-03-23,B,397
2018-03-23,O,780
2018-03-24,A,322
2018-03-24,AB,88
2018-03-24,B,355
2018-03-24,O,679
2018-03-25,A,318
2018-03-25,AB,86
2018-03-25,B,381
2018-03-25,O,676
2018-03-26,A,387
2018-03-26,AB,97
2018-03-26,B,331
2018-03-26,O,763
2018-03-27,A,363
2018-03-27,AB,87
2018-03-27,B,343
2018-03-27,O,720
2018-03-28,A,420
2018-03-28,AB,83
2018-03-28,B,407
2018-03-28,O,794
2018-03-29,A,389
2018-03-29,AB,82
2018-03-29,B,375
2018-03-29,O,753
2018-03-30,A,354
2018-03-30,AB,101
2018-03-30,B,400
2018-03-30,O,730
2018-03-31,A,325
2018-03-31,AB,68
2018-03-31,B,365
2018-03-31,O,678
2018-04-01,A,358
2018-04-01,AB,86
2018-04-01,B,354
2018-04-01,O,667
2018-04-02,A,368
2018-04-02,AB,83
2018-04-02,B,398
2018-04-02,O,676
2018-04-03,A,329
2018-04-03,AB,96
2018-04-03,B,394
2018-04-03,O,674
2018-04-04,A,375
2018-04-04,AB,91
2018-04-04,B,421
2018-04-04,O,674
2018-04-05,A,388
2018-04-05,AB,86
2018-04-05,B,408
2018-04-05,O,659
2018-04-06,A,357
2018-04-06,AB,66
2018-04-06,B,388
2018-04-06,O,654
2018-04-07,A,337
2018-04-07,AB,71
2018-04-07,B,404
2018-04-07,O,609
2018-04-08,A,314
2018-04-08,AB,78
2018-04-08,B,393
2018-04-08,O,555
2018-04-09,A,399
2018-04-09,AB,84
2018-04-09,B,384
2018-04-09,O,626
2018-04-10,A,334
2018-04-10,AB,81
2018-04-10,B,414
2018-04-10,O,636
2018-04-11,A,374
2018-04-11,AB,87
2018-04-11,B,371
2018-04-11,O,634
2018-04-12,A,380
2018-04-12,AB,95
2018-04-12,B,393
2018-04-12,O,678
2018-04-13,A,429
2018-04-13,AB,79
2018-04-13,B,381
2018-04-13,O,626
2018-04-14,A,394
2018-04-14,AB,68
2018-04-14,B,328
2018-04-14,O,614
2018-04-15,A,379
2018-04-15,AB,88
2018-04-15,B,362
2018-04-15,O,595
2018-04-16,A,405
2018-04-16,AB,86
2018-04-16,B,367
2018-04-16,O,648
2018-04-17,A,387
2018-04-17,AB,85
2018-04-17,B,369
2018-04-17,O,636
2018-04-18,A,386
2018-04-18,AB,89
2018-04-18,B,367
2018-04-18,O,653
2018-04-19,A,422
2018-04-19,AB,107
2018-04-19,B,380
2018-04-19,O,614
2018-04-20,A,393
2018-04-20,AB,97
2018-04-20,B,862
2018-04-20,O,587
2018-04-21,A,361
2018-04-21,AB,93
2018-04-21,B,345
2018-04-21,O,549
2018-04-22,A,352
2018-04-22,AB,81
2018-04-22,B,318
2018-04-22,O,626
2018-04-23,A,394
2018-04-23,AB,109
2018-04-23,B,414
2018-04-23,O,610
2018-04-24,A,393
2018-04-24,AB,245
2018-04-24,B,365
2018-04-24,O,627
2018-04-25,A,395
2018-04-25,AB,86
2018-04-25,B,393
2018-04-25,O,535
2018-04-26,A,395
2018-04-26,AB,99
2018-04-26,B,391
2018-04-26,O,543
2018-04-27,A,385
2018-04-27,AB,81
2018-04-27,B,392
2018-04-27,O,561
2018-04-28,A,338
2018-04-28,AB,97
2018-04-28,B,312
2018-04-28,O,564
2018-04-29,A,326
2018-04-29,AB,91
2018-04-29,B,316
2018-04-29,O,538
2018-04-30,A,375
2018-04-30,AB,90
2018-04-30,B,335
2018-04-30,O,564
2018-05-01,A,399
2018-05-01,AB,100
2018-05-01,B,365
2018-05-01,O,602
2018-05-02,A,377
2018-05-02,AB,108
2018-05-02,B,384
2018-05-02,O,624
2018-05-03,A,400
2018-05-03,AB,121
2018-05-03,B,378
2018-05-03,O,616
2018-05-04,A,393
2018-05-04,AB,88
2018-05-04,B,706
2018-05-04,O,603
2018-05-05,A,329
2018-05-05,AB,81
2018-05-05,B,332
2018-05-05,O,513
2018-05-06,A,389
2018-05-06,AB,83
2018-05-06,B,360
2018-05-06,O,529
2018-05-07,A,442
2018-05-07,AB,97
2018-05-07,B,412
2018-05-07,O,588
2018-05-08,A,431
2018-05-08,AB,81
2018-05-08,B,381
2018-05-08,O,611
2018-05-09,A,365
2018-05-09,AB,101
2018-05-09,B,398
2018-05-09,O,612
2018-05-10,A,330
2018-05-10,AB,83
2018-05-10,B,327
2018-05-10,O,514
2018-05-11,A,367
2018-05-11,AB,93
2018-05-11,B,355
2018-05-11,O,537
2018-05-12,A,340
2018-05-12,AB,94
2018-05-12,B,303
2018-05-12,O,504
2018-05-13,A,342
2018-05-13,AB,77
2018-05-13,B,339
2018-05-13,O,522
2018-05-14,A,384
2018-05-14,AB,104
2018-05-14,B,372
2018-05-14,O,614
2018-05-15,A,367
2018-05-15,AB,117
2018-05-15,B,341
2018-05-15,O,597
2018-05-16,A,365
2018-05-16,AB,96
2018-05-16,B,349
2018-05-16,O,624
2018-05-17,A,385
2018-05-17,AB,103
2018-05-17,B,361
2018-05-17,O,640
2018-05-18,A,367
2018-05-18,AB,105
2018-05-18,B,372
2018-05-18,O,629
2018-05-19,A,279
2018-05-19,AB,93
2018-05-19,B,320
2018-05-19,O,496
2018-05-20,A,310
2018-05-20,AB,100
2018-05-20,B,306
2018-05-20,O,506
2018-05-21,A,327
2018-05-21,AB,113
2018-05-21,B,333
2018-05-21,O,612
2018-05-22,A,369
2018-05-22,AB,112
2018-05-22,B,308
2018-05-22,O,529
2018-05-23,A,308
2018-05-23,AB,91
2018-05-23,B,312
2018-05-23,O,571
2018-05-24,A,318
2018-05-24,AB,92
2018-05-24,B,333
2018-05-24,O,569
2018-05-25,A,289
2018-05-25,AB,82
2018-05-25,B,336
2018-05-25,O,530
2018-05-26,A,303
2018-05-26,AB,89
2018-05-26,B,318
2018-05-26,O,498
2018-05-27,A,291
2018-05-27,AB,80
2018-05-27,B,336
2018-05-27,O,542
2018-05-28,A,343
2018-05-28,AB,91
2018-05-28,B,349
2018-05-28,O,555
2018-05-29,A,346
2018-05-29,AB,113
2018-05-29,B,360
2018-05-29,O,602
2018-05-30,A,313
2018-05-30,AB,98
2018-05-30,B,364
2018-05-30,O,594
2018-05-31,A,323
2018-05-31,AB,69
2018-05-31,B,367
2018-05-31,O,549
2018-06-01,A,273
2018-06-01,AB,83
2018-06-01,B,350
2018-06-01,O,565
2018-06-02,A,256
2018-06-02,AB,92
2018-06-02,B,309
2018-06-02,O,524
2018-06-03,A,336
2018-06-03,AB,95
2018-06-03,B,328
2018-06-03,O,576
2018-06-04,A,331
2018-06-04,AB,77
2018-06-04,B,366
2018-06-04,O,583
2018-06-05,A,342
2018-06-05,AB,68
2018-06-05,B,310
2018-06-05,O,608
2018-06-06,A,698
2018-06-06,AB,82
2018-06-06,B,333
2018-06-06,O,564
2018-06-07,A,320
2018-06-07,AB,77
2018-06-07,B,329
2018-06-07,O,622
2018-06-08,A,320
2018-06-08,AB,75
2018-06-08,B,311
2018-06-08,O,542
2018-06-09,A,288
2018-06-09,AB,75
2018-06-09,B,317
2018-06-09,O,533
2018-06-10,A,314
2018-06-10,AB,85
2018-06-10,B,328
2018-06-10,O,549
2018-06-11,A,323
2018-06-11,AB,80
2018-06-11,B,360
2018-06-11,O,582
2018-06-12,A,292
2018-06-12,AB,71
2018-06-12,B,344
2018-06-12,O,544
2018-06-13,A,310
2018-06-13,AB,88
2018-06-13,B,325
2018-06-13,O,521
2018-06-14,A,300
2018-06-14,AB,61
2018-06-14,B,301
2018-06-14,O,493
2018-06-15,A,252
2018-06-15,AB,81
2018-06-15,B,266
2018-06-15,O,489
2018-06-16,A,269
2018-06-16,AB,75
2018-06-16,B,252
2018-06-16,O,427
2018-06-17,A,248
2018-06-17,AB,61
2018-06-17,B,247
2018-06-17,O,445
2018-06-18,A,289
2018-06-18,AB,71
2018-06-18,B,294
2018-06-18,O,450
2018-06-19,A,281
2018-06-19,AB,81
2018-06-19,B,271
2018-06-19,O,465
2018-06-20,A,301
2018-06-20,AB,67
2018-06-20,B,274
2018-06-20,O,465
2018-06-21,A,323
2018-06-21,AB,66
2018-06-21,B,268
2018-06-21,O,457
2018-06-22,A,298
2018-06-22,AB,70
2018-06-22,B,271
2018-06-22,O,511
2018-06-23,A,270
2018-06-23,AB,69
2018-06-23,B,222
2018-06-23,O,449
2018-06-24,A,255
2018-06-24,AB,66
2018-06-24,B,257
2018-06-24,O,468
2018-06-25,A,280
2018-06-25,AB,79
2018-06-25,B,269
2018-06-25,O,503
2018-06-26,A,296
2018-06-26,AB,71
2018-06-26,B,253
2018-06-26,O,471
2018-06-27,A,322
2018-06-27,AB,74
2018-06-27,B,283
2018-06-27,O,485
2018-06-28,A,274
2018-06-28,AB,71
2018-06-28,B,249
2018-06-28,O,514
2018-06-29,A,279
2018-06-29,AB,80
2018-06-29,B,285
2018-06-29,O,548
2018-06-30,A,298
2018-06-30,AB,71
2018-06-30,B,233
2018-06-30,O,440
2018-07-01,A,281
2018-07-01,AB,65
2018-07-01,B,230
2018-07-01,O,512
2018-07-02,A,329
2018-07-02,AB,79
2018-07-02,B,288
2018-07-02,O,553
2018-07-03,A,273
2018-07-03,AB,81
2018-07-03,B,266
2018-07-03,O,506
2018-07-04,A,317
2018-07-04,AB,72
2018-07-04,B,301
2018-07-04,O,566
2018-07-05,A,322
2018-07-05,AB,73
2018-07-05,B,274
2018-07-05,O,557
2018-07-06,A,294
2018-07-06,AB,74
2018-07-06,B,304
2018-07-06,O,524
2018-07-07,A,299
2018-07-07,AB,76
2018-07-07,B,291
2018-07-07,O,481
2018-07-08,A,351
2018-07-08,AB,77
2018-07-08,B,277
2018-07-08,O,499
2018-07-09,A,358
2018-07-09,AB,62
2018-07-09,B,334
2018-07-09,O,553
2018-07-10,A,324
2018-07-10,AB,75
2018-07-10,B,293
2018-07-10,O,538
2018-07-11,A,348
2018-07-11,AB,63
2018-07-11,B,310
2018-07-11,O,565
2018-07-12,A,344
2018-07-12,AB,91
2018-07-12,B,295
2018-07-12,O,562
2018-07-13,A,374
2018-07-13,AB,97
2018-07-13,B,368
2018-07-13,O,593
2018-07-14,A,324
2018-07-14,AB,74
2018-07-14,B,320
2018-07-14,O,528
2018-07-15,A,355
2018-07-15,AB,91
2018-07-15,B,326
2018-07-15,O,663
2018-07-16,A,425
2018-07-16,AB,97
2018-07-16,B,332
2018-07-16,O,643
2018-07-17,A,380
2018-07-17,AB,118
2018-07-17,B,359
2018-07-17,O,702
2018-07-18,A,431
2018-07-18,AB,97
2018-07-18,B,370
2018-07-18,O,690
2018-07-19,A,415
2018-07-19,AB,112
2018-07-19,B,356
2018-07-19,O,678
2018-07-20,A,445
2018-07-20,AB,90
2018-07-20,B,392
2018-07-20,O,691
2018-07-21,A,385
2018-07-21,AB,105
2018-07-21,B,394
2018-07-21,O,643
2018-07-22,A,384
2018-07-22,AB,112
2018-07-22,B,388
2018-07-22,O,677
2018-07-23,A,450
2018-07-23,AB,96
2018-07-23,B,395
2018-07-23,O,725
2018-07-24,A,460
2018-07-24,AB,118
2018-07-24,B,413
2018-07-24,O,668
2018-07-25,A,451
2018-07-25,AB,99
2018-07-25,B,437
2018-07-25,O,686
2018-07-26,A,465
2018-07-26,AB,127
2018-07-26,B,404
2018-07-26,O,715
2018-07-27,A,432
2018-07-27,AB,114
2018-07-27,B,441
2018-07-27,O,1781
2018-07-28,A,459
2018-07-28,AB,101
2018-07-28,B,366
2018-07-28,O,681
2018-07-29,A,980
2018-07-29,AB,102
2018-07-29,B,376
2018-07-29,O,662
2018-07-30,A,447
2018-07-30,AB,124
2018-07-30,B,432
2018-07-30,O,752
2018-07-31,A,469
2018-07-31,AB,128
2018-07-31,B,403
2018-07-31,O,715
2018-08-01,A,468
2018-08-01,AB,122
2018-08-01,B,459
2018-08-01,O,759
2018-08-02,A,515
2018-08-02,AB,129
2018-08-02,B,430
2018-08-02,O,727
2018-08-03,A,456
2018-08-03,AB,120
2018-08-03,B,466
2018-08-03,O,665
2018-08-04,A,407
2018-08-04,AB,99
2018-08-04,B,421
2018-08-04,O,654
2018-08-05,A,428
2018-08-05,AB,90
2018-08-05,B,422
2018-08-05,O,648
2018-08-06,A,490
2018-08-06,AB,122
2018-08-06,B,435
2018-08-06,O,762
2018-08-07,A,481
2018-08-07,AB,117
2018-08-07,B,444
2018-08-07,O,673
2018-08-08,A,460
2018-08-08,AB,121
2018-08-08,B,455
2018-08-08,O,780
2018-08-09,A,503
2018-08-09,AB,121
2018-08-09,B,801
2018-08-09,O,788
2018-08-10,A,516
2018-08-10,AB,116
2018-08-10,B,424
2018-08-10,O,815
2018-08-11,A,475
2018-08-11,AB,114
2018-08-11,B,403
2018-08-11,O,703
2018-08-12,A,480
2018-08-12,AB,129
2018-08-12,B,420
2018-08-12,O,734
2018-08-13,A,450
2018-08-13,AB,100
2018-08-13,B,424
2018-08-13,O,793
2018-08-14,A,473
2018-08-14,AB,121
2018-08-14,B,462
2018-08-14,O,758
2018-08-15,A,475
2018-08-15,AB,126
2018-08-15,B,483
2018-08-15,O,731
2018-08-16,A,469
2018-08-16,AB,90
2018-08-16,B,446
2018-08-16,O,752
2018-08-17,A,501
2018-08-17,AB,120
2018-08-17,B,501
2018-08-17,O,767
2018-08-18,A,453
2018-08-18,AB,110
2018-08-18,B,404
2018-08-18,O,714
2018-08-19,A,515
2018-08-19,AB,121
2018-08-19,B,465
2018-08-19,O,772
2018-08-20,A,550
2018-08-20,AB,118
2018-08-20,B,548
2018-08-20,O,875
2018-08-21,A,538
2018-08-21,AB,120
2018-08-21,B,548
2018-08-21,O,791
2018-08-22,A,537
2018-08-22,AB,97
2018-08-22,B,486
2018-08-22,O,767
2018-08-23,A,507
2018-08-23,AB,123
2018-08-23,B,479
2018-08-23,O,736
2018-08-24,A,537
2018-08-24,AB,125
2018-08-24,B,484
2018-08-24,O,807
2018-08-25,A,455
2018-08-25,AB,94
2018-08-25,B,428
2018-08-25,O,756
2018-08-26,A,463
2018-08-26,AB,129
2018-08-26,B,414
2018-08-26,O,734
2018-08-27,A,477
2018-08-27,AB,100
2018-08-27,B,481
2018-08-27,O,795
2018-08-28,A,490
2018-08-28,AB,96
2018-08-28,B,449
2018-08-28,O,770
2018-08-29,A,472
2018-08-29,AB,105
2018-08-29,B,464
2018-08-29,O,797
2018-08-30,A,471
2018-08-30,AB,97
2018-08-30,B,445
2018-08-30,O,777
2018-08-31,A,503
2018-08-31,AB,115
2018-08-31,B,461
2018-08-31,O,756
2018-09-01,A,437
2018-09-01,AB,90
2018-09-01,B,403
2018-09-01,O,746
2018-09-02,A,436
2018-09-02,AB,102
2018-09-02,B,441
2018-09-02,O,720
2018-09-03,A,505
2018-09-03,AB,108
2018-09-03,B,442
2018-09-03,O,825
2018-09-04,A,481
2018-09-04,AB,113
2018-09-04,B,421
2018-09-04,O,811
2018-09-05,A,495
2018-09-05,AB,119
2018-09-05,B,483
2018-09-05,O,775
2018-09-06,A,501
2018-09-06,AB,107
2018-09-06,B,476
2018-09-06,O,810
2018-09-07,A,426
2018-09-07,AB,108
2018-09-07,B,448
2018-09-07,O,776
2018-09-08,A,390
2018-09-08,AB,99
2018-09-08,B,427
2018-09-08,O,682
2018-09-09,A,376
2018-09-09,AB,94
2018-09-09,B,421
2018-09-09,O,756
2018-09-10,A,437
2018-09-10,AB,96
2018-09-10,B,474
2018-09-10,O,794
2018-09-11,A,438
2018-09-11,AB,115
2018-09-11,B,400
2018-09-11,O,698
2018-09-12,A,419
2018-09-12,AB,107
2018-09-12,B,455
2018-09-12,O,684
2018-09-13,A,377
2018-09-13,AB,100
2018-09-13,B,423
2018-09-13,O,737
2018-09-14,A,379
2018-09-14,AB,91
2018-09-14,B,403
2018-09-14,O,737
2018-09-15,A,364
2018-09-15,AB,90
2018-09-15,B,387
2018-09-15,O,637
2018-09-16,A,370
2018-09-16,AB,86
2018-09-16,B,428
2018-09-16,O,643
2018-09-17,A,365
2018-09-17,AB,86
2018-09-17,B,410
2018-09-17,O,641
2018-09-18,A,363
2018-09-18,AB,90
2018-09-18,B,398
2018-09-18,O,597
2018-09-19,A,353
2018-09-19,AB,86
2018-09-19,B,371
2018-09-19,O,607
2018-09-20,A,341
2018-09-20,AB,109
2018-09-20,B,405
2018-09-20,O,623
2018-09-21,A,334
2018-09-21,AB,108
2018-09-21,B,378
2018-09-21,O,667
2018-09-22,A,320
2018-09-22,AB,90
2018-09-22,B,938
2018-09-22,O,623
2018-09-23,A,366
2018-09-23,AB,75
2018-09-23,B,397
2018-09-23,O,624
2018-09-24,A,350
2018-09-24,AB,87
2018-09-24,B,446
2018-09-24,O,679
2018-09-25,A,390
2018-09-25,AB,92
2018-09-25,B,431
2018-09-25,O,666
2018-09-26,A,411
2018-09-26,AB,102
2018-09-26,B,427
2018-09-26,O,1264
2018-09-27,A,355
2018-09-27,AB,109
2018-09-27,B,472
2018-09-27,O,712
2018-09-28,A,399
2018-09-28,AB,87
2018-09-28,B,469
2018-09-28,O,657
2018-09-29,A,339
2018-09-29,AB,95
2018-09-29,B,392
2018-09-29,O,617
2018-09-30,A,377
2018-09-30,AB,96
2018-09-30,B,421
2018-09-30,O,642
2018-10-01,A,391
2018-10-01,AB,72
2018-10-01,B,411
2018-10-01,O,679
2018-10-02,A,388
2018-10-02,AB,97
2018-10-02,B,446
2018-10-02,O,688
2018-10-03,A,445
2018-10-03,AB,102
2018-10-03,B,448
2018-10-03,O,691
2018-10-04,A,389
2018-10-04,AB,85
2018-10-04,B,431
2018-10-04,O,697
2018-10-05,A,385
2018-10-05,AB,106
2018-10-05,B,382
2018-10-05,O,614
2018-10-06,A,380
2018-10-06,AB,81
2018-10-06,B,360
2018-10-06,O,559
2018-10-07,A,355
2018-10-07,AB,83
2018-10-07,B,427
2018-10-07,O,600
2018-10-08,A,420
2018-10-08,AB,101
2018-10-08,B,462
2018-10-08,O,699
2018-10-09,A,381
2018-10-09,AB,98
2018-10-09,B,460
2018-10-09,O,681
2018-10-10,A,401
2018-10-10,AB,113
2018-10-10,B,423
2018-10-10,O,684
2018-10-11,A,447
2018-10-11,AB,97
2018-10-11,B,438
2018-10-11,O,690
2018-10-12,A,432
2018-10-12,AB,104
2018-10-12,B,441
2018-10-12,O,640
2018-10-13,A,388
2018-10-13,AB,108
2018-10-13,B,427
2018-10-13,O,624
2018-10-14,A,400
2018-10-14,AB,93
2018-10-14,B,412
2018-10-14,O,653
2018-10-15,A,400
2018-10-15,AB,124
2018-10-15,B,476
2018-10-15,O,705
2018-10-16,A,423
2018-10-16,AB,85
2018-10-16,B,415
2018-10-16,O,707
2018-10-17,A,461
2018-10-17,AB,112
2018-10-17,B,428
2018-10-17,O,730
2018-10-18,A,428
2018-10-18,AB,99
2018-10-18,B,457
2018-10-18,O,721
2018-10-19,A,462
2018-10-19,AB,120
2018-10-19,B,441
2018-10-19,O,671
2018-10-20,A,442
2018-10-20,AB,128
2018-10-20,B,420
2018-10-20,O,679
2018-10-21,A,443
2018-10-21,AB,85
2018-10-21,B,387
2018-10-21,O,653
2018-10-22,A,488
2018-10-22,AB,115
2018-10-22,B,469
2018-10-22,O,771
2018-10-23,A,422
2018-10-23,AB,97
2018-10-23,B,481
2018-10-23,O,667
2018-10-24,A,482
2018-10-24,AB,136
2018-10-24,B,475
2018-10-24,O,669
2018-10-25,A,436
2018-10-25,AB,122
2018-10-25,B,1142
2018-10-25,O,719
2018-10-26,A,479
2018-10-26,AB,111
2018-10-26,B,471
2018-10-26,O,713
2018-10-27,A,439
2018-10-27,AB,101
2018-10-27,B,437
2018-10-27,O,652
2018-10-28,A,464
2018-10-28,AB,93
2018-10-28,B,488
2018-10-28,O,636
2018-10-29,A,460
2018-10-29,AB,108
2018-10-29,B,498
2018-10-29,O,696
2018-10-30,A,444
2018-10-30,AB,110
2018-10-30,B,448
2018-10-30,O,688
2018-10-31,A,403
2018-10-31,AB,119
2018-10-31,B,479
2018-10-31,O,698
2018-11-01,A,458
2018-11-01,AB,130
2018-11-01,B,478
2018-11-01,O,748
2018-11-02,A,446
2018-11-02,AB,119
2018-11-02,B,478
2018-11-02,O,669
2018-11-03,A,362
2018-11-03,AB,81
2018-11-03,B,433
2018-11-03,O,640
2018-11-04,A,422
2018-11-04,AB,104
2018-11-04,B,435
2018-11-04,O,666
2018-11-05,A,415
2018-11-05,AB,108
2018-11-05,B,472
2018-11-05,O,684
2018-11-06,A,468
2018-11-06,AB,110
2018-11-06,B,447
2018-11-06,O,656
2018-11-07,A,425
2018-11-07,AB,95
2018-11-07,B,463
2018-11-07,O,641
2018-11-08,A,412
2018-11-08,AB,84
2018-11-08,B,449
2018-11-08,O,688
2018-11-09,A,454
2018-11-09,AB,109
2018-11-09,B,425
2018-11-09,O,660
2018-11-10,A,389
2018-11-10,AB,85
2018-11-10,B,395
2018-11-10,O,596
2018-11-11,A,441
2018-11-11,AB,91
2018-11-11,B,410
2018-11-11,O,631
2018-11-12,A,452
2018-11-12,AB,105
2018-11-12,B,474
2018-11-12,O,685
2018-11-13,A,473
2018-11-13,AB,95
2018-11-13,B,451
2018-11-13,O,635
2018-11-14,A,478
2018-11-14,AB,99
2018-11-14,B,485
2018-11-14,O,624
2018-11-15,A,475
2018-11-15,AB,108
2018-11-15,B,478
2018-11-15,O,689
2018-11-16,A,447
2018-11-16,AB,108
2018-11-16,B,449
2018-11-16,O,655
2018-11-17,A,400
2018-11-17,AB,84
2018-11-17,B,431
2018-11-17,O,614
2018-11-18,A,451
2018-11-18,AB,93
2018-11-18,B,446
2018-11-18,O,626
2018-11-19,A,457
2018-11-19,AB,116
2018-11-19,B,485
2018-11-19,O,706
2018-11-20,A,486
2018-11-20,AB,101
2018-11-20,B,450
2018-11-20,O,628
2018-11-21,A,445
2018-11-21,AB,115
2018-11-21,B,452
2018-11-21,O,694
2018-11-22,A,465
2018-11-22,AB,108
2018-11-22,B,449
2018-11-22,O,689
2018-11-23,A,427
2018-11-23,AB,109
2018-11-23,B,473
2018-11-23,O,666
2018-11-24,A,397
2018-11-24,AB,96
2018-11-24,B,438
2018-11-24,O,617
2018-11-25,A,390
2018-11-25,AB,94
2018-11-25,B,442
2018-11-25,O,635
2018-11-26,A,482
2018-11-26,AB,91
2018-11-26,B,513
2018-11-26,O,691
2018-11-27,A,474
2018-11-27,AB,114
2018-11-27,B,460
2018-11-27,O,654
2018-11-28,A,493
2018-11-28,AB,105
2018-11-28,B,413
2018-11-28,O,665
2018-11-29,A,447
2018-11-29,AB,88
2018-11-29,B,442
2018-11-29,O,697
2018-11-30,A,482
2018-11-30,AB,125
2018-11-30,B,474
2018-11-30,O,699
2018-12-01,A,406
2018-12-01,AB,84
2018-12-01,B,389
2018-12-01,O,602
2018-12-02,A,401
2018-12-02,AB,96
2018-12-02,B,459
2018-12-02,O,684
2018-12-03,A,475
2018-12-03,AB,101
2018-12-03,B,515
2018-12-03,O,654
2018-12-04,A,419
2018-12-04,AB,90
2018-12-04,B,470
2018-12-04,O,663
2018-12-05,A,391
2018-12-05,AB,104
2018-12-05,B,482
2018-12-05,O,711
2018-12-06,A,434
2018-12-06,AB,91
2018-12-06,B,499
2018-12-06,O,719
2018-12-07,A,490
2018-12-07,AB,93
2018-12-07,B,863
2018-12-07,O,720
2018-12-08,A,381
2018-12-08,AB,93
2018-12-08,B,473
2018-12-08,O,607
2018-12-09,A,440
2018-12-09,AB,82
2018-12-09,B,455
2018-12-09,O,642
2018-12-10,A,469
2018-12-10,AB,100
2018-12-10,B,494
2018-12-10,O,694
2018-12-11,A,448
2018-12-11,AB,83
2018-12-11,B,408
2018-12-11,O,671
2018-12-12,A,372
2018-12-12,AB,110
2018-12-12,B,512
2018-12-12,O,639
2018-12-13,A,432
2018-12-13,AB,96
2018-12-13,B,520
2018-12-13,O,626
2018-12-14,A,484
2018-12-14,AB,95
2018-12-14,B,445
2018-12-14,O,609
2018-12-15,A,403
2018-12-15,AB,89
2018-12-15,B,430
2018-12-15,O,529
2018-12-16,A,397
2018-12-16,AB,76
2018-12-16,B,457
2018-12-16,O,575
2018-12-17,A,411
2018-12-17,AB,80
2018-12-17,B,424
2018-12-17,O,591
2018-12-18,A,396
2018-12-18,AB,79
2018-12-18,B,429
2018-12-18,O,587
2018-12-19,A,440
2018-12-19,AB,98
2018-12-19,B,415
2018-12-19,O,516
2018-12-20,A,433
2018-12-20,AB,86
2018-12-20,B,471
2018-12-20,O,571
2018-12-21,A,418
2018-12-21,AB,76
2018-12-21,B,412
2018-12-21,O,542
2018-12-22,A,399
2018-12-22,AB,62
2018-12-22,B,395
2018-12-22,O,488
2018-12-23,A,391
2018-12-23,AB,92
2018-12-23,B,382
2018-12-23,O,515
2018-12-24,A,428
2018-12-24,AB,97
2018-12-24,B,366
2018-12-24,O,602
2018-12-25,A,394
2018-12-25,AB,75
2018-12-25,B,408
2018-12-25,O,536
2018-12-26,A,416
2018-12-26,AB,86
2018-12-26,B,435
2018-12-26,O,549
2018-12-27,A,404
2018-12-27,AB,84
2018-12-27,B,405
2018-12-27,O,525
2018-12-28,A,342
2018-12-28,AB,69
2018-12-28,B,394
2018-12-28,O,544
2018-12-29,A,309
2018-12-29,AB,66
2018-12-29,B,360
2018-12-29,O,512
2018-12-30,A,322
2018-12-30,AB,82
2018-12-30,B,380
2018-12-30,O,458
2018-12-31,A,403
2018-12-31,AB,69
2018-12-31,B,382
2018-12-31,O,551
2019-01-01,A,380
2019-01-01,AB,76
2019-01-01,B,368
2019-01-01,O,541
2019-01-02,A,319
2019-01-02,AB,72
2019-01-02,B,368
2019-01-02,O,540
2019-01-03,A,363
2019-01-03,AB,81
2019-01-03,B,397
2019-01-03,O,515
2019-01-04,A,333
2019-01-04,AB,91
2019-01-04,B,369
2019-01-04,O,515
2019-01-05,A,297
2019-01-05,AB,62
2019-01-05,B,295
2019-01-05,O,479
2019-01-06,A,293
2019-01-06,AB,81
2019-01-06,B,353
2019-01-06,O,498
2019-01-07,A,338
2019-01-07,AB,70
2019-01-07,B,355
2019-01-07,O,534
2019-01-08,A,348
2019-01-08,AB,67
2019-01-08,B,385
2019-01-08,O,483
2019-01-09,A,355
2019-01-09,AB,79
2019-01-09,B,383
2019-01-09,O,571
2019-01-10,A,336
2019-01-10,AB,66
2019-01-10,B,379
2019-01-10,O,551
2019-01-11,A,334
2019-01-11,AB,73
2019-01-11,B,398
2019-01-11,O,574
2019-01-12,A,297
2019-01-12,AB,74
2019-01-12,B,341
2019-01-12,O,498
2019-01-13,A,342
2019-01-13,AB,74
2019-01-13,B,353
2019-01-13,O,508
2019-01-14,A,349
2019-01-14,AB,88
2019-01-14,B,414
2019-01-14,O,574
2019-01-15,A,379
2019-01-15,AB,110
2019-01-15,B,392
2019-01-15,O,525
2019-01-16,A,352
2019-01-16,AB,77
2019-01-16,B,380
2019-01-16,O,584
2019-01-17,A,377
2019-01-17,AB,82
2019-01-17,B,416
2019-01-17,O,657
2019-01-18,A,363
2019-01-18,AB,72
2019-01-18,B,387
2019-01-18,O,606
2019-01-19,A,358
2019-01-19,AB,76
2019-01-19,B,326
2019-01-19,O,592
2019-01-20,A,347
2019-01-20,AB,79
2019-01-20,B,372
2019-01-20,O,578
2019-01-21,A,420
2019-01-21,AB,106
2019-01-21,B,426
2019-01-21,O,687
2019-01-22,A,371
2019-01-22,AB,81
2019-01-22,B,437
2019-01-22,O,628
2019-01-23,A,404
2019-01-23,AB,72
2019-01-23,B,451
2019-01-23,O,613
2019-01-24,A,391
2019-01-24,AB,78
2019-01-24,B,410
2019-01-24,O,616
2019-01-25,A,386
2019-01-25,AB,89
2019-01-25,B,442
2019-01-25,O,697
2019-01-26,A,360
2019-01-26,AB,83
2019-01-26,B,423
2019-01-26,O,630
2019-01-27,A,374
2019-01-27,AB,90
2019-01-27,B,407
2019-01-27,O,630
2019-01-28,A,407
2019-01-28,AB,90
2019-01-28,B,429
2019-01-28,O,649
2019-01-29,A,399
2019-01-29,AB,107
2019-01-29,B,414
2019-01-29,O,696
2019-01-30,A,389
2019-01-30,AB,94
2019-01-30,B,471
2019-01-30,O,683
2019-01-31,A,429
2019-01-31,AB,85
2019-01-31,B,430
2019-01-31,O,693
2019-02-01,A,419
2019-02-01,AB,94
2019-02-01,B,484
2019-02-01,O,717
2019-02-02,A,363
2019-02-02,AB,86
2019-02-02,B,410
2019-02-02,O,603
2019-02-03,A,370
2019-02-03,AB,77
2019-02-03,B,402
2019-02-03,O,630
2019-02-04,A,415
2019-02-04,AB,97
2019-02-04,B,477
2019-02-04,O,648
2019-02-05,A,375
2019-02-05,AB,98
2019-02-05,B,461
2019-02-05,O,663
2019-02-06,A,403
2019-02-06,AB,96
2019-02-06,B,447
2019-02-06,O,642
2019-02-07,A,380
2019-02-07,AB,88
2019-02-07,B,437
2019-02-07,O,654
2019-02-08,A,388
2019-02-08,AB,84
2019-02-08,B,441
2019-02-08,O,592
2019-02-09,A,413
2019-02-09,AB,84
2019-02-09,B,417
2019-02-09,O,553
2019-02-10,A,382
2019-02-10,AB,94
2019-02-10,B,406
2019-02-10,O,618
2019-02-11,A,397
2019-02-11,AB,85
2019-02-11,B,440
2019-02-11,O,575
2019-02-12,A,351
2019-02-12,AB,94
2019-02-12,B,400
2019-02-12,O,598
2019-02-13,A,416
2019-02-13,AB,96
2019-02-13,B,455
2019-02-13,O,637
2019-02-14,A,409
2019-02-14,AB,82
2019-02-14,B,455
2019-02-14,O,621
2019-02-15,A,422
2019-02-15,AB,73
2019-02-15,B,431
2019-02-15,O,677
2019-02-16,A,398
2019-02-16,AB,92
2019-02-16,B,410
2019-02-16,O,583
2019-02-17,A,348
2019-02-17,AB,87
2019-02-17,B,435
2019-02-17,O,580
2019-02-18,A,389
2019-02-18,AB,89
2019-02-18,B,445
2019-02-18,O,634
2019-02-19,A,373
2019-02-19,AB,94
2019-02-19,B,443
2019-02-19,O,610
2019-02-20,A,404
2019-02-20,AB,97
2019-02-20,B,397
2019-02-20,O,602
2019-02-21,A,381
2019-02-21,AB,81
2019-02-21,B,457
2019-02-21,O,633
2019-02-22,A,411
2019-02-22,AB,81
2019-02-22,B,396
2019-02-22,O,649
2019-02-23,A,883
2019-02-23,AB,98
2019-02-23,B,385
2019-02-23,O,536
2019-02-24,A,384
2019-02-24,AB,73
2019-02-24,B,423
2019-02-24,O,567
2019-02-25,A,397
2019-02-25,AB,83
2019-02-25,B,422
2019-02-25,O,596
2019-02-26,A,395
2019-02-26,AB,81
2019-02-26,B,397
2019-02-26,O,651
2019-02-27,A,401
2019-02-27,AB,88
2019-02-27,B,460
2019-02-27,O,583
2019-02-28,A,384
2019-02-28,AB,68
2019-02-28,B,423
2019-02-28,O,667
2019-03-01,A,395
2019-03-01,AB,83
2019-03-01,B,401
2019-03-01,O,580
2019-03-02,A,359
2019-03-02,AB,77
2019-03-02,B,405
2019-03-02,O,583
2019-03-03,A,388
2019-03-03,AB,81
2019-03-03,B,417
2019-03-03,O,561
2019-03-04,A,411
2019-03-04,AB,108
2019-03-04,B,998
2019-03-04,O,596
2019-03-05,A,392
2019-03-05,AB,76
2019-03-05,B,463
2019-03-05,O,628
2019-03-06,A,412
2019-03-06,AB,99
2019-03-06,B,442
2019-03-06,O,625
2019-03-07,A,437
2019-03-07,AB,94
2019-03-07,B,433
2019-03-07,O,650
2019-03-08,A,461
2019-03-08,AB,87
2019-03-08,B,473
2019-03-08,O,635
2019-03-09,A,410
2019-03-09,AB,84
2019-03-09,B,417
2019-03-09,O,545
2019-03-10,A,415
2019-03-10,AB,77
2019-03-10,B,450
2019-03-10,O,625
2019-03-11,A,456
2019-03-11,AB,99
2019-03-11,B,463
2019-03-11,O,672
2019-03-12,A,426
2019-03-12,AB,79
2019-03-12,B,462
2019-03-12,O,647
2019-03-13,A,456
2019-03-13,AB,117
2019-03-13,B,441
2019-03-13,O,614
2019-03-14,A,417
2019-03-14,AB,97
2019-03-14,B,463
2019-03-14,O,682
2019-03-15,A,467
2019-03-15,AB,98
2019-03-15,B,433
2019-03-15,O,636
2019-03-16,A,420
2019-03-16,AB,84
2019-03-16,B,422
2019-03-16,O,604
2019-03-17,A,434
2019-03-17,AB,80
2019-03-17,B,413
2019-03-17,O,635
2019-03-18,A,451
2019-03-18,AB,97
2019-03-18,B,440
2019-03-18,O,685
2019-03-19,A,459
2019-03-19,AB,88
2019-03-19,B,477
2019-03-19,O,707
2019-03-20,A,484
2019-03-20,AB,111
2019-03-20,B,468
2019-03-20,O,732
2019-03-21,A,434
2019-03-21,AB,85
2019-03-21,B,474
2019-03-21,O,687
2019-03-22,A,478
2019-03-22,AB,85
2019-03-22,B,460
2019-03-22,O,678
2019-03-23,A,417
2019-03-23,AB,82
2019-03-23,B,396
2019-03-23,O,609
2019-03-24,A,435
2019-03-24,AB,101
2019-03-24,B,412
2019-03-24,O,621
2019-03-25,A,485
2019-03-25,AB,84
2019-03-25,B,483
2019-03-25,O,635
2019-03-26,A,443
2019-03-26,AB,92
2019-03-26,B,435
2019-03-26,O,651
2019-03-27,A,435
2019-03-27,AB,100
2019-03-27,B,467
2019-03-27,O,691
2019-03-28,A,451
2019-03-28,AB,90
2019-03-28,B,508
2019-03-28,O,624
2019-03-29,A,425
2019-03-29,AB,103
2019-03-29,B,519
2019-03-29,O,684
2019-03-30,A,390
2019-03-30,AB,82
2019-03-30,B,448
2019-03-30,O,568
2019-03-31,A,367
2019-03-31,AB,97
2019-03-31,B,434
2019-03-31,O,624
2019-04-01,A,382
2019-04-01,AB,87
2019-04-01,B,459
2019-04-01,O,673
2019-04-02,A,397
2019-04-02,AB,81
2019-04-02,B,460
2019-04-02,O,593
2019-04-03,A,409
2019-04-03,AB,99
2019-04-03,B,477
2019-04-03,O,602
2019-04-04,A,369
2019-04-04,AB,97
2019-04-04,B,462
2019-04-04,O,629
2019-04-05,A,405
2019-04-05,AB,89
2019-04-05,B,465
2019-04-05,O,620
2019-04-06,A,320
2019-04-06,AB,77
2019-04-06,B,436
2019-04-06,O,578
2019-04-07,A,346
2019-04-07,AB,122
2019-04-07,B,441
2019-04-07,O,529
2019-04-08,A,394
2019-04-08,AB,78
2019-04-08,B,428
2019-04-08,O,641
2019-04-09,A,402
2019-04-09,AB,101
2019-04-09,B,437
2019-04-09,O,611
2019-04-10,A,339
2019-04-10,AB,108
2019-04-10,B,481
2019-04-10,O,609
2019-04-11,A,345
2019-04-11,AB,97
2019-04-11,B,472
2019-04-11,O,629
2019-04-12,A,333
2019-04-12,AB,89
2019-04-12,B,421
2019-04-12,O,562
2019-04-13,A,298
2019-04-13,AB,86
2019-04-13,B,427
2019-04-13,O,513
2019-04-14,A,300
2019-04-14,AB,79
2019-04-14,B,427
2019-04-14,O,556
2019-04-15,A,365
2019-04-15,AB,99
2019-04-15,B,433
2019-04-15,O,673
2019-04-16,A,359
2019-04-16,AB,92
2019-04-16,B,436
2019-04-16,O,594
2019-04-17,A,290
2019-04-17,AB,68
2019-04-17,B,414
2019-04-17,O,647
2019-04-18,A,309
2019-04-18,AB,85
2019-04-18,B,421
2019-04-18,O,640
2019-04-19,A,322
2019-04-19,AB,77
2019-04-19,B,420
2019-04-19,O,619
2019-04-20,A,327
2019-04-20,AB,85
2019-04-20,B,388
2019-04-20,O,585
2019-04-21,A,293
2019-04-21,AB,94
2019-04-21,B,418
2019-04-21,O,579
2019-04-22,A,350
2019-04-22,AB,84
2019-04-22,B,425
2019-04-22,O,675
2019-04-23,A,334
2019-04-23,AB,84
2019-04-23,B,454
2019-04-23,O,630
2019-04-24,A,348
2019-04-24,AB,93
2019-04-24,B,454
2019-04-24,O,582
2019-04-25,A,345
2019-04-25,AB,80
2019-04-25,B,464
2019-04-25,O,583
2019-04-26,A,340
2019-04-26,AB,99
2019-04-26,B,460
2019-04-26,O,575
2019-04-27,A,285
2019-04-27,AB,76
2019-04-27,B,386
2019-04-27,O,546
2019-04-28,A,317
2019-04-28,AB,68
2019-04-28,B,419
2019-04-28,O,548
2019-04-29,A,354
2019-04-29,AB,70
2019-04-29,B,452
2019-04-29,O,627
2019-04-30,A,326
2019-04-30,AB,75
2019-04-30,B,423
2019-04-30,O,632
2019-05-01,A,383
2019-05-01,AB,79
2019-05-01,B,470
2019-05-01,O,684
2019-05-02,A,412
2019-05-02,AB,77
2019-05-02,B,496
2019-05-02,O,659
2019-05-03,A,399
2019-05-03,AB,95
2019-05-03,B,502
2019-05-03,O,1641
2019-05-04,A,359
2019-05-04,AB,78
2019-05-04,B,416
2019-05-04,O,632
2019-05-05,A,348
2019-05-05,AB,94
2019-05-05,B,462
2019-05-05,O,664
2019-05-06,A,383
2019-05-06,AB,96
2019-05-06,B,520
2019-05-06,O,755
2019-05-07,A,381
2019-05-07,AB,79
2019-05-07,B,438
2019-05-07,O,719
2019-05-08,A,355
2019-05-08,AB,83
2019-05-08,B,442
2019-05-08,O,730
2019-05-09,A,388
2019-05-09,AB,118
2019-05-09,B,422
2019-05-09,O,669
2019-05-10,A,349
2019-05-10,AB,82
2019-05-10,B,437
2019-05-10,O,626
2019-05-11,A,299
2019-05-11,AB,73
2019-05-11,B,377
2019-05-11,O,613
2019-05-12,A,323
2019-05-12,AB,73
2019-05-12,B,393
2019-05-12,O,575
2019-05-13,A,358
2019-05-13,AB,94
2019-05-13,B,448
2019-05-13,O,662
2019-05-14,A,314
2019-05-14,AB,88
2019-05-14,B,452
2019-05-14,O,658
2019-05-15,A,336
2019-05-15,AB,71
2019-05-15,B,402
2019-05-15,O,601
2019-05-16,A,328
2019-05-16,AB,77
2019-05-16,B,445
2019-05-16,O,563
2019-05-17,A,308
2019-05-17,AB,69
2019-05-17,B,409
2019-05-17,O,568
2019-05-18,A,268
2019-05-18,AB,70
2019-05-18,B,367
2019-05-18,O,493
2019-05-19,A,274
2019-05-19,AB,92
2019-05-19,B,391
2019-05-19,O,557
2019-05-20,A,310
2019-05-20,AB,77
2019-05-20,B,366
2019-05-20,O,582
2019-05-21,A,334
2019-05-21,AB,80
2019-05-21,B,401
2019-05-21,O,573
2019-05-22,A,303
2019-05-22,AB,93
2019-05-22,B,393
2019-05-22,O,559
2019-05-23,A,262
2019-05-23,AB,80
2019-05-23,B,392
2019-05-23,O,520
2019-05-24,A,289
2019-05-24,AB,94
2019-05-24,B,334
2019-05-24,O,526
2019-05-25,A,259
2019-05-25,AB,59
2019-05-25,B,375
2019-05-25,O,493
2019-05-26,A,261
2019-05-26,AB,70
2019-05-26,B,362
2019-05-26,O,517
2019-05-27,A,272
2019-05-27,AB,83
2019-05-27,B,394
2019-05-27,O,524
2019-05-28,A,242
2019-05-28,AB,61
2019-05-28,B,365
2019-05-28,O,494
2019-05-29,A,255
2019-05-29,AB,68
2019-05-29,B,307
2019-05-29,O,499
2019-05-30,A,236
2019-05-30,AB,70
2019-05-30,B,331
2019-05-30,O,479
2019-05-31,A,224
2019-05-31,AB,47
2019-05-31,B,299
2019-05-31,O,414
2019-06-01,A,201
2019-06-01,AB,56
2019-06-01,B,268
2019-06-01,O,362
2019-06-02,A,208
2019-06-02,AB,48
2019-06-02,B,256
2019-06-02,O,388
2019-06-03,A,186
2019-06-03,AB,69
2019-06-03,B,303
2019-06-03,O,376
2019-06-04,A,182
2019-06-04,AB,71
2019-06-04,B,269
2019-06-04,O,357
2019-06-05,A,162
2019-06-05,AB,56
2019-06-05,B,257
2019-06-05,O,353
2019-06-06,A,193
2019-06-06,AB,45
2019-06-06,B,268
2019-06-06,O,324
2019-06-07,A,192
2019-06-07,AB,52
2019-06-07,B,239
2019-06-07,O,795
2019-06-08,A,196
2019-06-08,AB,42
2019-06-08,B,246
2019-06-08,O,297
2019-06-09,A,183
2019-06-09,AB,67
2019-06-09,B,217
2019-06-09,O,360
2019-06-10,A,203
2019-06-10,AB,51
2019-06-10,B,268
2019-06-10,O,386
2019-06-11,A,196
2019-06-11,AB,43
2019-06-11,B,264
2019-06-11,O,389
2019-06-12,A,200
2019-06-12,AB,45
2019-06-12,B,226
2019-06-12,O,405
2019-06-13,A,215
2019-06-13,AB,63
2019-06-13,B,271
2019-06-13,O,380
2019-06-14,A,244
2019-06-14,AB,65
2019-06-14,B,310
2019-06-14,O,442
2019-06-15,A,199
2019-06-15,AB,58
2019-06-15,B,254
2019-06-15,O,410
2019-06-16,A,232
2019-06-16,AB,61
2019-06-16,B,282
2019-06-16,O,418
2019-06-17,A,284
2019-06-17,AB,70
2019-06-17,B,358
2019-06-17,O,516
2019-06-18,A,259
2019-06-18,AB,62
2019-06-18,B,318
2019-06-18,O,480
2019-06-19,A,275
2019-06-19,AB,150
2019-06-19,B,285
2019-06-19,O,504
2019-06-20,A,520
2019-06-20,AB,80
2019-06-20,B,335
2019-06-20,O,496
2019-06-21,A,274
2019-06-21,AB,80
2019-06-21,B,380
2019-06-21,O,509
2019-06-22,A,220
2019-06-22,AB,49
2019-06-22,B,301
2019-06-22,O,511
2019-06-23,A,265
2019-06-23,AB,73
2019-06-23,B,327
2019-06-23,O,533
2019-06-24,A,270
2019-06-24,AB,72
2019-06-24,B,385
2019-06-24,O,549
2019-06-25,A,301
2019-06-25,AB,78
2019-06-25,B,349
2019-06-25,O,565
2019-06-26,A,331
2019-06-26,AB,65
2019-06-26,B,345
2019-06-26,O,594
2019-06-27,A,328
2019-06-27,AB,87
2019-06-27,B,326
2019-06-27,O,566
2019-06-28,A,333
2019-06-28,AB,77
2019-06-28,B,382
2019-06-28,O,606
2019-06-29,A,264
2019-06-29,AB,77
2019-06-29,B,363
2019-06-29,O,556
2019-06-30,A,302
2019-06-30,AB,62
2019-06-30,B,336
2019-06-30,O,575
2019-07-01,A,324
2019-07-01,AB,66
2019-07-01,B,362
2019-07-01,O,630
2019-07-02,A,319
2019-07-02,AB,71
2019-07-02,B,385
2019-07-02,O,628
2019-07-03,A,310
2019-07-03,AB,79
2019-07-03,B,389
2019-07-03,O,671
2019-07-04,A,353
2019-07-04,AB,75
2019-07-04,B,395
2019-07-04,O,685
2019-07-05,A,375
2019-07-05,AB,84
2019-07-05,B,409
2019-07-05,O,681
2019-07-06,A,299
2019-07-06,AB,77
2019-07-06,B,397
2019-07-06,O,585
2019-07-07,A,360
2019-07-07,AB,79
2019-07-07,B,401
2019-07-07,O,634
2019-07-08,A,387
2019-07-08,AB,86
2019-07-08,B,454
2019-07-08,O,703
2019-07-09,A,350
2019-07-09,AB,78
2019-07-09,B,439
2019-07-09,O,700
2019-07-10,A,411
2019-07-10,AB,112
2019-07-10,B,448
2019-07-10,O,709
2019-07-11,A,374
2019-07-11,AB,99
2019-07-11,B,433
2019-07-11,O,734
2019-07-12,A,396
2019-07-12,AB,97
2019-07-12,B,406
2019-07-12,O,737
2019-07-13,A,348
2019-07-13,AB,75
2019-07-13,B,409
2019-07-13,O,617
2019-07-14,A,386
2019-07-14,AB,80
2019-07-14,B,415
2019-07-14,O,686
2019-07-15,A,370
2019-07-15,AB,86
2019-07-15,B,395
2019-07-15,O,693
2019-07-16,A,366
2019-07-16,AB,75
2019-07-16,B,448
2019-07-16,O,648
2019-07-17,A,391
2019-07-17,AB,97
2019-07-17,B,458
2019-07-17,O,666
2019-07-18,A,385
2019-07-18,AB,102
2019-07-18,B,412
2019-07-18,O,658
2019-07-19,A,388
2019-07-19,AB,102
2019-07-19,B,439
2019-07-19,O,683
2019-07-20,A,328
2019-07-20,AB,83
2019-07-20,B,366
2019-07-20,O,611
2019-07-21,A,383
2019-07-21,AB,77
2019-07-21,B,395
2019-07-21,O,648
2019-07-22,A,377
2019-07-22,AB,95
2019-07-22,B,475
2019-07-22,O,735
2019-07-23,A,381
2019-07-23,AB,88
2019-07-23,B,412
2019-07-23,O,681
2019-07-24,A,400
2019-07-24,AB,105
2019-07-24,B,466
2019-07-24,O,671
2019-07-25,A,408
2019-07-25,AB,91
2019-07-25,B,459
2019-07-25,O,731
2019-07-26,A,359
2019-07-26,AB,94
2019-07-26,B,432
2019-07-26,O,669
2019-07-27,A,359
2019-07-27,AB,161
2019-07-27,B,457
2019-07-27,O,656
2019-07-28,A,353
2019-07-28,AB,92
2019-07-28,B,424
2019-07-28,O,664
2019-07-29,A,398
2019-07-29,AB,97
2019-07-29,B,459
2019-07-29,O,665
2019-07-30,A,379
2019-07-30,AB,101
2019-07-30,B,444
2019-07-30,O,641
2019-07-31,A,387
2019-07-31,AB,82
2019-07-31,B,495
2019-07-31,O,673
2019-08-01,A,420
2019-08-01,AB,94
2019-08-01,B,511
2019-08-01,O,686
2019-08-02,A,393
2019-08-02,AB,83
2019-08-02,B,490
2019-08-02,O,697
2019-08-03,A,385
2019-08-03,AB,90
2019-08-03,B,436
2019-08-03,O,628
2019-08-04,A,412
2019-08-04,AB,97
2019-08-04,B,495
2019-08-04,O,690
2019-08-05,A,475
2019-08-05,AB,90
2019-08-05,B,513
2019-08-05,O,736
2019-08-06,A,409
2019-08-06,AB,105
2019-08-06,B,516
2019-08-06,O,693
2019-08-07,A,426
2019-08-07,AB,103
2019-08-07,B,480
2019-08-07,O,671
2019-08-08,A,468
2019-08-08,AB,106
2019-08-08,B,520
2019-08-08,O,701
2019-08-09,A,447
2019-08-09,AB,81
2019-08-09,B,767
2019-08-09,O,640
2019-08-10,A,406
2019-08-10,AB,77
2019-08-10,B,414
2019-08-10,O,605
2019-08-11,A,445
2019-08-11,AB,82
2019-08-11,B,449
2019-08-11,O,585
2019-08-12,A,435
2019-08-12,AB,88
2019-08-12,B,437
2019-08-12,O,622
2019-08-13,A,595
2019-08-13,AB,94
2019-08-13,B,402
2019-08-13,O,633
2019-08-14,A,575
2019-08-14,AB,77
2019-08-14,B,471
2019-08-14,O,639
2019-08-15,A,578
2019-08-15,AB,74
2019-08-15,B,431
2019-08-15,O,670
2019-08-16,A,568
2019-08-16,AB,88
2019-08-16,B,425
2019-08-16,O,656
2019-08-17,A,532
2019-08-17,AB,71
2019-08-17,B,391
2019-08-17,O,619
2019-08-18,A,627
2019-08-18,AB,74
2019-08-18,B,372
2019-08-18,O,637
2019-08-19,A,637
2019-08-19,AB,87
2019-08-19,B,411
2019-08-19,O,677
2019-08-20,A,580
2019-08-20,AB,92
2019-08-20,B,421
2019-08-20,O,616
2019-08-21,A,619
2019-08-21,AB,86
2019-08-21,B,457
2019-08-21,O,616
2019-08-22,A,581
2019-08-22,AB,77
2019-08-22,B,422
2019-08-22,O,643
2019-08-23,A,570
2019-08-23,AB,84
2019-08-23,B,412
2019-08-23,O,605
2019-08-24,A,586
2019-08-24,AB,77
2019-08-24,B,384
2019-08-24,O,608
2019-08-25,A,620
2019-08-25,AB,82
2019-08-25,B,439
2019-08-25,O,628
2019-08-26,A,612
2019-08-26,AB,95
2019-08-26,B,442
2019-08-26,O,658
2019-08-27,A,400
2019-08-27,AB,87
2019-08-27,B,414
2019-08-27,O,669
2019-08-28,A,420
2019-08-28,AB,80
2019-08-28,B,454
2019-08-28,O,675
2019-08-29,A,419
2019-08-29,AB,81
2019-08-29,B,462
2019-08-29,O,631
2019-08-30,A,394
2019-08-30,AB,91
2019-08-30,B,461
2019-08-30,O,638
2019-08-31,A,375
2019-08-31,AB,89
2019-08-31,B,425
2019-08-31,O,581
2019-09-01,A,412
2019-09-01,AB,84
2019-09-01,B,454
2019-09-01,O,655
2019-09-02,A,399
2019-09-02,AB,99
2019-09-02,B,464
2019-09-02,O,676
2019-09-03,A,416
2019-09-03,AB,82
2019-09-03,B,433
2019-09-03,O,645
2019-09-04,A,377
2019-09-04,AB,94
2019-09-04,B,422
2019-09-04,O,697
2019-09-05,A,436
2019-09-05,AB,74
2019-09-05,B,450
2019-09-05,O,670
2019-09-06,A,450
2019-09-06,AB,83
2019-09-06,B,377
2019-09-06,O,605
2019-09-07,A,366
2019-09-07,AB,75
2019-09-07,B,374
2019-09-07,O,581
2019-09-08,A,423
2019-09-08,AB,84
2019-09-08,B,371
2019-09-08,O,593
2019-09-09,A,402
2019-09-09,AB,78
2019-09-09,B,453
2019-09-09,O,681
2019-09-10,A,412
2019-09-10,AB,96
2019-09-10,B,408
2019-09-10,O,663
2019-09-11,A,435
2019-09-11,AB,104
2019-09-11,B,446
2019-09-11,O,678
2019-09-12,A,406
2019-09-12,AB,87
2019-09-12,B,454
2019-09-12,O,682
2019-09-13,A,448
2019-09-13,AB,70
2019-09-13,B,441
2019-09-13,O,693
2019-09-14,A,397
2019-09-14,AB,83
2019-09-14,B,438
2019-09-14,O,609
2019-09-15,A,424
2019-09-15,AB,85
2019-09-15,B,448
2019-09-15,O,709
2019-09-16,A,462
2019-09-16,AB,88
2019-09-16,B,490
2019-09-16,O,739
2019-09-17,A,429
2019-09-17,AB,84
2019-09-17,B,444
2019-09-17,O,666
2019-09-18,A,383
2019-09-18,AB,99
2019-09-18,B,471
2019-09-18,O,727
2019-09-19,A,442
2019-09-19,AB,83
2019-09-19,B,465
2019-09-19,O,1497
2019-09-20,A,460
2019-09-20,AB,85
2019-09-20,B,411
2019-09-20,O,684
2019-09-21,A,411
2019-09-21,AB,81
2019-09-21,B,429
2019-09-21,O,665
2019-09-22,A,446
2019-09-22,AB,94
2019-09-22,B,480
2019-09-22,O,628
2019-09-23,A,425
2019-09-23,AB,91
2019-09-23,B,435
2019-09-23,O,692
2019-09-24,A,416
2019-09-24,AB,83
2019-09-24,B,387
2019-09-24,O,698
2019-09-25,A,394
2019-09-25,AB,89
2019-09-25,B,419
2019-09-25,O,687
2019-09-26,A,398
2019-09-26,AB,93
2019-09-26,B,435
2019-09-26,O,675
2019-09-27,A,397
2019-09-27,AB,84
2019-09-27,B,413
2019-09-27,O,667
2019-09-28,A,375
2019-09-28,AB,67
2019-09-28,B,391
2019-09-28,O,639
2019-09-29,A,394
2019-09-29,AB,72
2019-09-29,B,384
2019-09-29,O,666
2019-09-30,A,408
2019-09-30,AB,80
2019-09-30,B,382
2019-09-30,O,662
2019-10-01,A,407
2019-10-01,AB,87
2019-10-01,B,418
2019-10-01,O,712
2019-10-02,A,416
2019-10-02,AB,74
2019-10-02,B,427
2019-10-02,O,739
2019-10-03,A,375
2019-10-03,AB,78
2019-10-03,B,432
2019-10-03,O,738
2019-10-04,A,395
2019-10-04,AB,78
2019-10-04,B,445
2019-10-04,O,718
2019-10-05,A,411
2019-10-05,AB,75
2019-10-05,B,400
2019-10-05,O,677
2019-10-06,A,424
2019-10-06,AB,93
2019-10-06,B,373
2019-10-06,O,675
2019-10-07,A,379
2019-10-07,AB,94
2019-10-07,B,438
2019-10-07,O,748
2019-10-08,A,403
2019-10-08,AB,117
2019-10-08,B,404
2019-10-08,O,720
2019-10-09,A,388
2019-10-09,AB,96
2019-10-09,B,438
2019-10-09,O,744
2019-10-10,A,385
2019-10-10,AB,90
2019-10-10,B,442
2019-10-10,O,693
2019-10-11,A,440
2019-10-11,AB,85
2019-10-11,B,431
2019-10-11,O,687
2019-10-12,A,391
2019-10-12,AB,83
2019-10-12,B,363
2019-10-12,O,617
2019-10-13,A,343
2019-10-13,AB,104
2019-10-13,B,412
2019-10-13,O,690
2019-10-14,A,432
2019-10-14,AB,118
2019-10-14,B,428
2019-10-14,O,744
2019-10-15,A,452
2019-10-15,AB,96
2019-10-15,B,421
2019-10-15,O,744
2019-10-16,A,387
2019-10-16,AB,105
2019-10-16,B,403
2019-10-16,O,755
2019-10-17,A,410
2019-10-17,AB,93
2019-10-17,B,422
2019-10-17,O,743
2019-10-18,A,412
2019-10-18,AB,72
2019-10-18,B,430
2019-10-18,O,712
2019-10-19,A,332
2019-10-19,AB,82
2019-10-19,B,400
2019-10-19,O,680
2019-10-20,A,409
2019-10-20,AB,90
2019-10-20,B,390
2019-10-20,O,682
2019-10-21,A,386
2019-10-21,AB,84
2019-10-21,B,399
2019-10-21,O,693
2019-10-22,A,403
2019-10-22,AB,77
2019-10-22,B,426
2019-10-22,O,680
2019-10-23,A,407
2019-10-23,AB,79
2019-10-23,B,419
2019-10-23,O,755
2019-10-24,A,435
2019-10-24,AB,98
2019-10-24,B,430
2019-10-24,O,726
2019-10-25,A,396
2019-10-25,AB,99
2019-10-25,B,405
2019-10-25,O,687
2019-10-26,A,363
2019-10-26,AB,76
2019-10-26,B,387
2019-10-26,O,662
2019-10-27,A,379
2019-10-27,AB,94
2019-10-27,B,404
2019-10-27,O,663
2019-10-28,A,428
2019-10-28,AB,102
2019-10-28,B,397
2019-10-28,O,689
2019-10-29,A,372
2019-10-29,AB,93
2019-10-29,B,381
2019-10-29,O,1565
2019-10-30,A,373
2019-10-30,AB,85
2019-10-30,B,379
2019-10-30,O,730
2019-10-31,A,392
2019-10-31,AB,87
2019-10-31,B,386
2019-10-31,O,667
2019-11-01,A,411
2019-11-01,AB,101
2019-11-01,B,408
2019-11-01,O,720
2019-11-02,A,397
2019-11-02,AB,101
2019-11-02,B,616
2019-11-02,O,623
2019-11-03,A,792
2019-11-03,AB,84
2019-11-03,B,359
2019-11-03,O,641
2019-11-04,A,396
2019-11-04,AB,80
2019-11-04,B,879
2019-11-04,O,682
2019-11-05,A,392
2019-11-05,AB,104
2019-11-05,B,366
2019-11-05,O,640
2019-11-06,A,402
2019-11-06,AB,81
2019-11-06,B,351
2019-11-06,O,639
2019-11-07,A,406
2019-11-07,AB,84
2019-11-07,B,362
2019-11-07,O,656
2019-11-08,A,375
2019-11-08,AB,95
2019-11-08,B,368
2019-11-08,O,645
2019-11-09,A,333
2019-11-09,AB,75
2019-11-09,B,364
2019-11-09,O,613
2019-11-10,A,331
2019-11-10,AB,88
2019-11-10,B,386
2019-11-10,O,612
2019-11-11,A,430
2019-11-11,AB,88
2019-11-11,B,383
2019-11-11,O,640
2019-11-12,A,373
2019-11-12,AB,96
2019-11-12,B,406
2019-11-12,O,681
2019-11-13,A,429
2019-11-13,AB,99
2019-11-13,B,389
2019-11-13,O,637
2019-11-14,A,389
2019-11-14,AB,100
2019-11-14,B,372
2019-11-14,O,697
2019-11-15,A,367
2019-11-15,AB,79
2019-11-15,B,375
2019-11-15,O,696
2019-11-16,A,337
2019-11-16,AB,90
2019-11-16,B,325
2019-11-16,O,600
2019-11-17,A,389
2019-11-17,AB,89
2019-11-17,B,396
2019-11-17,O,649
2019-11-18,A,361
2019-11-18,AB,80
2019-11-18,B,385
2019-11-18,O,738
2019-11-19,A,358
2019-11-19,AB,97
2019-11-19,B,408
2019-11-19,O,624
2019-11-20,A,363
2019-11-20,AB,84
2019-11-20,B,391
2019-11-20,O,635
2019-11-21,A,350
2019-11-21,AB,93
2019-11-21,B,373
2019-11-21,O,694
2019-11-22,A,349
2019-11-22,AB,78
2019-11-22,B,351
2019-11-22,O,678
2019-11-23,A,362
2019-11-23,AB,79
2019-11-23,B,371
2019-11-23,O,637
2019-11-24,A,373
2019-11-24,AB,72
2019-11-24,B,394
2019-11-24,O,586
2019-11-25,A,392
2019-11-25,AB,97
2019-11-25,B,403
2019-11-25,O,688
2019-11-26,A,336
2019-11-26,AB,109
2019-11-26,B,409
2019-11-26,O,676
2019-11-27,A,390
2019-11-27,AB,90
2019-11-27,B,416
2019-11-27,O,638
2019-11-28,A,365
2019-11-28,AB,91
2019-11-28,B,438
2019-11-28,O,709
2019-11-29,A,375
2019-11-29,AB,91
2019-11-29,B,405
2019-11-29,O,658
2019-11-30,A,354
2019-11-30,AB,81
2019-11-30,B,371
2019-11-30,O,668
2019-12-01,A,382
2019-12-01,AB,84
2019-12-01,B,407
2019-12-01,O,709
2019-12-02,A,404
2019-12-02,AB,90
2019-12-02,B,415
2019-12-02,O,683
2019-12-03,A,366
2019-12-03,AB,70
2019-12-03,B,386
2019-12-03,O,1560
2019-12-04,A,370
2019-12-04,AB,81
2019-12-04,B,369
2019-12-04,O,722
2019-12-05,A,366
2019-12-05,AB,82
2019-12-05,B,407
2019-12-05,O,687
2019-12-06,A,408
2019-12-06,AB,107
2019-12-06,B,393
2019-12-06,O,724
2019-12-07,A,361
2019-12-07,AB,81
2019-12-07,B,361
2019-12-07,O,651
2019-12-08,A,358
2019-12-08,AB,60
2019-12-08,B,383
2019-12-08,O,634
2019-12-09,A,374
2019-12-09,AB,63
2019-12-09,B,432
2019-12-09,O,714
2019-12-10,A,396
2019-12-10,AB,76
2019-12-10,B,353
2019-12-10,O,678
2019-12-11,A,359
2019-12-11,AB,67
2019-12-11,B,411
2019-12-11,O,636
2019-12-12,A,379
2019-12-12,AB,63
2019-12-12,B,433
2019-12-12,O,710
2019-12-13,A,362
2019-12-13,AB,74
2019-12-13,B,421
2019-12-13,O,690
2019-12-14,A,351
2019-12-14,AB,78
2019-12-14,B,371
2019-12-14,O,610
2019-12-15,A,346
2019-12-15,AB,80
2019-12-15,B,402
2019-12-15,O,675
2019-12-16,A,393
2019-12-16,AB,89
2019-12-16,B,374
2019-12-16,O,684
2019-12-17,A,376
2019-12-17,AB,79
2019-12-17,B,426
2019-12-17,O,690
2019-12-18,A,363
2019-12-18,AB,83
2019-12-18,B,422
2019-12-18,O,699
2019-12-19,A,402
2019-12-19,AB,81
2019-12-19,B,443
2019-12-19,O,702
2019-12-20,A,381
2019-12-20,AB,98
2019-12-20,B,395
2019-12-20,O,718
2019-12-21,A,326
2019-12-21,AB,81
2019-12-21,B,400
2019-12-21,O,598
2019-12-22,A,371
2019-12-22,AB,71
2019-12-22,B,374
2019-12-22,O,560
2019-12-23,A,338
2019-12-23,AB,68
2019-12-23,B,393
2019-12-23,O,645
2019-12-24,A,372
2019-12-24,AB,73
2019-12-24,B,376
2019-12-24,O,653
2019-12-25,A,340
2019-12-25,AB,79
2019-12-25,B,373
2019-12-25,O,671
2019-12-26,A,356
2019-12-26,AB,72
2019-12-26,B,388
2019-12-26,O,628
2019-12-27,A,315
2019-12-27,AB,180
2019-12-27,B,398
2019-12-27,O,623
2019-12-28,A,311
2019-12-28,AB,63
2019-12-28,B,338
2019-12-28,O,536
2019-12-29,A,294
2019-12-29,AB,75
2019-12-29,B,360
2019-12-29,O,596
2019-12-30,A,346
2019-12-30,AB,76
2019-12-30,B,403
2019-12-30,O,598
2019-12-31,A,339
2019-12-31,AB,80
2019-12-31,B,383
2019-12-31,O,580
2020-01-01,A,329
2020-01-01,AB,71
2020-01-01,B,388
2020-01-01,O,582
2020-01-02,A,312
2020-01-02,AB,74
2020-01-02,B,344
2020-01-02,O,585
2020-01-03,A,327
2020-01-03,AB,84
2020-01-03,B,379
2020-01-03,O,556
2020-01-04,A,295
2020-01-04,AB,65
2020-01-04,B,359
2020-01-04,O,554
2020-01-05,A,311
2020-01-05,AB,69
2020-01-05,B,388
2020-01-05,O,568
2020-01-06,A,328
2020-01-06,AB,71
2020-01-06,B,359
2020-01-06,O,567
2020-01-07,A,334
2020-01-07,AB,78
2020-01-07,B,400
2020-01-07,O,543
2020-01-08,A,320
2020-01-08,AB,76
2020-01-08,B,398
2020-01-08,O,569
2020-01-09,A,346
2020-01-09,AB,78
2020-01-09,B,383
2020-01-09,O,579
2020-01-10,A,335
2020-01-10,AB,71
2020-01-10,B,347
2020-01-10,O,558
2020-01-11,A,307
2020-01-11,AB,63
2020-01-11,B,344
2020-01-11,O,513
2020-01-12,A,308
2020-01-12,AB,67
2020-01-12,B,324
2020-01-12,O,572
2020-01-13,A,317
2020-01-13,AB,74
2020-01-13,B,335
2020-01-13,O,545
2020-01-14,A,294
2020-01-14,AB,81
2020-01-14,B,328
2020-01-14,O,518
2020-01-15,A,299
2020-01-15,AB,78
2020-01-15,B,357
2020-01-15,O,571
2020-01-16,A,314
2020-01-16,AB,74
2020-01-16,B,334
2020-01-16,O,581
2020-01-17,A,296
2020-01-17,AB,84
2020-01-17,B,358
2020-01-17,O,540
2020-01-18,A,270
2020-01-18,AB,67
2020-01-18,B,331
2020-01-18,O,497
2020-01-19,A,316
2020-01-19,AB,68
2020-01-19,B,350
2020-01-19,O,513
2020-01-20,A,299
2020-01-20,AB,74
2020-01-20,B,348
2020-01-20,O,636
2020-01-21,A,307
2020-01-21,AB,67
2020-01-21,B,350
2020-01-21,O,594
2020-01-22,A,324
2020-01-22,AB,95
2020-01-22,B,395
2020-01-22,O,578
2020-01-23,A,340
2020-01-23,AB,84
2020-01-23,B,375
2020-01-23,O,632
2020-01-24,A,353
2020-01-24,AB,85
2020-01-24,B,381
2020-01-24,O,601
2020-01-25,A,306
2020-01-25,AB,70
2020-01-25,B,361
2020-01-25,O,525
2020-01-26,A,342
2020-01-26,AB,74
2020-01-26,B,356
2020-01-26,O,556
2020-01-27,A,338
2020-01-27,AB,82
2020-01-27,B,367
2020-01-27,O,636
2020-01-28,A,310
2020-01-28,AB,77
2020-01-28,B,380
2020-01-28,O,556
2020-01-29,A,321
2020-01-29,AB,78
2020-01-29,B,399
2020-01-29,O,559
2020-01-30,A,315
2020-01-30,AB,78
2020-01-30,B,327
2020-01-30,O,588
2020-01-31,A,307
2020-01-31,AB,75
2020-01-31,B,372
2020-01-31,O,563
2020-02-01,A,295
2020-02-01,AB,61
2020-02-01,B,370
2020-02-01,O,527
2020-02-02,A,285
2020-02-02,AB,70
2020-02-02,B,354
2020-02-02,O,548
2020-02-03,A,312
2020-02-03,AB,68
2020-02-03,B,380
2020-02-03,O,599
2020-02-04,A,272
2020-02-04,AB,87
2020-02-04,B,422
2020-02-04,O,581
2020-02-05,A,299
2020-02-05,AB,88
2020-02-05,B,368
2020-02-05,O,549
2020-02-06,A,319
2020-02-06,AB,77
2020-02-06,B,395
2020-02-06,O,600
2020-02-07,A,316
2020-02-07,AB,85
2020-02-07,B,377
2020-02-07,O,594
2020-02-08,A,755
2020-02-08,AB,79
2020-02-08,B,396
2020-02-08,O,558
2020-02-09,A,333
2020-02-09,AB,84
2020-02-09,B,386
2020-02-09,O,526
2020-02-10,A,277
2020-02-10,AB,79
2020-02-10,B,404
2020-02-10,O,619
2020-02-11,A,273
2020-02-11,AB,83
2020-02-11,B,398
2020-02-11,O,593
2020-02-12,A,330
2020-02-12,AB,94
2020-02-12,B,398
2020-02-12,O,558
2020-02-13,A,315
2020-02-13,AB,93
2020-02-13,B,422
2020-02-13,O,595
2020-02-14,A,314
2020-02-14,AB,85
2020-02-14,B,405
2020-02-14,O,596
2020-02-15,A,285
2020-02-15,AB,81
2020-02-15,B,370
2020-02-15,O,537
2020-02-16,A,313
2020-02-16,AB,82
2020-02-16,B,375
2020-02-16,O,596
2020-02-17,A,308
2020-02-17,AB,89
2020-02-17,B,391
2020-02-17,O,622
2020-02-18,A,309
2020-02-18,AB,56
2020-02-18,B,391
2020-02-18,O,584
2020-02-19,A,295
2020-02-19,AB,66
2020-02-19,B,416
2020-02-19,O,546
2020-02-20,A,346
2020-02-20,AB,86
2020-02-20,B,371
2020-02-20,O,544
2020-02-21,A,296
2020-02-21,AB,99
2020-02-21,B,337
2020-02-21,O,585
2020-02-22,A,288
2020-02-22,AB,73
2020-02-22,B,377
2020-02-22,O,514
2020-02-23,A,295
2020-02-23,AB,80
2020-02-23,B,383
2020-02-23,O,533
2020-02-24,A,340
2020-02-24,AB,81
2020-02-24,B,393
2020-02-24,O,561
2020-02-25,A,331
2020-02-25,AB,94
2020-02-25,B,410
2020-02-25,O,590
2020-02-26,A,297
2020-02-26,AB,60
2020-02-26,B,416
2020-02-26,O,613
2020-02-27,A,357
2020-02-27,AB,70
2020-02-27,B,432
2020-02-27,O,580
2020-02-28,A,718
2020-02-28,AB,88
2020-02-28,B,446
2020-02-28,O,580
2020-02-29,A,295
2020-02-29,AB,69
2020-02-29,B,366
2020-02-29,O,507
2020-03-01,A,323
2020-03-01,AB,85
2020-03-01,B,388
2020-03-01,O,561
2020-03-02,A,350
2020-03-02,AB,88
2020-03-02,B,386
2020-03-02,O,646
2020-03-03,A,370
2020-03-03,AB,83
2020-03-03,B,422
2020-03-03,O,601
2020-03-04,A,350
2020-03-04,AB,85
2020-03-04,B,418
2020-03-04,O,608
2020-03-05,A,371
2020-03-05,AB,88
2020-03-05,B,417
2020-03-05,O,588
2020-03-06,A,379
2020-03-06,AB,78
2020-03-06,B,377
2020-03-06,O,590
2020-03-07,A,333
2020-03-07,AB,66
2020-03-07,B,363
2020-03-07,O,558
2020-03-08,A,363
2020-03-08,AB,68
2020-03-08,B,368
2020-03-08,O,636
2020-03-09,A,394
2020-03-09,AB,86
2020-03-09,B,381
2020-03-09,O,636
2020-03-10,A,388
2020-03-10,AB,86
2020-03-10,B,362
2020-03-10,O,593
2020-03-11,A,408
2020-03-11,AB,76
2020-03-11,B,371
2020-03-11,O,633
2020-03-12,A,371
2020-03-12,AB,75
2020-03-12,B,352
2020-03-12,O,656
2020-03-13,A,404
2020-03-13,AB,207
2020-03-13,B,364
2020-03-13,O,660
2020-03-14,A,353
2020-03-14,AB,82
2020-03-14,B,361
2020-03-14,O,571
2020-03-15,A,350
2020-03-15,AB,67
2020-03-15,B,342
2020-03-15,O,1284
2020-03-16,A,401
2020-03-16,AB,78
2020-03-16,B,340
2020-03-16,O,633
2020-03-17,A,325
2020-03-17,AB,70
2020-03-17,B,344
2020-03-17,O,602
2020-03-18,A,348
2020-03-18,AB,72
2020-03-18,B,344
2020-03-18,O,509
2020-03-19,A,360
2020-03-19,AB,65
2020-03-19,B,314
2020-03-19,O,503
2020-03-20,A,352
2020-03-20,AB,63
2020-03-20,B,296
2020-03-20,O,542
2020-03-21,A,317
2020-03-21,AB,62
2020-03-21,B,271
2020-03-21,O,514
2020-03-22,A,289
2020-03-22,AB,57
2020-03-22,B,270
2020-03-22,O,505
2020-03-23,A,322
2020-03-23,AB,63
2020-03-23,B,456
2020-03-23,O,515
2020-03-24,A,308
2020-03-24,AB,68
2020-03-24,B,311
2020-03-24,O,518
2020-03-25,A,297
2020-03-25,AB,58
2020-03-25,B,256
2020-03-25,O,482
2020-03-26,A,300
2020-03-26,AB,54
2020-03-26,B,291
2020-03-26,O,525
2020-03-27,A,329
2020-03-27,AB,58
2020-03-27,B,270
2020-03-27,O,500
2020-03-28,A,262
2020-03-28,AB,55
2020-03-28,B,243
2020-03-28,O,473
2020-03-29,A,259
2020-03-29,AB,46
2020-03-29,B,225
2020-03-29,O,445
2020-03-30,A,301
2020-03-30,AB,45
2020-03-30,B,248
2020-03-30,O,459
2020-03-31,A,272
2020-03-31,AB,47
2020-03-31,B,256
2020-03-31,O,448
2020-04-01,A,291
2020-04-01,AB,40
2020-04-01,B,249
2020-04-01,O,474
2020-04-02,A,278
2020-04-02,AB,50
2020-04-02,B,256
2020-04-02,O,445
2020-04-03,A,258
2020-04-03,AB,58
2020-04-03,B,260
2020-04-03,O,432
2020-04-04,A,254
2020-04-04,AB,38
2020-04-04,B,216
2020-04-04,O,389
2020-04-05,A,269
2020-04-05,AB,42
2020-04-05,B,200
2020-04-05,O,321
2020-04-06,A,271
2020-04-06,AB,52
2020-04-06,B,190
2020-04-06,O,377
2020-04-07,A,203
2020-04-07,AB,44
2020-04-07,B,193
2020-04-07,O,380
2020-04-08,A,208
2020-04-08,AB,41
2020-04-08,B,196
2020-04-08,O,370
2020-04-09,A,195
2020-04-09,AB,38
2020-04-09,B,179
2020-04-09,O,303
2020-04-10,A,207
2020-04-10,AB,33
2020-04-10,B,191
2020-04-10,O,322
2020-04-11,A,178
2020-04-11,AB,29
2020-04-11,B,180
2020-04-11,O,280
2020-04-12,A,173
2020-04-12,AB,22
2020-04-12,B,180
2020-04-12,O,283
2020-04-13,A,237
2020-04-13,AB,32
2020-04-13,B,179
2020-04-13,O,302
2020-04-14,A,167
2020-04-14,AB,39
2020-04-14,B,188
2020-04-14,O,341
2020-04-15,A,215
2020-04-15,AB,34
2020-04-15,B,188
2020-04-15,O,337
2020-04-16,A,215
2020-04-16,AB,24
2020-04-16,B,208
2020-04-16,O,355
2020-04-17,A,202
2020-04-17,AB,28
2020-04-17,B,220
2020-04-17,O,374
2020-04-18,A,188
2020-04-18,AB,39
2020-04-18,B,205
2020-04-18,O,775
2020-04-19,A,204
2020-04-19,AB,28
2020-04-19,B,198
2020-04-19,O,374
2020-04-20,A,221
2020-04-20,AB,41
2020-04-20,B,226
2020-04-20,O,389
2020-04-21,A,216
2020-04-21,AB,47
2020-04-21,B,212
2020-04-21,O,438
2020-04-22,A,231
2020-04-22,AB,45
2020-04-22,B,247
2020-04-22,O,492
2020-04-23,A,219
2020-04-23,AB,42
2020-04-23,B,256
2020-04-23,O,514
2020-04-24,A,194
2020-04-24,AB,39
2020-04-24,B,227
2020-04-24,O,451
2020-04-25,A,210
2020-04-25,AB,38
2020-04-25,B,215
2020-04-25,O,392
2020-04-26,A,207
2020-04-26,AB,28
2020-04-26,B,208
2020-04-26,O,413
2020-04-27,A,206
2020-04-27,AB,47
2020-04-27,B,212
2020-04-27,O,421
2020-04-28,A,212
2020-04-28,AB,41
2020-04-28,B,197
2020-04-28,O,416
2020-04-29,A,225
2020-04-29,AB,43
2020-04-29,B,201
2020-04-29,O,440
2020-04-30,A,212
2020-04-30,AB,44
2020-04-30,B,225
2020-04-30,O,470
2020-05-01,A,220
2020-05-01,AB,57
2020-05-01,B,222
2020-05-01,O,460
2020-05-02,A,223
2020-05-02,AB,56
2020-05-02,B,214
2020-05-02,O,431
2020-05-03,A,228
2020-05-03,AB,40
2020-05-03,B,202
2020-05-03,O,440
2020-05-04,A,209
2020-05-04,AB,47
2020-05-04,B,220
2020-05-04,O,432
2020-05-05,A,217
2020-05-05,AB,82
2020-05-05,B,235
2020-05-05,O,494
2020-05-06,A,223
2020-05-06,AB,52
2020-05-06,B,218
2020-05-06,O,504
2020-05-07,A,227
2020-05-07,AB,45
2020-05-07,B,255
2020-05-07,O,473
2020-05-08,A,252
2020-05-08,AB,46
2020-05-08,B,249
2020-05-08,O,482
2020-05-09,A,239
2020-05-09,AB,35
2020-05-09,B,199
2020-05-09,O,487
2020-05-10,A,240
2020-05-10,AB,44
2020-05-10,B,224
2020-05-10,O,501
2020-05-11,A,265
2020-05-11,AB,48
2020-05-11,B,249
2020-05-11,O,510
2020-05-12,A,240
2020-05-12,AB,50
2020-05-12,B,220
2020-05-12,O,543
2020-05-13,A,234
2020-05-13,AB,41
2020-05-13,B,263
2020-05-13,O,556
2020-05-14,A,237
2020-05-14,AB,46
2020-05-14,B,237
2020-05-14,O,487
2020-05-15,A,215
2020-05-15,AB,51
2020-05-15,B,233
2020-05-15,O,494
2020-05-16,A,199
2020-05-16,AB,54
2020-05-16,B,247
2020-05-16,O,453
2020-05-17,A,223
2020-05-17,AB,55
2020-05-17,B,213
2020-05-17,O,438
2020-05-18,A,238
2020-05-18,AB,54
2020-05-18,B,241
2020-05-18,O,476
2020-05-19,A,245
2020-05-19,AB,56
2020-05-19,B,198
2020-05-19,O,465
2020-05-20,A,260
2020-05-20,AB,51
2020-05-20,B,221
2020-05-20,O,532
2020-05-21,A,223
2020-05-21,AB,56
2020-05-21,B,263
2020-05-21,O,487
2020-05-22,A,255
2020-05-22,AB,58
2020-05-22,B,242
2020-05-22,O,430
2020-05-23,A,213
2020-05-23,AB,46
2020-05-23,B,207
2020-05-23,O,458
2020-05-24,A,228
2020-05-24,AB,46
2020-05-24,B,184
2020-05-24,O,446
2020-05-25,A,247
2020-05-25,AB,53
2020-05-25,B,232
2020-05-25,O,473
2020-05-26,A,274
2020-05-26,AB,56
2020-05-26,B,198
2020-05-26,O,860
2020-05-27,A,264
2020-05-27,AB,57
2020-05-27,B,213
2020-05-27,O,472
2020-05-28,A,284
2020-05-28,AB,58
2020-05-28,B,210
2020-05-28,O,501
2020-05-29,A,276
2020-05-29,AB,58
2020-05-29,B,219
2020-05-29,O,537
2020-05-30,A,268
2020-05-30,AB,48
2020-05-30,B,201
2020-05-30,O,478
2020-05-31,A,284
2020-05-31,AB,68
2020-05-31,B,248
2020-05-31,O,572
2020-06-01,A,311
2020-06-01,AB,69
2020-06-01,B,279
2020-06-01,O,607
2020-06-02,A,325
2020-06-02,AB,71
2020-06-02,B,267
2020-06-02,O,529
2020-06-03,A,338
2020-06-03,AB,79
2020-06-03,B,270
2020-06-03,O,604
2020-06-04,A,293
2020-06-04,AB,80
2020-06-04,B,278
2020-06-04,O,586
2020-06-05,A,302
2020-06-05,AB,88
2020-06-05,B,287
2020-06-05,O,597
2020-06-06,A,284
2020-06-06,AB,70
2020-06-06,B,296
2020-06-06,O,531
2020-06-07,A,296
2020-06-07,AB,80
2020-06-07,B,284
2020-06-07,O,640
2020-06-08,A,360
2020-06-08,AB,97
2020-06-08,B,296
2020-06-08,O,680
2020-06-09,A,310
2020-06-09,AB,78
2020-06-09,B,350
2020-06-09,O,713
2020-06-10,A,298
2020-06-10,AB,67
2020-06-10,B,293
2020-06-10,O,674
2020-06-11,A,336
2020-06-11,AB,81
2020-06-11,B,339
2020-06-11,O,699
2020-06-12,A,381
2020-06-12,AB,91
2020-06-12,B,350
2020-06-12,O,668
2020-06-13,A,324
2020-06-13,AB,71
2020-06-13,B,320
2020-06-13,O,661
2020-06-14,A,338
2020-06-14,AB,92
2020-06-14,B,304
2020-06-14,O,705
2020-06-15,A,343
2020-06-15,AB,84
2020-06-15,B,378
2020-06-15,O,727
2020-06-16,A,319
2020-06-16,AB,73
2020-06-16,B,373
2020-06-16,O,714
2020-06-17,A,352
2020-06-17,AB,94
2020-06-17,B,334
2020-06-17,O,696
2020-06-18,A,369
2020-06-18,AB,73
2020-06-18,B,368
2020-06-18,O,685
2020-06-19,A,336
2020-06-19,AB,84
2020-06-19,B,369
2020-06-19,O,703
2020-06-20,A,311
2020-06-20,AB,73
2020-06-20,B,311
2020-06-20,O,635
2020-06-21,A,363
2020-06-21,AB,78
2020-06-21,B,326
2020-06-21,O,668
2020-06-22,A,386
2020-06-22,AB,88
2020-06-22,B,391
2020-06-22,O,706
2020-06-23,A,360
2020-06-23,AB,86
2020-06-23,B,375
2020-06-23,O,745
2020-06-24,A,418
2020-06-24,AB,81
2020-06-24,B,379
2020-06-24,O,736
2020-06-25,A,386
2020-06-25,AB,82
2020-06-25,B,377
2020-06-25,O,716
2020-06-26,A,783
2020-06-26,AB,84
2020-06-26,B,412
2020-06-26,O,721
2020-06-27,A,340
2020-06-27,AB,81
2020-06-27,B,374
2020-06-27,O,646
2020-06-28,A,351
2020-06-28,AB,83
2020-06-28,B,399
2020-06-28,O,741
2020-06-29,A,392
2020-06-29,AB,74
2020-06-29,B,394
2020-06-29,O,721
2020-06-30,A,333
2020-06-30,AB,70
2020-06-30,B,381
2020-06-30,O,662
2020-07-01,A,352
2020-07-01,AB,75
2020-07-01,B,375
2020-07-01,O,712
2020-07-02,A,361
2020-07-02,AB,80
2020-07-02,B,366
2020-07-02,O,678
2020-07-03,A,309
2020-07-03,AB,78
2020-07-03,B,366
2020-07-03,O,681
2020-07-04,A,316
2020-07-04,AB,68
2020-07-04,B,353
2020-07-04,O,634
2020-07-05,A,310
2020-07-05,AB,75
2020-07-05,B,358
2020-07-05,O,653
2020-07-06,A,338
2020-07-06,AB,60
2020-07-06,B,391
2020-07-06,O,703
2020-07-07,A,334
2020-07-07,AB,66
2020-07-07,B,342
2020-07-07,O,676
2020-07-08,A,322
2020-07-08,AB,63
2020-07-08,B,353
2020-07-08,O,623
2020-07-09,A,310
2020-07-09,AB,89
2020-07-09,B,328
2020-07-09,O,602
2020-07-10,A,303
2020-07-10,AB,62
2020-07-10,B,357
2020-07-10,O,595
2020-07-11,A,319
2020-07-11,AB,70
2020-07-11,B,336
2020-07-11,O,579
2020-07-12,A,309
2020-07-12,AB,64
2020-07-12,B,332
2020-07-12,O,566
2020-07-13,A,303
2020-07-13,AB,69
2020-07-13,B,327
2020-07-13,O,620
2020-07-14,A,347
2020-07-14,AB,75
2020-07-14,B,295
2020-07-14,O,573
2020-07-15,A,295
2020-07-15,AB,62
2020-07-15,B,351
2020-07-15,O,556
2020-07-16,A,348
2020-07-16,AB,73
2020-07-16,B,371
2020-07-16,O,604
2020-07-17,A,304
2020-07-17,AB,71
2020-07-17,B,329
2020-07-17,O,622
2020-07-18,A,289
2020-07-18,AB,74
2020-07-18,B,313
2020-07-18,O,554
2020-07-19,A,315
2020-07-19,AB,75
2020-07-19,B,325
2020-07-19,O,549
2020-07-20,A,321
2020-07-20,AB,85
2020-07-20,B,324
2020-07-20,O,623
2020-07-21,A,288
2020-07-21,AB,65
2020-07-21,B,336
2020-07-21,O,542
2020-07-22,A,313
2020-07-22,AB,89
2020-07-22,B,348
2020-07-22,O,619
2020-07-23,A,304
2020-07-23,AB,68
2020-07-23,B,351
2020-07-23,O,606
2020-07-24,A,354
2020-07-24,AB,75
2020-07-24,B,317
2020-07-24,O,621
2020-07-25,A,327
2020-07-25,AB,75
2020-07-25,B,322
2020-07-25,O,552
2020-07-26,A,337
2020-07-26,AB,68
2020-07-26,B,328
2020-07-26,O,554
2020-07-27,A,367
2020-07-27,AB,52
2020-07-27,B,348
2020-07-27,O,601
2020-07-28,A,342
2020-07-28,AB,65
2020-07-28,B,337
2020-07-28,O,556
2020-07-29,A,315
2020-07-29,AB,71
2020-07-29,B,319
2020-07-29,O,599
2020-07-30,A,325
2020-07-30,AB,60
2020-07-30,B,309
2020-07-30,O,592
2020-07-31,A,259
2020-07-31,AB,62
2020-07-31,B,332
2020-07-31,O,594
2020-08-01,A,278
2020-08-01,AB,57
2020-08-01,B,284
2020-08-01,O,564
2020-08-02,A,286
2020-08-02,AB,65
2020-08-02,B,308
2020-08-02,O,499
2020-08-03,A,297
2020-08-03,AB,56
2020-08-03,B,305
2020-08-03,O,587
2020-08-04,A,305
2020-08-04,AB,50
2020-08-04,B,346
2020-08-04,O,592
2020-08-05,A,307
2020-08-05,AB,70
2020-08-05,B,328
2020-08-05,O,619
2020-08-06,A,289
2020-08-06,AB,69
2020-08-06,B,346
2020-08-06,O,586
2020-08-07,A,302
2020-08-07,AB,54
2020-08-07,B,469
2020-08-07,O,572
2020-08-08,A,312
2020-08-08,AB,60
2020-08-08,B,306
2020-08-08,O,561
2020-08-09,A,334
2020-08-09,AB,63
2020-08-09,B,334
2020-08-09,O,621
2020-08-10,A,369
2020-08-10,AB,87
2020-08-10,B,346
2020-08-10,O,621
2020-08-11,A,348
2020-08-11,AB,71
2020-08-11,B,364
2020-08-11,O,590
2020-08-12,A,350
2020-08-12,AB,71
2020-08-12,B,368
2020-08-12,O,593
2020-08-13,A,334
2020-08-13,AB,62
2020-08-13,B,423
2020-08-13,O,614
2020-08-14,A,361
2020-08-14,AB,64
2020-08-14,B,415
2020-08-14,O,631
2020-08-15,A,377
2020-08-15,AB,60
2020-08-15,B,397
2020-08-15,O,640
2020-08-16,A,346
2020-08-16,AB,59
2020-08-16,B,408
2020-08-16,O,620
2020-08-17,A,372
2020-08-17,AB,82
2020-08-17,B,466
2020-08-17,O,665
2020-08-18,A,342
2020-08-18,AB,69
2020-08-18,B,421
2020-08-18,O,641
2020-08-19,A,354
2020-08-19,AB,62
2020-08-19,B,419
2020-08-19,O,634
2020-08-20,A,368
2020-08-20,AB,76
2020-08-20,B,452
2020-08-20,O,674
2020-08-21,A,395
2020-08-21,AB,66
2020-08-21,B,466
2020-08-21,O,646
2020-08-22,A,353
2020-08-22,AB,78
2020-08-22,B,425
2020-08-22,O,603
2020-08-23,A,369
2020-08-23,AB,64
2020-08-23,B,420
2020-08-23,O,619
2020-08-24,A,356
2020-08-24,AB,69
2020-08-24,B,411
2020-08-24,O,670
2020-08-25,A,389
2020-08-25,AB,69
2020-08-25,B,430
2020-08-25,O,677
2020-08-26,A,384
2020-08-26,AB,85
2020-08-26,B,478
2020-08-26,O,642
2020-08-27,A,405
2020-08-27,AB,82
2020-08-27,B,473
2020-08-27,O,656
2020-08-28,A,405
2020-08-28,AB,72
2020-08-28,B,460
2020-08-28,O,650
2020-08-29,A,357
2020-08-29,AB,66
2020-08-29,B,448
2020-08-29,O,664
2020-08-30,A,375
2020-08-30,AB,75
2020-08-30,B,476
2020-08-30,O,679
2020-08-31,A,442
2020-08-31,AB,71
2020-08-31,B,498
2020-08-31,O,687
2020-09-01,A,433
2020-09-01,AB,72
2020-09-01,B,491
2020-09-01,O,764
2020-09-02,A,445
2020-09-02,AB,91
2020-09-02,B,481
2020-09-02,O,745
2020-09-03,A,453
2020-09-03,AB,94
2020-09-03,B,484
2020-09-03,O,765
2020-09-04,A,435
2020-09-04,AB,82
2020-09-04,B,532
2020-09-04,O,719
2020-09-05,A,416
2020-09-05,AB,72
2020-09-05,B,449
2020-09-05,O,719
2020-09-06,A,442
2020-09-06,AB,172
2020-09-06,B,513
2020-09-06,O,692
2020-09-07,A,461
2020-09-07,AB,96
2020-09-07,B,482
2020-09-07,O,723
2020-09-08,A,410
2020-09-08,AB,97
2020-09-08,B,450
2020-09-08,O,721
2020-09-09,A,465
2020-09-09,AB,94
2020-09-09,B,530
2020-09-09,O,761
2020-09-10,A,406
2020-09-10,AB,83
2020-09-10,B,439
2020-09-10,O,740
2020-09-11,A,433
2020-09-11,AB,83
2020-09-11,B,474
2020-09-11,O,797
2020-09-12,A,412
2020-09-12,AB,91
2020-09-12,B,415
2020-09-12,O,662
2020-09-13,A,440
2020-09-13,AB,82
2020-09-13,B,462
2020-09-13,O,655
2020-09-14,A,428
2020-09-14,AB,88
2020-09-14,B,440
2020-09-14,O,695
2020-09-15,A,424
2020-09-15,AB,89
2020-09-15,B,413
2020-09-15,O,683
2020-09-16,A,410
2020-09-16,AB,69
2020-09-16,B,425
2020-09-16,O,645
2020-09-17,A,389
2020-09-17,AB,85
2020-09-17,B,460
2020-09-17,O,704
2020-09-18,A,399
2020-09-18,AB,97
2020-09-18,B,396
2020-09-18,O,665
2020-09-19,A,339
2020-09-19,AB,92
2020-09-19,B,365
2020-09-19,O,902
2020-09-20,A,377
2020-09-20,AB,88
2020-09-20,B,371
2020-09-20,O,928
2020-09-21,A,439
2020-09-21,AB,82
2020-09-21,B,422
2020-09-21,O,950
2020-09-22,A,353
2020-09-22,AB,82
2020-09-22,B,409
2020-09-22,O,901
2020-09-23,A,383
2020-09-23,AB,86
2020-09-23,B,399
2020-09-23,O,889
2020-09-24,A,375
2020-09-24,AB,81
2020-09-24,B,387
2020-09-24,O,917
2020-09-25,A,371
2020-09-25,AB,85
2020-09-25,B,368
2020-09-25,O,871
2020-09-26,A,309
2020-09-26,AB,69
2020-09-26,B,321
2020-09-26,O,833
2020-09-27,A,341
2020-09-27,AB,68
2020-09-27,B,375
2020-09-27,O,854
2020-09-28,A,402
2020-09-28,AB,77
2020-09-28,B,390
2020-09-28,O,948
2020-09-29,A,377
2020-09-29,AB,96
2020-09-29,B,361
2020-09-29,O,899
2020-09-30,A,339
2020-09-30,AB,82
2020-09-30,B,313
2020-09-30,O,873
2020-10-01,A,351
2020-10-01,AB,69
2020-10-01,B,393
2020-10-01,O,924
2020-10-02,A,342
2020-10-02,AB,73
2020-10-02,B,323
2020-10-02,O,855
2020-10-03,A,310
2020-10-03,AB,72
2020-10-03,B,300
2020-10-03,O,829
2020-10-04,A,308
2020-10-04,AB,74
2020-10-04,B,305
2020-10-04,O,831
2020-10-05,A,374
2020-10-05,AB,84
2020-10-05,B,386
2020-10-05,O,896
2020-10-06,A,356
2020-10-06,AB,65
2020-10-06,B,360
2020-10-06,O,649
2020-10-07,A,351
2020-10-07,AB,76
2020-10-07,B,322
2020-10-07,O,622
2020-10-08,A,343
2020-10-08,AB,72
2020-10-08,B,342
2020-10-08,O,615
2020-10-09,A,330
2020-10-09,AB,61
2020-10-09,B,380
2020-10-09,O,600
2020-10-10,A,281
2020-10-10,AB,46
2020-10-10,B,271
2020-10-10,O,574
2020-10-11,A,347
2020-10-11,AB,55
2020-10-11,B,356
2020-10-11,O,590
2020-10-12,A,862
2020-10-12,AB,58
2020-10-12,B,356
2020-10-12,O,661
2020-10-13,A,342
2020-10-13,AB,61
2020-10-13,B,339
2020-10-13,O,654
2020-10-14,A,280
2020-10-14,AB,72
2020-10-14,B,348
2020-10-14,O,576
2020-10-15,A,347
2020-10-15,AB,76
2020-10-15,B,334
2020-10-15,O,629
2020-10-16,A,349
2020-10-16,AB,86
2020-10-16,B,344
2020-10-16,O,627
2020-10-17,A,340
2020-10-17,AB,68
2020-10-17,B,311
2020-10-17,O,554
2020-10-18,A,354
2020-10-18,AB,68
2020-10-18,B,359
2020-10-18,O,623
2020-10-19,A,718
2020-10-19,AB,79
2020-10-19,B,381
2020-10-19,O,632
2020-10-20,A,377
2020-10-20,AB,70
2020-10-20,B,342
2020-10-20,O,619
2020-10-21,A,367
2020-10-21,AB,97
2020-10-21,B,381
2020-10-21,O,637
2020-10-22,A,370
2020-10-22,AB,72
2020-10-22,B,389
2020-10-22,O,618
2020-10-23,A,351
2020-10-23,AB,87
2020-10-23,B,329
2020-10-23,O,635
2020-10-24,A,307
2020-10-24,AB,61
2020-10-24,B,318
2020-10-24,O,556
2020-10-25,A,373
2020-10-25,AB,85
2020-10-25,B,342
2020-10-25,O,637
2020-10-26,A,394
2020-10-26,AB,71
2020-10-26,B,360
2020-10-26,O,689
2020-10-27,A,389
2020-10-27,AB,70
2020-10-27,B,391
2020-10-27,O,644
2020-10-28,A,375
2020-10-28,AB,68
2020-10-28,B,364
2020-10-28,O,681
2020-10-29,A,358
2020-10-29,AB,104
2020-10-29,B,331
2020-10-29,O,649
2020-10-30,A,383
2020-10-30,AB,69
2020-10-30,B,335
2020-10-30,O,628
2020-10-31,A,343
2020-10-31,AB,79
2020-10-31,B,315
2020-10-31,O,628
2020-11-01,A,386
2020-11-01,AB,84
2020-11-01,B,328
2020-11-01,O,647
2020-11-02,A,418
2020-11-02,AB,77
2020-11-02,B,335
2020-11-02,O,662
2020-11-03,A,424
2020-11-03,AB,87
2020-11-03,B,353
2020-11-03,O,663
2020-11-04,A,387
2020-11-04,AB,85
2020-11-04,B,370
2020-11-04,O,668
2020-11-05,A,419
2020-11-05,AB,71
2020-11-05,B,409
2020-11-05,O,697
2020-11-06,A,386
2020-11-06,AB,78
2020-11-06,B,394
2020-11-06,O,708
2020-11-07,A,370
2020-11-07,AB,72
2020-11-07,B,318
2020-11-07,O,610
2020-11-08,A,382
2020-11-08,AB,81
2020-11-08,B,361
2020-11-08,O,636
2020-11-09,A,406
2020-11-09,AB,105
2020-11-09,B,380
2020-11-09,O,675
2020-11-10,A,377
2020-11-10,AB,113
2020-11-10,B,376
2020-11-10,O,643
2020-11-11,A,389
2020-11-11,AB,91
2020-11-11,B,380
2020-11-11,O,619
2020-11-12,A,387
2020-11-12,AB,85
2020-11-12,B,423
2020-11-12,O,638
2020-11-13,A,383
2020-11-13,AB,92
2020-11-13,B,394
2020-11-13,O,656
2020-11-14,A,411
2020-11-14,AB,80
2020-11-14,B,355
2020-11-14,O,709
2020-11-15,A,414
2020-11-15,AB,98
2020-11-15,B,379
2020-11-15,O,686
2020-11-16,A,429
2020-11-16,AB,97
2020-11-16,B,384
2020-11-16,O,700
2020-11-17,A,398
2020-11-17,AB,83
2020-11-17,B,364
2020-11-17,O,720
2020-11-18,A,393
2020-11-18,AB,94
2020-11-18,B,376
2020-11-18,O,658
2020-11-19,A,412
2020-11-19,AB,91
2020-11-19,B,380
2020-11-19,O,746
2020-11-20,A,396
2020-11-20,AB,97
2020-11-20,B,365
2020-11-20,O,712
2020-11-21,A,398
2020-11-21,AB,87
2020-11-21,B,346
2020-11-21,O,700
2020-11-22,A,412
2020-11-22,AB,81
2020-11-22,B,348
2020-11-22,O,649
2020-11-23,A,406
2020-11-23,AB,91
2020-11-23,B,364
2020-11-23,O,695
2020-11-24,A,383
2020-11-24,AB,78
2020-11-24,B,342
2020-11-24,O,644
2020-11-25,A,343
2020-11-25,AB,118
2020-11-25,B,320
2020-11-25,O,672
2020-11-26,A,344
2020-11-26,AB,91
2020-11-26,B,352
2020-11-26,O,661
2020-11-27,A,362
2020-11-27,AB,85
2020-11-27,B,397
2020-11-27,O,662
2020-11-28,A,321
2020-11-28,AB,90
2020-11-28,B,303
2020-11-28,O,602
2020-11-29,A,338
2020-11-29,AB,81
2020-11-29,B,345
2020-11-29,O,606
2020-11-30,A,361
2020-11-30,AB,107
2020-11-30,B,380
2020-11-30,O,673
2020-12-01,A,333
2020-12-01,AB,100
2020-12-01,B,337
2020-12-01,O,601
2020-12-02,A,331
2020-12-02,AB,86
2020-12-02,B,369
2020-12-02,O,649
2020-12-03,A,348
2020-12-03,AB,83
2020-12-03,B,335
2020-12-03,O,697
2020-12-04,A,339
2020-12-04,AB,96
2020-12-04,B,370
2020-12-04,O,658
2020-12-05,A,305
2020-12-05,AB,73
2020-12-05,B,323
2020-12-05,O,606
2020-12-06,A,331
2020-12-06,AB,86
2020-12-06,B,330
2020-12-06,O,618
2020-12-07,A,335
2020-12-07,AB,70
2020-12-07,B,352
2020-12-07,O,562
2020-12-08,A,325
2020-12-08,AB,61
2020-12-08,B,292
2020-12-08,O,617
2020-12-09,A,315
2020-12-09,AB,71
2020-12-09,B,350
2020-12-09,O,636
2020-12-10,A,291
2020-12-10,AB,77
2020-12-10,B,325
2020-12-10,O,610
2020-12-11,A,321
2020-12-11,AB,85
2020-12-11,B,302
2020-12-11,O,600
2020-12-12,A,290
2020-12-12,AB,72
2020-12-12,B,274
2020-12-12,O,535
2020-12-13,A,345
2020-12-13,AB,76
2020-12-13,B,307
2020-12-13,O,566
2020-12-14,A,362
2020-12-14,AB,76
2020-12-14,B,305
2020-12-14,O,586
2020-12-15,A,303
2020-12-15,AB,66
2020-12-15,B,317
2020-12-15,O,601
2020-12-16,A,347
2020-12-16,AB,90
2020-12-16,B,289
2020-12-16,O,565
2020-12-17,A,322
2020-12-17,AB,83
2020-12-17,B,296
2020-12-17,O,538
2020-12-18,A,295
2020-12-18,AB,70
2020-12-18,B,309
2020-12-18,O,612
2020-12-19,A,242
2020-12-19,AB,70
2020-12-19,B,266
2020-12-19,O,530
2020-12-20,A,323
2020-12-20,AB,82
2020-12-20,B,296
2020-12-20,O,557
2020-12-21,A,338
2020-12-21,AB,80
2020-12-21,B,294
2020-12-21,O,561
2020-12-22,A,319
2020-12-22,AB,78
2020-12-22,B,288
2020-12-22,O,510
2020-12-23,A,304
2020-12-23,AB,82
2020-12-23,B,318
2020-12-23,O,558
2020-12-24,A,323
2020-12-24,AB,84
2020-12-24,B,317
2020-12-24,O,530
2020-12-25,A,330
2020-12-25,AB,73
2020-12-25,B,333
2020-12-25,O,535
2020-12-26,A,298
2020-12-26,AB,75
2020-12-26,B,318
2020-12-26,O,470
2020-12-27,A,284
2020-12-27,AB,89
2020-12-27,B,313
2020-12-27,O,490
2020-12-28,A,306
2020-12-28,AB,94
2020-12-28,B,328
2020-12-28,O,555
2020-12-29,A,302
2020-12-29,AB,74
2020-12-29,B,335
2020-12-29,O,541
2020-12-30,A,302
2020-12-30,AB,99
2020-12-30,B,317
2020-12-30,O,546
2020-12-31,A,308
2020-12-31,AB,95
2020-12-31,B,335
2020-12-31,O,548
2021-01-01,A,327
2021-01-01,AB,82
2021-01-01,B,318
2021-01-01,O,576
2021-01-02,A,325
2021-01-02,AB,66
2021-01-02,B,281
2021-01-02,O,471
2021-01-03,A,276
2021-01-03,AB,65
2021-01-03,B,262
2021-01-03,O,506
2021-01-04,A,339
2021-01-04,AB,81
2021-01-04,B,316
2021-01-04,O,522
2021-01-05,A,279
2021-01-05,AB,79
2021-01-05,B,281
2021-01-05,O,470
2021-01-06,A,304
2021-01-06,AB,71
2021-01-06,B,273
2021-01-06,O,511
2021-01-07,A,336
2021-01-07,AB,65
2021-01-07,B,302
2021-01-07,O,482
2021-01-08,A,332
2021-01-08,AB,78
2021-01-08,B,277
2021-01-08,O,467
2021-01-09,A,279
2021-01-09,AB,78
2021-01-09,B,252
2021-01-09,O,438
2021-01-10,A,299
2021-01-10,AB,69
2021-01-10,B,288
2021-01-10,O,448
2021-01-11,A,354
2021-01-11,AB,76
2021-01-11,B,273
2021-01-11,O,498
2021-01-12,A,712
2021-01-12,AB,69
2021-01-12,B,306
2021-01-12,O,476
2021-01-13,A,310
2021-01-13,AB,64
2021-01-13,B,244
2021-01-13,O,491
2021-01-14,A,316
2021-01-14,AB,80
2021-01-14,B,271
2021-01-14,O,492
2021-01-15,A,293
2021-01-15,AB,88
2021-01-15,B,297
2021-01-15,O,455
2021-01-16,A,279
2021-01-16,AB,81
2021-01-16,B,266
2021-01-16,O,420
2021-01-17,A,289
2021-01-17,AB,69
2021-01-17,B,266
2021-01-17,O,436
2021-01-18,A,313
2021-01-18,AB,82
2021-01-18,B,285
2021-01-18,O,480
2021-01-19,A,274
2021-01-19,AB,69
2021-01-19,B,295
2021-01-19,O,476
2021-01-20,A,323
2021-01-20,AB,95
2021-01-20,B,275
2021-01-20,O,470
2021-01-21,A,313
2021-01-21,AB,79
2021-01-21,B,224
2021-01-21,O,455
2021-01-22,A,256
2021-01-22,AB,79
2021-01-22,B,264
2021-01-22,O,451
2021-01-23,A,264
2021-01-23,AB,70
2021-01-23,B,278
2021-01-23,O,448
2021-01-24,A,276
2021-01-24,AB,74
2021-01-24,B,302
2021-01-24,O,485
2021-01-25,A,305
2021-01-25,AB,85
2021-01-25,B,282
2021-01-25,O,499
2021-01-26,A,292
2021-01-26,AB,74
2021-01-26,B,273
2021-01-26,O,454
2021-01-27,A,298
2021-01-27,AB,70
2021-01-27,B,278
2021-01-27,O,531
2021-01-28,A,322
2021-01-28,AB,66
2021-01-28,B,286
2021-01-28,O,503
2021-01-29,A,340
2021-01-29,AB,69
2021-01-29,B,546
2021-01-29,O,765
2021-01-30,A,294
2021-01-30,AB,71
2021-01-30,B,274
2021-01-30,O,1250
2021-01-31,A,330
2021-01-31,AB,67
2021-01-31,B,260
2021-01-31,O,837
2021-02-01,A,283
2021-02-01,AB,84
2021-02-01,B,303
2021-02-01,O,898
2021-02-02,A,320
2021-02-02,AB,71
2021-02-02,B,276
2021-02-02,O,847
2021-02-03,A,301
2021-02-03,AB,69
2021-02-03,B,269
2021-02-03,O,838
2021-02-04,A,349
2021-02-04,AB,84
2021-02-04,B,314
2021-02-04,O,807
2021-02-05,A,295
2021-02-05,AB,68
2021-02-05,B,297
2021-02-05,O,840
2021-02-06,A,294
2021-02-06,AB,88
2021-02-06,B,264
2021-02-06,O,829
2021-02-07,A,305
2021-02-07,AB,63
2021-02-07,B,272
2021-02-07,O,813
2021-02-08,A,336
2021-02-08,AB,82
2021-02-08,B,364
2021-02-08,O,901
2021-02-09,A,348
2021-02-09,AB,65
2021-02-09,B,327
2021-02-09,O,826
2021-02-10,A,333
2021-02-10,AB,70
2021-02-10,B,334
2021-02-10,O,902
2021-02-11,A,315
2021-02-11,AB,81
2021-02-11,B,346
2021-02-11,O,859
2021-02-12,A,293
2021-02-12,AB,84
2021-02-12,B,307
2021-02-12,O,915
2021-02-13,A,314
2021-02-13,AB,85
2021-02-13,B,334
2021-02-13,O,888
2021-02-14,A,341
2021-02-14,AB,69
2021-02-14,B,360
2021-02-14,O,947
2021-02-15,A,346
2021-02-15,AB,78
2021-02-15,B,398
2021-02-15,O,580
2021-02-16,A,335
2021-02-16,AB,77
2021-02-16,B,341
2021-02-16,O,530
2021-02-17,A,324
2021-02-17,AB,88
2021-02-17,B,354
2021-02-17,O,594
2021-02-18,A,348
2021-02-18,AB,76
2021-02-18,B,374
2021-02-18,O,603
2021-02-19,A,310
2021-02-19,AB,97
2021-02-19,B,370
2021-02-19,O,572
2021-02-20,A,308
2021-02-20,AB,72
2021-02-20,B,313
2021-02-20,O,545
2021-02-21,A,319
2021-02-21,AB,63
2021-02-21,B,345
2021-02-21,O,517
2021-02-22,A,331
2021-02-22,AB,78
2021-02-22,B,366
2021-02-22,O,594
2021-02-23,A,300
2021-02-23,AB,88
2021-02-23,B,347
2021-02-23,O,554
2021-02-24,A,341
2021-02-24,AB,69
2021-02-24,B,391
2021-02-24,O,551
2021-02-25,A,345
2021-02-25,AB,73
2021-02-25,B,387
2021-02-25,O,557
2021-02-26,A,325
2021-02-26,AB,63
2021-02-26,B,356
2021-02-26,O,579
2021-02-27,A,305
2021-02-27,AB,84
2021-02-27,B,343
2021-02-27,O,532
2021-02-28,A,315
2021-02-28,AB,70
2021-02-28,B,355
2021-02-28,O,502
2021-03-01,A,312
2021-03-01,AB,82
2021-03-01,B,353
2021-03-01,O,576
2021-03-02,A,307
2021-03-02,AB,79
2021-03-02,B,326
2021-03-02,O,580
2021-03-03,A,308
2021-03-03,AB,65
2021-03-03,B,342
2021-03-03,O,556
2021-03-04,A,332
2021-03-04,AB,82
2021-03-04,B,320
2021-03-04,O,636
2021-03-05,A,285
2021-03-05,AB,69
2021-03-05,B,340
2021-03-05,O,567
2021-03-06,A,309
2021-03-06,AB,78
2021-03-06,B,342
2021-03-06,O,523
2021-03-07,A,262
2021-03-07,AB,52
2021-03-07,B,334
2021-03-07,O,555
2021-03-08,A,300
2021-03-08,AB,72
2021-03-08,B,381
2021-03-08,O,572
2021-03-09,A,274
2021-03-09,AB,109
2021-03-09,B,370
2021-03-09,O,560
2021-03-10,A,318
2021-03-10,AB,84
2021-03-10,B,321
2021-03-10,O,527
2021-03-11,A,305
2021-03-11,AB,71
2021-03-11,B,335
2021-03-11,O,479
2021-03-12,A,275
2021-03-12,AB,77
2021-03-12,B,319
2021-03-12,O,532
2021-03-13,A,262
2021-03-13,AB,69
2021-03-13,B,282
2021-03-13,O,456
2021-03-14,A,269
2021-03-14,AB,66
2021-03-14,B,283
2021-03-14,O,497
2021-03-15,A,267
2021-03-15,AB,93
2021-03-15,B,346
2021-03-15,O,522
2021-03-16,A,276
2021-03-16,AB,73
2021-03-16,B,314
2021-03-16,O,486
2021-03-17,A,299
2021-03-17,AB,78
2021-03-17,B,301
2021-03-17,O,476
2021-03-18,A,295
2021-03-18,AB,79
2021-03-18,B,313
2021-03-18,O,484
2021-03-19,A,317
2021-03-19,AB,84
2021-03-19,B,281
2021-03-19,O,529
2021-03-20,A,261
2021-03-20,AB,71
2021-03-20,B,279
2021-03-20,O,446
2021-03-21,A,284
2021-03-21,AB,78
2021-03-21,B,257
2021-03-21,O,497
2021-03-22,A,317
2021-03-22,AB,63
2021-03-22,B,290
2021-03-22,O,588
2021-03-23,A,328
2021-03-23,AB,81
2021-03-23,B,281
2021-03-23,O,558
2021-03-24,A,303
2021-03-24,AB,73
2021-03-24,B,307
2021-03-24,O,588
2021-03-25,A,288
2021-03-25,AB,85
2021-03-25,B,308
2021-03-25,O,570
2021-03-26,A,288
2021-03-26,AB,73
2021-03-26,B,307
2021-03-26,O,512
2021-03-27,A,291
2021-03-27,AB,64
2021-03-27,B,267
2021-03-27,O,528
2021-03-28,A,326
2021-03-28,AB,91
2021-03-28,B,306
2021-03-28,O,483
2021-03-29,A,311
2021-03-29,AB,83
2021-03-29,B,330
2021-03-29,O,542
2021-03-30,A,326
2021-03-30,AB,64
2021-03-30,B,270
2021-03-30,O,520
2021-03-31,A,307
2021-03-31,AB,73
2021-03-31,B,304
2021-03-31,O,502
2021-04-01,A,339
2021-04-01,AB,94
2021-04-01,B,344
2021-04-01,O,512
2021-04-02,A,296
2021-04-02,AB,89
2021-04-02,B,620
2021-04-02,O,532
2021-04-03,A,294
2021-04-03,AB,65
2021-04-03,B,267
2021-04-03,O,488
2021-04-04,A,282
2021-04-04,AB,77
2021-04-04,B,311
2021-04-04,O,467
2021-04-05,A,285
2021-04-05,AB,77
2021-04-05,B,324
2021-04-05,O,545
2021-04-06,A,321
2021-04-06,AB,90
2021-04-06,B,331
2021-04-06,O,509
2021-04-07,A,308
2021-04-07,AB,84
2021-04-07,B,320
2021-04-07,O,529
2021-04-08,A,303
2021-04-08,AB,65
2021-04-08,B,383
2021-04-08,O,547
2021-04-09,A,327
2021-04-09,AB,80
2021-04-09,B,341
2021-04-09,O,558
2021-04-10,A,282
2021-04-10,AB,82
2021-04-10,B,359
2021-04-10,O,443
2021-04-11,A,284
2021-04-11,AB,68
2021-04-11,B,315
2021-04-11,O,454
2021-04-12,A,359
2021-04-12,AB,103
2021-04-12,B,383
2021-04-12,O,534
2021-04-13,A,330
2021-04-13,AB,78
2021-04-13,B,380
2021-04-13,O,487
2021-04-14,A,360
2021-04-14,AB,86
2021-04-14,B,310
2021-04-14,O,544
2021-04-15,A,323
2021-04-15,AB,86
2021-04-15,B,357
2021-04-15,O,509
2021-04-16,A,655
2021-04-16,AB,72
2021-04-16,B,361
2021-04-16,O,478
2021-04-17,A,300
2021-04-17,AB,60
2021-04-17,B,319
2021-04-17,O,448
2021-04-18,A,301
2021-04-18,AB,61
2021-04-18,B,334
2021-04-18,O,485
2021-04-19,A,289
2021-04-19,AB,75
2021-04-19,B,380
2021-04-19,O,555
2021-04-20,A,304
2021-04-20,AB,76
2021-04-20,B,323
2021-04-20,O,521
2021-04-21,A,282
2021-04-21,AB,82
2021-04-21,B,323
2021-04-21,O,505
2021-04-22,A,280
2021-04-22,AB,74
2021-04-22,B,375
2021-04-22,O,518
2021-04-23,A,315
2021-04-23,AB,66
2021-04-23,B,383
2021-04-23,O,453
2021-04-24,A,296
2021-04-24,AB,52
2021-04-24,B,331
2021-04-24,O,448
2021-04-25,A,278
2021-04-25,AB,67
2021-04-25,B,343
2021-04-25,O,463
2021-04-26,A,286
2021-04-26,AB,93
2021-04-26,B,319
2021-04-26,O,536
2021-04-27,A,272
2021-04-27,AB,61
2021-04-27,B,358
2021-04-27,O,499
2021-04-28,A,293
2021-04-28,AB,69
2021-04-28,B,334
2021-04-28,O,445
2021-04-29,A,282
2021-04-29,AB,54
2021-04-29,B,317
2021-04-29,O,472
2021-04-30,A,281
2021-04-30,AB,54
2021-04-30,B,301
2021-04-30,O,424
2021-05-01,A,295
2021-05-01,AB,55
2021-05-01,B,303
2021-05-01,O,473
2021-05-02,A,292
2021-05-02,AB,52
2021-05-02,B,293
2021-05-02,O,460
2021-05-03,A,325
2021-05-03,AB,55
2021-05-03,B,378
2021-05-03,O,480
2021-05-04,A,301
2021-05-04,AB,61
2021-05-04,B,323
2021-05-04,O,411
2021-05-05,A,287
2021-05-05,AB,61
2021-05-05,B,294
2021-05-05,O,462
2021-05-06,A,298
2021-05-06,AB,53
2021-05-06,B,319
2021-05-06,O,456
2021-05-07,A,293
2021-05-07,AB,60
2021-05-07,B,287
2021-05-07,O,438
2021-05-08,A,234
2021-05-08,AB,52
2021-05-08,B,275
2021-05-08,O,429
2021-05-09,A,258
2021-05-09,AB,49
2021-05-09,B,287
2021-05-09,O,394
2021-05-10,A,245
2021-05-10,AB,66
2021-05-10,B,281
2021-05-10,O,1160
2021-05-11,A,238
2021-05-11,AB,53
2021-05-11,B,274
2021-05-11,O,433
2021-05-12,A,227
2021-05-12,AB,55
2021-05-12,B,295
2021-05-12,O,361
2021-05-13,A,230
2021-05-13,AB,48
2021-05-13,B,275
2021-05-13,O,382
2021-05-14,A,216
2021-05-14,AB,49
2021-05-14,B,277
2021-05-14,O,418
2021-05-15,A,204
2021-05-15,AB,43
2021-05-15,B,261
2021-05-15,O,400
2021-05-16,A,207
2021-05-16,AB,57
2021-05-16,B,309
2021-05-16,O,412
2021-05-17,A,256
2021-05-17,AB,48
2021-05-17,B,289
2021-05-17,O,432
2021-05-18,A,265
2021-05-18,AB,38
2021-05-18,B,334
2021-05-18,O,422
2021-05-19,A,224
2021-05-19,AB,44
2021-05-19,B,319
2021-05-19,O,454
2021-05-20,A,293
2021-05-20,AB,44
2021-05-20,B,327
2021-05-20,O,475
2021-05-21,A,272
2021-05-21,AB,57
2021-05-21,B,345
2021-05-21,O,491
2021-05-22,A,259
2021-05-22,AB,63
2021-05-22,B,357
2021-05-22,O,449
2021-05-23,A,289
2021-05-23,AB,58
2021-05-23,B,334
2021-05-23,O,481
2021-05-24,A,324
2021-05-24,AB,47
2021-05-24,B,392
2021-05-24,O,528
2021-05-25,A,316
2021-05-25,AB,50
2021-05-25,B,317
2021-05-25,O,510
2021-05-26,A,322
2021-05-26,AB,53
2021-05-26,B,363
2021-05-26,O,546
2021-05-27,A,330
2021-05-27,AB,58
2021-05-27,B,362
2021-05-27,O,794
2021-05-28,A,302
2021-05-28,AB,47
2021-05-28,B,361
2021-05-28,O,578
2021-05-29,A,323
2021-05-29,AB,52
2021-05-29,B,344
2021-05-29,O,517
2021-05-30,A,307
2021-05-30,AB,53
2021-05-30,B,350
2021-05-30,O,486
2021-05-31,A,317
2021-05-31,AB,74
2021-05-31,B,371
2021-05-31,O,547
2021-06-01,A,301
2021-06-01,AB,42
2021-06-01,B,358
2021-06-01,O,510
2021-06-02,A,328
2021-06-02,AB,67
2021-06-02,B,370
2021-06-02,O,485
2021-06-03,A,314
2021-06-03,AB,58
2021-06-03,B,389
2021-06-03,O,501
2021-06-04,A,306
2021-06-04,AB,62
2021-06-04,B,389
2021-06-04,O,503
2021-06-05,A,299
2021-06-05,AB,65
2021-06-05,B,314
2021-06-05,O,439
2021-06-06,A,302
2021-06-06,AB,60
2021-06-06,B,342
2021-06-06,O,477
2021-06-07,A,316
2021-06-07,AB,65
2021-06-07,B,360
2021-06-07,O,528
2021-06-08,A,330
2021-06-08,AB,61
2021-06-08,B,376
2021-06-08,O,529
2021-06-09,A,315
2021-06-09,AB,64
2021-06-09,B,381
2021-06-09,O,509
2021-06-10,A,339
2021-06-10,AB,84
2021-06-10,B,374
2021-06-10,O,493
2021-06-11,A,381
2021-06-11,AB,66
2021-06-11,B,374
2021-06-11,O,537
2021-06-12,A,285
2021-06-12,AB,56
2021-06-12,B,387
2021-06-12,O,482
2021-06-13,A,341
2021-06-13,AB,66
2021-06-13,B,388
2021-06-13,O,498
2021-06-14,A,362
2021-06-14,AB,67
2021-06-14,B,401
2021-06-14,O,596
2021-06-15,A,340
2021-06-15,AB,76
2021-06-15,B,390
2021-06-15,O,539
2021-06-16,A,315
2021-06-16,AB,69
2021-06-16,B,403
2021-06-16,O,557
2021-06-17,A,341
2021-06-17,AB,83
2021-06-17,B,424
2021-06-17,O,554
2021-06-18,A,358
2021-06-18,AB,71
2021-06-18,B,436
2021-06-18,O,601
2021-06-19,A,326
2021-06-19,AB,64
2021-06-19,B,384
2021-06-19,O,528
2021-06-20,A,334
2021-06-20,AB,76
2021-06-20,B,345
2021-06-20,O,527
2021-06-21,A,363
2021-06-21,AB,73
2021-06-21,B,445
2021-06-21,O,563
2021-06-22,A,354
2021-06-22,AB,88
2021-06-22,B,343
2021-06-22,O,531
2021-06-23,A,347
2021-06-23,AB,72
2021-06-23,B,415
2021-06-23,O,552
2021-06-24,A,316
2021-06-24,AB,88
2021-06-24,B,395
2021-06-24,O,512
2021-06-25,A,357
2021-06-25,AB,78
2021-06-25,B,391
2021-06-25,O,517
2021-06-26,A,334
2021-06-26,AB,83
2021-06-26,B,351
2021-06-26,O,489
2021-06-27,A,318
2021-06-27,AB,63
2021-06-27,B,380
2021-06-27,O,510
2021-06-28,A,339
2021-06-28,AB,66
2021-06-28,B,381
2021-06-28,O,487
2021-06-29,A,310
2021-06-29,AB,75
2021-06-29,B,410
2021-06-29,O,535
2021-06-30,A,328
2021-06-30,AB,61
2021-06-30,B,368
2021-06-30,O,494
2021-07-01,A,307
2021-07-01,AB,93
2021-07-01,B,379
2021-07-01,O,495
2021-07-02,A,357
2021-07-02,AB,86
2021-07-02,B,441
2021-07-02,O,537
2021-07-03,A,295
2021-07-03,AB,75
2021-07-03,B,375
2021-07-03,O,480
2021-07-04,A,277
2021-07-04,AB,73
2021-07-04,B,379
2021-07-04,O,510
2021-07-05,A,316
2021-07-05,AB,77
2021-07-05,B,385
2021-07-05,O,503
2021-07-06,A,347
2021-07-06,AB,86
2021-07-06,B,373
2021-07-06,O,519
2021-07-07,A,299
2021-07-07,AB,78
2021-07-07,B,376
2021-07-07,O,536
2021-07-08,A,304
2021-07-08,AB,66
2021-07-08,B,374
2021-07-08,O,538
2021-07-09,A,289
2021-07-09,AB,79
2021-07-09,B,387
2021-07-09,O,471
2021-07-10,A,287
2021-07-10,AB,76
2021-07-10,B,324
2021-07-10,O,435
2021-07-11,A,266
2021-07-11,AB,55
2021-07-11,B,361
2021-07-11,O,461
2021-07-12,A,302
2021-07-12,AB,78
2021-07-12,B,376
2021-07-12,O,513
2021-07-13,A,286
2021-07-13,AB,58
2021-07-13,B,325
2021-07-13,O,450
2021-07-14,A,289
2021-07-14,AB,58
2021-07-14,B,314
2021-07-14,O,427
2021-07-15,A,278
2021-07-15,AB,48
2021-07-15,B,322
2021-07-15,O,445
2021-07-16,A,262
2021-07-16,AB,72
2021-07-16,B,335
2021-07-16,O,411
2021-07-17,A,208
2021-07-17,AB,57
2021-07-17,B,305
2021-07-17,O,346
2021-07-18,A,237
2021-07-18,AB,57
2021-07-18,B,343
2021-07-18,O,399
2021-07-19,A,241
2021-07-19,AB,56
2021-07-19,B,298
2021-07-19,O,413
2021-07-20,A,220
2021-07-20,AB,53
2021-07-20,B,304
2021-07-20,O,366
2021-07-21,A,233
2021-07-21,AB,49
2021-07-21,B,301
2021-07-21,O,369
2021-07-22,A,252
2021-07-22,AB,63
2021-07-22,B,256
2021-07-22,O,367
2021-07-23,A,234
2021-07-23,AB,45
2021-07-23,B,281
2021-07-23,O,374
2021-07-24,A,214
2021-07-24,AB,45
2021-07-24,B,257
2021-07-24,O,336
2021-07-25,A,233
2021-07-25,AB,52
2021-07-25,B,294
2021-07-25,O,391
2021-07-26,A,245
2021-07-26,AB,61
2021-07-26,B,293
2021-07-26,O,401
2021-07-27,A,215
2021-07-27,AB,45
2021-07-27,B,259
2021-07-27,O,370
2021-07-28,A,211
2021-07-28,AB,58
2021-07-28,B,242
2021-07-28,O,411
2021-07-29,A,274
2021-07-29,AB,59
2021-07-29,B,276
2021-07-29,O,372
2021-07-30,A,253
2021-07-30,AB,56
2021-07-30,B,276
2021-07-30,O,404
2021-07-31,A,212
2021-07-31,AB,50
2021-07-31,B,256
2021-07-31,O,382
2021-08-01,A,233
2021-08-01,AB,59
2021-08-01,B,288
2021-08-01,O,407
2021-08-02,A,242
2021-08-02,AB,66
2021-08-02,B,301
2021-08-02,O,428
2021-08-03,A,221
2021-08-03,AB,56
2021-08-03,B,273
2021-08-03,O,406
2021-08-04,A,239
2021-08-04,AB,58
2021-08-04,B,295
2021-08-04,O,424
2021-08-05,A,246
2021-08-05,AB,61
2021-08-05,B,265
2021-08-05,O,414
2021-08-06,A,234
2021-08-06,AB,67
2021-08-06,B,274
2021-08-06,O,450
2021-08-07,A,256
2021-08-07,AB,43
2021-08-07,B,266
2021-08-07,O,417
2021-08-08,A,239
2021-08-08,AB,57
2021-08-08,B,277
2021-08-08,O,453
2021-08-09,A,257
2021-08-09,AB,68
2021-08-09,B,261
2021-08-09,O,430
2021-08-10,A,250
2021-08-10,AB,61
2021-08-10,B,314
2021-08-10,O,449
2021-08-11,A,281
2021-08-11,AB,55
2021-08-11,B,321
2021-08-11,O,464
2021-08-12,A,271
2021-08-12,AB,66
2021-08-12,B,293
2021-08-12,O,446
2021-08-13,A,281
2021-08-13,AB,69
2021-08-13,B,322
2021-08-13,O,487
2021-08-14,A,266
2021-08-14,AB,62
2021-08-14,B,275
2021-08-14,O,426
2021-08-15,A,273
2021-08-15,AB,58
2021-08-15,B,311
2021-08-15,O,489
2021-08-16,A,275
2021-08-16,AB,72
2021-08-16,B,305
2021-08-16,O,489
2021-08-17,A,265
2021-08-17,AB,71
2021-08-17,B,284
2021-08-17,O,508
2021-08-18,A,295
2021-08-18,AB,51
2021-08-18,B,292
2021-08-18,O,522
2021-08-19,A,282
2021-08-19,AB,72
2021-08-19,B,327
2021-08-19,O,482
2021-08-20,A,327
2021-08-20,AB,63
2021-08-20,B,304
2021-08-20,O,567
2021-08-21,A,264
2021-08-21,AB,71
2021-08-21,B,310
2021-08-21,O,464
2021-08-22,A,300
2021-08-22,AB,79
2021-08-22,B,320
2021-08-22,O,538
2021-08-23,A,318
2021-08-23,AB,69
2021-08-23,B,340
2021-08-23,O,528
2021-08-24,A,313
2021-08-24,AB,71
2021-08-24,B,339
2021-08-24,O,483
2021-08-25,A,292
2021-08-25,AB,75
2021-08-25,B,329
2021-08-25,O,554
2021-08-26,A,325
2021-08-26,AB,72
2021-08-26,B,346
2021-08-26,O,558
2021-08-27,A,315
2021-08-27,AB,78
2021-08-27,B,333
2021-08-27,O,506
2021-08-28,A,300
2021-08-28,AB,56
2021-08-28,B,357
2021-08-28,O,507
2021-08-29,A,291
2021-08-29,AB,83
2021-08-29,B,375
2021-08-29,O,507
2021-08-30,A,348
2021-08-30,AB,73
2021-08-30,B,392
2021-08-30,O,571
2021-08-31,A,332
2021-08-31,AB,90
2021-08-31,B,385
2021-08-31,O,626
2021-09-01,A,357
2021-09-01,AB,83
2021-09-01,B,366
2021-09-01,O,636
2021-09-02,A,339
2021-09-02,AB,98
2021-09-02,B,398
2021-09-02,O,554
2021-09-03,A,317
2021-09-03,AB,99
2021-09-03,B,372
2021-09-03,O,592
2021-09-04,A,303
2021-09-04,AB,80
2021-09-04,B,382
2021-09-04,O,558
2021-09-05,A,302
2021-09-05,AB,73
2021-09-05,B,418
2021-09-05,O,580
2021-09-06,A,348
2021-09-06,AB,81
2021-09-06,B,423
2021-09-06,O,581
2021-09-07,A,337
2021-09-07,AB,87
2021-09-07,B,407
2021-09-07,O,600
2021-09-08,A,337
2021-09-08,AB,129
2021-09-08,B,417
2021-09-08,O,690
2021-09-09,A,350
2021-09-09,AB,92
2021-09-09,B,408
2021-09-09,O,591
2021-09-10,A,349
2021-09-10,AB,75
2021-09-10,B,418
2021-09-10,O,594
2021-09-11,A,320
2021-09-11,AB,66
2021-09-11,B,366
2021-09-11,O,551
2021-09-12,A,325
2021-09-12,AB,78
2021-09-12,B,410
2021-09-12,O,544
2021-09-13,A,349
2021-09-13,AB,71
2021-09-13,B,415
2021-09-13,O,671
2021-09-14,A,371
2021-09-14,AB,82
2021-09-14,B,390
2021-09-14,O,624
2021-09-15,A,369
2021-09-15,AB,88
2021-09-15,B,432
2021-09-15,O,580
2021-09-16,A,365
2021-09-16,AB,84
2021-09-16,B,448
2021-09-16,O,640
2021-09-17,A,358
2021-09-17,AB,76
2021-09-17,B,449
2021-09-17,O,656
2021-09-18,A,334
2021-09-18,AB,92
2021-09-18,B,411
2021-09-18,O,570
2021-09-19,A,351
2021-09-19,AB,76
2021-09-19,B,435
2021-09-19,O,572
2021-09-20,A,377
2021-09-20,AB,77
2021-09-20,B,447
2021-09-20,O,661
2021-09-21,A,381
2021-09-21,AB,72
2021-09-21,B,437
2021-09-21,O,662
2021-09-22,A,353
2021-09-22,AB,86
2021-09-22,B,472
2021-09-22,O,668
2021-09-23,A,374
2021-09-23,AB,85
2021-09-23,B,397
2021-09-23,O,615
2021-09-24,A,349
2021-09-24,AB,74
2021-09-24,B,413
2021-09-24,O,676
2021-09-25,A,326
2021-09-25,AB,71
2021-09-25,B,413
2021-09-25,O,607
2021-09-26,A,339
2021-09-26,AB,78
2021-09-26,B,413
2021-09-26,O,605
2021-09-27,A,357
2021-09-27,AB,74
2021-09-27,B,434
2021-09-27,O,634
2021-09-28,A,367
2021-09-28,AB,82
2021-09-28,B,461
2021-09-28,O,591
2021-09-29,A,334
2021-09-29,AB,68
2021-09-29,B,439
2021-09-29,O,636
2021-09-30,A,363
2021-09-30,AB,80
2021-09-30,B,429
2021-09-30,O,594
2021-10-01,A,302
2021-10-01,AB,81
2021-10-01,B,376
2021-10-01,O,600
2021-10-02,A,278
2021-10-02,AB,66
2021-10-02,B,387
2021-10-02,O,567
2021-10-03,A,287
2021-10-03,AB,55
2021-10-03,B,386
2021-10-03,O,548
2021-10-04,A,322
2021-10-04,AB,115
2021-10-04,B,443
2021-10-04,O,621
2021-10-05,A,309
2021-10-05,AB,74
2021-10-05,B,386
2021-10-05,O,615
2021-10-06,A,297
2021-10-06,AB,71
2021-10-06,B,399
2021-10-06,O,592
2021-10-07,A,323
2021-10-07,AB,55
2021-10-07,B,382
2021-10-07,O,573
2021-10-08,A,357
2021-10-08,AB,105
2021-10-08,B,406
2021-10-08,O,570
2021-10-09,A,260
2021-10-09,AB,59
2021-10-09,B,362
2021-10-09,O,539
2021-10-10,A,292
2021-10-10,AB,72
2021-10-10,B,393
2021-10-10,O,596
2021-10-11,A,369
2021-10-11,AB,74
2021-10-11,B,427
2021-10-11,O,593
2021-10-12,A,326
2021-10-12,AB,68
2021-10-12,B,381
2021-10-12,O,575
2021-10-13,A,322
2021-10-13,AB,63
2021-10-13,B,413
2021-10-13,O,553
2021-10-14,A,349
2021-10-14,AB,66
2021-10-14,B,423
2021-10-14,O,562
2021-10-15,A,332
2021-10-15,AB,67
2021-10-15,B,423
2021-10-15,O,601
2021-10-16,A,313
2021-10-16,AB,61
2021-10-16,B,341
2021-10-16,O,513
2021-10-17,A,288
2021-10-17,AB,147
2021-10-17,B,394
2021-10-17,O,555
2021-10-18,A,322
2021-10-18,AB,57
2021-10-18,B,422
2021-10-18,O,582
2021-10-19,A,316
2021-10-19,AB,60
2021-10-19,B,402
2021-10-19,O,535
2021-10-20,A,307
2021-10-20,AB,61
2021-10-20,B,365
2021-10-20,O,560
2021-10-21,A,349
2021-10-21,AB,65
2021-10-21,B,372
2021-10-21,O,559
2021-10-22,A,280
2021-10-22,AB,67
2021-10-22,B,390
2021-10-22,O,603
2021-10-23,A,264
2021-10-23,AB,59
2021-10-23,B,353
2021-10-23,O,503
2021-10-24,A,289
2021-10-24,AB,49
2021-10-24,B,377
2021-10-24,O,504
2021-10-25,A,305
2021-10-25,AB,59
2021-10-25,B,370
2021-10-25,O,560
2021-10-26,A,319
2021-10-26,AB,62
2021-10-26,B,358
2021-10-26,O,537
2021-10-27,A,269
2021-10-27,AB,56
2021-10-27,B,384
2021-10-27,O,507
2021-10-28,A,299
2021-10-28,AB,62
2021-10-28,B,353
2021-10-28,O,479
2021-10-29,A,330
2021-10-29,AB,52
2021-10-29,B,347
2021-10-29,O,769
2021-10-30,A,259
2021-10-30,AB,75
2021-10-30,B,339
2021-10-30,O,473
2021-10-31,A,285
2021-10-31,AB,67
2021-10-31,B,352
2021-10-31,O,512
2021-11-01,A,314
2021-11-01,AB,58
2021-11-01,B,352
2021-11-01,O,580
2021-11-02,A,299
2021-11-02,AB,53
2021-11-02,B,341
2021-11-02,O,533
2021-11-03,A,308
2021-11-03,AB,53
2021-11-03,B,372
2021-11-03,O,525
2021-11-04,A,277
2021-11-04,AB,60
2021-11-04,B,363
2021-11-04,O,566
2021-11-05,A,302
2021-11-05,AB,59
2021-11-05,B,333
2021-11-05,O,553
2021-11-06,A,275
2021-11-06,AB,44
2021-11-06,B,350
2021-11-06,O,520
2021-11-07,A,315
2021-11-07,AB,69
2021-11-07,B,356
2021-11-07,O,546
2021-11-08,A,321
2021-11-08,AB,71
2021-11-08,B,333
2021-11-08,O,583
2021-11-09,A,305
2021-11-09,AB,70
2021-11-09,B,331
2021-11-09,O,546
2021-11-10,A,307
2021-11-10,AB,59
2021-11-10,B,344
2021-11-10,O,575
2021-11-11,A,290
2021-11-11,AB,70
2021-11-11,B,315
2021-11-11,O,604
2021-11-12,A,304
2021-11-12,AB,72
2021-11-12,B,329
2021-11-12,O,601
2021-11-13,A,255
2021-11-13,AB,69
2021-11-13,B,294
2021-11-13,O,512
2021-11-14,A,313
2021-11-14,AB,80
2021-11-14,B,314
2021-11-14,O,580
2021-11-15,A,316
2021-11-15,AB,75
2021-11-15,B,354
2021-11-15,O,604
2021-11-16,A,303
2021-11-16,AB,65
2021-11-16,B,362
2021-11-16,O,578
2021-11-17,A,299
2021-11-17,AB,71
2021-11-17,B,330
2021-11-17,O,600
2021-11-18,A,347
2021-11-18,AB,85
2021-11-18,B,350
2021-11-18,O,618
2021-11-19,A,667
2021-11-19,AB,69
2021-11-19,B,354
2021-11-19,O,584
2021-11-20,A,309
2021-11-20,AB,76
2021-11-20,B,333
2021-11-20,O,549
2021-11-21,A,322
2021-11-21,AB,64
2021-11-21,B,313
2021-11-21,O,565
2021-11-22,A,333
2021-11-22,AB,82
2021-11-22,B,361
2021-11-22,O,552
2021-11-23,A,336
2021-11-23,AB,61
2021-11-23,B,364
2021-11-23,O,567
2021-11-24,A,321
2021-11-24,AB,84
2021-11-24,B,363
2021-11-24,O,570
2021-11-25,A,349
2021-11-25,AB,206
2021-11-25,B,365
2021-11-25,O,613
2021-11-26,A,307
2021-11-26,AB,81
2021-11-26,B,353
2021-11-26,O,531
2021-11-27,A,293
2021-11-27,AB,69
2021-11-27,B,305
2021-11-27,O,547
2021-11-28,A,310
2021-11-28,AB,78
2021-11-28,B,384
2021-11-28,O,561
2021-11-29,A,337
2021-11-29,AB,85
2021-11-29,B,389
2021-11-29,O,620
2021-11-30,A,321
2021-11-30,AB,77
2021-11-30,B,354
2021-11-30,O,634
2021-12-01,A,362
2021-12-01,AB,89
2021-12-01,B,384
2021-12-01,O,629
2021-12-02,A,377
2021-12-02,AB,73
2021-12-02,B,370
2021-12-02,O,597
2021-12-03,A,376
2021-12-03,AB,85
2021-12-03,B,936
2021-12-03,O,637
2021-12-04,A,317
2021-12-04,AB,76
2021-12-04,B,326
2021-12-04,O,540
2021-12-05,A,327
2021-12-05,AB,65
2021-12-05,B,345
2021-12-05,O,584
2021-12-06,A,377
2021-12-06,AB,98
2021-12-06,B,384
2021-12-06,O,647
2021-12-07,A,395
2021-12-07,AB,85
2021-12-07,B,351
2021-12-07,O,563
2021-12-08,A,343
2021-12-08,AB,80
2021-12-08,B,384
2021-12-08,O,595
2021-12-09,A,364
2021-12-09,AB,90
2021-12-09,B,372
2021-12-09,O,644
2021-12-10,A,340
2021-12-10,AB,67
2021-12-10,B,390
2021-12-10,O,564
2021-12-11,A,346
2021-12-11,AB,84
2021-12-11,B,361
2021-12-11,O,541
2021-12-12,A,390
2021-12-12,AB,90
2021-12-12,B,400
2021-12-12,O,582
2021-12-13,A,406
2021-12-13,AB,84
2021-12-13,B,375
2021-12-13,O,611
2021-12-14,A,347
2021-12-14,AB,88
2021-12-14,B,384
2021-12-14,O,586
2021-12-15,A,365
2021-12-15,AB,104
2021-12-15,B,388
2021-12-15,O,627
2021-12-16,A,368
2021-12-16,AB,93
2021-12-16,B,386
2021-12-16,O,564
2021-12-17,A,410
2021-12-17,AB,75
2021-12-17,B,413
2021-12-17,O,569
2021-12-18,A,337
2021-12-18,AB,76
2021-12-18,B,378
2021-12-18,O,563
2021-12-19,A,318
2021-12-19,AB,80
2021-12-19,B,343
2021-12-19,O,567
2021-12-20,A,364
2021-12-20,AB,75
2021-12-20,B,384
2021-12-20,O,592
2021-12-21,A,327
2021-12-21,AB,62
2021-12-21,B,384
2021-12-21,O,568
2021-12-22,A,326
2021-12-22,AB,80
2021-12-22,B,431
2021-12-22,O,589
2021-12-23,A,331
2021-12-23,AB,94
2021-12-23,B,327
2021-12-23,O,518
2021-12-24,A,343
2021-12-24,AB,70
2021-12-24,B,353
2021-12-24,O,597
2021-12-25,A,315
2021-12-25,AB,114
2021-12-25,B,362
2021-12-25,O,547
2021-12-26,A,340
2021-12-26,AB,74
2021-12-26,B,381
2021-12-26,O,545
2021-12-27,A,289
2021-12-27,AB,85
2021-12-27,B,398
2021-12-27,O,570
2021-12-28,A,311
2021-12-28,AB,95
2021-12-28,B,377
2021-12-28,O,549
2021-12-29,A,335
2021-12-29,AB,92
2021-12-29,B,364
2021-12-29,O,562
2021-12-30,A,303
2021-12-30,AB,74
2021-12-30,B,372
2021-12-30,O,578
2021-12-31,A,283
2021-12-31,AB,101
2021-12-31,B,409
2021-12-31,O,600
2022-01-01,A,269
2022-01-01,AB,84
2022-01-01,B,360
2022-01-01,O,521
2022-01-02,A,290
2022-01-02,AB,90
2022-01-02,B,359
2022-01-02,O,542
2022-01-03,A,295
2022-01-03,AB,71
2022-01-03,B,379
2022-01-03,O,611
2022-01-04,A,299
2022-01-04,AB,83
2022-01-04,B,417
2022-01-04,O,550
2022-01-05,A,309
2022-01-05,AB,70
2022-01-05,B,354
2022-01-05,O,549
2022-01-06,A,295
2022-01-06,AB,96
2022-01-06,B,417
2022-01-06,O,570
2022-01-07,A,298
2022-01-07,AB,82
2022-01-07,B,371
2022-01-07,O,570
2022-01-08,A,293
2022-01-08,AB,74
2022-01-08,B,740
2022-01-08,O,504
2022-01-09,A,252
2022-01-09,AB,62
2022-01-09,B,352
2022-01-09,O,598
2022-01-10,A,317
2022-01-10,AB,86
2022-01-10,B,393
2022-01-10,O,602
2022-01-11,A,293
2022-01-11,AB,69
2022-01-11,B,360
2022-01-11,O,593
2022-01-12,A,320
2022-01-12,AB,84
2022-01-12,B,350
2022-01-12,O,586
2022-01-13,A,320
2022-01-13,AB,85
2022-01-13,B,369
2022-01-13,O,606
2022-01-14,A,309
2022-01-14,AB,71
2022-01-14,B,394
2022-01-14,O,573
2022-01-15,A,254
2022-01-15,AB,55
2022-01-15,B,326
2022-01-15,O,501
2022-01-16,A,317
2022-01-16,AB,70
2022-01-16,B,384
2022-01-16,O,541
2022-01-17,A,313
2022-01-17,AB,65
2022-01-17,B,371
2022-01-17,O,591
2022-01-18,A,302
2022-01-18,AB,48
2022-01-18,B,371
2022-01-18,O,603
2022-01-19,A,282
2022-01-19,AB,57
2022-01-19,B,337
2022-01-19,O,609
2022-01-20,A,298
2022-01-20,AB,61
2022-01-20,B,379
2022-01-20,O,565
2022-01-21,A,286
2022-01-21,AB,57
2022-01-21,B,326
2022-01-21,O,559
2022-01-22,A,297
2022-01-22,AB,71
2022-01-22,B,343
2022-01-22,O,581
2022-01-23,A,317
2022-01-23,AB,66
2022-01-23,B,333
2022-01-23,O,580
2022-01-24,A,315
2022-01-24,AB,67
2022-01-24,B,362
2022-01-24,O,595
2022-01-25,A,302
2022-01-25,AB,77
2022-01-25,B,337
2022-01-25,O,634
2022-01-26,A,309
2022-01-26,AB,74
2022-01-26,B,350
2022-01-26,O,632
2022-01-27,A,267
2022-01-27,AB,67
2022-01-27,B,334
2022-01-27,O,631
2022-01-28,A,309
2022-01-28,AB,71
2022-01-28,B,340
2022-01-28,O,587
2022-01-29,A,286
2022-01-29,AB,60
2022-01-29,B,319
2022-01-29,O,523
2022-01-30,A,271
2022-01-30,AB,63
2022-01-30,B,300
2022-01-30,O,580
2022-01-31,A,297
2022-01-31,AB,208
2022-01-31,B,389
2022-01-31,O,577
2022-02-01,A,305
2022-02-01,AB,58
2022-02-01,B,354
2022-02-01,O,559
2022-02-02,A,332
2022-02-02,AB,63
2022-02-02,B,350
2022-02-02,O,563
2022-02-03,A,304
2022-02-03,AB,68
2022-02-03,B,311
2022-02-03,O,567
2022-02-04,A,313
2022-02-04,AB,70
2022-02-04,B,329
2022-02-04,O,501
2022-02-05,A,240
2022-02-05,AB,64
2022-02-05,B,316
2022-02-05,O,530
2022-02-06,A,294
2022-02-06,AB,57
2022-02-06,B,319
2022-02-06,O,562
2022-02-07,A,288
2022-02-07,AB,64
2022-02-07,B,360
2022-02-07,O,591
2022-02-08,A,300
2022-02-08,AB,52
2022-02-08,B,325
2022-02-08,O,545
2022-02-09,A,310
2022-02-09,AB,62
2022-02-09,B,839
2022-02-09,O,568
2022-02-10,A,292
2022-02-10,AB,70
2022-02-10,B,345
2022-02-10,O,572
2022-02-11,A,330
2022-02-11,AB,68
2022-02-11,B,343
2022-02-11,O,578
2022-02-12,A,270
2022-02-12,AB,65
2022-02-12,B,341
2022-02-12,O,525
2022-02-13,A,290
2022-02-13,AB,74
2022-02-13,B,364
2022-02-13,O,538
2022-02-14,A,297
2022-02-14,AB,81
2022-02-14,B,319
2022-02-14,O,591
2022-02-15,A,299
2022-02-15,AB,78
2022-02-15,B,343
2022-02-15,O,511
2022-02-16,A,290
2022-02-16,AB,77
2022-02-16,B,343
2022-02-16,O,544
2022-02-17,A,282
2022-02-17,AB,84
2022-02-17,B,348
2022-02-17,O,554
2022-02-18,A,301
2022-02-18,AB,76
2022-02-18,B,353
2022-02-18,O,526
2022-02-19,A,250
2022-02-19,AB,60
2022-02-19,B,314
2022-02-19,O,465
2022-02-20,A,250
2022-02-20,AB,69
2022-02-20,B,347
2022-02-20,O,526
2022-02-21,A,338
2022-02-21,AB,67
2022-02-21,B,318
2022-02-21,O,596
2022-02-22,A,308
2022-02-22,AB,62
2022-02-22,B,330
2022-02-22,O,547
2022-02-23,A,282
2022-02-23,AB,62
2022-02-23,B,325
2022-02-23,O,550
2022-02-24,A,289
2022-02-24,AB,60
2022-02-24,B,338
2022-02-24,O,535
2022-02-25,A,273
2022-02-25,AB,70
2022-02-25,B,335
2022-02-25,O,525
2022-02-26,A,284
2022-02-26,AB,54
2022-02-26,B,300
2022-02-26,O,481
2022-02-27,A,268
2022-02-27,AB,56
2022-02-27,B,306
2022-02-27,O,468
2022-02-28,A,285
2022-02-28,AB,89
2022-02-28,B,347
2022-02-28,O,539
2022-03-01,A,303
2022-03-01,AB,78
2022-03-01,B,285
2022-03-01,O,518
2022-03-02,A,295
2022-03-02,AB,79
2022-03-02,B,324
2022-03-02,O,529
2022-03-03,A,296
2022-03-03,AB,89
2022-03-03,B,353
2022-03-03,O,566
2022-03-04,A,517
2022-03-04,AB,62
2022-03-04,B,329
2022-03-04,O,549
2022-03-05,A,485
2022-03-05,AB,57
2022-03-05,B,277
2022-03-05,O,504
2022-03-06,A,487
2022-03-06,AB,72
2022-03-06,B,299
2022-03-06,O,562
2022-03-07,A,544
2022-03-07,AB,81
2022-03-07,B,311
2022-03-07,O,542
2022-03-08,A,514
2022-03-08,AB,67
2022-03-08,B,323
2022-03-08,O,511
2022-03-09,A,538
2022-03-09,AB,59
2022-03-09,B,317
2022-03-09,O,517
2022-03-10,A,529
2022-03-10,AB,88
2022-03-10,B,311
2022-03-10,O,580
2022-03-11,A,524
2022-03-11,AB,68
2022-03-11,B,324
2022-03-11,O,496
2022-03-12,A,487
2022-03-12,AB,57
2022-03-12,B,295
2022-03-12,O,448
2022-03-13,A,470
2022-03-13,AB,80
2022-03-13,B,290
2022-03-13,O,496
2022-03-14,A,267
2022-03-14,AB,72
2022-03-14,B,295
2022-03-14,O,537
2022-03-15,A,297
2022-03-15,AB,69
2022-03-15,B,307
2022-03-15,O,498
2022-03-16,A,302
2022-03-16,AB,71
2022-03-16,B,312
2022-03-16,O,479
2022-03-17,A,276
2022-03-17,AB,70
2022-03-17,B,342
2022-03-17,O,503
2022-03-18,A,283
2022-03-18,AB,183
2022-03-18,B,343
2022-03-18,O,535
2022-03-19,A,218
2022-03-19,AB,65
2022-03-19,B,273
2022-03-19,O,437
2022-03-20,A,244
2022-03-20,AB,59
2022-03-20,B,316
2022-03-20,O,496
2022-03-21,A,264
2022-03-21,AB,63
2022-03-21,B,355
2022-03-21,O,520
2022-03-22,A,287
2022-03-22,AB,62
2022-03-22,B,333
2022-03-22,O,505
2022-03-23,A,313
2022-03-23,AB,72
2022-03-23,B,363
2022-03-23,O,522
2022-03-24,A,273
2022-03-24,AB,55
2022-03-24,B,309
2022-03-24,O,581
2022-03-25,A,286
2022-03-25,AB,69
2022-03-25,B,356
2022-03-25,O,502
2022-03-26,A,268
2022-03-26,AB,58
2022-03-26,B,323
2022-03-26,O,482
2022-03-27,A,295
2022-03-27,AB,60
2022-03-27,B,346
2022-03-27,O,504
2022-03-28,A,317
2022-03-28,AB,83
2022-03-28,B,370
2022-03-28,O,569
2022-03-29,A,323
2022-03-29,AB,72
2022-03-29,B,379
2022-03-29,O,560
2022-03-30,A,306
2022-03-30,AB,71
2022-03-30,B,433
2022-03-30,O,542
2022-03-31,A,343
2022-03-31,AB,81
2022-03-31,B,382
2022-03-31,O,573
2022-04-01,A,299
2022-04-01,AB,90
2022-04-01,B,385
2022-04-01,O,617
2022-04-02,A,311
2022-04-02,AB,83
2022-04-02,B,332
2022-04-02,O,565
2022-04-03,A,342
2022-04-03,AB,76
2022-04-03,B,354
2022-04-03,O,531
2022-04-04,A,353
2022-04-04,AB,78
2022-04-04,B,370
2022-04-04,O,559
2022-04-05,A,340
2022-04-05,AB,68
2022-04-05,B,421
2022-04-05,O,581
2022-04-06,A,340
2022-04-06,AB,75
2022-04-06,B,405
2022-04-06,O,585
2022-04-07,A,333
2022-04-07,AB,80
2022-04-07,B,388
2022-04-07,O,581
2022-04-08,A,276
2022-04-08,AB,82
2022-04-08,B,397
2022-04-08,O,569
2022-04-09,A,291
2022-04-09,AB,66
2022-04-09,B,349
2022-04-09,O,507
2022-04-10,A,290
2022-04-10,AB,98
2022-04-10,B,369
2022-04-10,O,528
2022-04-11,A,345
2022-04-11,AB,85
2022-04-11,B,432
2022-04-11,O,600
2022-04-12,A,338
2022-04-12,AB,72
2022-04-12,B,394
2022-04-12,O,582
2022-04-13,A,272
2022-04-13,AB,81
2022-04-13,B,389
2022-04-13,O,544
2022-04-14,A,570
2022-04-14,AB,77
2022-04-14,B,376
2022-04-14,O,575
2022-04-15,A,301
2022-04-15,AB,64
2022-04-15,B,418
2022-04-15,O,552
2022-04-16,A,306
2022-04-16,AB,68
2022-04-16,B,336
2022-04-16,O,503
2022-04-17,A,297
2022-04-17,AB,64
2022-04-17,B,364
2022-04-17,O,497
2022-04-18,A,717
2022-04-18,AB,75
2022-04-18,B,381
2022-04-18,O,558
2022-04-19,A,318
2022-04-19,AB,69
2022-04-19,B,388
2022-04-19,O,544
2022-04-20,A,330
2022-04-20,AB,76
2022-04-20,B,371
2022-04-20,O,551
2022-04-21,A,302
2022-04-21,AB,77
2022-04-21,B,374
2022-04-21,O,568
2022-04-22,A,293
2022-04-22,AB,77
2022-04-22,B,356
2022-04-22,O,550
2022-04-23,A,287
2022-04-23,AB,69
2022-04-23,B,325
2022-04-23,O,546
2022-04-24,A,274
2022-04-24,AB,57
2022-04-24,B,333
2022-04-24,O,573
2022-04-25,A,322
2022-04-25,AB,61
2022-04-25,B,355
2022-04-25,O,599
2022-04-26,A,328
2022-04-26,AB,61
2022-04-26,B,346
2022-04-26,O,574
2022-04-27,A,300
2022-04-27,AB,61
2022-04-27,B,352
2022-04-27,O,570
2022-04-28,A,297
2022-04-28,AB,149
2022-04-28,B,313
2022-04-28,O,513
2022-04-29,A,267
2022-04-29,AB,55
2022-04-29,B,725
2022-04-29,O,547
2022-04-30,A,250
2022-04-30,AB,56
2022-04-30,B,322
2022-04-30,O,452
2022-05-01,A,271
2022-05-01,AB,57
2022-05-01,B,297
2022-05-01,O,434
2022-05-02,A,279
2022-05-02,AB,61
2022-05-02,B,316
2022-05-02,O,527
2022-05-03,A,226
2022-05-03,AB,50
2022-05-03,B,280
2022-05-03,O,482
2022-05-04,A,252
2022-05-04,AB,52
2022-05-04,B,272
2022-05-04,O,465
2022-05-05,A,241
2022-05-05,AB,54
2022-05-05,B,275
2022-05-05,O,437
2022-05-06,A,254
2022-05-06,AB,67
2022-05-06,B,309
2022-05-06,O,484
2022-05-07,A,211
2022-05-07,AB,47
2022-05-07,B,234
2022-05-07,O,456
2022-05-08,A,253
2022-05-08,AB,61
2022-05-08,B,269
2022-05-08,O,504
2022-05-09,A,294
2022-05-09,AB,64
2022-05-09,B,302
2022-05-09,O,488
2022-05-10,A,243
2022-05-10,AB,58
2022-05-10,B,261
2022-05-10,O,507
2022-05-11,A,243
2022-05-11,AB,54
2022-05-11,B,264
2022-05-11,O,526
2022-05-12,A,267
2022-05-12,AB,72
2022-05-12,B,294
2022-05-12,O,531
2022-05-13,A,253
2022-05-13,AB,62
2022-05-13,B,801
2022-05-13,O,526
2022-05-14,A,237
2022-05-14,AB,57
2022-05-14,B,260
2022-05-14,O,487
2022-05-15,A,249
2022-05-15,AB,63
2022-05-15,B,261
2022-05-15,O,539
2022-05-16,A,260
2022-05-16,AB,57
2022-05-16,B,322
2022-05-16,O,586
2022-05-17,A,254
2022-05-17,AB,59
2022-05-17,B,285
2022-05-17,O,544
2022-05-18,A,289
2022-05-18,AB,62
2022-05-18,B,292
2022-05-18,O,559
2022-05-19,A,262
2022-05-19,AB,70
2022-05-19,B,316
2022-05-19,O,561
2022-05-20,A,293
2022-05-20,AB,61
2022-05-20,B,322
2022-05-20,O,563
2022-05-21,A,266
2022-05-21,AB,50
2022-05-21,B,291
2022-05-21,O,552
2022-05-22,A,293
2022-05-22,AB,65
2022-05-22,B,331
2022-05-22,O,543
2022-05-23,A,320
2022-05-23,AB,80
2022-05-23,B,346
2022-05-23,O,592
2022-05-24,A,304
2022-05-24,AB,66
2022-05-24,B,323
2022-05-24,O,605
2022-05-25,A,333
2022-05-25,AB,71
2022-05-25,B,344
2022-05-25,O,676
2022-05-26,A,334
2022-05-26,AB,92
2022-05-26,B,336
2022-05-26,O,632
2022-05-27,A,335
2022-05-27,AB,87
2022-05-27,B,343
2022-05-27,O,617
2022-05-28,A,300
2022-05-28,AB,86
2022-05-28,B,309
2022-05-28,O,563
2022-05-29,A,305
2022-05-29,AB,68
2022-05-29,B,318
2022-05-29,O,1482
2022-05-30,A,328
2022-05-30,AB,74
2022-05-30,B,378
2022-05-30,O,698
2022-05-31,A,337
2022-05-31,AB,72
2022-05-31,B,360
2022-05-31,O,711
2022-06-01,A,333
2022-06-01,AB,87
2022-06-01,B,348
2022-06-01,O,750
2022-06-02,A,367
2022-06-02,AB,78
2022-06-02,B,394
2022-06-02,O,698
2022-06-03,A,351
2022-06-03,AB,61
2022-06-03,B,412
2022-06-03,O,728
2022-06-04,A,336
2022-06-04,AB,88
2022-06-04,B,347
2022-06-04,O,770
2022-06-05,A,342
2022-06-05,AB,76
2022-06-05,B,406
2022-06-05,O,728
2022-06-06,A,394
2022-06-06,AB,83
2022-06-06,B,400
2022-06-06,O,794
2022-06-07,A,367
2022-06-07,AB,88
2022-06-07,B,401
2022-06-07,O,775
2022-06-08,A,385
2022-06-08,AB,80
2022-06-08,B,743
2022-06-08,O,790
2022-06-09,A,365
2022-06-09,AB,80
2022-06-09,B,437
2022-06-09,O,1295
2022-06-10,A,380
2022-06-10,AB,86
2022-06-10,B,388
2022-06-10,O,767
2022-06-11,A,320
2022-06-11,AB,72
2022-06-11,B,377
2022-06-11,O,677
2022-06-12,A,399
2022-06-12,AB,82
2022-06-12,B,351
2022-06-12,O,735
2022-06-13,A,384
2022-06-13,AB,91
2022-06-13,B,391
2022-06-13,O,791
2022-06-14,A,401
2022-06-14,AB,81
2022-06-14,B,404
2022-06-14,O,746
2022-06-15,A,383
2022-06-15,AB,97
2022-06-15,B,419
2022-06-15,O,771
2022-06-16,A,387
2022-06-16,AB,84
2022-06-16,B,419
2022-06-16,O,722
2022-06-17,A,384
2022-06-17,AB,102
2022-06-17,B,421
2022-06-17,O,710
2022-06-18,A,367
2022-06-18,AB,72
2022-06-18,B,395
2022-06-18,O,630
2022-06-19,A,376
2022-06-19,AB,76
2022-06-19,B,356
2022-06-19,O,757
2022-06-20,A,418
2022-06-20,AB,78
2022-06-20,B,400
2022-06-20,O,784
2022-06-21,A,392
2022-06-21,AB,86
2022-06-21,B,438
2022-06-21,O,753
2022-06-22,A,359
2022-06-22,AB,100
2022-06-22,B,406
2022-06-22,O,712
2022-06-23,A,405
2022-06-23,AB,65
2022-06-23,B,406
2022-06-23,O,728
2022-06-24,A,357
2022-06-24,AB,101
2022-06-24,B,462
2022-06-24,O,740
2022-06-25,A,347
2022-06-25,AB,75
2022-06-25,B,375
2022-06-25,O,659
2022-06-26,A,360
2022-06-26,AB,95
2022-06-26,B,413
2022-06-26,O,729
2022-06-27,A,346
2022-06-27,AB,88
2022-06-27,B,441
2022-06-27,O,772
2022-06-28,A,415
2022-06-28,AB,81
2022-06-28,B,420
2022-06-28,O,786
2022-06-29,A,367
2022-06-29,AB,81
2022-06-29,B,435
2022-06-29,O,754
2022-06-30,A,402
2022-06-30,AB,80
2022-06-30,B,467
2022-06-30,O,805
2022-07-01,A,402
2022-07-01,AB,91
2022-07-01,B,439
2022-07-01,O,791
2022-07-02,A,381
2022-07-02,AB,78
2022-07-02,B,364
2022-07-02,O,739
2022-07-03,A,402
2022-07-03,AB,87
2022-07-03,B,385
2022-07-03,O,747
2022-07-04,A,372
2022-07-04,AB,87
2022-07-04,B,417
2022-07-04,O,801
2022-07-05,A,339
2022-07-05,AB,83
2022-07-05,B,382
2022-07-05,O,775
2022-07-06,A,389
2022-07-06,AB,87
2022-07-06,B,412
2022-07-06,O,720
2022-07-07,A,398
2022-07-07,AB,87
2022-07-07,B,417
2022-07-07,O,780
2022-07-08,A,347
2022-07-08,AB,90
2022-07-08,B,423
2022-07-08,O,823
2022-07-09,A,326
2022-07-09,AB,67
2022-07-09,B,349
2022-07-09,O,695
2022-07-10,A,341
2022-07-10,AB,83
2022-07-10,B,367
2022-07-10,O,678
2022-07-11,A,390
2022-07-11,AB,98
2022-07-11,B,415
2022-07-11,O,714
2022-07-12,A,340
2022-07-12,AB,76
2022-07-12,B,373
2022-07-12,O,743
2022-07-13,A,363
2022-07-13,AB,70
2022-07-13,B,375
2022-07-13,O,693
2022-07-14,A,339
2022-07-14,AB,82
2022-07-14,B,354
2022-07-14,O,606
2022-07-15,A,315
2022-07-15,AB,68
2022-07-15,B,380
2022-07-15,O,651
2022-07-16,A,322
2022-07-16,AB,54
2022-07-16,B,348
2022-07-16,O,597
2022-07-17,A,296
2022-07-17,AB,61
2022-07-17,B,357
2022-07-17,O,630
2022-07-18,A,341
2022-07-18,AB,68
2022-07-18,B,358
2022-07-18,O,660
2022-07-19,A,358
2022-07-19,AB,67
2022-07-19,B,381
2022-07-19,O,649
2022-07-20,A,331
2022-07-20,AB,63
2022-07-20,B,379
2022-07-20,O,663
2022-07-21,A,321
2022-07-21,AB,66
2022-07-21,B,390
2022-07-21,O,652
2022-07-22,A,333
2022-07-22,AB,51
2022-07-22,B,376
2022-07-22,O,684
2022-07-23,A,317
2022-07-23,AB,58
2022-07-23,B,319
2022-07-23,O,592
2022-07-24,A,345
2022-07-24,AB,56
2022-07-24,B,359
2022-07-24,O,686
2022-07-25,A,347
2022-07-25,AB,63
2022-07-25,B,399
2022-07-25,O,724
2022-07-26,A,304
2022-07-26,AB,62
2022-07-26,B,344
2022-07-26,O,646
2022-07-27,A,335
2022-07-27,AB,67
2022-07-27,B,322
2022-07-27,O,676
2022-07-28,A,349
2022-07-28,AB,58
2022-07-28,B,402
2022-07-28,O,1496
2022-07-29,A,355
2022-07-29,AB,54
2022-07-29,B,401
2022-07-29,O,608
2022-07-30,A,335
2022-07-30,AB,58
2022-07-30,B,341
2022-07-30,O,648
2022-07-31,A,310
2022-07-31,AB,64
2022-07-31,B,365
2022-07-31,O,622
2022-08-01,A,360
2022-08-01,AB,70
2022-08-01,B,386
2022-08-01,O,678
2022-08-02,A,363
2022-08-02,AB,73
2022-08-02,B,344
2022-08-02,O,713
2022-08-03,A,276
2022-08-03,AB,77
2022-08-03,B,364
2022-08-03,O,665
2022-08-04,A,339
2022-08-04,AB,77
2022-08-04,B,343
2022-08-04,O,694
2022-08-05,A,304
2022-08-05,AB,63
2022-08-05,B,952
2022-08-05,O,631
2022-08-06,A,290
2022-08-06,AB,69
2022-08-06,B,311
2022-08-06,O,601
2022-08-07,A,319
2022-08-07,AB,71
2022-08-07,B,356
2022-08-07,O,629
2022-08-08,A,340
2022-08-08,AB,62
2022-08-08,B,391
2022-08-08,O,755
2022-08-09,A,977
2022-08-09,AB,82
2022-08-09,B,334
2022-08-09,O,725
2022-08-10,A,389
2022-08-10,AB,86
2022-08-10,B,387
2022-08-10,O,700
2022-08-11,A,340
2022-08-11,AB,74
2022-08-11,B,365
2022-08-11,O,692
2022-08-12,A,404
2022-08-12,AB,90
2022-08-12,B,332
2022-08-12,O,746
2022-08-13,A,341
2022-08-13,AB,68
2022-08-13,B,366
2022-08-13,O,686
2022-08-14,A,366
2022-08-14,AB,74
2022-08-14,B,346
2022-08-14,O,701
2022-08-15,A,356
2022-08-15,AB,86
2022-08-15,B,422
2022-08-15,O,714
2022-08-16,A,352
2022-08-16,AB,76
2022-08-16,B,355
2022-08-16,O,673
2022-08-17,A,320
2022-08-17,AB,83
2022-08-17,B,324
2022-08-17,O,701
2022-08-18,A,353
2022-08-18,AB,77
2022-08-18,B,369
2022-08-18,O,742
2022-08-19,A,330
2022-08-19,AB,80
2022-08-19,B,368
2022-08-19,O,727
2022-08-20,A,307
2022-08-20,AB,68
2022-08-20,B,305
2022-08-20,O,670
2022-08-21,A,334
2022-08-21,AB,82
2022-08-21,B,325
2022-08-21,O,674
2022-08-22,A,324
2022-08-22,AB,89
2022-08-22,B,369
2022-08-22,O,722
2022-08-23,A,294
2022-08-23,AB,74
2022-08-23,B,388
2022-08-23,O,702
2022-08-24,A,323
2022-08-24,AB,94
2022-08-24,B,374
2022-08-24,O,720
2022-08-25,A,339
2022-08-25,AB,107
2022-08-25,B,376
2022-08-25,O,674
2022-08-26,A,363
2022-08-26,AB,82
2022-08-26,B,354
2022-08-26,O,717
2022-08-27,A,296
2022-08-27,AB,63
2022-08-27,B,329
2022-08-27,O,655
2022-08-28,A,349
2022-08-28,AB,68
2022-08-28,B,367
2022-08-28,O,673
2022-08-29,A,353
2022-08-29,AB,75
2022-08-29,B,400
2022-08-29,O,1334
2022-08-30,A,364
2022-08-30,AB,70
2022-08-30,B,373
2022-08-30,O,702
2022-08-31,A,386
2022-08-31,AB,93
2022-08-31,B,371
2022-08-31,O,727
2022-09-01,A,405
2022-09-01,AB,89
2022-09-01,B,408
2022-09-01,O,729
2022-09-02,A,321
2022-09-02,AB,80
2022-09-02,B,415
2022-09-02,O,1238
2022-09-03,A,363
2022-09-03,AB,62
2022-09-03,B,346
2022-09-03,O,676
2022-09-04,A,394
2022-09-04,AB,75
2022-09-04,B,379
2022-09-04,O,681
2022-09-05,A,420
2022-09-05,AB,85
2022-09-05,B,411
2022-09-05,O,761
2022-09-06,A,390
2022-09-06,AB,90
2022-09-06,B,389
2022-09-06,O,715
2022-09-07,A,393
2022-09-07,AB,78
2022-09-07,B,385
2022-09-07,O,669
2022-09-08,A,342
2022-09-08,AB,86
2022-09-08,B,409
2022-09-08,O,766
2022-09-09,A,398
2022-09-09,AB,80
2022-09-09,B,407
2022-09-09,O,713
2022-09-10,A,332
2022-09-10,AB,67
2022-09-10,B,354
2022-09-10,O,708
2022-09-11,A,338
2022-09-11,AB,75
2022-09-11,B,386
2022-09-11,O,717
2022-09-12,A,412
2022-09-12,AB,71
2022-09-12,B,425
2022-09-12,O,792
2022-09-13,A,395
2022-09-13,AB,81
2022-09-13,B,380
2022-09-13,O,697
2022-09-14,A,417
2022-09-14,AB,78
2022-09-14,B,368
2022-09-14,O,691
2022-09-15,A,406
2022-09-15,AB,66
2022-09-15,B,389
2022-09-15,O,684
2022-09-16,A,441
2022-09-16,AB,83
2022-09-16,B,434
2022-09-16,O,796
2022-09-17,A,375
2022-09-17,AB,84
2022-09-17,B,403
2022-09-17,O,714
2022-09-18,A,354
2022-09-18,AB,76
2022-09-18,B,421
2022-09-18,O,756
2022-09-19,A,434
2022-09-19,AB,72
2022-09-19,B,425
2022-09-19,O,782
2022-09-20,A,431
2022-09-20,AB,66
2022-09-20,B,431
2022-09-20,O,746
2022-09-21,A,402
2022-09-21,AB,81
2022-09-21,B,441
2022-09-21,O,758
2022-09-22,A,430
2022-09-22,AB,105
2022-09-22,B,426
2022-09-22,O,771
2022-09-23,A,415
2022-09-23,AB,81
2022-09-23,B,400
2022-09-23,O,731
2022-09-24,A,349
2022-09-24,AB,87
2022-09-24,B,379
2022-09-24,O,743
2022-09-25,A,381
2022-09-25,AB,90
2022-09-25,B,390
2022-09-25,O,723
2022-09-26,A,425
2022-09-26,AB,99
2022-09-26,B,434
2022-09-26,O,753
2022-09-27,A,362
2022-09-27,AB,96
2022-09-27,B,434
2022-09-27,O,760
2022-09-28,A,402
2022-09-28,AB,101
2022-09-28,B,430
2022-09-28,O,739
2022-09-29,A,390
2022-09-29,AB,84
2022-09-29,B,379
2022-09-29,O,736
2022-09-30,A,384
2022-09-30,AB,90
2022-09-30,B,403
2022-09-30,O,701
2022-10-01,A,356
2022-10-01,AB,86
2022-10-01,B,359
2022-10-01,O,653
2022-10-02,A,409
2022-10-02,AB,85
2022-10-02,B,390
2022-10-02,O,751
2022-10-03,A,386
2022-10-03,AB,104
2022-10-03,B,436
2022-10-03,O,736
2022-10-04,A,375
2022-10-04,AB,104
2022-10-04,B,408
2022-10-04,O,760
2022-10-05,A,385
2022-10-05,AB,84
2022-10-05,B,423
2022-10-05,O,740
2022-10-06,A,410
2022-10-06,AB,109
2022-10-06,B,401
2022-10-06,O,760
2022-10-07,A,401
2022-10-07,AB,87
2022-10-07,B,430
2022-10-07,O,776
2022-10-08,A,406
2022-10-08,AB,101
2022-10-08,B,414
2022-10-08,O,731
2022-10-09,A,381
2022-10-09,AB,78
2022-10-09,B,411
2022-10-09,O,756
2022-10-10,A,448
2022-10-10,AB,93
2022-10-10,B,395
2022-10-10,O,792
2022-10-11,A,411
2022-10-11,AB,80
2022-10-11,B,456
2022-10-11,O,757
2022-10-12,A,459
2022-10-12,AB,94
2022-10-12,B,423
2022-10-12,O,721
2022-10-13,A,391
2022-10-13,AB,107
2022-10-13,B,455
2022-10-13,O,757
2022-10-14,A,410
2022-10-14,AB,102
2022-10-14,B,427
2022-10-14,O,734
2022-10-15,A,360
2022-10-15,AB,98
2022-10-15,B,394
2022-10-15,O,703
2022-10-16,A,368
2022-10-16,AB,85
2022-10-16,B,364
2022-10-16,O,747
2022-10-17,A,452
2022-10-17,AB,112
2022-10-17,B,419
2022-10-17,O,737
2022-10-18,A,421
2022-10-18,AB,94
2022-10-18,B,392
2022-10-18,O,761
2022-10-19,A,440
2022-10-19,AB,125
2022-10-19,B,409
2022-10-19,O,756
2022-10-20,A,434
2022-10-20,AB,85
2022-10-20,B,400
2022-10-20,O,758
2022-10-21,A,419
2022-10-21,AB,91
2022-10-21,B,418
2022-10-21,O,774
2022-10-22,A,389
2022-10-22,AB,77
2022-10-22,B,380
2022-10-22,O,711
2022-10-23,A,395
2022-10-23,AB,100
2022-10-23,B,381
2022-10-23,O,702
2022-10-24,A,402
2022-10-24,AB,105
2022-10-24,B,423
2022-10-24,O,757
2022-10-25,A,409
2022-10-25,AB,101
2022-10-25,B,383
2022-10-25,O,791
2022-10-26,A,462
2022-10-26,AB,96
2022-10-26,B,367
2022-10-26,O,802
2022-10-27,A,436
2022-10-27,AB,117
2022-10-27,B,384
2022-10-27,O,764
2022-10-28,A,417
2022-10-28,AB,102
2022-10-28,B,379
2022-10-28,O,747
2022-10-29,A,405
2022-10-29,AB,107
2022-10-29,B,328
2022-10-29,O,657
2022-10-30,A,407
2022-10-30,AB,89
2022-10-30,B,380
2022-10-30,O,728
2022-10-31,A,449
2022-10-31,AB,107
2022-10-31,B,422
2022-10-31,O,801
2022-11-01,A,446
2022-11-01,AB,99
2022-11-01,B,376
2022-11-01,O,650
2022-11-02,A,435
2022-11-02,AB,112
2022-11-02,B,383
2022-11-02,O,724
2022-11-03,A,454
2022-11-03,AB,74
2022-11-03,B,392
2022-11-03,O,706
2022-11-04,A,458
2022-11-04,AB,81
2022-11-04,B,373
2022-11-04,O,759
2022-11-05,A,413
2022-11-05,AB,90
2022-11-05,B,344
2022-11-05,O,678
2022-11-06,A,423
2022-11-06,AB,102
2022-11-06,B,334
2022-11-06,O,633
2022-11-07,A,478
2022-11-07,AB,98
2022-11-07,B,369
2022-11-07,O,695
2022-11-08,A,448
2022-11-08,AB,92
2022-11-08,B,396
2022-11-08,O,715
2022-11-09,A,417
2022-11-09,AB,97
2022-11-09,B,405
2022-11-09,O,681
2022-11-10,A,438
2022-11-10,AB,86
2022-11-10,B,371
2022-11-10,O,691
2022-11-11,A,417
2022-11-11,AB,78
2022-11-11,B,395
2022-11-11,O,714
2022-11-12,A,416
2022-11-12,AB,90
2022-11-12,B,383
2022-11-12,O,703
2022-11-13,A,465
2022-11-13,AB,84
2022-11-13,B,389
2022-11-13,O,685
2022-11-14,A,426
2022-11-14,AB,84
2022-11-14,B,414
2022-11-14,O,729
2022-11-15,A,454
2022-11-15,AB,89
2022-11-15,B,393
2022-11-15,O,711
2022-11-16,A,423
2022-11-16,AB,98
2022-11-16,B,428
2022-11-16,O,674
2022-11-17,A,428
2022-11-17,AB,96
2022-11-17,B,337
2022-11-17,O,1460
2022-11-18,A,411
2022-11-18,AB,92
2022-11-18,B,397
2022-11-18,O,706
2022-11-19,A,354
2022-11-19,AB,89
2022-11-19,B,298
2022-11-19,O,636
2022-11-20,A,417
2022-11-20,AB,84
2022-11-20,B,298
2022-11-20,O,670
2022-11-21,A,415
2022-11-21,AB,83
2022-11-21,B,355
2022-11-21,O,725
2022-11-22,A,401
2022-11-22,AB,89
2022-11-22,B,329
2022-11-22,O,658
2022-11-23,A,375
2022-11-23,AB,74
2022-11-23,B,313
2022-11-23,O,668
2022-11-24,A,382
2022-11-24,AB,82
2022-11-24,B,302
2022-11-24,O,636
2022-11-25,A,384
2022-11-25,AB,105
2022-11-25,B,340
2022-11-25,O,675
2022-11-26,A,340
2022-11-26,AB,96
2022-11-26,B,279
2022-11-26,O,639
2022-11-27,A,372
2022-11-27,AB,89
2022-11-27,B,302
2022-11-27,O,630
2022-11-28,A,364
2022-11-28,AB,84
2022-11-28,B,375
2022-11-28,O,651
2022-11-29,A,369
2022-11-29,AB,98
2022-11-29,B,305
2022-11-29,O,590
2022-11-30,A,419
2022-11-30,AB,107
2022-11-30,B,304
2022-11-30,O,692
2022-12-01,A,394
2022-12-01,AB,107
2022-12-01,B,314
2022-12-01,O,686
2022-12-02,A,389
2022-12-02,AB,99
2022-12-02,B,348
2022-12-02,O,677
2022-12-03,A,348
2022-12-03,AB,79
2022-12-03,B,276
2022-12-03,O,613
2022-12-04,A,362
2022-12-04,AB,83
2022-12-04,B,339
2022-12-04,O,671
2022-12-05,A,356
2022-12-05,AB,114
2022-12-05,B,350
2022-12-05,O,745
2022-12-06,A,369
2022-12-06,AB,104
2022-12-06,B,332
2022-12-06,O,724
2022-12-07,A,354
2022-12-07,AB,102
2022-12-07,B,378
2022-12-07,O,676
2022-12-08,A,380
2022-12-08,AB,104
2022-12-08,B,346
2022-12-08,O,697
2022-12-09,A,397
2022-12-09,AB,105
2022-12-09,B,350
2022-12-09,O,668
2022-12-10,A,352
2022-12-10,AB,99
2022-12-10,B,299
2022-12-10,O,601
2022-12-11,A,337
2022-12-11,AB,106
2022-12-11,B,340
2022-12-11,O,601
2022-12-12,A,388
2022-12-12,AB,101
2022-12-12,B,351
2022-12-12,O,658
2022-12-13,A,359
2022-12-13,AB,96
2022-12-13,B,349
2022-12-13,O,653
2022-12-14,A,405
2022-12-14,AB,90
2022-12-14,B,353
2022-12-14,O,619
2022-12-15,A,364
2022-12-15,AB,87
2022-12-15,B,328
2022-12-15,O,698
2022-12-16,A,343
2022-12-16,AB,110
2022-12-16,B,385
2022-12-16,O,650
2022-12-17,A,324
2022-12-17,AB,93
2022-12-17,B,338
2022-12-17,O,619
2022-12-18,A,383
2022-12-18,AB,105
2022-12-18,B,337
2022-12-18,O,645
2022-12-19,A,415
2022-12-19,AB,122
2022-12-19,B,373
2022-12-19,O,696
2022-12-20,A,412
2022-12-20,AB,95
2022-12-20,B,374
2022-12-20,O,671
2022-12-21,A,383
2022-12-21,AB,95
2022-12-21,B,336
2022-12-21,O,732
2022-12-22,A,412
2022-12-22,AB,127
2022-12-22,B,430
2022-12-22,O,698
2022-12-23,A,421
2022-12-23,AB,93
2022-12-23,B,407
2022-12-23,O,707
2022-12-24,A,359
2022-12-24,AB,95
2022-12-24,B,335
2022-12-24,O,609
2022-12-25,A,364
2022-12-25,AB,85
2022-12-25,B,368
2022-12-25,O,618
2022-12-26,A,411
2022-12-26,AB,111
2022-12-26,B,432
2022-12-26,O,655
2022-12-27,A,400
2022-12-27,AB,88
2022-12-27,B,405
2022-12-27,O,617
2022-12-28,A,391
2022-12-28,AB,90
2022-12-28,B,386
2022-12-28,O,684
2022-12-29,A,395
2022-12-29,AB,93
2022-12-29,B,440
2022-12-29,O,602
2022-12-30,A,349
2022-12-30,AB,94
2022-12-30,B,446
2022-12-30,O,651
2022-12-31,A,344
2022-12-31,AB,81
2022-12-31,B,389
2022-12-31,O,609
2023-01-01,A,341
2023-01-01,AB,81
2023-01-01,B,443
2023-01-01,O,616
2023-01-02,A,372
2023-01-02,AB,86
2023-01-02,B,421
2023-01-02,O,668
2023-01-03,A,389
2023-01-03,AB,92
2023-01-03,B,411
2023-01-03,O,676
2023-01-04,A,369
2023-01-04,AB,86
2023-01-04,B,396
2023-01-04,O,648
2023-01-05,A,376
2023-01-05,AB,79
2023-01-05,B,405
2023-01-05,O,694
2023-01-06,A,385
2023-01-06,AB,92
2023-01-06,B,404
2023-01-06,O,665
2023-01-07,A,334
2023-01-07,AB,71
2023-01-07,B,344
2023-01-07,O,645
2023-01-08,A,388
2023-01-08,AB,77
2023-01-08,B,382
2023-01-08,O,654
2023-01-09,A,383
2023-01-09,AB,77
2023-01-09,B,401
2023-01-09,O,675
2023-01-10,A,367
2023-01-10,AB,97
2023-01-10,B,413
2023-01-10,O,642
2023-01-11,A,379
2023-01-11,AB,72
2023-01-11,B,414
2023-01-11,O,623
2023-01-12,A,428
2023-01-12,AB,70
2023-01-12,B,399
2023-01-12,O,661
2023-01-13,A,360
2023-01-13,AB,60
2023-01-13,B,377
2023-01-13,O,623
2023-01-14,A,358
2023-01-14,AB,79
2023-01-14,B,357
2023-01-14,O,573
2023-01-15,A,375
2023-01-15,AB,75
2023-01-15,B,399
2023-01-15,O,594
2023-01-16,A,361
2023-01-16,AB,84
2023-01-16,B,393
2023-01-16,O,613
2023-01-17,A,340
2023-01-17,AB,82
2023-01-17,B,382
2023-01-17,O,656
2023-01-18,A,381
2023-01-18,AB,86
2023-01-18,B,430
2023-01-18,O,643
2023-01-19,A,367
2023-01-19,AB,73
2023-01-19,B,425
2023-01-19,O,637
2023-01-20,A,369
2023-01-20,AB,66
2023-01-20,B,405
2023-01-20,O,614
2023-01-21,A,356
2023-01-21,AB,54
2023-01-21,B,371
2023-01-21,O,567
2023-01-22,A,350
2023-01-22,AB,62
2023-01-22,B,359
2023-01-22,O,564
2023-01-23,A,409
2023-01-23,AB,68
2023-01-23,B,426
2023-01-23,O,646
2023-01-24,A,349
2023-01-24,AB,73
2023-01-24,B,364
2023-01-24,O,592
2023-01-25,A,330
2023-01-25,AB,70
2023-01-25,B,346
2023-01-25,O,586
2023-01-26,A,374
2023-01-26,AB,62
2023-01-26,B,357
2023-01-26,O,594
2023-01-27,A,378
2023-01-27,AB,72
2023-01-27,B,381
2023-01-27,O,590
2023-01-28,A,339
2023-01-28,AB,61
2023-01-28,B,362
2023-01-28,O,582
2023-01-29,A,339
2023-01-29,AB,59
2023-01-29,B,350
2023-01-29,O,548
2023-01-30,A,339
2023-01-30,AB,68
2023-01-30,B,392
2023-01-30,O,580
2023-01-31,A,343
2023-01-31,AB,71
2023-01-31,B,386
2023-01-31,O,539
2023-02-01,A,336
2023-02-01,AB,71
2023-02-01,B,362
2023-02-01,O,555
2023-02-02,A,364
2023-02-02,AB,76
2023-02-02,B,411
2023-02-02,O,578
2023-02-03,A,314
2023-02-03,AB,72
2023-02-03,B,392
2023-02-03,O,570
2023-02-04,A,311
2023-02-04,AB,66
2023-02-04,B,325
2023-02-04,O,515
2023-02-05,A,326
2023-02-05,AB,84
2023-02-05,B,346
2023-02-05,O,539
2023-02-06,A,334
2023-02-06,AB,73
2023-02-06,B,469
2023-02-06,O,606
2023-02-07,A,308
2023-02-07,AB,90
2023-02-07,B,417
2023-02-07,O,588
2023-02-08,A,317
2023-02-08,AB,63
2023-02-08,B,398
2023-02-08,O,594
2023-02-09,A,351
2023-02-09,AB,70
2023-02-09,B,394
2023-02-09,O,603
2023-02-10,A,331
2023-02-10,AB,80
2023-02-10,B,392
2023-02-10,O,590
2023-02-11,A,281
2023-02-11,AB,85
2023-02-11,B,374
2023-02-11,O,560
2023-02-12,A,322
2023-02-12,AB,59
2023-02-12,B,367
2023-02-12,O,628
2023-02-13,A,322
2023-02-13,AB,86
2023-02-13,B,406
2023-02-13,O,595
2023-02-14,A,315
2023-02-14,AB,74
2023-02-14,B,330
2023-02-14,O,642
2023-02-15,A,299
2023-02-15,AB,65
2023-02-15,B,405
2023-02-15,O,604
2023-02-16,A,351
2023-02-16,AB,78
2023-02-16,B,412
2023-02-16,O,610
2023-02-17,A,316
2023-02-17,AB,63
2023-02-17,B,398
2023-02-17,O,662
2023-02-18,A,319
2023-02-18,AB,68
2023-02-18,B,331
2023-02-18,O,571
2023-02-19,A,338
2023-02-19,AB,77
2023-02-19,B,336
2023-02-19,O,622
2023-02-20,A,361
2023-02-20,AB,73
2023-02-20,B,407
2023-02-20,O,651
2023-02-21,A,361
2023-02-21,AB,76
2023-02-21,B,405
2023-02-21,O,687
2023-02-22,A,368
2023-02-22,AB,78
2023-02-22,B,373
2023-02-22,O,717
2023-02-23,A,392
2023-02-23,AB,80
2023-02-23,B,398
2023-02-23,O,653
2023-02-24,A,328
2023-02-24,AB,83
2023-02-24,B,389
2023-02-24,O,635
2023-02-25,A,283
2023-02-25,AB,77
2023-02-25,B,374
2023-02-25,O,611
2023-02-26,A,345
2023-02-26,AB,75
2023-02-26,B,338
2023-02-26,O,622
2023-02-27,A,380
2023-02-27,AB,82
2023-02-27,B,401
2023-02-27,O,716
2023-02-28,A,365
2023-02-28,AB,82
2023-02-28,B,391
2023-02-28,O,730
2023-03-01,A,362
2023-03-01,AB,115
2023-03-01,B,364
2023-03-01,O,723
2023-03-02,A,390
2023-03-02,AB,86
2023-03-02,B,365
2023-03-02,O,741
2023-03-03,A,378
2023-03-03,AB,88
2023-03-03,B,377
2023-03-03,O,682
2023-03-04,A,340
2023-03-04,AB,85
2023-03-04,B,347
2023-03-04,O,658
2023-03-05,A,349
2023-03-05,AB,90
2023-03-05,B,352
2023-03-05,O,718
2023-03-06,A,362
2023-03-06,AB,83
2023-03-06,B,387
2023-03-06,O,684
2023-03-07,A,379
2023-03-07,AB,81
2023-03-07,B,390
2023-03-07,O,685
2023-03-08,A,370
2023-03-08,AB,224
2023-03-08,B,400
2023-03-08,O,712
2023-03-09,A,354
2023-03-09,AB,89
2023-03-09,B,394
2023-03-09,O,697
2023-03-10,A,332
2023-03-10,AB,86
2023-03-10,B,410
2023-03-10,O,635
2023-03-11,A,307
2023-03-11,AB,79
2023-03-11,B,411
2023-03-11,O,678
2023-03-12,A,311
2023-03-12,AB,89
2023-03-12,B,403
2023-03-12,O,667
2023-03-13,A,351
2023-03-13,AB,99
2023-03-13,B,406
2023-03-13,O,745
2023-03-14,A,341
2023-03-14,AB,83
2023-03-14,B,1024
2023-03-14,O,741
2023-03-15,A,367
2023-03-15,AB,97
2023-03-15,B,427
2023-03-15,O,763
2023-03-16,A,360
2023-03-16,AB,91
2023-03-16,B,412
2023-03-16,O,729
2023-03-17,A,365
2023-03-17,AB,90
2023-03-17,B,429
2023-03-17,O,753
2023-03-18,A,390
2023-03-18,AB,70
2023-03-18,B,382
2023-03-18,O,701
2023-03-19,A,352
2023-03-19,AB,80
2023-03-19,B,374
2023-03-19,O,744
2023-03-20,A,370
2023-03-20,AB,95
2023-03-20,B,474
2023-03-20,O,737
2023-03-21,A,367
2023-03-21,AB,93
2023-03-21,B,499
2023-03-21,O,691
2023-03-22,A,395
2023-03-22,AB,90
2023-03-22,B,486
2023-03-22,O,764
2023-03-23,A,388
2023-03-23,AB,89
2023-03-23,B,429
2023-03-23,O,785
2023-03-24,A,396
2023-03-24,AB,104
2023-03-24,B,441
2023-03-24,O,748
2023-03-25,A,304
2023-03-25,AB,79
2023-03-25,B,404
2023-03-25,O,692
2023-03-26,A,365
2023-03-26,AB,97
2023-03-26,B,410
2023-03-26,O,665
2023-03-27,A,398
2023-03-27,AB,92
2023-03-27,B,453
2023-03-27,O,712
2023-03-28,A,363
2023-03-28,AB,89
2023-03-28,B,430
2023-03-28,O,729
2023-03-29,A,368
2023-03-29,AB,83
2023-03-29,B,453
2023-03-29,O,685
2023-03-30,A,377
2023-03-30,AB,92
2023-03-30,B,386
2023-03-30,O,702
2023-03-31,A,321
2023-03-31,AB,75
2023-03-31,B,473
2023-03-31,O,710
2023-04-01,A,339
2023-04-01,AB,67
2023-04-01,B,402
2023-04-01,O,589
2023-04-02,A,332
2023-04-02,AB,73
2023-04-02,B,409
2023-04-02,O,591
2023-04-03,A,359
2023-04-03,AB,75
2023-04-03,B,413
2023-04-03,O,640
2023-04-04,A,331
2023-04-04,AB,73
2023-04-04,B,417
2023-04-04,O,646
2023-04-05,A,337
2023-04-05,AB,69
2023-04-05,B,405
2023-04-05,O,599
2023-04-06,A,354
2023-04-06,AB,78
2023-04-06,B,403
2023-04-06,O,644
2023-04-07,A,339
2023-04-07,AB,79
2023-04-07,B,320
2023-04-07,O,576
2023-04-08,A,271
2023-04-08,AB,66
2023-04-08,B,325
2023-04-08,O,553
2023-04-09,A,320
2023-04-09,AB,75
2023-04-09,B,342
2023-04-09,O,636
2023-04-10,A,354
2023-04-10,AB,74
2023-04-10,B,391
2023-04-10,O,609
2023-04-11,A,354
2023-04-11,AB,69
2023-04-11,B,376
2023-04-11,O,613
2023-04-12,A,326
2023-04-12,AB,86
2023-04-12,B,345
2023-04-12,O,571
2023-04-13,A,300
2023-04-13,AB,75
2023-04-13,B,336
2023-04-13,O,636
2023-04-14,A,307
2023-04-14,AB,59
2023-04-14,B,314
2023-04-14,O,637
2023-04-15,A,270
2023-04-15,AB,74
2023-04-15,B,312
2023-04-15,O,562
2023-04-16,A,276
2023-04-16,AB,63
2023-04-16,B,308
2023-04-16,O,612
2023-04-17,A,307
2023-04-17,AB,73
2023-04-17,B,353
2023-04-17,O,591
2023-04-18,A,268
2023-04-18,AB,56
2023-04-18,B,346
2023-04-18,O,556
2023-04-19,A,286
2023-04-19,AB,59
2023-04-19,B,305
2023-04-19,O,589
2023-04-20,A,251
2023-04-20,AB,62
2023-04-20,B,293
2023-04-20,O,595
2023-04-21,A,253
2023-04-21,AB,56
2023-04-21,B,285
2023-04-21,O,545
2023-04-22,A,221
2023-04-22,AB,54
2023-04-22,B,251
2023-04-22,O,485
2023-04-23,A,211
2023-04-23,AB,49
2023-04-23,B,270
2023-04-23,O,466
2023-04-24,A,234
2023-04-24,AB,53
2023-04-24,B,239
2023-04-24,O,517
2023-04-25,A,242
2023-04-25,AB,47
2023-04-25,B,268
2023-04-25,O,463
2023-04-26,A,276
2023-04-26,AB,51
2023-04-26,B,283
2023-04-26,O,464
2023-04-27,A,237
2023-04-27,AB,53
2023-04-27,B,222
2023-04-27,O,503
2023-04-28,A,249
2023-04-28,AB,55
2023-04-28,B,229
2023-04-28,O,473
2023-04-29,A,225
2023-04-29,AB,55
2023-04-29,B,259
2023-04-29,O,448
2023-04-30,A,218
2023-04-30,AB,58
2023-04-30,B,236
2023-04-30,O,465
2023-05-01,A,263
2023-05-01,AB,59
2023-05-01,B,306
2023-05-01,O,563
2023-05-02,A,262
2023-05-02,AB,60
2023-05-02,B,273
2023-05-02,O,525
2023-05-03,A,255
2023-05-03,AB,65
2023-05-03,B,285
2023-05-03,O,534
2023-05-04,A,242
2023-05-04,AB,81
2023-05-04,B,315
2023-05-04,O,606
2023-05-05,A,267
2023-05-05,AB,62
2023-05-05,B,307
2023-05-05,O,559
2023-05-06,A,239
2023-05-06,AB,73
2023-05-06,B,284
2023-05-06,O,521
2023-05-07,A,238
2023-05-07,AB,77
2023-05-07,B,290
2023-05-07,O,502
2023-05-08,A,306
2023-05-08,AB,63
2023-05-08,B,321
2023-05-08,O,587
2023-05-09,A,243
2023-05-09,AB,78
2023-05-09,B,333
2023-05-09,O,563
2023-05-10,A,277
2023-05-10,AB,72
2023-05-10,B,305
2023-05-10,O,567
2023-05-11,A,234
2023-05-11,AB,81
2023-05-11,B,314
2023-05-11,O,626
2023-05-12,A,259
2023-05-12,AB,64
2023-05-12,B,365
2023-05-12,O,617
2023-05-13,A,257
2023-05-13,AB,57
2023-05-13,B,325
2023-05-13,O,546
2023-05-14,A,278
2023-05-14,AB,62
2023-05-14,B,264
2023-05-14,O,644
2023-05-15,A,274
2023-05-15,AB,70
2023-05-15,B,332
2023-05-15,O,616
2023-05-16,A,261
2023-05-16,AB,58
2023-05-16,B,294
2023-05-16,O,545
2023-05-17,A,249
2023-05-17,AB,73
2023-05-17,B,294
2023-05-17,O,630
2023-05-18,A,288
2023-05-18,AB,62
2023-05-18,B,360
2023-05-18,O,572
2023-05-19,A,285
2023-05-19,AB,75
2023-05-19,B,329
2023-05-19,O,595
2023-05-20,A,233
2023-05-20,AB,166
2023-05-20,B,274
2023-05-20,O,509
2023-05-21,A,288
2023-05-21,AB,62
2023-05-21,B,343
2023-05-21,O,590
2023-05-22,A,303
2023-05-22,AB,76
2023-05-22,B,398
2023-05-22,O,686
2023-05-23,A,296
2023-05-23,AB,63
2023-05-23,B,373
2023-05-23,O,643
2023-05-24,A,318
2023-05-24,AB,78
2023-05-24,B,366
2023-05-24,O,677
2023-05-25,A,299
2023-05-25,AB,100
2023-05-25,B,392
2023-05-25,O,663
2023-05-26,A,295
2023-05-26,AB,83
2023-05-26,B,381
2023-05-26,O,685
2023-05-27,A,299
2023-05-27,AB,54
2023-05-27,B,380
2023-05-27,O,731
2023-05-28,A,298
2023-05-28,AB,86
2023-05-28,B,334
2023-05-28,O,690
2023-05-29,A,291
2023-05-29,AB,87
2023-05-29,B,350
2023-05-29,O,776
2023-05-30,A,328
2023-05-30,AB,76
2023-05-30,B,375
2023-05-30,O,723
2023-05-31,A,303
2023-05-31,AB,64
2023-05-31,B,368
2023-05-31,O,760
2023-06-01,A,298
2023-06-01,AB,86
2023-06-01,B,347
2023-06-01,O,715
2023-06-02,A,311
2023-06-02,AB,81
2023-06-02,B,321
2023-06-02,O,680
2023-06-03,A,310
2023-06-03,AB,80
2023-06-03,B,316
2023-06-03,O,590
2023-06-04,A,275
2023-06-04,AB,79
2023-06-04,B,329
2023-06-04,O,658
2023-06-05,A,322
2023-06-05,AB,74
2023-06-05,B,373
2023-06-05,O,672
2023-06-06,A,302
2023-06-06,AB,62
2023-06-06,B,353
2023-06-06,O,649
2023-06-07,A,320
2023-06-07,AB,69
2023-06-07,B,363
2023-06-07,O,702
2023-06-08,A,316
2023-06-08,AB,78
2023-06-08,B,363
2023-06-08,O,719
2023-06-09,A,325
2023-06-09,AB,79
2023-06-09,B,366
2023-06-09,O,708
2023-06-10,A,296
2023-06-10,AB,77
2023-06-10,B,315
2023-06-10,O,663
2023-06-11,A,332
2023-06-11,AB,91
2023-06-11,B,374
2023-06-11,O,673
2023-06-12,A,345
2023-06-12,AB,94
2023-06-12,B,353
2023-06-12,O,760
2023-06-13,A,370
2023-06-13,AB,106
2023-06-13,B,375
2023-06-13,O,736
2023-06-14,A,342
2023-06-14,AB,93
2023-06-14,B,363
2023-06-14,O,749
2023-06-15,A,344
2023-06-15,AB,86
2023-06-15,B,392
2023-06-15,O,762
2023-06-16,A,312
2023-06-16,AB,106
2023-06-16,B,437
2023-06-16,O,815
2023-06-17,A,294
2023-06-17,AB,86
2023-06-17,B,348
2023-06-17,O,741
2023-06-18,A,338
2023-06-18,AB,92
2023-06-18,B,438
2023-06-18,O,743
2023-06-19,A,363
2023-06-19,AB,104
2023-06-19,B,434
2023-06-19,O,859
2023-06-20,A,348
2023-06-20,AB,103
2023-06-20,B,435
2023-06-20,O,785
2023-06-21,A,389
2023-06-21,AB,113
2023-06-21,B,442
2023-06-21,O,785
2023-06-22,A,358
2023-06-22,AB,99
2023-06-22,B,436
2023-06-22,O,754
2023-06-23,A,371
2023-06-23,AB,110
2023-06-23,B,433
2023-06-23,O,797
2023-06-24,A,340
2023-06-24,AB,97
2023-06-24,B,423
2023-06-24,O,699
2023-06-25,A,380
2023-06-25,AB,97
2023-06-25,B,420
2023-06-25,O,776
2023-06-26,A,365
2023-06-26,AB,112
2023-06-26,B,471
2023-06-26,O,800
2023-06-27,A,389
2023-06-27,AB,114
2023-06-27,B,429
2023-06-27,O,823
2023-06-28,A,395
2023-06-28,AB,111
2023-06-28,B,426
2023-06-28,O,790
2023-06-29,A,354
2023-06-29,AB,107
2023-06-29,B,440
2023-06-29,O,787
2023-06-30,A,370
2023-06-30,AB,79
2023-06-30,B,429
2023-06-30,O,729
2023-07-01,A,334
2023-07-01,AB,86
2023-07-01,B,377
2023-07-01,O,686
2023-07-02,A,352
2023-07-02,AB,87
2023-07-02,B,372
2023-07-02,O,715
2023-07-03,A,384
2023-07-03,AB,93
2023-07-03,B,454
2023-07-03,O,705
2023-07-04,A,365
2023-07-04,AB,99
2023-07-04,B,436
2023-07-04,O,742
2023-07-05,A,335
2023-07-05,AB,102
2023-07-05,B,437
2023-07-05,O,670
2023-07-06,A,350
2023-07-06,AB,103
2023-07-06,B,399
2023-07-06,O,693
2023-07-07,A,390
2023-07-07,AB,98
2023-07-07,B,378
2023-07-07,O,740
2023-07-08,A,382
2023-07-08,AB,83
2023-07-08,B,321
2023-07-08,O,639
2023-07-09,A,747
2023-07-09,AB,81
2023-07-09,B,343
2023-07-09,O,687
2023-07-10,A,367
2023-07-10,AB,75
2023-07-10,B,372
2023-07-10,O,690
2023-07-11,A,359
2023-07-11,AB,83
2023-07-11,B,404
2023-07-11,O,693
2023-07-12,A,371
2023-07-12,AB,99
2023-07-12,B,408
2023-07-12,O,727
2023-07-13,A,372
2023-07-13,AB,97
2023-07-13,B,367
2023-07-13,O,766
2023-07-14,A,360
2023-07-14,AB,69
2023-07-14,B,384
2023-07-14,O,654
2023-07-15,A,322
2023-07-15,AB,83
2023-07-15,B,314
2023-07-15,O,577
2023-07-16,A,325
2023-07-16,AB,92
2023-07-16,B,333
2023-07-16,O,634
2023-07-17,A,338
2023-07-17,AB,83
2023-07-17,B,352
2023-07-17,O,617
2023-07-18,A,319
2023-07-18,AB,62
2023-07-18,B,338
2023-07-18,O,657
2023-07-19,A,363
2023-07-19,AB,70
2023-07-19,B,322
2023-07-19,O,607
2023-07-20,A,337
2023-07-20,AB,76
2023-07-20,B,374
2023-07-20,O,665
2023-07-21,A,321
2023-07-21,AB,81
2023-07-21,B,326
2023-07-21,O,668
2023-07-22,A,324
2023-07-22,AB,67
2023-07-22,B,314
2023-07-22,O,625
2023-07-23,A,323
2023-07-23,AB,79
2023-07-23,B,294
2023-07-23,O,595
2023-07-24,A,328
2023-07-24,AB,62
2023-07-24,B,329
2023-07-24,O,639
2023-07-25,A,306
2023-07-25,AB,82
2023-07-25,B,310
2023-07-25,O,625
2023-07-26,A,289
2023-07-26,AB,74
2023-07-26,B,313
2023-07-26,O,634
2023-07-27,A,290
2023-07-27,AB,83
2023-07-27,B,312
2023-07-27,O,650
2023-07-28,A,304
2023-07-28,AB,76
2023-07-28,B,322
2023-07-28,O,666
2023-07-29,A,294
2023-07-29,AB,67
2023-07-29,B,318
2023-07-29,O,587
2023-07-30,A,820
2023-07-30,AB,69
2023-07-30,B,295
2023-07-30,O,642
2023-07-31,A,364
2023-07-31,AB,93
2023-07-31,B,308
2023-07-31,O,636
2023-08-01,A,332
2023-08-01,AB,99
2023-08-01,B,360
2023-08-01,O,644
2023-08-02,A,359
2023-08-02,AB,82
2023-08-02,B,358
2023-08-02,O,653
2023-08-03,A,337
2023-08-03,AB,91
2023-08-03,B,309
2023-08-03,O,652
2023-08-04,A,328
2023-08-04,AB,93
2023-08-04,B,375
2023-08-04,O,622
2023-08-05,A,316
2023-08-05,AB,80
2023-08-05,B,337
2023-08-05,O,590
2023-08-06,A,482
2023-08-06,AB,83
2023-08-06,B,362
2023-08-06,O,629
2023-08-07,A,339
2023-08-07,AB,92
2023-08-07,B,415
2023-08-07,O,680
2023-08-08,A,342
2023-08-08,AB,100
2023-08-08,B,355
2023-08-08,O,593
2023-08-09,A,353
2023-08-09,AB,91
2023-08-09,B,340
2023-08-09,O,669
2023-08-10,A,346
2023-08-10,AB,89
2023-08-10,B,385
2023-08-10,O,648
2023-08-11,A,328
2023-08-11,AB,107
2023-08-11,B,355
2023-08-11,O,641
2023-08-12,A,340
2023-08-12,AB,94
2023-08-12,B,319
2023-08-12,O,553
2023-08-13,A,350
2023-08-13,AB,104
2023-08-13,B,309
2023-08-13,O,630
2023-08-14,A,334
2023-08-14,AB,209
2023-08-14,B,342
2023-08-14,O,664
2023-08-15,A,322
2023-08-15,AB,82
2023-08-15,B,343
2023-08-15,O,603
2023-08-16,A,322
2023-08-16,AB,81
2023-08-16,B,365
2023-08-16,O,616
2023-08-17,A,361
2023-08-17,AB,104
2023-08-17,B,371
2023-08-17,O,612
2023-08-18,A,354
2023-08-18,AB,90
2023-08-18,B,329
2023-08-18,O,1353
2023-08-19,A,323
2023-08-19,AB,94
2023-08-19,B,298
2023-08-19,O,602
2023-08-20,A,326
2023-08-20,AB,82
2023-08-20,B,335
2023-08-20,O,610
2023-08-21,A,405
2023-08-21,AB,94
2023-08-21,B,372
2023-08-21,O,621
2023-08-22,A,368
2023-08-22,AB,90
2023-08-22,B,353
2023-08-22,O,619
2023-08-23,A,385
2023-08-23,AB,85
2023-08-23,B,353
2023-08-23,O,693
2023-08-24,A,355
2023-08-24,AB,94
2023-08-24,B,368
2023-08-24,O,646
2023-08-25,A,353
2023-08-25,AB,92
2023-08-25,B,360
2023-08-25,O,668
2023-08-26,A,338
2023-08-26,AB,97
2023-08-26,B,368
2023-08-26,O,591
2023-08-27,A,321
2023-08-27,AB,91
2023-08-27,B,346
2023-08-27,O,567
2023-08-28,A,338
2023-08-28,AB,93
2023-08-28,B,368
2023-08-28,O,655
2023-08-29,A,386
2023-08-29,AB,95
2023-08-29,B,348
2023-08-29,O,661
2023-08-30,A,356
2023-08-30,AB,76
2023-08-30,B,380
2023-08-30,O,619
2023-08-31,A,413
2023-08-31,AB,105
2023-08-31,B,406
2023-08-31,O,729
2023-09-01,A,361
2023-09-01,AB,98
2023-09-01,B,388
2023-09-01,O,672
2023-09-02,A,336
2023-09-02,AB,104
2023-09-02,B,365
2023-09-02,O,589
2023-09-03,A,387
2023-09-03,AB,89
2023-09-03,B,391
2023-09-03,O,622
2023-09-04,A,378
2023-09-04,AB,99
2023-09-04,B,376
2023-09-04,O,631
2023-09-05,A,344
2023-09-05,AB,115
2023-09-05,B,369
2023-09-05,O,604
2023-09-06,A,356
2023-09-06,AB,92
2023-09-06,B,364
2023-09-06,O,588
2023-09-07,A,368
2023-09-07,AB,93
2023-09-07,B,396
2023-09-07,O,643
2023-09-08,A,378
2023-09-08,AB,95
2023-09-08,B,343
2023-09-08,O,635
2023-09-09,A,351
2023-09-09,AB,94
2023-09-09,B,357
2023-09-09,O,592
2023-09-10,A,371
2023-09-10,AB,85
2023-09-10,B,381
2023-09-10,O,582
2023-09-11,A,381
2023-09-11,AB,84
2023-09-11,B,715
2023-09-11,O,647
2023-09-12,A,359
2023-09-12,AB,73
2023-09-12,B,389
2023-09-12,O,643
2023-09-13,A,369
2023-09-13,AB,96
2023-09-13,B,404
2023-09-13,O,621
2023-09-14,A,363
2023-09-14,AB,93
2023-09-14,B,367
2023-09-14,O,643
2023-09-15,A,364
2023-09-15,AB,81
2023-09-15,B,367
2023-09-15,O,627
2023-09-16,A,287
2023-09-16,AB,84
2023-09-16,B,382
2023-09-16,O,666
2023-09-17,A,348
2023-09-17,AB,87
2023-09-17,B,379
2023-09-17,O,683
2023-09-18,A,345
2023-09-18,AB,92
2023-09-18,B,406
2023-09-18,O,708
2023-09-19,A,365
2023-09-19,AB,83
2023-09-19,B,417
2023-09-19,O,771
2023-09-20,A,371
2023-09-20,AB,103
2023-09-20,B,412
2023-09-20,O,758
2023-09-21,A,343
2023-09-21,AB,117
2023-09-21,B,407
2023-09-21,O,746
2023-09-22,A,348
2023-09-22,AB,97
2023-09-22,B,432
2023-09-22,O,715
2023-09-23,A,339
2023-09-23,AB,98
2023-09-23,B,392
2023-09-23,O,667
2023-09-24,A,369
2023-09-24,AB,106
2023-09-24,B,417
2023-09-24,O,693
2023-09-25,A,421
2023-09-25,AB,96
2023-09-25,B,458
2023-09-25,O,744
2023-09-26,A,372
2023-09-26,AB,90
2023-09-26,B,428
2023-09-26,O,737
2023-09-27,A,445
2023-09-27,AB,106
2023-09-27,B,608
2023-09-27,O,726
2023-09-28,A,409
2023-09-28,AB,103
2023-09-28,B,378
2023-09-28,O,748
2023-09-29,A,395
2023-09-29,AB,92
2023-09-29,B,447
2023-09-29,O,705
2023-09-30,A,362
2023-09-30,AB,93
2023-09-30,B,371
2023-09-30,O,634
2023-10-01,A,373
2023-10-01,AB,117
2023-10-01,B,404
2023-10-01,O,632
2023-10-02,A,388
2023-10-02,AB,94
2023-10-02,B,456
2023-10-02,O,693
2023-10-03,A,382
2023-10-03,AB,101
2023-10-03,B,427
2023-10-03,O,690
2023-10-04,A,400
2023-10-04,AB,103
2023-10-04,B,426
2023-10-04,O,675
2023-10-05,A,396
2023-10-05,AB,105
2023-10-05,B,442
2023-10-05,O,704
2023-10-06,A,403
2023-10-06,AB,93
2023-10-06,B,445
2023-10-06,O,682
2023-10-07,A,337
2023-10-07,AB,98
2023-10-07,B,401
2023-10-07,O,654
2023-10-08,A,347
2023-10-08,AB,87
2023-10-08,B,427
2023-10-08,O,624
2023-10-09,A,392
2023-10-09,AB,113
2023-10-09,B,448
2023-10-09,O,688
2023-10-10,A,383
2023-10-10,AB,113
2023-10-10,B,417
2023-10-10,O,687
2023-10-11,A,398
2023-10-11,AB,105
2023-10-11,B,481
2023-10-11,O,715
2023-10-12,A,466
2023-10-12,AB,115
2023-10-12,B,494
2023-10-12,O,702
2023-10-13,A,351
2023-10-13,AB,92
2023-10-13,B,456
2023-10-13,O,700
2023-10-14,A,358
2023-10-14,AB,91
2023-10-14,B,420
2023-10-14,O,637
2023-10-15,A,375
2023-10-15,AB,99
2023-10-15,B,478
2023-10-15,O,670
2023-10-16,A,405
2023-10-16,AB,112
2023-10-16,B,483
2023-10-16,O,770
2023-10-17,A,348
2023-10-17,AB,110
2023-10-17,B,467
2023-10-17,O,690
2023-10-18,A,372
2023-10-18,AB,102
2023-10-18,B,473
2023-10-18,O,692
2023-10-19,A,424
2023-10-19,AB,88
2023-10-19,B,471
2023-10-19,O,712
2023-10-20,A,362
2023-10-20,AB,98
2023-10-20,B,442
2023-10-20,O,715
2023-10-21,A,346
2023-10-21,AB,98
2023-10-21,B,407
2023-10-21,O,626
2023-10-22,A,359
2023-10-22,AB,109
2023-10-22,B,383
2023-10-22,O,670
2023-10-23,A,411
2023-10-23,AB,101
2023-10-23,B,436
2023-10-23,O,664
2023-10-24,A,374
2023-10-24,AB,107
2023-10-24,B,449
2023-10-24,O,657
2023-10-25,A,379
2023-10-25,AB,96
2023-10-25,B,433
2023-10-25,O,672
2023-10-26,A,387
2023-10-26,AB,78
2023-10-26,B,429
2023-10-26,O,610
2023-10-27,A,355
2023-10-27,AB,151
2023-10-27,B,390
2023-10-27,O,621
2023-10-28,A,307
2023-10-28,AB,138
2023-10-28,B,642
2023-10-28,O,645
2023-10-29,A,296
2023-10-29,AB,139
2023-10-29,B,680
2023-10-29,O,656
2023-10-30,A,374
2023-10-30,AB,155
2023-10-30,B,652
2023-10-30,O,690
2023-10-31,A,325
2023-10-31,AB,135
2023-10-31,B,676
2023-10-31,O,677
2023-11-01,A,373
2023-11-01,AB,145
2023-11-01,B,702
2023-11-01,O,706
2023-11-02,A,400
2023-11-02,AB,136
2023-11-02,B,754
2023-11-02,O,678
2023-11-03,A,401
2023-11-03,AB,131
2023-11-03,B,644
2023-11-03,O,660
2023-11-04,A,359
2023-11-04,AB,128
2023-11-04,B,657
2023-11-04,O,695
2023-11-05,A,347
2023-11-05,AB,131
2023-11-05,B,675
2023-11-05,O,665
2023-11-06,A,405
2023-11-06,AB,133
2023-11-06,B,671
2023-11-06,O,725
2023-11-07,A,416
2023-11-07,AB,106
2023-11-07,B,716
2023-11-07,O,681
2023-11-08,A,395
2023-11-08,AB,104
2023-11-08,B,671
2023-11-08,O,735
2023-11-09,A,394
2023-11-09,AB,89
2023-11-09,B,680
2023-11-09,O,714
2023-11-10,A,346
2023-11-10,AB,83
2023-11-10,B,453
2023-11-10,O,697
2023-11-11,A,371
2023-11-11,AB,83
2023-11-11,B,389
2023-11-11,O,673
2023-11-12,A,372
2023-11-12,AB,79
2023-11-12,B,400
2023-11-12,O,628
2023-11-13,A,379
2023-11-13,AB,111
2023-11-13,B,432
2023-11-13,O,733
2023-11-14,A,394
2023-11-14,AB,99
2023-11-14,B,447
2023-11-14,O,695
2023-11-15,A,371
2023-11-15,AB,102
2023-11-15,B,434
2023-11-15,O,677
2023-11-16,A,401
2023-11-16,AB,81
2023-11-16,B,483
2023-11-16,O,687
2023-11-17,A,422
2023-11-17,AB,93
2023-11-17,B,446
2023-11-17,O,693
2023-11-18,A,367
2023-11-18,AB,77
2023-11-18,B,398
2023-11-18,O,689
2023-11-19,A,374
2023-11-19,AB,81
2023-11-19,B,395
2023-11-19,O,691
2023-11-20,A,397
2023-11-20,AB,89
2023-11-20,B,466
2023-11-20,O,715
2023-11-21,A,365
2023-11-21,AB,84
2023-11-21,B,477
2023-11-21,O,705
2023-11-22,A,435
2023-11-22,AB,99
2023-11-22,B,432
2023-11-22,O,692
2023-11-23,A,399
2023-11-23,AB,100
2023-11-23,B,430
2023-11-23,O,710
2023-11-24,A,368
2023-11-24,AB,92
2023-11-24,B,397
2023-11-24,O,657
2023-11-25,A,370
2023-11-25,AB,62
2023-11-25,B,440
2023-11-25,O,601
2023-11-26,A,383
2023-11-26,AB,79
2023-11-26,B,416
2023-11-26,O,660
2023-11-27,A,374
2023-11-27,AB,81
2023-11-27,B,448
2023-11-27,O,682
2023-11-28,A,398
2023-11-28,AB,97
2023-11-28,B,461
2023-11-28,O,712
2023-11-29,A,418
2023-11-29,AB,80
2023-11-29,B,435
2023-11-29,O,639
2023-11-30,A,345
2023-11-30,AB,104
2023-11-30,B,463
2023-11-30,O,667
2023-12-01,A,383
2023-12-01,AB,111
2023-12-01,B,463
2023-12-01,O,1829
2023-12-02,A,369
2023-12-02,AB,96
2023-12-02,B,415
2023-12-02,O,632
2023-12-03,A,341
2023-12-03,AB,97
2023-12-03,B,416
2023-12-03,O,663
2023-12-04,A,391
2023-12-04,AB,100
2023-12-04,B,425
2023-12-04,O,742
2023-12-05,A,386
2023-12-05,AB,87
2023-12-05,B,422
2023-12-05,O,659
2023-12-06,A,352
2023-12-06,AB,102
2023-12-06,B,391
2023-12-06,O,713
2023-12-07,A,384
2023-12-07,AB,95
2023-12-07,B,421
2023-12-07,O,703
2023-12-08,A,391
2023-12-08,AB,86
2023-12-08,B,438
2023-12-08,O,650
2023-12-09,A,325
2023-12-09,AB,93
2023-12-09,B,392
2023-12-09,O,656
2023-12-10,A,344
2023-12-10,AB,79
2023-12-10,B,417
2023-12-10,O,686
2023-12-11,A,375
2023-12-11,AB,103
2023-12-11,B,428
2023-12-11,O,697
2023-12-12,A,356
2023-12-12,AB,94
2023-12-12,B,418
2023-12-12,O,670
2023-12-13,A,343
2023-12-13,AB,91
2023-12-13,B,411
2023-12-13,O,698
2023-12-14,A,386
2023-12-14,AB,100
2023-12-14,B,405
2023-12-14,O,705
2023-12-15,A,334
2023-12-15,AB,92
2023-12-15,B,392
2023-12-15,O,663
2023-12-16,A,327
2023-12-16,AB,80
2023-12-16,B,366
2023-12-16,O,666
2023-12-17,A,316
2023-12-17,AB,74
2023-12-17,B,404
2023-12-17,O,651
2023-12-18,A,336
2023-12-18,AB,75
2023-12-18,B,448
2023-12-18,O,695
2023-12-19,A,343
2023-12-19,AB,102
2023-12-19,B,382
2023-12-19,O,689
2023-12-20,A,344
2023-12-20,AB,112
2023-12-20,B,437
2023-12-20,O,667
2023-12-21,A,342
2023-12-21,AB,80
2023-12-21,B,442
2023-12-21,O,679
2023-12-22,A,313
2023-12-22,AB,90
2023-12-22,B,394
2023-12-22,O,663
2023-12-23,A,338
2023-12-23,AB,82
2023-12-23,B,347
2023-12-23,O,659
2023-12-24,A,330
2023-12-24,AB,93
2023-12-24,B,402
2023-12-24,O,650
2023-12-25,A,355
2023-12-25,AB,101
2023-12-25,B,383
2023-12-25,O,732
2023-12-26,A,362
2023-12-26,AB,84
2023-12-26,B,371
2023-12-26,O,712
2023-12-27,A,368
2023-12-27,AB,103
2023-12-27,B,397
2023-12-27,O,695
2023-12-28,A,373
2023-12-28,AB,100
2023-12-28,B,375
2023-12-28,O,638
2023-12-29,A,363
2023-12-29,AB,79
2023-12-29,B,364
2023-12-29,O,646
2023-12-30,A,341
2023-12-30,AB,68
2023-12-30,B,341
2023-12-30,O,634
2023-12-31,A,341
2023-12-31,AB,80
2023-12-31,B,355
2023-12-31,O,667
2024-01-01,A,371
2024-01-01,AB,97
2024-01-01,B,399
2024-01-01,O,708
2024-01-02,A,374
2024-01-02,AB,89
2024-01-02,B,367
2024-01-02,O,698
2024-01-03,A,390
2024-01-03,AB,96
2024-01-03,B,400
2024-01-03,O,730
2024-01-04,A,398
2024-01-04,AB,90
2024-01-04,B,439
2024-01-04,O,709
2024-01-05,A,363
2024-01-05,AB,84
2024-01-05,B,388
2024-01-05,O,654
2024-01-06,A,346
2024-01-06,AB,58
2024-01-06,B,334
2024-01-06,O,625
2024-01-07,A,341
2024-01-07,AB,80
2024-01-07,B,371
2024-01-07,O,677
2024-01-08,A,404
2024-01-08,AB,77
2024-01-08,B,395
2024-01-08,O,728
2024-01-09,A,372
2024-01-09,AB,87
2024-01-09,B,386
2024-01-09,O,622
2024-01-10,A,375
2024-01-10,AB,109
2024-01-10,B,404
2024-01-10,O,629
2024-01-11,A,361
2024-01-11,AB,97
2024-01-11,B,382
2024-01-11,O,1127
2024-01-12,A,374
2024-01-12,AB,100
2024-01-12,B,361
2024-01-12,O,720
2024-01-13,A,358
2024-01-13,AB,72
2024-01-13,B,351
2024-01-13,O,626
2024-01-14,A,335
2024-01-14,AB,81
2024-01-14,B,351
2024-01-14,O,692
2024-01-15,A,379
2024-01-15,AB,94
2024-01-15,B,389
2024-01-15,O,689
2024-01-16,A,359
2024-01-16,AB,81
2024-01-16,B,361
2024-01-16,O,649
2024-01-17,A,360
2024-01-17,AB,100
2024-01-17,B,391
2024-01-17,O,658
2024-01-18,A,389
2024-01-18,AB,81
2024-01-18,B,358
2024-01-18,O,677
2024-01-19,A,376
2024-01-19,AB,87
2024-01-19,B,391
2024-01-19,O,645
2024-01-20,A,356
2024-01-20,AB,71
2024-01-20,B,349
2024-01-20,O,617
2024-01-21,A,370
2024-01-21,AB,87
2024-01-21,B,340
2024-01-21,O,640
2024-01-22,A,334
2024-01-22,AB,87
2024-01-22,B,376
2024-01-22,O,700
2024-01-23,A,386
2024-01-23,AB,80
2024-01-23,B,368
2024-01-23,O,637
2024-01-24,A,379
2024-01-24,AB,76
2024-01-24,B,355
2024-01-24,O,591
2024-01-25,A,430
2024-01-25,AB,89
2024-01-25,B,378
2024-01-25,O,668
2024-01-26,A,376
2024-01-26,AB,96
2024-01-26,B,375
2024-01-26,O,682
2024-01-27,A,329
2024-01-27,AB,77
2024-01-27,B,366
2024-01-27,O,598
2024-01-28,A,370
2024-01-28,AB,78
2024-01-28,B,384
2024-01-28,O,597
2024-01-29,A,353
2024-01-29,AB,82
2024-01-29,B,373
2024-01-29,O,679
2024-01-30,A,371
2024-01-30,AB,89
2024-01-30,B,414
2024-01-30,O,679
2024-01-31,A,373
2024-01-31,AB,80
2024-01-31,B,371
2024-01-31,O,631
2024-02-01,A,359
2024-02-01,AB,86
2024-02-01,B,403
2024-02-01,O,652
2024-02-02,A,338
2024-02-02,AB,81
2024-02-02,B,410
2024-02-02,O,632
2024-02-03,A,351
2024-02-03,AB,80
2024-02-03,B,340
2024-02-03,O,580
2024-02-04,A,322
2024-02-04,AB,83
2024-02-04,B,392
2024-02-04,O,631
2024-02-05,A,326
2024-02-05,AB,84
2024-02-05,B,387
2024-02-05,O,623
2024-02-06,A,339
2024-02-06,AB,73
2024-02-06,B,375
2024-02-06,O,649
2024-02-07,A,341
2024-02-07,AB,68
2024-02-07,B,393
2024-02-07,O,594
2024-02-08,A,342
2024-02-08,AB,57
2024-02-08,B,417
2024-02-08,O,638
2024-02-09,A,359
2024-02-09,AB,87
2024-02-09,B,388
2024-02-09,O,586
2024-02-10,A,325
2024-02-10,AB,58
2024-02-10,B,330
2024-02-10,O,585
2024-02-11,A,285
2024-02-11,AB,63
2024-02-11,B,374
2024-02-11,O,564
2024-02-12,A,329
2024-02-12,AB,49
2024-02-12,B,389
2024-02-12,O,1210
2024-02-13,A,317
2024-02-13,AB,78
2024-02-13,B,346
2024-02-13,O,645
2024-02-14,A,344
2024-02-14,AB,67
2024-02-14,B,395
2024-02-14,O,617
2024-02-15,A,317
2024-02-15,AB,76
2024-02-15,B,346
2024-02-15,O,618
2024-02-16,A,314
2024-02-16,AB,65
2024-02-16,B,376
2024-02-16,O,608
2024-02-17,A,235
2024-02-17,AB,59
2024-02-17,B,367
2024-02-17,O,547
2024-02-18,A,294
2024-02-18,AB,67
2024-02-18,B,359
2024-02-18,O,570
2024-02-19,A,342
2024-02-19,AB,82
2024-02-19,B,377
2024-02-19,O,639
2024-02-20,A,323
2024-02-20,AB,81
2024-02-20,B,424
2024-02-20,O,588
2024-02-21,A,351
2024-02-21,AB,89
2024-02-21,B,395
2024-02-21,O,592
2024-02-22,A,319
2024-02-22,AB,81
2024-02-22,B,378
2024-02-22,O,571
2024-02-23,A,343
2024-02-23,AB,79
2024-02-23,B,372
2024-02-23,O,585
2024-02-24,A,287
2024-02-24,AB,68
2024-02-24,B,334
2024-02-24,O,542
2024-02-25,A,254
2024-02-25,AB,71
2024-02-25,B,356
2024-02-25,O,553
2024-02-26,A,330
2024-02-26,AB,87
2024-02-26,B,366
2024-02-26,O,597
2024-02-27,A,324
2024-02-27,AB,86
2024-02-27,B,378
2024-02-27,O,607
2024-02-28,A,287
2024-02-28,AB,68
2024-02-28,B,420
2024-02-28,O,612
2024-02-29,A,348
2024-02-29,AB,63
2024-02-29,B,431
2024-02-29,O,632
2024-03-01,A,318
2024-03-01,AB,83
2024-03-01,B,421
2024-03-01,O,568
2024-03-02,A,310
2024-03-02,AB,66
2024-03-02,B,376
2024-03-02,O,581
2024-03-03,A,318
2024-03-03,AB,70
2024-03-03,B,388
2024-03-03,O,551
2024-03-04,A,339
2024-03-04,AB,86
2024-03-04,B,393
2024-03-04,O,637
2024-03-05,A,329
2024-03-05,AB,81
2024-03-05,B,394
2024-03-05,O,678
2024-03-06,A,373
2024-03-06,AB,86
2024-03-06,B,476
2024-03-06,O,665
2024-03-07,A,417
2024-03-07,AB,103
2024-03-07,B,393
2024-03-07,O,599
2024-03-08,A,365
2024-03-08,AB,87
2024-03-08,B,445
2024-03-08,O,606
2024-03-09,A,355
2024-03-09,AB,84
2024-03-09,B,377
2024-03-09,O,593
2024-03-10,A,361
2024-03-10,AB,77
2024-03-10,B,448
2024-03-10,O,571
2024-03-11,A,400
2024-03-11,AB,86
2024-03-11,B,451
2024-03-11,O,665
2024-03-12,A,387
2024-03-12,AB,76
2024-03-12,B,434
2024-03-12,O,648
2024-03-13,A,388
2024-03-13,AB,72
2024-03-13,B,448
2024-03-13,O,670
2024-03-14,A,369
2024-03-14,AB,87
2024-03-14,B,444
2024-03-14,O,667
2024-03-15,A,385
2024-03-15,AB,87
2024-03-15,B,428
2024-03-15,O,617
2024-03-16,A,345
2024-03-16,AB,83
2024-03-16,B,406
2024-03-16,O,555
2024-03-17,A,351
2024-03-17,AB,62
2024-03-17,B,456
2024-03-17,O,578
2024-03-18,A,367
2024-03-18,AB,81
2024-03-18,B,465
2024-03-18,O,649
2024-03-19,A,371
2024-03-19,AB,84
2024-03-19,B,439
2024-03-19,O,652
2024-03-20,A,379
2024-03-20,AB,75
2024-03-20,B,416
2024-03-20,O,637
2024-03-21,A,345
2024-03-21,AB,99
2024-03-21,B,414
2024-03-21,O,668
2024-03-22,A,322
2024-03-22,AB,77
2024-03-22,B,421
2024-03-22,O,639
2024-03-23,A,306
2024-03-23,AB,75
2024-03-23,B,362
2024-03-23,O,547
2024-03-24,A,307
2024-03-24,AB,75
2024-03-24,B,368
2024-03-24,O,511
2024-03-25,A,376
2024-03-25,AB,73
2024-03-25,B,423
2024-03-25,O,609
2024-03-26,A,311
2024-03-26,AB,81
2024-03-26,B,422
2024-03-26,O,617
2024-03-27,A,378
2024-03-27,AB,84
2024-03-27,B,390
2024-03-27,O,608
2024-03-28,A,318
2024-03-28,AB,67
2024-03-28,B,378
2024-03-28,O,621
2024-03-29,A,358
2024-03-29,AB,70
2024-03-29,B,368
2024-03-29,O,599
2024-03-30,A,282
2024-03-30,AB,75
2024-03-30,B,344
2024-03-30,O,553
2024-03-31,A,259
2024-03-31,AB,72
2024-03-31,B,344
2024-03-31,O,560
2024-04-01,A,268
2024-04-01,AB,64
2024-04-01,B,383
2024-04-01,O,594
2024-04-02,A,340
2024-04-02,AB,81
2024-04-02,B,368
2024-04-02,O,582
2024-04-03,A,292
2024-04-03,AB,74
2024-04-03,B,360
2024-04-03,O,588
2024-04-04,A,298
2024-04-04,AB,68
2024-04-04,B,350
2024-04-04,O,603
2024-04-05,A,302
2024-04-05,AB,71
2024-04-05,B,369
2024-04-05,O,567
2024-04-06,A,228
2024-04-06,AB,50
2024-04-06,B,336
2024-04-06,O,523
2024-04-07,A,269
2024-04-07,AB,78
2024-04-07,B,340
2024-04-07,O,483
2024-04-08,A,292
2024-04-08,AB,68
2024-04-08,B,359
2024-04-08,O,554
2024-04-09,A,260
2024-04-09,AB,62
2024-04-09,B,315
2024-04-09,O,545
2024-04-10,A,243
2024-04-10,AB,58
2024-04-10,B,335
2024-04-10,O,493
2024-04-11,A,260
2024-04-11,AB,60
2024-04-11,B,305
2024-04-11,O,450
2024-04-12,A,275
2024-04-12,AB,62
2024-04-12,B,338
2024-04-12,O,493
2024-04-13,A,224
2024-04-13,AB,56
2024-04-13,B,293
2024-04-13,O,442
2024-04-14,A,238
2024-04-14,AB,62
2024-04-14,B,301
2024-04-14,O,479
2024-04-15,A,278
2024-04-15,AB,64
2024-04-15,B,346
2024-04-15,O,489
2024-04-16,A,232
2024-04-16,AB,47
2024-04-16,B,313
2024-04-16,O,511
2024-04-17,A,258
2024-04-17,AB,61
2024-04-17,B,306
2024-04-17,O,514
2024-04-18,A,236
2024-04-18,AB,70
2024-04-18,B,337
2024-04-18,O,544
2024-04-19,A,285
2024-04-19,AB,59
2024-04-19,B,340
2024-04-19,O,498
2024-04-20,A,248
2024-04-20,AB,59
2024-04-20,B,305
2024-04-20,O,439
2024-04-21,A,259
2024-04-21,AB,51
2024-04-21,B,323
2024-04-21,O,456
2024-04-22,A,525
2024-04-22,AB,90
2024-04-22,B,377
2024-04-22,O,537
2024-04-23,A,251
2024-04-23,AB,52
2024-04-23,B,389
2024-04-23,O,483
2024-04-24,A,242
2024-04-24,AB,65
2024-04-24,B,343
2024-04-24,O,504
2024-04-25,A,267
2024-04-25,AB,63
2024-04-25,B,353
2024-04-25,O,491
2024-04-26,A,296
2024-04-26,AB,59
2024-04-26,B,342
2024-04-26,O,524
2024-04-27,A,265
2024-04-27,AB,64
2024-04-27,B,344
2024-04-27,O,457
2024-04-28,A,267
2024-04-28,AB,49
2024-04-28,B,337
2024-04-28,O,547
2024-04-29,A,296
2024-04-29,AB,71
2024-04-29,B,359
2024-04-29,O,548
2024-04-30,A,294
2024-04-30,AB,64
2024-04-30,B,409
2024-04-30,O,538
2024-05-01,A,308
2024-05-01,AB,62
2024-05-01,B,401
2024-05-01,O,560
2024-05-02,A,308
2024-05-02,AB,64
2024-05-02,B,415
2024-05-02,O,579
2024-05-03,A,332
2024-05-03,AB,65
2024-05-03,B,444
2024-05-03,O,581
2024-05-04,A,302
2024-05-04,AB,56
2024-05-04,B,342
2024-05-04,O,576
2024-05-05,A,280
2024-05-05,AB,69
2024-05-05,B,407
2024-05-05,O,600
2024-05-06,A,339
2024-05-06,AB,60
2024-05-06,B,398
2024-05-06,O,588
2024-05-07,A,315
2024-05-07,AB,81
2024-05-07,B,378
2024-05-07,O,589
2024-05-08,A,388
2024-05-08,AB,65
2024-05-08,B,401
2024-05-08,O,558
2024-05-09,A,330
2024-05-09,AB,64
2024-05-09,B,423
2024-05-09,O,562
2024-05-10,A,328
2024-05-10,AB,70
2024-05-10,B,457
2024-05-10,O,632
2024-05-11,A,361
2024-05-11,AB,238
2024-05-11,B,415
2024-05-11,O,541
2024-05-12,A,368
2024-05-12,AB,78
2024-05-12,B,448
2024-05-12,O,620
2024-05-13,A,407
2024-05-13,AB,83
2024-05-13,B,462
2024-05-13,O,685
2024-05-14,A,395
2024-05-14,AB,72
2024-05-14,B,533
2024-05-14,O,604
2024-05-15,A,423
2024-05-15,AB,85
2024-05-15,B,481
2024-05-15,O,633
2024-05-16,A,420
2024-05-16,AB,90
2024-05-16,B,488
2024-05-16,O,693
2024-05-17,A,374
2024-05-17,AB,72
2024-05-17,B,545
2024-05-17,O,668
2024-05-18,A,364
2024-05-18,AB,81
2024-05-18,B,494
2024-05-18,O,625
2024-05-19,A,377
2024-05-19,AB,77
2024-05-19,B,510
2024-05-19,O,631
2024-05-20,A,413
2024-05-20,AB,92
2024-05-20,B,507
2024-05-20,O,694
2024-05-21,A,380
2024-05-21,AB,84
2024-05-21,B,488
2024-05-21,O,668
2024-05-22,A,352
2024-05-22,AB,105
2024-05-22,B,590
2024-05-22,O,706
2024-05-23,A,389
2024-05-23,AB,65
2024-05-23,B,526
2024-05-23,O,664
2024-05-24,A,395
2024-05-24,AB,77
2024-05-24,B,571
2024-05-24,O,665
2024-05-25,A,357
2024-05-25,AB,79
2024-05-25,B,525
2024-05-25,O,659
2024-05-26,A,365
2024-05-26,AB,90
2024-05-26,B,522
2024-05-26,O,646
2024-05-27,A,368
2024-05-27,AB,75
2024-05-27,B,513
2024-05-27,O,684
2024-05-28,A,381
2024-05-28,AB,66
2024-05-28,B,546
2024-05-28,O,641
2024-05-29,A,346
2024-05-29,AB,76
2024-05-29,B,513
2024-05-29,O,685
2024-05-30,A,381
2024-05-30,AB,79
2024-05-30,B,568
2024-05-30,O,670
2024-05-31,A,378
2024-05-31,AB,74
2024-05-31,B,527
2024-05-31,O,603
2024-06-01,A,344
2024-06-01,AB,78
2024-06-01,B,495
2024-06-01,O,592
2024-06-02,A,326
2024-06-02,AB,76
2024-06-02,B,518
2024-06-02,O,596
2024-06-03,A,357
2024-06-03,AB,81
2024-06-03,B,534
2024-06-03,O,626
2024-06-04,A,357
2024-06-04,AB,58
2024-06-04,B,499
2024-06-04,O,634
2024-06-05,A,376
2024-06-05,AB,89
2024-06-05,B,537
2024-06-05,O,675
2024-06-06,A,360
2024-06-06,AB,85
2024-06-06,B,588
2024-06-06,O,701
2024-06-07,A,388
2024-06-07,AB,87
2024-06-07,B,541
2024-06-07,O,703
2024-06-08,A,380
2024-06-08,AB,67
2024-06-08,B,540
2024-06-08,O,633
2024-06-09,A,343
2024-06-09,AB,81
2024-06-09,B,535
2024-06-09,O,640
2024-06-10,A,333
2024-06-10,AB,84
2024-06-10,B,557
2024-06-10,O,647
2024-06-11,A,351
2024-06-11,AB,79
2024-06-11,B,597
2024-06-11,O,658
2024-06-12,A,356
2024-06-12,AB,86
2024-06-12,B,569
2024-06-12,O,663
2024-06-13,A,343
2024-06-13,AB,77
2024-06-13,B,567
2024-06-13,O,669
2024-06-14,A,353
2024-06-14,AB,93
2024-06-14,B,582
2024-06-14,O,683
2024-06-15,A,314
2024-06-15,AB,79
2024-06-15,B,536
2024-06-15,O,642
2024-06-16,A,321
2024-06-16,AB,63
2024-06-16,B,528
2024-06-16,O,622
2024-06-17,A,385
2024-06-17,AB,92
2024-06-17,B,523
2024-06-17,O,644
2024-06-18,A,328
2024-06-18,AB,78
2024-06-18,B,489
2024-06-18,O,618
2024-06-19,A,322
2024-06-19,AB,72
2024-06-19,B,499
2024-06-19,O,573
2024-06-20,A,341
2024-06-20,AB,71
2024-06-20,B,521
2024-06-20,O,621
2024-06-21,A,340
2024-06-21,AB,88
2024-06-21,B,527
2024-06-21,O,611
2024-06-22,A,303
2024-06-22,AB,64
2024-06-22,B,502
2024-06-22,O,520
2024-06-23,A,289
2024-06-23,AB,73
2024-06-23,B,474
2024-06-23,O,573
2024-06-24,A,386
2024-06-24,AB,86
2024-06-24,B,512
2024-06-24,O,612
2024-06-25,A,337
2024-06-25,AB,82
2024-06-25,B,502
2024-06-25,O,595
2024-06-26,A,336
2024-06-26,AB,87
2024-06-26,B,538
2024-06-26,O,607
2024-06-27,A,346
2024-06-27,AB,73
2024-06-27,B,500
2024-06-27,O,636
2024-06-28,A,377
2024-06-28,AB,63
2024-06-28,B,524
2024-06-28,O,590
2024-06-29,A,295
2024-06-29,AB,76
2024-06-29,B,468
2024-06-29,O,518
2024-06-30,A,299
2024-06-30,AB,68
2024-06-30,B,524
2024-06-30,O,563
2024-07-01,A,370
2024-07-01,AB,104
2024-07-01,B,525
2024-07-01,O,572
2024-07-02,A,345
2024-07-02,AB,71
2024-07-02,B,484
2024-07-02,O,557
2024-07-03,A,321
2024-07-03,AB,67
2024-07-03,B,529
2024-07-03,O,601
2024-07-04,A,320
2024-07-04,AB,70
2024-07-04,B,554
2024-07-04,O,602
2024-07-05,A,312
2024-07-05,AB,77
2024-07-05,B,533
2024-07-05,O,583
2024-07-06,A,299
2024-07-06,AB,75
2024-07-06,B,465
2024-07-06,O,513
2024-07-07,A,321
2024-07-07,AB,68
2024-07-07,B,463
2024-07-07,O,520
2024-07-08,A,379
2024-07-08,AB,93
2024-07-08,B,510
2024-07-08,O,584
2024-07-09,A,332
2024-07-09,AB,93
2024-07-09,B,482
2024-07-09,O,523
2024-07-10,A,348
2024-07-10,AB,77
2024-07-10,B,494
2024-07-10,O,564
2024-07-11,A,333
2024-07-11,AB,84
2024-07-11,B,469
2024-07-11,O,532
2024-07-12,A,337
2024-07-12,AB,91
2024-07-12,B,489
2024-07-12,O,552
2024-07-13,A,283
2024-07-13,AB,79
2024-07-13,B,440
2024-07-13,O,531
2024-07-14,A,310
2024-07-14,AB,76
2024-07-14,B,450
2024-07-14,O,518
2024-07-15,A,343
2024-07-15,AB,76
2024-07-15,B,483
2024-07-15,O,621
2024-07-16,A,308
2024-07-16,AB,94
2024-07-16,B,451
2024-07-16,O,593
2024-07-17,A,345
2024-07-17,AB,84
2024-07-17,B,459
2024-07-17,O,595
2024-07-18,A,370
2024-07-18,AB,98
2024-07-18,B,467
2024-07-18,O,638
2024-07-19,A,398
2024-07-19,AB,97
2024-07-19,B,446
2024-07-19,O,593
2024-07-20,A,303
2024-07-20,AB,96
2024-07-20,B,482
2024-07-20,O,576
2024-07-21,A,355
2024-07-21,AB,71
2024-07-21,B,468
2024-07-21,O,590
2024-07-22,A,316
2024-07-22,AB,82
2024-07-22,B,468
2024-07-22,O,623
2024-07-23,A,354
2024-07-23,AB,86
2024-07-23,B,406
2024-07-23,O,564
2024-07-24,A,362
2024-07-24,AB,92
2024-07-24,B,480
2024-07-24,O,639
2024-07-25,A,383
2024-07-25,AB,98
2024-07-25,B,417
2024-07-25,O,630
2024-07-26,A,349
2024-07-26,AB,84
2024-07-26,B,480
2024-07-26,O,614
2024-07-27,A,376
2024-07-27,AB,89
2024-07-27,B,471
2024-07-27,O,622
2024-07-28,A,350
2024-07-28,AB,179
2024-07-28,B,454
2024-07-28,O,1232
2024-07-29,A,371
2024-07-29,AB,97
2024-07-29,B,452
2024-07-29,O,598
2024-07-30,A,374
2024-07-30,AB,106
2024-07-30,B,441
2024-07-30,O,1210
2024-07-31,A,368
2024-07-31,AB,96
2024-07-31,B,467
2024-07-31,O,577
2024-08-01,A,363
2024-08-01,AB,94
2024-08-01,B,469
2024-08-01,O,584
2024-08-02,A,401
2024-08-02,AB,86
2024-08-02,B,444
2024-08-02,O,639
2024-08-03,A,359
2024-08-03,AB,96
2024-08-03,B,426
2024-08-03,O,550
2024-08-04,A,378
2024-08-04,AB,95
2024-08-04,B,463
2024-08-04,O,618
2024-08-05,A,373
2024-08-05,AB,101
2024-08-05,B,453
2024-08-05,O,628
2024-08-06,A,400
2024-08-06,AB,91
2024-08-06,B,465
2024-08-06,O,632
2024-08-07,A,435
2024-08-07,AB,104
2024-08-07,B,474
2024-08-07,O,663
2024-08-08,A,377
2024-08-08,AB,115
2024-08-08,B,455
2024-08-08,O,642
2024-08-09,A,427
2024-08-09,AB,99
2024-08-09,B,461
2024-08-09,O,602
2024-08-10,A,372
2024-08-10,AB,73
2024-08-10,B,453
2024-08-10,O,645
2024-08-11,A,395
2024-08-11,AB,83
2024-08-11,B,435
2024-08-11,O,685
2024-08-12,A,413
2024-08-12,AB,86
2024-08-12,B,478
2024-08-12,O,632
2024-08-13,A,420
2024-08-13,AB,84
2024-08-13,B,498
2024-08-13,O,605
2024-08-14,A,394
2024-08-14,AB,77
2024-08-14,B,449
2024-08-14,O,621
2024-08-15,A,378
2024-08-15,AB,101
2024-08-15,B,458
2024-08-15,O,627
2024-08-16,A,413
2024-08-16,AB,82
2024-08-16,B,494
2024-08-16,O,651
2024-08-17,A,412
2024-08-17,AB,75
2024-08-17,B,440
2024-08-17,O,587
2024-08-18,A,436
2024-08-18,AB,74
2024-08-18,B,446
2024-08-18,O,589
2024-08-19,A,404
2024-08-19,AB,86
2024-08-19,B,477
2024-08-19,O,676
2024-08-20,A,385
2024-08-20,AB,95
2024-08-20,B,474
2024-08-20,O,614
2024-08-21,A,388
2024-08-21,AB,94
2024-08-21,B,467
2024-08-21,O,660
2024-08-22,A,372
2024-08-22,AB,106
2024-08-22,B,522
2024-08-22,O,594
2024-08-23,A,410
2024-08-23,AB,98
2024-08-23,B,488
2024-08-23,O,677
2024-08-24,A,372
2024-08-24,AB,89
2024-08-24,B,461
2024-08-24,O,598
2024-08-25,A,436
2024-08-25,AB,85
2024-08-25,B,517
2024-08-25,O,616
2024-08-26,A,373
2024-08-26,AB,92
2024-08-26,B,540
2024-08-26,O,688
2024-08-27,A,393
2024-08-27,AB,80
2024-08-27,B,489
2024-08-27,O,619
2024-08-28,A,410
2024-08-28,AB,109
2024-08-28,B,481
2024-08-28,O,669
2024-08-29,A,400
2024-08-29,AB,77
2024-08-29,B,493
2024-08-29,O,658
2024-08-30,A,442
2024-08-30,AB,97
2024-08-30,B,471
2024-08-30,O,691
2024-08-31,A,368
2024-08-31,AB,88
2024-08-31,B,464
2024-08-31,O,628
2024-09-01,A,400
2024-09-01,AB,105
2024-09-01,B,486
2024-09-01,O,636
2024-09-02,A,442
2024-09-02,AB,106
2024-09-02,B,433
2024-09-02,O,704
2024-09-03,A,397
2024-09-03,AB,101
2024-09-03,B,500
2024-09-03,O,704
2024-09-04,A,465
2024-09-04,AB,87
2024-09-04,B,511
2024-09-04,O,670
2024-09-05,A,414
2024-09-05,AB,98
2024-09-05,B,573
2024-09-05,O,741
2024-09-06,A,417
2024-09-06,AB,94
2024-09-06,B,491
2024-09-06,O,667
2024-09-07,A,392
2024-09-07,AB,89
2024-09-07,B,493
2024-09-07,O,669
2024-09-08,A,432
2024-09-08,AB,99
2024-09-08,B,463
2024-09-08,O,694
2024-09-09,A,422
2024-09-09,AB,106
2024-09-09,B,535
2024-09-09,O,720
2024-09-10,A,427
2024-09-10,AB,97
2024-09-10,B,467
2024-09-10,O,667
2024-09-11,A,457
2024-09-11,AB,120
2024-09-11,B,529
2024-09-11,O,716
2024-09-12,A,385
2024-09-12,AB,87
2024-09-12,B,502
2024-09-12,O,763
2024-09-13,A,451
2024-09-13,AB,84
2024-09-13,B,456
2024-09-13,O,733
2024-09-14,A,387
2024-09-14,AB,106
2024-09-14,B,444
2024-09-14,O,630
2024-09-15,A,425
2024-09-15,AB,91
2024-09-15,B,464
2024-09-15,O,708
2024-09-16,A,441
2024-09-16,AB,112
2024-09-16,B,517
2024-09-16,O,722
2024-09-17,A,430
2024-09-17,AB,80
2024-09-17,B,467
2024-09-17,O,658
2024-09-18,A,486
2024-09-18,AB,111
2024-09-18,B,465
2024-09-18,O,669
2024-09-19,A,433
2024-09-19,AB,84
2024-09-19,B,480
2024-09-19,O,717
2024-09-20,A,421
2024-09-20,AB,81
2024-09-20,B,473
2024-09-20,O,665
2024-09-21,A,418
2024-09-21,AB,85
2024-09-21,B,440
2024-09-21,O,621
2024-09-22,A,424
2024-09-22,AB,101
2024-09-22,B,493
2024-09-22,O,672
2024-09-23,A,1119
2024-09-23,AB,103
2024-09-23,B,503
2024-09-23,O,653
2024-09-24,A,439
2024-09-24,AB,97
2024-09-24,B,459
2024-09-24,O,715
2024-09-25,A,447
2024-09-25,AB,85
2024-09-25,B,499
2024-09-25,O,735
2024-09-26,A,438
2024-09-26,AB,76
2024-09-26,B,491
2024-09-26,O,671
2024-09-27,A,453
2024-09-27,AB,84
2024-09-27,B,497
2024-09-27,O,706
2024-09-28,A,416
2024-09-28,AB,85
2024-09-28,B,392
2024-09-28,O,662
2024-09-29,A,441
2024-09-29,AB,102
2024-09-29,B,448
2024-09-29,O,653
2024-09-30,A,420
2024-09-30,AB,94
2024-09-30,B,497
2024-09-30,O,653
2024-10-01,A,432
2024-10-01,AB,94
2024-10-01,B,437
2024-10-01,O,693
2024-10-02,A,441
2024-10-02,AB,91
2024-10-02,B,464
2024-10-02,O,715
2024-10-03,A,423
2024-10-03,AB,91
2024-10-03,B,462
2024-10-03,O,638
2024-10-04,A,412
2024-10-04,AB,78
2024-10-04,B,503
2024-10-04,O,733
2024-10-05,A,374
2024-10-05,AB,78
2024-10-05,B,476
2024-10-05,O,625
2024-10-06,A,420
2024-10-06,AB,79
2024-10-06,B,467
2024-10-06,O,639
2024-10-07,A,425
2024-10-07,AB,93
2024-10-07,B,508
2024-10-07,O,685
2024-10-08,A,422
2024-10-08,AB,90
2024-10-08,B,495
2024-10-08,O,679
2024-10-09,A,403
2024-10-09,AB,102
2024-10-09,B,851
2024-10-09,O,1212
2024-10-10,A,468
2024-10-10,AB,87
2024-10-10,B,486
2024-10-10,O,704
2024-10-11,A,426
2024-10-11,AB,82
2024-10-11,B,498
2024-10-11,O,673
2024-10-12,A,402
2024-10-12,AB,85
2024-10-12,B,420
2024-10-12,O,584
2024-10-13,A,433
2024-10-13,AB,82
2024-10-13,B,460
2024-10-13,O,702
2024-10-14,A,450
2024-10-14,AB,88
2024-10-14,B,526
2024-10-14,O,702
2024-10-15,A,443
2024-10-15,AB,79
2024-10-15,B,521
2024-10-15,O,739
2024-10-16,A,413
2024-10-16,AB,171
2024-10-16,B,498
2024-10-16,O,712
2024-10-17,A,445
2024-10-17,AB,69
2024-10-17,B,517
2024-10-17,O,696
2024-10-18,A,426
2024-10-18,AB,86
2024-10-18,B,457
2024-10-18,O,759
2024-10-19,A,461
2024-10-19,AB,80
2024-10-19,B,468
2024-10-19,O,717
2024-10-20,A,387
2024-10-20,AB,83
2024-10-20,B,483
2024-10-20,O,774
2024-10-21,A,461
2024-10-21,AB,96
2024-10-21,B,537
2024-10-21,O,762
2024-10-22,A,447
2024-10-22,AB,95
2024-10-22,B,521
2024-10-22,O,739
2024-10-23,A,449
2024-10-23,AB,85
2024-10-23,B,515
2024-10-23,O,801
2024-10-24,A,460
2024-10-24,AB,81
2024-10-24,B,539
2024-10-24,O,758
2024-10-25,A,456
2024-10-25,AB,105
2024-10-25,B,528
2024-10-25,O,800
2024-10-26,A,430
2024-10-26,AB,89
2024-10-26,B,500
2024-10-26,O,778
2024-10-27,A,1057
2024-10-27,AB,84
2024-10-27,B,472
2024-10-27,O,779
2024-10-28,A,457
2024-10-28,AB,84
2024-10-28,B,527
2024-10-28,O,809
2024-10-29,A,428
2024-10-29,AB,89
2024-10-29,B,463
2024-10-29,O,824
2024-10-30,A,479
2024-10-30,AB,88
2024-10-30,B,480
2024-10-30,O,753
2024-10-31,A,464
2024-10-31,AB,234
2024-10-31,B,482
2024-10-31,O,790
2024-11-01,A,436
2024-11-01,AB,97
2024-11-01,B,496
2024-11-01,O,757
2024-11-02,A,400
2024-11-02,AB,81
2024-11-02,B,468
2024-11-02,O,685
2024-11-03,A,1028
2024-11-03,AB,92
2024-11-03,B,463
2024-11-03,O,744
2024-11-04,A,436
2024-11-04,AB,78
2024-11-04,B,448
2024-11-04,O,799
2024-11-05,A,409
2024-11-05,AB,80
2024-11-05,B,471
2024-11-05,O,719
2024-11-06,A,437
2024-11-06,AB,100
2024-11-06,B,459
2024-11-06,O,719
2024-11-07,A,413
2024-11-07,AB,95
2024-11-07,B,453
2024-11-07,O,760
2024-11-08,A,423
2024-11-08,AB,96
2024-11-08,B,482
2024-11-08,O,713
2024-11-09,A,367
2024-11-09,AB,89
2024-11-09,B,446
2024-11-09,O,718
2024-11-10,A,414
2024-11-10,AB,89
2024-11-10,B,477
2024-11-10,O,710
2024-11-11,A,406
2024-11-11,AB,98
2024-11-11,B,521
2024-11-11,O,819
2024-11-12,A,360
2024-11-12,AB,95
2024-11-12,B,490
2024-11-12,O,736
2024-11-13,A,386
2024-11-13,AB,87
2024-11-13,B,464
2024-11-13,O,782
2024-11-14,A,401
2024-11-14,AB,91
2024-11-14,B,482
2024-11-14,O,748
2024-11-15,A,369
2024-11-15,AB,93
2024-11-15,B,494
2024-11-15,O,732
2024-11-16,A,377
2024-11-16,AB,84
2024-11-16,B,456
2024-11-16,O,769
2024-11-17,A,381
2024-11-17,AB,81
2024-11-17,B,491
2024-11-17,O,757
2024-11-18,A,414
2024-11-18,AB,104
2024-11-18,B,514
2024-11-18,O,774
2024-11-19,A,406
2024-11-19,AB,98
2024-11-19,B,457
2024-11-19,O,726
2024-11-20,A,439
2024-11-20,AB,87
2024-11-20,B,528
2024-11-20,O,740
2024-11-21,A,393
2024-11-21,AB,85
2024-11-21,B,459
2024-11-21,O,748
2024-11-22,A,384
2024-11-22,AB,81
2024-11-22,B,505
2024-11-22,O,734
2024-11-23,A,350
2024-11-23,AB,80
2024-11-23,B,446
2024-11-23,O,677
2024-11-24,A,337
2024-11-24,AB,83
2024-11-24,B,465
2024-11-24,O,702
2024-11-25,A,404
2024-11-25,AB,93
2024-11-25,B,475
2024-11-25,O,738
2024-11-26,A,415
2024-11-26,AB,83
2024-11-26,B,496
2024-11-26,O,739
2024-11-27,A,413
2024-11-27,AB,104
2024-11-27,B,502
2024-11-27,O,668
2024-11-28,A,392
2024-11-28,AB,90
2024-11-28,B,501
2024-11-28,O,664
2024-11-29,A,446
2024-11-29,AB,89
2024-11-29,B,448
2024-11-29,O,680
2024-11-30,A,339
2024-11-30,AB,92
2024-11-30,B,459
2024-11-30,O,629
2024-12-01,A,379
2024-12-01,AB,95
2024-12-01,B,414
2024-12-01,O,681
2024-12-02,A,372
2024-12-02,AB,103
2024-12-02,B,485
2024-12-02,O,675
2024-12-03,A,431
2024-12-03,AB,80
2024-12-03,B,483
2024-12-03,O,739
2024-12-04,A,361
2024-12-04,AB,87
2024-12-04,B,438
2024-12-04,O,679
2024-12-05,A,366
2024-12-05,AB,92
2024-12-05,B,466
2024-12-05,O,696
2024-12-06,A,415
2024-12-06,AB,77
2024-12-06,B,485
2024-12-06,O,720
2024-12-07,A,363
2024-12-07,AB,69
2024-12-07,B,486
2024-12-07,O,624
2024-12-08,A,370
2024-12-08,AB,103
2024-12-08,B,480
2024-12-08,O,666
2024-12-09,A,413
2024-12-09,AB,95
2024-12-09,B,511
2024-12-09,O,698
2024-12-10,A,346
2024-12-10,AB,89
2024-12-10,B,420
2024-12-10,O,716
2024-12-11,A,402
2024-12-11,AB,90
2024-12-11,B,458
2024-12-11,O,687
2024-12-12,A,378
2024-12-12,AB,88
2024-12-12,B,448
2024-12-12,O,722
2024-12-13,A,427
2024-12-13,AB,80
2024-12-13,B,465
2024-12-13,O,663
2024-12-14,A,357
2024-12-14,AB,80
2024-12-14,B,428
2024-12-14,O,649
2024-12-15,A,381
2024-12-15,AB,94
2024-12-15,B,448
2024-12-15,O,618
2024-12-16,A,396
2024-12-16,AB,85
2024-12-16,B,468
2024-12-16,O,693
2024-12-17,A,374
2024-12-17,AB,99
2024-12-17,B,450
2024-12-17,O,673
2024-12-18,A,404
2024-12-18,AB,89
2024-12-18,B,432
2024-12-18,O,657
2024-12-19,A,380
2024-12-19,AB,171
2024-12-19,B,474
2024-12-19,O,640
2024-12-20,A,384
2024-12-20,AB,75
2024-12-20,B,424
2024-12-20,O,634
2024-12-21,A,974
2024-12-21,AB,51
2024-12-21,B,371
2024-12-21,O,591
2024-12-22,A,379
2024-12-22,AB,84
2024-12-22,B,393
2024-12-22,O,572
2024-12-23,A,425
2024-12-23,AB,84
2024-12-23,B,422
2024-12-23,O,661
2024-12-24,A,422
2024-12-24,AB,79
2024-12-24,B,402
2024-12-24,O,658
2024-12-25,A,405
2024-12-25,AB,84
2024-12-25,B,965
2024-12-25,O,622
2024-12-26,A,381
2024-12-26,AB,83
2024-12-26,B,416
2024-12-26,O,587
2024-12-27,A,385
2024-12-27,AB,80
2024-12-27,B,445
2024-12-27,O,685
2024-12-28,A,357
2024-12-28,AB,79
2024-12-28,B,368
2024-12-28,O,578
2024-12-29,A,367
2024-12-29,AB,81
2024-12-29,B,415
2024-12-29,O,604
2024-12-30,A,443
2024-12-30,AB,92
2024-12-30,B,391
2024-12-30,O,661
2024-12-31,A,411
2024-12-31,AB,88
2024-12-31,B,408
2024-12-31,O,673
2025-01-01,A,410
2025-01-01,AB,79
2025-01-01,B,405
2025-01-01,O,596
2025-01-02,A,403
2025-01-02,AB,97
2025-01-02,B,407
2025-01-02,O,642
2025-01-03,A,420
2025-01-03,AB,87
2025-01-03,B,381
2025-01-03,O,653
2025-01-04,A,378
2025-01-04,AB,78
2025-01-04,B,374
2025-01-04,O,544
2025-01-05,A,361
2025-01-05,AB,84
2025-01-05,B,411
2025-01-05,O,634
2025-01-06,A,441
2025-01-06,AB,89
2025-01-06,B,412
2025-01-06,O,1729
2025-01-07,A,416
2025-01-07,AB,87
2025-01-07,B,417
2025-01-07,O,630
2025-01-08,A,382
2025-01-08,AB,97
2025-01-08,B,393
2025-01-08,O,639
2025-01-09,A,363
2025-01-09,AB,80
2025-01-09,B,363
2025-01-09,O,638
2025-01-10,A,382
2025-01-10,AB,80
2025-01-10,B,384
2025-01-10,O,966
2025-01-11,A,345
2025-01-11,AB,87
2025-01-11,B,349
2025-01-11,O,543
2025-01-12,A,334
2025-01-12,AB,68
2025-01-12,B,354
2025-01-12,O,582
2025-01-13,A,386
2025-01-13,AB,87
2025-01-13,B,359
2025-01-13,O,642
2025-01-14,A,370
2025-01-14,AB,87
2025-01-14,B,395
2025-01-14,O,645
2025-01-15,A,396
2025-01-15,AB,99
2025-01-15,B,396
2025-01-15,O,642
2025-01-16,A,371
2025-01-16,AB,96
2025-01-16,B,347
2025-01-16,O,682
2025-01-17,A,353
2025-01-17,AB,80
2025-01-17,B,384
2025-01-17,O,629
2025-01-18,A,338
2025-01-18,AB,75
2025-01-18,B,373
2025-01-18,O,567
2025-01-19,A,324
2025-01-19,AB,103
2025-01-19,B,337
2025-01-19,O,613
2025-01-20,A,385
2025-01-20,AB,82
2025-01-20,B,354
2025-01-20,O,672
2025-01-21,A,349
2025-01-21,AB,100
2025-01-21,B,367
2025-01-21,O,598
2025-01-22,A,343
2025-01-22,AB,107
2025-01-22,B,359
2025-01-22,O,632
2025-01-23,A,340
2025-01-23,AB,78
2025-01-23,B,414
2025-01-23,O,644
2025-01-24,A,331
2025-01-24,AB,91
2025-01-24,B,386
2025-01-24,O,625
2025-01-25,A,306
2025-01-25,AB,83
2025-01-25,B,366
2025-01-25,O,541
2025-01-26,A,337
2025-01-26,AB,66
2025-01-26,B,376
2025-01-26,O,585
2025-01-27,A,344
2025-01-27,AB,92
2025-01-27,B,383
2025-01-27,O,618
2025-01-28,A,365
2025-01-28,AB,84
2025-01-28,B,364
2025-01-28,O,576
2025-01-29,A,313
2025-01-29,AB,73
2025-01-29,B,327
2025-01-29,O,569
2025-01-30,A,341
2025-01-30,AB,85
2025-01-30,B,350
2025-01-30,O,626
2025-01-31,A,308
2025-01-31,AB,98
2025-01-31,B,347
2025-01-31,O,548
2025-02-01,A,262
2025-02-01,AB,72
2025-02-01,B,325
2025-02-01,O,487
2025-02-02,A,276
2025-02-02,AB,83
2025-02-02,B,345
2025-02-02,O,530
2025-02-03,A,349
2025-02-03,AB,93
2025-02-03,B,380
2025-02-03,O,555
2025-02-04,A,298
2025-02-04,AB,81
2025-02-04,B,332
2025-02-04,O,547
2025-02-05,A,294
2025-02-05,AB,64
2025-02-05,B,360
2025-02-05,O,529
2025-02-06,A,331
2025-02-06,AB,80
2025-02-06,B,342
2025-02-06,O,544
2025-02-07,A,347
2025-02-07,AB,74
2025-02-07,B,388
2025-02-07,O,515
2025-02-08,A,305
2025-02-08,AB,66
2025-02-08,B,284
2025-02-08,O,519
2025-02-09,A,314
2025-02-09,AB,68
2025-02-09,B,352
2025-02-09,O,534
2025-02-10,A,352
2025-02-10,AB,64
2025-02-10,B,396
2025-02-10,O,580
2025-02-11,A,301
2025-02-11,AB,59
2025-02-11,B,421
2025-02-11,O,539
2025-02-12,A,314
2025-02-12,AB,159
2025-02-12,B,344
2025-02-12,O,501
2025-02-13,A,325
2025-02-13,AB,86
2025-02-13,B,381
2025-02-13,O,529
2025-02-14,A,327
2025-02-14,AB,79
2025-02-14,B,336
2025-02-14,O,516
2025-02-15,A,294
2025-02-15,AB,83
2025-02-15,B,348
2025-02-15,O,502
2025-02-16,A,305
2025-02-16,AB,77
2025-02-16,B,363
2025-02-16,O,555
2025-02-17,A,341
2025-02-17,AB,90
2025-02-17,B,438
2025-02-17,O,566
2025-02-18,A,309
2025-02-18,AB,94
2025-02-18,B,394
2025-02-18,O,617
2025-02-19,A,314
2025-02-19,AB,75
2025-02-19,B,432
2025-02-19,O,603
2025-02-20,A,368
2025-02-20,AB,91
2025-02-20,B,432
2025-02-20,O,590
2025-02-21,A,354
2025-02-21,AB,95
2025-02-21,B,406
2025-02-21,O,583
2025-02-22,A,324
2025-02-22,AB,87
2025-02-22,B,355
2025-02-22,O,538
2025-02-23,A,318
2025-02-23,AB,64
2025-02-23,B,387
2025-02-23,O,558
2025-02-24,A,392
2025-02-24,AB,102
2025-02-24,B,417
2025-02-24,O,573
2025-02-25,A,432
2025-02-25,AB,86
2025-02-25,B,423
2025-02-25,O,632
2025-02-26,A,362
2025-02-26,AB,89
2025-02-26,B,428
2025-02-26,O,627
2025-02-27,A,374
2025-02-27,AB,106
2025-02-27,B,441
2025-02-27,O,649
2025-02-28,A,437
2025-02-28,AB,100
2025-02-28,B,488
2025-02-28,O,651
2025-03-01,A,383
2025-03-01,AB,133
2025-03-01,B,421
2025-03-01,O,581
2025-03-02,A,396
2025-03-02,AB,104
2025-03-02,B,401
2025-03-02,O,635
2025-03-03,A,379
2025-03-03,AB,105
2025-03-03,B,443
2025-03-03,O,665
2025-03-04,A,423
2025-03-04,AB,123
2025-03-04,B,439
2025-03-04,O,674
2025-03-05,A,391
2025-03-05,AB,102
2025-03-05,B,473
2025-03-05,O,614
2025-03-06,A,384
2025-03-06,AB,103
2025-03-06,B,449
2025-03-06,O,667
2025-03-07,A,366
2025-03-07,AB,110
2025-03-07,B,432
2025-03-07,O,583
2025-03-08,A,356
2025-03-08,AB,78
2025-03-08,B,395
2025-03-08,O,516
2025-03-09,A,362
2025-03-09,AB,89
2025-03-09,B,433
2025-03-09,O,582
2025-03-10,A,414
2025-03-10,AB,86
2025-03-10,B,424
2025-03-10,O,627
2025-03-11,A,370
2025-03-11,AB,77
2025-03-11,B,449
2025-03-11,O,606
2025-03-12,A,386
2025-03-12,AB,94
2025-03-12,B,422
2025-03-12,O,585
2025-03-13,A,351
2025-03-13,AB,91
2025-03-13,B,423
2025-03-13,O,579
2025-03-14,A,348
2025-03-14,AB,78
2025-03-14,B,390
2025-03-14,O,568
2025-03-15,A,315
2025-03-15,AB,63
2025-03-15,B,346
2025-03-15,O,505
2025-03-16,A,380
2025-03-16,AB,72
2025-03-16,B,354
2025-03-16,O,518
2025-03-17,A,403
2025-03-17,AB,90
2025-03-17,B,405
2025-03-17,O,577
2025-03-18,A,377
2025-03-18,AB,74
2025-03-18,B,330
2025-03-18,O,572
2025-03-19,A,407
2025-03-19,AB,94
2025-03-19,B,320
2025-03-19,O,556
2025-03-20,A,359
2025-03-20,AB,79
2025-03-20,B,341
2025-03-20,O,538
2025-03-21,A,317
2025-03-21,AB,80
2025-03-21,B,340
2025-03-21,O,558
2025-03-22,A,316
2025-03-22,AB,67
2025-03-22,B,299
2025-03-22,O,459
2025-03-23,A,357
2025-03-23,AB,83
2025-03-23,B,298
2025-03-23,O,478
2025-03-24,A,339
2025-03-24,AB,76
2025-03-24,B,326
2025-03-24,O,583
2025-03-25,A,307
2025-03-25,AB,74
2025-03-25,B,303
2025-03-25,O,533
2025-03-26,A,314
2025-03-26,AB,70
2025-03-26,B,306
2025-03-26,O,477
2025-03-27,A,315
2025-03-27,AB,76
2025-03-27,B,314
2025-03-27,O,528
2025-03-28,A,287
2025-03-28,AB,78
2025-03-28,B,298
2025-03-28,O,457
2025-03-29,A,266
2025-03-29,AB,60
2025-03-29,B,218
2025-03-29,O,407
2025-03-30,A,287
2025-03-30,AB,55
2025-03-30,B,277
2025-03-30,O,408
2025-03-31,A,273
2025-03-31,AB,61
2025-03-31,B,263
2025-03-31,O,417
2025-04-01,A,283
2025-04-01,AB,54
2025-04-01,B,253
2025-04-01,O,406
2025-04-02,A,249
2025-04-02,AB,62
2025-04-02,B,268
2025-04-02,O,450
2025-04-03,A,257
2025-04-03,AB,74
2025-04-03,B,267
2025-04-03,O,435
2025-04-04,A,254
2025-04-04,AB,53
2025-04-04,B,271
2025-04-04,O,416
2025-04-05,A,239
2025-04-05,AB,55
2025-04-05,B,257
2025-04-05,O,405
2025-04-06,A,209
2025-04-06,AB,63
2025-04-06,B,289
2025-04-06,O,381
2025-04-07,A,239
2025-04-07,AB,65
2025-04-07,B,274
2025-04-07,O,457
2025-04-08,A,244
2025-04-08,AB,72
2025-04-08,B,277
2025-04-08,O,454
2025-04-09,A,261
2025-04-09,AB,68
2025-04-09,B,289
2025-04-09,O,449
2025-04-10,A,274
2025-04-10,AB,61
2025-04-10,B,316
2025-04-10,O,485
2025-04-11,A,292
2025-04-11,AB,72
2025-04-11,B,311
2025-04-11,O,458
2025-04-12,A,217
2025-04-12,AB,65
2025-04-12,B,283
2025-04-12,O,434
2025-04-13,A,259
2025-04-13,AB,60
2025-04-13,B,309
2025-04-13,O,1126
2025-04-14,A,271
2025-04-14,AB,58
2025-04-14,B,308
2025-04-14,O,481
2025-04-15,A,267
2025-04-15,AB,70
2025-04-15,B,314
2025-04-15,O,446
2025-04-16,A,262
2025-04-16,AB,65
2025-04-16,B,322
2025-04-16,O,498
2025-04-17,A,298
2025-04-17,AB,76
2025-04-17,B,319
2025-04-17,O,501
2025-04-18,A,267
2025-04-18,AB,63
2025-04-18,B,330
2025-04-18,O,430
2025-04-19,A,270
2025-04-19,AB,64
2025-04-19,B,300
2025-04-19,O,434
2025-04-20,A,300
2025-04-20,AB,60
2025-04-20,B,344
2025-04-20,O,480
2025-04-21,A,322
2025-04-21,AB,73
2025-04-21,B,319
2025-04-21,O,502
2025-04-22,A,324
2025-04-22,AB,67
2025-04-22,B,337
2025-04-22,O,489
2025-04-23,A,309
2025-04-23,AB,79
2025-04-23,B,363
2025-04-23,O,539
2025-04-24,A,280
2025-04-24,AB,84
2025-04-24,B,324
2025-04-24,O,519
2025-04-25,A,306
2025-04-25,AB,79
2025-04-25,B,351
2025-04-25,O,508
2025-04-26,A,275
2025-04-26,AB,51
2025-04-26,B,350
2025-04-26,O,486
2025-04-27,A,338
2025-04-27,AB,69
2025-04-27,B,357
2025-04-27,O,512
2025-04-28,A,357
2025-04-28,AB,76
2025-04-28,B,405
2025-04-28,O,554
2025-04-29,A,335
2025-04-29,AB,70
2025-04-29,B,414
2025-04-29,O,606
2025-04-30,A,318
2025-04-30,AB,84
2025-04-30,B,444
2025-04-30,O,597
2025-05-01,A,367
2025-05-01,AB,90
2025-05-01,B,443
2025-05-01,O,621
2025-05-02,A,371
2025-05-02,AB,101
2025-05-02,B,491
2025-05-02,O,606
2025-05-03,A,355
2025-05-03,AB,92
2025-05-03,B,499
2025-05-03,O,540
2025-05-04,A,384
2025-05-04,AB,91
2025-05-04,B,441
2025-05-04,O,611
2025-05-05,A,367
2025-05-05,AB,87
2025-05-05,B,481
2025-05-05,O,689
2025-05-06,A,357
2025-05-06,AB,76
2025-05-06,B,475
2025-05-06,O,617
2025-05-07,A,387
2025-05-07,AB,100
2025-05-07,B,1000
2025-05-07,O,622
2025-05-08,A,333
2025-05-08,AB,85
2025-05-08,B,468
2025-05-08,O,624
2025-05-09,A,341
2025-05-09,AB,74
2025-05-09,B,443
2025-05-09,O,646
2025-05-10,A,284
2025-05-10,AB,66
2025-05-10,B,433
2025-05-10,O,621
2025-05-11,A,336
2025-05-11,AB,75
2025-05-11,B,453
2025-05-11,O,610
2025-05-12,A,335
2025-05-12,AB,95
2025-05-12,B,551
2025-05-12,O,659
2025-05-13,A,365
2025-05-13,AB,80
2025-05-13,B,499
2025-05-13,O,605
2025-05-14,A,379
2025-05-14,AB,101
2025-05-14,B,518
2025-05-14,O,656
2025-05-15,A,346
2025-05-15,AB,89
2025-05-15,B,496
2025-05-15,O,638
2025-05-16,A,331
2025-05-16,AB,80
2025-05-16,B,489
2025-05-16,O,653
2025-05-17,A,305
2025-05-17,AB,89
2025-05-17,B,437
2025-05-17,O,570
2025-05-18,A,317
2025-05-18,AB,84
2025-05-18,B,500
2025-05-18,O,565
2025-05-19,A,330
2025-05-19,AB,97
2025-05-19,B,501
2025-05-19,O,580
2025-05-20,A,320
2025-05-20,AB,83
2025-05-20,B,456
2025-05-20,O,604
2025-05-21,A,329
2025-05-21,AB,90
2025-05-21,B,510
2025-05-21,O,634
2025-05-22,A,325
2025-05-22,AB,78
2025-05-22,B,488
2025-05-22,O,676
2025-05-23,A,326
2025-05-23,AB,96
2025-05-23,B,492
2025-05-23,O,627
2025-05-24,A,340
2025-05-24,AB,70
2025-05-24,B,491
2025-05-24,O,573
2025-05-25,A,309
2025-05-25,AB,83
2025-05-25,B,507
2025-05-25,O,580
2025-05-26,A,338
2025-05-26,AB,90
2025-05-26,B,527
2025-05-26,O,676
2025-05-27,A,376
2025-05-27,AB,90
2025-05-27,B,505
2025-05-27,O,586
2025-05-28,A,350
2025-05-28,AB,110
2025-05-28,B,503
2025-05-28,O,612
2025-05-29,A,380
2025-05-29,AB,86
2025-05-29,B,506
2025-05-29,O,656
2025-05-30,A,372
2025-05-30,AB,101
2025-05-30,B,489
2025-05-30,O,645
2025-05-31,A,350
2025-05-31,AB,75
2025-05-31,B,406
2025-05-31,O,595
2025-06-01,A,339
2025-06-01,AB,93
2025-06-01,B,473
2025-06-01,O,572
2025-06-02,A,397
2025-06-02,AB,87
2025-06-02,B,463
2025-06-02,O,623
2025-06-03,A,352
2025-06-03,AB,95
2025-06-03,B,470
2025-06-03,O,617
2025-06-04,A,362
2025-06-04,AB,98
2025-06-04,B,485
2025-06-04,O,599
2025-06-05,A,367
2025-06-05,AB,91
2025-06-05,B,481
2025-06-05,O,631
2025-06-06,A,341
2025-06-06,AB,101
2025-06-06,B,460
2025-06-06,O,561
2025-06-07,A,577
2025-06-07,AB,54
2025-06-07,B,407
2025-06-07,O,496
2025-06-08,A,320
2025-06-08,AB,68
2025-06-08,B,886
2025-06-08,O,543
2025-06-09,A,366
2025-06-09,AB,87
2025-06-09,B,419
2025-06-09,O,514
2025-06-10,A,360
2025-06-10,AB,85
2025-06-10,B,443
2025-06-10,O,566
2025-06-11,A,373
2025-06-11,AB,64
2025-06-11,B,377
2025-06-11,O,548
2025-06-12,A,325
2025-06-12,AB,62
2025-06-12,B,403
2025-06-12,O,554
2025-06-13,A,358
2025-06-13,AB,69
2025-06-13,B,426
2025-06-13,O,544
2025-06-14,A,337
2025-06-14,AB,60
2025-06-14,B,377
2025-06-14,O,498
2025-06-15,A,334
2025-06-15,AB,77
2025-06-15,B,424
2025-06-15,O,553
2025-06-16,A,366
2025-06-16,AB,79
2025-06-16,B,484
2025-06-16,O,541
2025-06-17,A,381
2025-06-17,AB,94
2025-06-17,B,419
2025-06-17,O,579
2025-06-18,A,368
2025-06-18,AB,59
2025-06-18,B,436
2025-06-18,O,541
2025-06-19,A,374
2025-06-19,AB,82
2025-06-19,B,439
2025-06-19,O,582
2025-06-20,A,343
2025-06-20,AB,70
2025-06-20,B,445
2025-06-20,O,549
2025-06-21,A,368
2025-06-21,AB,74
2025-06-21,B,408
2025-06-21,O,524
2025-06-22,A,399
2025-06-22,AB,83
2025-06-22,B,433
2025-06-22,O,545
2025-06-23,A,445
2025-06-23,AB,90
2025-06-23,B,431
2025-06-23,O,625
2025-06-24,A,368
2025-06-24,AB,75
2025-06-24,B,417
2025-06-24,O,539
2025-06-25,A,426
2025-06-25,AB,99
2025-06-25,B,441
2025-06-25,O,584
2025-06-26,A,397
2025-06-26,AB,75
2025-06-26,B,390
2025-06-26,O,573
2025-06-27,A,362
2025-06-27,AB,84
2025-06-27,B,420
2025-06-27,O,569
2025-06-28,A,350
2025-06-28,AB,68
2025-06-28,B,415
2025-06-28,O,567
2025-06-29,A,337
2025-06-29,AB,67
2025-06-29,B,433
2025-06-29,O,500
2025-06-30,A,386
2025-06-30,AB,70
2025-06-30,B,413
2025-06-30,O,618
2025-07-01,A,364
2025-07-01,AB,83
2025-07-01,B,432
2025-07-01,O,628
2025-07-02,A,366
2025-07-02,AB,90
2025-07-02,B,388
2025-07-02,O,605
2025-07-03,A,403
2025-07-03,AB,89
2025-07-03,B,461
2025-07-03,O,585
2025-07-04,A,623
2025-07-04,AB,88
2025-07-04,B,467
2025-07-04,O,606
2025-07-05,A,383
2025-07-05,AB,93
2025-07-05,B,447
2025-07-05,O,566
2025-07-06,A,384
2025-07-06,AB,90
2025-07-06,B,439
2025-07-06,O,540
2025-07-07,A,407
2025-07-07,AB,83
2025-07-07,B,457
2025-07-07,O,626
2025-07-08,A,427
2025-07-08,AB,73
2025-07-08,B,425
2025-07-08,O,626
2025-07-09,A,441
2025-07-09,AB,101
2025-07-09,B,482
2025-07-09,O,655
2025-07-10,A,445
2025-07-10,AB,101
2025-07-10,B,479
2025-07-10,O,621
2025-07-11,A,395
2025-07-11,AB,73
2025-07-11,B,506
2025-07-11,O,624
2025-07-12,A,411
2025-07-12,AB,79
2025-07-12,B,450
2025-07-12,O,566
2025-07-13,A,459
2025-07-13,AB,111
2025-07-13,B,453
2025-07-13,O,570
2025-07-14,A,444
2025-07-14,AB,84
2025-07-14,B,467
2025-07-14,O,665
2025-07-15,A,412
2025-07-15,AB,96
2025-07-15,B,488
2025-07-15,O,618
2025-07-16,A,445
2025-07-16,AB,83
2025-07-16,B,473
2025-07-16,O,604
2025-07-17,A,433
2025-07-17,AB,78
2025-07-17,B,459
2025-07-17,O,619
2025-07-18,A,376
2025-07-18,AB,89
2025-07-18,B,471
2025-07-18,O,611
2025-07-19,A,399
2025-07-19,AB,69
2025-07-19,B,416
2025-07-19,O,574
2025-07-20,A,364
2025-07-20,AB,74
2025-07-20,B,455
2025-07-20,O,609
2025-07-21,A,457
2025-07-21,AB,92
2025-07-21,B,451
2025-07-21,O,647
2025-07-22,A,382
2025-07-22,AB,73
2025-07-22,B,492
2025-07-22,O,582
2025-07-23,A,435
2025-07-23,AB,85
2025-07-23,B,493
2025-07-23,O,641
2025-07-24,A,395
2025-07-24,AB,73
2025-07-24,B,457
2025-07-24,O,604
2025-07-25,A,385
2025-07-25,AB,76
2025-07-25,B,471
2025-07-25,O,611
2025-07-26,A,350
2025-07-26,AB,79
2025-07-26,B,415
2025-07-26,O,561
2025-07-27,A,375
2025-07-27,AB,76
2025-07-27,B,405
2025-07-27,O,625
2025-07-28,A,456
2025-07-28,AB,85
2025-07-28,B,520
2025-07-28,O,619
2025-07-29,A,390
2025-07-29,AB,91
2025-07-29,B,443
2025-07-29,O,695
2025-07-30,A,374
2025-07-30,AB,79
2025-07-30,B,462
2025-07-30,O,650
2025-07-31,A,443
2025-07-31,AB,93
2025-07-31,B,471
2025-07-31,O,632
2025-08-01,A,409
2025-08-01,AB,101
2025-08-01,B,459
2025-08-01,O,645
2025-08-02,A,381
2025-08-02,AB,76
2025-08-02,B,453
2025-08-02,O,634
2025-08-03,A,414
2025-08-03,AB,73
2025-08-03,B,453
2025-08-03,O,621
2025-08-04,A,426
2025-08-04,AB,99
2025-08-04,B,440
2025-08-04,O,648
2025-08-05,A,414
2025-08-05,AB,94
2025-08-05,B,457
2025-08-05,O,644
2025-08-06,A,380
2025-08-06,AB,83
2025-08-06,B,435
2025-08-06,O,666
2025-08-07,A,385
2025-08-07,AB,84
2025-08-07,B,442
2025-08-07,O,646
2025-08-08,A,397
2025-08-08,AB,103
2025-08-08,B,446
2025-08-08,O,653
2025-08-09,A,388
2025-08-09,AB,83
2025-08-09,B,458
2025-08-09,O,615
2025-08-10,A,426
2025-08-10,AB,98
2025-08-10,B,444
2025-08-10,O,621
2025-08-11,A,430
2025-08-11,AB,88
2025-08-11,B,484
2025-08-11,O,667
2025-08-12,A,383
2025-08-12,AB,96
2025-08-12,B,454
2025-08-12,O,654
2025-08-13,A,453
2025-08-13,AB,99
2025-08-13,B,406
2025-08-13,O,720
2025-08-14,A,440
2025-08-14,AB,86
2025-08-14,B,463
2025-08-14,O,685
2025-08-15,A,419
2025-08-15,AB,93
2025-08-15,B,421
2025-08-15,O,701
2025-08-16,A,396
2025-08-16,AB,80
2025-08-16,B,409
2025-08-16,O,601
2025-08-17,A,408
2025-08-17,AB,102
2025-08-17,B,386
2025-08-17,O,680
2025-08-18,A,432
2025-08-18,AB,100
2025-08-18,B,480
2025-08-18,O,721
2025-08-19,A,431
2025-08-19,AB,86
2025-08-19,B,440
2025-08-19,O,696
2025-08-20,A,430
2025-08-20,AB,93
2025-08-20,B,435
2025-08-20,O,688
2025-08-21,A,456
2025-08-21,AB,111
2025-08-21,B,441
2025-08-21,O,710
2025-08-22,A,446
2025-08-22,AB,103
2025-08-22,B,452
2025-08-22,O,704
2025-08-23,A,408
2025-08-23,AB,98
2025-08-23,B,455
2025-08-23,O,655
2025-08-24,A,440
2025-08-24,AB,89
2025-08-24,B,447
2025-08-24,O,664
2025-08-25,A,448
2025-08-25,AB,108
2025-08-25,B,475
2025-08-25,O,748
2025-08-26,A,426
2025-08-26,AB,100
2025-08-26,B,450
2025-08-26,O,1503
2025-08-27,A,443
2025-08-27,AB,108
2025-08-27,B,473
2025-08-27,O,684
2025-08-28,A,459
2025-08-28,AB,108
2025-08-28,B,472
2025-08-28,O,734
2025-08-29,A,387
2025-08-29,AB,99
2025-08-29,B,453
2025-08-29,O,782
2025-08-30,A,399
2025-08-30,AB,88
2025-08-30,B,452
2025-08-30,O,724
2025-08-31,A,449
2025-08-31,AB,98
2025-08-31,B,491
2025-08-31,O,727
2025-09-01,A,445
2025-09-01,AB,100
2025-09-01,B,455
2025-09-01,O,743
2025-09-02,A,444
2025-09-02,AB,114
2025-09-02,B,481
2025-09-02,O,722
2025-09-03,A,410
2025-09-03,AB,106
2025-09-03,B,450
2025-09-03,O,748
2025-09-04,A,468
2025-09-04,AB,112
2025-09-04,B,507
2025-09-04,O,753
2025-09-05,A,466
2025-09-05,AB,98
2025-09-05,B,451
2025-09-05,O,719
2025-09-06,A,383
2025-09-06,AB,98
2025-09-06,B,419
2025-09-06,O,685
2025-09-07,A,434
2025-09-07,AB,109
2025-09-07,B,463
2025-09-07,O,709
2025-09-08,A,458
2025-09-08,AB,102
2025-09-08,B,487
2025-09-08,O,788
2025-09-09,A,391
2025-09-09,AB,104
2025-09-09,B,434
2025-09-09,O,693
2025-09-10,A,406
2025-09-10,AB,117
2025-09-10,B,484
2025-09-10,O,757
2025-09-11,A,419
2025-09-11,AB,99
2025-09-11,B,433
2025-09-11,O,756
2025-09-12,A,401
2025-09-12,AB,114
2025-09-12,B,466
2025-09-12,O,745
2025-09-13,A,405
2025-09-13,AB,91
2025-09-13,B,422
2025-09-13,O,701
2025-09-14,A,353
2025-09-14,AB,99
2025-09-14,B,433
2025-09-14,O,672
2025-09-15,A,397
2025-09-15,AB,84
2025-09-15,B,519
2025-09-15,O,765
2025-09-16,A,422
2025-09-16,AB,102
2025-09-16,B,471
2025-09-16,O,738
2025-09-17,A,412
2025-09-17,AB,102
2025-09-17,B,490
2025-09-17,O,759
2025-09-18,A,382
2025-09-18,AB,102
2025-09-18,B,483
2025-09-18,O,763
2025-09-19,A,402
2025-09-19,AB,97
2025-09-19,B,470
2025-09-19,O,743
2025-09-20,A,368
2025-09-20,AB,81
2025-09-20,B,436
2025-09-20,O,723
2025-09-21,A,391
2025-09-21,AB,93
2025-09-21,B,475
2025-09-21,O,753
2025-09-22,A,400
2025-09-22,AB,110
2025-09-22,B,462
2025-09-22,O,753
2025-09-23,A,392
2025-09-23,AB,97
2025-09-23,B,467
2025-09-23,O,738
2025-09-24,A,367
2025-09-24,AB,123
2025-09-24,B,469
2025-09-24,O,752
2025-09-25,A,403
2025-09-25,AB,95
2025-09-25,B,508
2025-09-25,O,765
2025-09-26,A,364
2025-09-26,AB,84
2025-09-26,B,483
2025-09-26,O,694
2025-09-27,A,326
2025-09-27,AB,92
2025-09-27,B,463
2025-09-27,O,684
2025-09-28,A,351
2025-09-28,AB,101
2025-09-28,B,465
2025-09-28,O,718
2025-09-29,A,403
2025-09-29,AB,85
2025-09-29,B,474
2025-09-29,O,754
2025-09-30,A,410
2025-09-30,AB,97
2025-09-30,B,456
2025-09-30,O,727
2025-10-01,A,393
2025-10-01,AB,89
2025-10-01,B,511
2025-10-01,O,689
2025-10-02,A,832
2025-10-02,AB,116
2025-10-02,B,513
2025-10-02,O,690
2025-10-03,A,406
2025-10-03,AB,97
2025-10-03,B,479
2025-10-03,O,772
2025-10-04,A,369
2025-10-04,AB,87
2025-10-04,B,460
2025-10-04,O,714
2025-10-05,A,398
2025-10-05,AB,95
2025-10-05,B,465
2025-10-05,O,711
2025-10-06,A,419
2025-10-06,AB,94
2025-10-06,B,511
2025-10-06,O,795
2025-10-07,A,423
2025-10-07,AB,90
2025-10-07,B,1127
2025-10-07,O,723
2025-10-08,A,423
2025-10-08,AB,103
2025-10-08,B,472
2025-10-08,O,759
2025-10-09,A,447
2025-10-09,AB,109
2025-10-09,B,457
2025-10-09,O,712
2025-10-10,A,378
2025-10-10,AB,100
2025-10-10,B,443
2025-10-10,O,719
2025-10-11,A,353
2025-10-11,AB,94
2025-10-11,B,426
2025-10-11,O,677
2025-10-12,A,373
2025-10-12,AB,92
2025-10-12,B,455
2025-10-12,O,680
2025-10-13,A,442
2025-10-13,AB,99
2025-10-13,B,496
2025-10-13,O,719
2025-10-14,A,419
2025-10-14,AB,119
2025-10-14,B,420
2025-10-14,O,783
2025-10-15,A,392
2025-10-15,AB,95
2025-10-15,B,451
2025-10-15,O,779
2025-10-16,A,437
2025-10-16,AB,83
2025-10-16,B,450
2025-10-16,O,733
2025-10-17,A,397
2025-10-17,AB,91
2025-10-17,B,420
2025-10-17,O,737
2025-10-18,A,392
2025-10-18,AB,96
2025-10-18,B,442
2025-10-18,O,686
2025-10-19,A,396
2025-10-19,AB,70
2025-10-19,B,419
2025-10-19,O,673
2025-10-20,A,430
2025-10-20,AB,94
2025-10-20,B,484
2025-10-20,O,743
2025-10-21,A,422
2025-10-21,AB,109
2025-10-21,B,467
2025-10-21,O,681
2025-10-22,A,418
2025-10-22,AB,99
2025-10-22,B,512
2025-10-22,O,733
2025-10-23,A,856
2025-10-23,AB,92
2025-10-23,B,473
2025-10-23,O,740
2025-10-24,A,430
2025-10-24,AB,76
2025-10-24,B,462
2025-10-24,O,717
2025-10-25,A,386
2025-10-25,AB,94
2025-10-25,B,411
2025-10-25,O,612
2025-10-26,A,398
2025-10-26,AB,84
2025-10-26,B,456
2025-10-26,O,699
2025-10-27,A,445
2025-10-27,AB,83
2025-10-27,B,460
2025-10-27,O,741
2025-10-28,A,441
2025-10-28,AB,84
2025-10-28,B,470
2025-10-28,O,712
2025-10-29,A,438
2025-10-29,AB,87
2025-10-29,B,447
2025-10-29,O,709
2025-10-30,A,439
2025-10-30,AB,88
2025-10-30,B,447
2025-10-30,O,708
2025-10-31,A,432
2025-10-31,AB,62
2025-10-31,B,426
2025-10-31,O,701
2025-11-01,A,435
2025-11-01,AB,89
2025-11-01,B,393
2025-11-01,O,670
2025-11-02,A,410
2025-11-02,AB,68
2025-11-02,B,456
2025-11-02,O,675
2025-11-03,A,472
2025-11-03,AB,84
2025-11-03,B,407
2025-11-03,O,769
2025-11-04,A,489
2025-11-04,AB,104
2025-11-04,B,413
2025-11-04,O,740
2025-11-05,A,461
2025-11-05,AB,87
2025-11-05,B,448
2025-11-05,O,675
2025-11-06,A,458
2025-11-06,AB,85
2025-11-06,B,459
2025-11-06,O,709
2025-11-07,A,466
2025-11-07,AB,83
2025-11-07,B,450
2025-11-07,O,751
2025-11-08,A,424
2025-11-08,AB,94
2025-11-08,B,449
2025-11-08,O,661
2025-11-09,A,444
2025-11-09,AB,88
2025-11-09,B,478
2025-11-09,O,703
2025-11-10,A,405
2025-11-10,AB,81
2025-11-10,B,473
2025-11-10,O,727
2025-11-11,A,460
2025-11-11,AB,86
2025-11-11,B,439
2025-11-11,O,726
2025-11-12,A,469
2025-11-12,AB,79
2025-11-12,B,462
2025-11-12,O,763
2025-11-13,A,506
2025-11-13,AB,99
2025-11-13,B,468
2025-11-13,O,782
2025-11-14,A,445
2025-11-14,AB,91
2025-11-14,B,473
2025-11-14,O,752
2025-11-15,A,442
2025-11-15,AB,94
2025-11-15,B,443
2025-11-15,O,716
2025-11-16,A,445
2025-11-16,AB,74
2025-11-16,B,441
2025-11-16,O,731
2025-11-17,A,494
2025-11-17,AB,94
2025-11-17,B,474
2025-11-17,O,740
2025-11-18,A,442
2025-11-18,AB,101
2025-11-18,B,481
2025-11-18,O,743
2025-11-19,A,448
2025-11-19,AB,91
2025-11-19,B,461
2025-11-19,O,776
2025-11-20,A,481
2025-11-20,AB,94
2025-11-20,B,458
2025-11-20,O,787
2025-11-21,A,452
2025-11-21,AB,112
2025-11-21,B,490
2025-11-21,O,740
2025-11-22,A,380
2025-11-22,AB,79
2025-11-22,B,937
2025-11-22,O,712
2025-11-23,A,407
2025-11-23,AB,103
2025-11-23,B,480
2025-11-23,O,663
2025-11-24,A,455
2025-11-24,AB,92
2025-11-24,B,509
2025-11-24,O,722
2025-11-25,A,437
2025-11-25,AB,97
2025-11-25,B,546
2025-11-25,O,745
2025-11-26,A,462
2025-11-26,AB,100
2025-11-26,B,464
2025-11-26,O,811
2025-11-27,A,471
2025-11-27,AB,106
2025-11-27,B,515
2025-11-27,O,770
2025-11-28,A,476
2025-11-28,AB,104
2025-11-28,B,502
2025-11-28,O,774
2025-11-29,A,434
2025-11-29,AB,108
2025-11-29,B,483
2025-11-29,O,752
2025-11-30,A,477
2025-11-30,AB,90
2025-11-30,B,484
2025-11-30,O,742
2025-12-01,A,475
2025-12-01,AB,105
2025-12-01,B,504
2025-12-01,O,813
2025-12-02,A,465
2025-12-02,AB,101
2025-12-02,B,473
2025-12-02,O,713
2025-12-03,A,444
2025-12-03,AB,88
2025-12-03,B,467
2025-12-03,O,789
2025-12-04,A,412
2025-12-04,AB,113
2025-12-04,B,522
2025-12-04,O,690
2025-12-05,A,475
2025-12-05,AB,108
2025-12-05,B,478
2025-12-05,O,756
2025-12-06,A,411
2025-12-06,AB,102
2025-12-06,B,436
2025-12-06,O,711
2025-12-07,A,437
2025-12-07,AB,88
2025-12-07,B,471
2025-12-07,O,683
2025-12-08,A,495
2025-12-08,AB,96
2025-12-08,B,1128
2025-12-08,O,787
2025-12-09,A,454
2025-12-09,AB,95
2025-12-09,B,493
2025-12-09,O,718
2025-12-10,A,463
2025-12-10,AB,111
2025-12-10,B,499
2025-12-10,O,741
2025-12-11,A,458
2025-12-11,AB,107
2025-12-11,B,479
2025-12-11,O,758
2025-12-12,A,457
2025-12-12,AB,116
2025-12-12,B,510
2025-12-12,O,763
2025-12-13,A,457
2025-12-13,AB,86
2025-12-13,B,460
2025-12-13,O,713
2025-12-14,A,430
2025-12-14,AB,85
2025-12-14,B,468
2025-12-14,O,769
2025-12-15,A,425
2025-12-15,AB,99
2025-12-15,B,469
2025-12-15,O,731
2025-12-16,A,439
2025-12-16,AB,102
2025-12-16,B,425
2025-12-16,O,723
2025-12-17,A,407
2025-12-17,AB,116
2025-12-17,B,448
2025-12-17,O,808
2025-12-18,A,470
2025-12-18,AB,97
2025-12-18,B,468
2025-12-18,O,771
2025-12-19,A,396
2025-12-19,AB,92
2025-12-19,B,464
2025-12-19,O,728
2025-12-20,A,414
2025-12-20,AB,77
2025-12-20,B,451
2025-12-20,O,683
2025-12-21,A,396
2025-12-21,AB,84
2025-12-21,B,435
2025-12-21,O,713
2025-12-22,A,458
2025-12-22,AB,87
2025-12-22,B,475
2025-12-22,O,773
2025-12-23,A,416
2025-12-23,AB,72
2025-12-23,B,435
2025-12-23,O,715
2025-12-24,A,446
2025-12-24,AB,86
2025-12-24,B,427
2025-12-24,O,735
2025-12-25,A,460
2025-12-25,AB,85
2025-12-25,B,448
2025-12-25,O,703
2025-12-26,A,405
2025-12-26,AB,77
2025-12-26,B,412
2025-12-26,O,739
2025-12-27,A,393
2025-12-27,AB,66
2025-12-27,B,369
2025-12-27,O,707
2025-12-28,A,406
2025-12-28,AB,65
2025-12-28,B,374
2025-12-28,O,650
2025-12-29,A,453
2025-12-29,AB,81
2025-12-29,B,485
2025-12-29,O,1549
2025-12-30,A,416
2025-12-30,AB,81
2025-12-30,B,419
2025-12-30,O,735
2025-12-31,A,421
2025-12-31,AB,70
2025-12-31,B,410
2025-12-31,O,765
2026-01-01,A,426
2026-01-01,AB,90
2026-01-01,B,427
2026-01-01,O,765
2026-01-02,A,401
2026-01-02,AB,91
2026-01-02,B,422
2026-01-02,O,727
2026-01-03,A,317
2026-01-03,AB,69
2026-01-03,B,384
2026-01-03,O,633
2026-01-04,A,355
2026-01-04,AB,79
2026-01-04,B,392
2026-01-04,O,711
2026-01-05,A,388
2026-01-05,AB,82
2026-01-05,B,390
2026-01-05,O,730
2026-01-06,A,391
2026-01-06,AB,78
2026-01-06,B,431
2026-01-06,O,743
2026-01-07,A,380
2026-01-07,AB,76
2026-01-07,B,428
2026-01-07,O,1220
2026-01-08,A,393
2026-01-08,AB,86
2026-01-08,B,456
2026-01-08,O,1266
2026-01-09,A,381
2026-01-09,AB,75
2026-01-09,B,418
2026-01-09,O,1182
2026-01-10,A,391
2026-01-10,AB,80
2026-01-10,B,384
2026-01-10,O,1132
2026-01-11,A,383
2026-01-11,AB,77
2026-01-11,B,410
2026-01-11,O,1158
2026-01-12,A,398
2026-01-12,AB,72
2026-01-12,B,405
2026-01-12,O,1244
2026-01-13,A,360
2026-01-13,AB,81
2026-01-13,B,408
2026-01-13,O,1172
2026-01-14,A,419
2026-01-14,AB,82
2026-01-14,B,960
2026-01-14,O,1199
2026-01-15,A,392
2026-01-15,AB,82
2026-01-15,B,437
2026-01-15,O,1155
2026-01-16,A,369
2026-01-16,AB,73
2026-01-16,B,410
2026-01-16,O,1114
2026-01-17,A,336
2026-01-17,AB,90
2026-01-17,B,382
2026-01-17,O,1150
2026-01-18,A,385
2026-01-18,AB,71
2026-01-18,B,404
2026-01-18,O,621
2026-01-19,A,413
2026-01-19,AB,89
2026-01-19,B,424
2026-01-19,O,735
2026-01-20,A,369
2026-01-20,AB,100
2026-01-20,B,412
2026-01-20,O,617
2026-01-21,A,391
2026-01-21,AB,80
2026-01-21,B,425
2026-01-21,O,698
2026-01-22,A,408
2026-01-22,AB,99
2026-01-22,B,437
2026-01-22,O,687
2026-01-23,A,384
2026-01-23,AB,102
2026-01-23,B,439
2026-01-23,O,686
2026-01-24,A,362
2026-01-24,AB,88
2026-01-24,B,435
2026-01-24,O,703
2026-01-25,A,392
2026-01-25,AB,63
2026-01-25,B,432
2026-01-25,O,679
2026-01-26,A,403
2026-01-26,AB,95
2026-01-26,B,471
2026-01-26,O,710
2026-01-27,A,379
2026-01-27,AB,71
2026-01-27,B,461
2026-01-27,O,726
2026-01-28,A,405
2026-01-28,AB,94
2026-01-28,B,495
2026-01-28,O,699
2026-01-29,A,368
2026-01-29,AB,118
2026-01-29,B,456
2026-01-29,O,729
2026-01-30,A,382
2026-01-30,AB,110
2026-01-30,B,470
2026-01-30,O,667
2026-01-31,A,370
2026-01-31,AB,81
2026-01-31,B,402
2026-01-31,O,643
2026-02-01,A,372
2026-02-01,AB,82
2026-02-01,B,482
2026-02-01,O,674
2026-02-02,A,424
2026-02-02,AB,103
2026-02-02,B,473
2026-02-02,O,699
2026-02-03,A,351
2026-02-03,AB,86
2026-02-03,B,494
2026-02-03,O,711
2026-02-04,A,440
2026-02-04,AB,91
2026-02-04,B,458
2026-02-04,O,657
2026-02-05,A,427
2026-02-05,AB,73
2026-02-05,B,469
2026-02-05,O,726
2026-02-06,A,377
2026-02-06,AB,108
2026-02-06,B,511
2026-02-06,O,681
2026-02-07,A,373
2026-02-07,AB,91
2026-02-07,B,458
2026-02-07,O,691
2026-02-08,A,405
2026-02-08,AB,92
2026-02-08,B,463
2026-02-08,O,681
2026-02-09,A,429
2026-02-09,AB,109
2026-02-09,B,485
2026-02-09,O,760
2026-02-10,A,386
2026-02-10,AB,96
2026-02-10,B,520
2026-02-10,O,656
2026-02-11,A,408
2026-02-11,AB,108
2026-02-11,B,542
2026-02-11,O,689
2026-02-12,A,446
2026-02-12,AB,121
2026-02-12,B,504
2026-02-12,O,731
2026-02-13,A,401
2026-02-13,AB,91
2026-02-13,B,466
2026-02-13,O,677
2026-02-14,A,419
2026-02-14,AB,86
2026-02-14,B,410
2026-02-14,O,636
2026-02-15,A,424
2026-02-15,AB,93
2026-02-15,B,428
2026-02-15,O,604
2026-02-16,A,479
2026-02-16,AB,112
2026-02-16,B,487
2026-02-16,O,701
2026-02-17,A,446
2026-02-17,AB,108
2026-02-17,B,502
2026-02-17,O,674
2026-02-18,A,412
2026-02-18,AB,123
2026-02-18,B,542
2026-02-18,O,742
2026-02-19,A,461
2026-02-19,AB,97
2026-02-19,B,488
2026-02-19,O,701
2026-02-20,A,440
2026-02-20,AB,106
2026-02-20,B,487
2026-02-20,O,659
2026-02-21,A,412
2026-02-21,AB,81
2026-02-21,B,420
2026-02-21,O,551
2026-02-22,A,404
2026-02-22,AB,91
2026-02-22,B,452
2026-02-22,O,589
2026-02-23,A,419
2026-02-23,AB,87
2026-02-23,B,441
2026-02-23,O,636
2026-02-24,A,410
2026-02-24,AB,73
2026-02-24,B,451
2026-02-24,O,606
2026-02-25,A,352
2026-02-25,AB,80
2026-02-25,B,443
2026-02-25,O,618
2026-02-26,A,379
2026-02-26,AB,81
2026-02-26,B,383
2026-02-26,O,556
2026-02-27,A,424
2026-02-27,AB,84
2026-02-27,B,388
2026-02-27,O,636
2026-02-28,A,361
2026-02-28,AB,63
2026-02-28,B,365
2026-02-28,O,521
2026-03-01,A,371
2026-03-01,AB,64
2026-03-01,B,385
2026-03-01,O,541
2026-03-02,A,402
2026-03-02,AB,71
2026-03-02,B,453
2026-03-02,O,571
2026-03-03,A,353
2026-03-03,AB,67
2026-03-03,B,388
2026-03-03,O,543
2026-03-04,A,331
2026-03-04,AB,72
2026-03-04,B,401
2026-03-04,O,575
2026-03-05,A,346
2026-03-05,AB,67
2026-03-05,B,402
2026-03-05,O,531
2026-03-06,A,364
2026-03-06,AB,77
2026-03-06,B,376
2026-03-06,O,525
2026-03-07,A,286
2026-03-07,AB,55
2026-03-07,B,389
2026-03-07,O,438
2026-03-08,A,358
2026-03-08,AB,71
2026-03-08,B,354
2026-03-08,O,485
2026-03-09,A,346
2026-03-09,AB,66
2026-03-09,B,418
2026-03-09,O,533
2026-03-10,A,356
2026-03-10,AB,61
2026-03-10,B,411
2026-03-10,O,503
2026-03-11,A,315
2026-03-11,AB,76
2026-03-11,B,351
2026-03-11,O,509
2026-03-12,A,335
2026-03-12,AB,74
2026-03-12,B,387
2026-03-12,O,549
2026-03-13,A,303
2026-03-13,AB,55
2026-03-13,B,388
2026-03-13,O,514
2026-03-14,A,304
2026-03-14,AB,56
2026-03-14,B,317
2026-03-14,O,464
2026-03-15,A,305
2026-03-15,AB,54
2026-03-15,B,368
2026-03-15,O,484
2026-03-16,A,363
2026-03-16,AB,55
2026-03-16,B,387
2026-03-16,O,1265
2026-03-17,A,319
2026-03-17,AB,71
2026-03-17,B,338
2026-03-17,O,522
2026-03-18,A,329
2026-03-18,AB,64
2026-03-18,B,346
2026-03-18,O,555
2026-03-19,A,303
2026-03-19,AB,63
2026-03-19,B,368
2026-03-19,O,530
2026-03-20,A,296
2026-03-20,AB,69
2026-03-20,B,325
2026-03-20,O,488
2026-03-21,A,552
2026-03-21,AB,50
2026-03-21,B,328
2026-03-21,O,450
2026-03-22,A,310
2026-03-22,AB,55
2026-03-22,B,333
2026-03-22,O,471
2026-03-23,A,303
2026-03-23,AB,62
2026-03-23,B,342
2026-03-23,O,503
2026-03-24,A,321
2026-03-24,AB,60
2026-03-24,B,340
2026-03-24,O,478
2026-03-25,A,337
2026-03-25,AB,53
2026-03-25,B,313
2026-03-25,O,488
2026-03-26,A,297
2026-03-26,AB,61
2026-03-26,B,339
2026-03-26,O,507
2026-03-27,A,333
2026-03-27,AB,61
2026-03-27,B,307
2026-03-27,O,519
2026-03-28,A,307
2026-03-28,AB,60
2026-03-28,B,335
2026-03-28,O,436
2026-03-29,A,325
2026-03-29,AB,57
2026-03-29,B,345
2026-03-29,O,456
2026-03-30,A,365
2026-03-30,AB,78
2026-03-30,B,378
2026-03-30,O,573
2026-03-31,A,624
2026-03-31,AB,66
2026-03-31,B,363
2026-03-31,O,485
2026-04-01,A,368
2026-04-01,AB,56
2026-04-01,B,403
2026-04-01,O,532
2026-04-02,A,307
2026-04-02,AB,72
2026-04-02,B,372
2026-04-02,O,574
2026-04-03,A,337
2026-04-03,AB,92
2026-04-03,B,379
2026-04-03,O,595
2026-04-04,A,286
2026-04-04,AB,62
2026-04-04,B,373
2026-04-04,O,548
2026-04-05,A,325
2026-04-05,AB,69
2026-04-05,B,365
2026-04-05,O,505
2026-04-06,A,327
2026-04-06,AB,78
2026-04-06,B,364
2026-04-06,O,621
2026-04-07,A,350
2026-04-07,AB,53
2026-04-07,B,377
2026-04-07,O,589
2026-04-08,A,304
2026-04-08,AB,65
2026-04-08,B,389
2026-04-08,O,523
2026-04-09,A,339
2026-04-09,AB,79
2026-04-09,B,383
2026-04-09,O,557
2026-04-10,A,348
2026-04-10,AB,56
2026-04-10,B,412
2026-04-10,O,573
2026-04-11,A,331
2026-04-11,AB,73
2026-04-11,B,360
2026-04-11,O,541
2026-04-12,A,301
2026-04-12,AB,75
2026-04-12,B,380
2026-04-12,O,631
2026-04-13,A,370
2026-04-13,AB,82
2026-04-13,B,404
2026-04-13,O,602
2026-04-14,A,364
2026-04-14,AB,80
2026-04-14,B,395
2026-04-14,O,609
2026-04-15,A,339
2026-04-15,AB,75
2026-04-15,B,428
2026-04-15,O,578
2026-04-16,A,356
2026-04-16,AB,86
2026-04-16,B,405
2026-04-16,O,573
2026-04-17,A,364
2026-04-17,AB,78
2026-04-17,B,396
2026-04-17,O,609
2026-04-18,A,310
2026-04-18,AB,69
2026-04-18,B,393
2026-04-18,O,537
2026-04-19,A,389
2026-04-19,AB,78
2026-04-19,B,382
2026-04-19,O,565
2026-04-20,A,384
2026-04-20,AB,92
2026-04-20,B,440
2026-04-20,O,686
2026-04-21,A,396
2026-04-21,AB,79
2026-04-21,B,435
2026-04-21,O,713
2026-04-22,A,438
2026-04-22,AB,68
2026-04-22,B,468
2026-04-22,O,744
2026-04-23,A,409
2026-04-23,AB,76
2026-04-23,B,465
2026-04-23,O,766
2026-04-24,A,384
2026-04-24,AB,91
2026-04-24,B,405
2026-04-24,O,791
2026-04-25,A,382
2026-04-25,AB,67
2026-04-25,B,395
2026-04-25,O,654
2026-04-26,A,379
2026-04-26,AB,85
2026-04-26,B,420
2026-04-26,O,725
2026-04-27,A,411
2026-04-27,AB,102
2026-04-27,B,474
2026-04-27,O,775
2026-04-28,A,379
2026-04-28,AB,102
2026-04-28,B,450
2026-04-28,O,774
2026-04-29,A,420
2026-04-29,AB,91
2026-04-29,B,480
2026-04-29,O,785
2026-04-30,A,402
2026-04-30,AB,88
2026-04-30,B,492
2026-04-30,O,796
2026-05-01,A,387
2026-05-01,AB,100
2026-05-01,B,468
2026-05-01,O,816
2026-05-02,A,393
2026-05-02,AB,70
2026-05-02,B,457
2026-05-02,O,668
2026-05-03,A,394
2026-05-03,AB,81
2026-05-03,B,444
2026-05-03,O,725
2026-05-04,A,416
2026-05-04,AB,83
2026-05-04,B,510
2026-05-04,O,844
2026-05-05,A,424
2026-05-05,AB,77
2026-05-05,B,455
2026-05-05,O,843
2026-05-06,A,410
2026-05-06,AB,90
2026-05-06,B,445
2026-05-06,O,818
2026-05-07,A,414
2026-05-07,AB,67
2026-05-07,B,461
2026-05-07,O,851
2026-05-08,A,392
2026-05-08,AB,125
2026-05-08,B,487
2026-05-08,O,810
2026-05-09,A,331
2026-05-09,AB,59
2026-05-09,B,410
2026-05-09,O,777
2026-05-10,A,429
2026-05-10,AB,77
2026-05-10,B,440
2026-05-10,O,744
2026-05-11,A,392
2026-05-11,AB,90
2026-05-11,B,452
2026-05-11,O,822
2026-05-12,A,388
2026-05-12,AB,58
2026-05-12,B,470
2026-05-12,O,783
2026-05-13,A,391
2026-05-13,AB,94
2026-05-13,B,466
2026-05-13,O,799
2026-05-14,A,434
2026-05-14,AB,81
2026-05-14,B,480
2026-05-14,O,844
2026-05-15,A,386
2026-05-15,AB,100
2026-05-15,B,477
2026-05-15,O,796
2026-05-16,A,355
2026-05-16,AB,72
2026-05-16,B,412
2026-05-16,O,733
2026-05-17,A,354
2026-05-17,AB,73
2026-05-17,B,438
2026-05-17,O,775
2026-05-18,A,440
2026-05-18,AB,77
2026-05-18,B,459
2026-05-18,O,795
2026-05-19,A,390
2026-05-19,AB,86
2026-05-19,B,430
2026-05-19,O,743
2026-05-20,A,347
2026-05-20,AB,83
2026-05-20,B,439
2026-05-20,O,770
2026-05-21,A,404
2026-05-21,AB,77
2026-05-21,B,497
2026-05-21,O,740
2026-05-22,A,390
2026-05-22,AB,77
2026-05-22,B,466
2026-05-22,O,786
2026-05-23,A,403
2026-05-23,AB,191
2026-05-23,B,434
2026-05-23,O,666
2026-05-24,A,393
2026-05-24,AB,59
2026-05-24,B,439
2026-05-24,O,700
2026-05-25,A,418
2026-05-25,AB,79
2026-05-25,B,483
2026-05-25,O,697
2026-05-26,A,443
2026-05-26,AB,77
2026-05-26,B,429
2026-05-26,O,755
2026-05-27,A,408
2026-05-27,AB,55
2026-05-27,B,429
2026-05-27,O,709
2026-05-28,A,400
2026-05-28,AB,74
2026-05-28,B,467
2026-05-28,O,684
2026-05-29,A,365
2026-05-29,AB,67
2026-05-29,B,410
2026-05-29,O,736
2026-05-30,A,344
2026-05-30,AB,70
2026-05-30,B,388
2026-05-30,O,625
2026-05-31,A,357
2026-05-31,AB,53
2026-05-31,B,353
2026-05-31,O,571
2026-06-01,A,375
2026-06-01,AB,56
2026-06-01,B,415
2026-06-01,O,708
2026-06-02,A,370
2026-06-02,AB,74
2026-06-02,B,366
2026-06-02,O,635
2026-06-03,A,357
2026-06-03,AB,50
2026-06-03,B,395
2026-06-03,O,1170
2026-06-04,A,352
2026-06-04,AB,74
2026-06-04,B,415
2026-06-04,O,679
2026-06-05,A,335
2026-06-05,AB,76
2026-06-05,B,412
2026-06-05,O,620
2026-06-06,A,325
2026-06-06,AB,81
2026-06-06,B,363
2026-06-06,O,556
2026-06-07,A,352
2026-06-07,AB,59
2026-06-07,B,357
2026-06-07,O,645
2026-06-08,A,357
2026-06-08,AB,76
2026-06-08,B,399
2026-06-08,O,681
2026-06-09,A,330
2026-06-09,AB,88
2026-06-09,B,396
2026-06-09,O,632
2026-06-10,A,375
2026-06-10,AB,70
2026-06-10,B,371
2026-06-10,O,637
2026-06-11,A,400
2026-06-11,AB,76
2026-06-11,B,404
2026-06-11,O,597
2026-06-12,A,339
2026-06-12,AB,81
2026-06-12,B,419
2026-06-12,O,608
2026-06-13,A,295
2026-06-13,AB,78
2026-06-13,B,390
2026-06-13,O,589
2026-06-14,A,367
2026-06-14,AB,89
2026-06-14,B,372
2026-06-14,O,611
2026-06-15,A,363
2026-06-15,AB,81
2026-06-15,B,418
2026-06-15,O,652
2026-06-16,A,337
2026-06-16,AB,89
2026-06-16,B,404
2026-06-16,O,666
2026-06-17,A,377
2026-06-17,AB,78
2026-06-17,B,432
2026-06-17,O,634
2026-06-18,A,342
2026-06-18,AB,65
2026-06-18,B,430
2026-06-18,O,678
2026-06-19,A,343
2026-06-19,AB,84
2026-06-19,B,398
2026-06-19,O,640
2026-06-20,A,340
2026-06-20,AB,68
2026-06-20,B,395
2026-06-20,O,561
2026-06-21,A,361
2026-06-21,AB,63
2026-06-21,B,364
2026-06-21,O,615
2026-06-22,A,369
2026-06-22,AB,80
2026-06-22,B,407
2026-06-22,O,640
2026-06-23,A,353
2026-06-23,AB,60
2026-06-23,B,400
2026-06-23,O,631
2026-06-24,A,356
2026-06-24,AB,81
2026-06-24,B,368
2026-06-24,O,614
2026-06-25,A,353
2026-06-25,AB,72
2026-06-25,B,381
2026-06-25,O,656
2026-06-26,A,397
2026-06-26,AB,81
2026-06-26,B,374
2026-06-26,O,638
2026-06-27,A,332
2026-06-27,AB,89
2026-06-27,B,378
2026-06-27,O,601
2026-06-28,A,365
2026-06-28,AB,78
2026-06-28,B,427
2026-06-28,O,659
2026-06-29,A,411
2026-06-29,AB,95
2026-06-29,B,458
2026-06-29,O,700
2026-06-30,A,411
2026-06-30,AB,81
2026-06-30,B,432
2026-06-30,O,702
2026-07-01,A,373
2026-07-01,AB,83
2026-07-01,B,482
2026-07-01,O,657
2026-07-02,A,404
2026-07-02,AB,84
2026-07-02,B,510
2026-07-02,O,613
2026-07-03,A,410
2026-07-03,AB,64
2026-07-03,B,415
2026-07-03,O,653
2026-07-04,A,378
2026-07-04,AB,79
2026-07-04,B,415
2026-07-04,O,581
2026-07-05,A,382
2026-07-05,AB,67
2026-07-05,B,482
2026-07-05,O,659
2026-07-06,A,399
2026-07-06,AB,91
2026-07-06,B,480
2026-07-06,O,771
2026-07-07,A,417
2026-07-07,AB,79
2026-07-07,B,461
2026-07-07,O,668
2026-07-08,A,428
2026-07-08,AB,97
2026-07-08,B,453
2026-07-08,O,720
2026-07-09,A,390
2026-07-09,AB,82
2026-07-09,B,450
2026-07-09,O,674
2026-07-10,A,837
2026-07-10,AB,94
2026-07-10,B,439
2026-07-10,O,693
2026-07-11,A,408
2026-07-11,AB,87
2026-07-11,B,421
2026-07-11,O,642
2026-07-12,A,415
2026-07-12,AB,74
2026-07-12,B,426
2026-07-12,O,649
2026-07-13,A,506
2026-07-13,AB,94
2026-07-13,B,446
2026-07-13,O,669
2026-07-14,A,456
2026-07-14,AB,88
2026-07-14,B,435
2026-07-14,O,727
2026-07-15,A,468
2026-07-15,AB,84
2026-07-15,B,472
2026-07-15,O,722
2026-07-16,A,444
2026-07-16,AB,92
2026-07-16,B,448
2026-07-16,O,695
2026-07-17,A,438
2026-07-17,AB,79
2026-07-17,B,427
2026-07-17,O,699
2026-07-18,A,458
2026-07-18,AB,72
2026-07-18,B,391
2026-07-18,O,654
2026-07-19,A,441
2026-07-19,AB,100
2026-07-19,B,430
2026-07-19,O,661
2026-07-20,A,504
2026-07-20,AB,84
2026-07-20,B,490
2026-07-20,O,755
2026-07-21,A,438
2026-07-21,AB,97
2026-07-21,B,454
2026-07-21,O,715
2026-07-22,A,473
2026-07-22,AB,89
2026-07-22,B,474
2026-07-22,O,708
2026-07-23,A,438
2026-07-23,AB,65
2026-07-23,B,468
2026-07-23,O,766
2026-07-24,A,499
2026-07-24,AB,95
2026-07-24,B,460
2026-07-24,O,690
2026-07-25,A,401
2026-07-25,AB,91
2026-07-25,B,428
2026-07-25,O,634
2026-07-26,A,439
2026-07-26,AB,100
2026-07-26,B,818
2026-07-26,O,663
2026-07-27,A,442
2026-07-27,AB,83
2026-07-27,B,454
2026-07-27,O,707
2026-07-28,A,449
2026-07-28,AB,221
2026-07-28,B,483
2026-07-28,O,696
2026-07-29,A,488
2026-07-29,AB,83
2026-07-29,B,473
2026-07-29,O,817
2026-07-30,A,477
2026-07-30,AB,89
2026-07-30,B,457
2026-07-30,O,775
2026-07-31,A,432
2026-07-31,AB,88
2026-07-31,B,486
2026-07-31,O,789
2026-08-01,A,431
2026-08-01,AB,93
2026-08-01,B,463
2026-08-01,O,722
2026-08-02,A,444
2026-08-02,AB,92
2026-08-02,B,471
2026-08-02,O,783
2026-08-03,A,481
2026-08-03,AB,94
2026-08-03,B,502
2026-08-03,O,781
2026-08-04,A,449
2026-08-04,AB,96
2026-08-04,B,460
2026-08-04,O,737
2026-08-05,A,458
2026-08-05,AB,97
2026-08-05,B,471
2026-08-05,O,774
2026-08-06,A,489
2026-08-06,AB,116
2026-08-06,B,451
2026-08-06,O,777
2026-08-07,A,494
2026-08-07,AB,101
2026-08-07,B,508
2026-08-07,O,735
2026-08-08,A,458
2026-08-08,AB,86
2026-08-08,B,422
2026-08-08,O,653
2026-08-09,A,469
2026-08-09,AB,75
2026-08-09,B,453
2026-08-09,O,733
2026-08-10,A,436
2026-08-10,AB,107
2026-08-10,B,462
2026-08-10,O,715
2026-08-11,A,492
2026-08-11,AB,79
2026-08-11,B,438
2026-08-11,O,728
2026-08-12,A,481
2026-08-12,AB,97
2026-08-12,B,463
2026-08-12,O,802
2026-08-13,A,479
2026-08-13,AB,103
2026-08-13,B,451
2026-08-13,O,742
2026-08-14,A,491
2026-08-14,AB,157
2026-08-14,B,457
2026-08-14,O,755
2026-08-15,A,448
2026-08-15,AB,89
2026-08-15,B,421
2026-08-15,O,767
2026-08-16,A,460
2026-08-16,AB,85
2026-08-16,B,465
2026-08-16,O,755
2026-08-17,A,501
2026-08-17,AB,101
2026-08-17,B,451
2026-08-17,O,779
2026-08-18,A,475
2026-08-18,AB,136
2026-08-18,B,439
2026-08-18,O,770
2026-08-19,A,494
2026-08-19,AB,95
2026-08-19,B,465
2026-08-19,O,783
2026-08-20,A,483
2026-08-20,AB,125
2026-08-20,B,477
2026-08-20,O,746
2026-08-21,A,453
2026-08-21,AB,116
2026-08-21,B,437
2026-08-21,O,799
2026-08-22,A,428
2026-08-22,AB,100
2026-08-22,B,421
2026-08-22,O,703
2026-08-23,A,385
2026-08-23,AB,99
2026-08-23,B,414
2026-08-23,O,735
2026-08-24,A,478
2026-08-24,AB,113
2026-08-24,B,469
2026-08-24,O,823
2026-08-25,A,478
2026-08-25,AB,126
2026-08-25,B,472
2026-08-25,O,794
2026-08-26,A,466
2026-08-26,AB,131
2026-08-26,B,466
2026-08-26,O,779
2026-08-27,A,470
2026-08-27,AB,118
2026-08-27,B,436
2026-08-27,O,787
2026-08-28,A,469
2026-08-28,AB,120
2026-08-28,B,474
2026-08-28,O,822
2026-08-29,A,421
2026-08-29,AB,98
2026-08-29,B,396
2026-08-29,O,735
2026-08-30,A,436
2026-08-30,AB,97
2026-08-30,B,479
2026-08-30,O,768
2026-08-31,A,471
2026-08-31,AB,126
2026-08-31,B,470
2026-08-31,O,830
2026-09-01,A,453
2026-09-01,AB,107
2026-09-01,B,468
2026-09-01,O,764
2026-09-02,A,506
2026-09-02,AB,116
2026-09-02,B,436
2026-09-02,O,817
2026-09-03,A,461
2026-09-03,AB,111
2026-09-03,B,454
2026-09-03,O,782
2026-09-04,A,495
2026-09-04,AB,120
2026-09-04,B,430
2026-09-04,O,780
