donor_id,name,blood_group,phone,last_donation_date,donation_count,contact_opt_in
D100000,Brandon Russell,O,+60-15-387-0746,2025-05-05,4,Yes
D100001,Steven Johnson,A,+60-16-326-1684,2012-09-07,6,Yes
D100002,Evelyn Christian,A,+60-10-072-4196,2015-01-21,8,Yes
D100003,George Cook,AB,+60-18-213-2332,2017-01-22,2,Yes
D100004,Aaron Graham,O,+60-10-376-7129,2016-10-07,6,Yes
D100005,Kyle Jones,B,+60-19-814-6647,2026-03-29,9,Yes
D100006,Jerome Whitehead,O,+60-14-836-6488,2026-03-11,2,Yes
D100007,Charles Tyler,O,+60-19-614-4313,2026-05-30,3,Yes
D100008,Thomas Berry,B,+60-10-269-7085,2016-09-02,7,Yes
D100009,Ryan Mack,B,+60-15-800-4300,2024-07-04,6,No
D100010,Robert Clark,B,+60-12-669-5300,2020-05-26,7,Yes
D100011,Kelsey Pacheco,O,+60-17-670-9269,2020-06-14,9,Yes
D100012,James Hammond,B,+60-12-973-9271,2023-08-26,5,No
D100013,Melinda Little,A,+60-10-937-7393,2019-04-10,5,Yes
D100014,Stefanie Tucker,B,+60-19-712-2004,2012-01-13,4,Yes
D100015,Jade Johnson,O,+60-14-418-7618,2019-02-20,5,Yes
D100016,Catherine Wilkins,A,+60-17-101-0864,2011-06-24,4,Yes
D100017,Mary Jackson,A,+60-19-709-8503,2026-06-05,5,Yes
D100018,James Jones,AB,+60-11-940-2094,2009-09-29,8,No
D100019,Kenneth Rogers,AB,+60-17-430-6065,2019-09-05,2,Yes
D100020,Brandon Fuller,O,+60-11-699-7614,2026-05-27,6,Yes
D100021,Harold Perez,O,+60-12-877-5597,2008-02-17,4,Yes
D100022,Misty Stout,O,+60-13-927-8484,2018-09-06,5,Yes
D100023,Wendy Maynard,O,+60-11-936-9414,2009-09-13,7,Yes
D100024,Cynthia Webb,O,+60-17-817-1300,2022-09-21,4,Yes
D100025,William Wallace,B,+60-16-517-7458,2024-08-15,3,Yes
D100026,Amanda Taylor,B,+60-14-645-3922,2012-10-07,5,Yes
D100027,David Bell,A,+60-17-634-2013,2018-02-10,9,Yes
D100028,Jeffrey Fisher,A,+60-10-775-5459,2026-06-11,6,No
D100029,Arthur Kelly,O,+60-15-093-0690,2019-01-18,5,Yes
D100030,Jeffrey Smith,A,+60-18-661-8419,2009-10-06,3,Yes
D100031,Angel Benson,B,+60-13-791-1681,2020-10-08,6,No
D100032,William Baker,B,+60-15-441-0091,2021-10-22,4,No
D100033,Paul Rogers,B,+60-14-663-4963,2012-01-12,2,Yes
D100034,Mark Booker,B,+60-10-293-7364,2016-06-19,4,Yes
D100035,Jennifer Robbins,B,+60-18-043-7084,2017-09-28,2,Yes
D100036,Jacqueline Young,B,+60-19-578-3280,2021-08-17,9,Yes
D100037,Shawn Brown,O,+60-16-738-8146,2015-08-30,6,Yes
D100038,Kimberly Thomas,O,+60-18-803-6368,2013-09-28,9,No
D100039,Sydney Parsons,AB,+60-17-533-3044,2020-11-27,8,No
D100040,Cameron Proctor,O,+60-16-517-4350,2014-03-18,3,Yes
D100041,Lori Pham,A,+60-14-974-6565,2023-05-30,4,Yes
D100042,Antonio Taylor,B,+60-12-867-7495,2024-06-08,5,Yes
D100043,Hannah Pitts,B,+60-19-865-4065,2024-03-29,7,Yes
D100044,Veronica Barnett,O,+60-14-702-8051,2026-03-27,2,Yes
D100045,Rick Johnson,A,+60-12-111-2345,2011-04-17,4,Yes
D100046,Shelby Robertson,B,+60-17-674-1669,2026-05-15,5,Yes
D100047,Jonathan Gardner,O,+60-17-762-8723,2019-09-21,5,Yes
D100048,Steven Peterson,AB,+60-18-327-9975,2018-10-21,4,No
D100049,Jonathan Harris,O,+60-14-961-3870,2018-07-13,3,Yes
D100050,James Mays,A,+60-16-679-4509,2018-05-31,5,Yes
D100051,Craig Gonzalez,O,+60-10-193-0393,2012-02-29,5,No
D100052,Stephanie Lee DDS,O,+60-10-302-1139,2024-08-29,2,Yes
D100053,Evan Peterson,AB,+60-11-839-8232,2017-04-05,6,Yes
D100054,Tanya Lamb,B,+60-15-010-5030,2011-01-22,3,No
D100055,Rachel Webb,B,+60-17-388-3756,2026-03-29,4,Yes
D100056,Paula Scott,B,+60-17-424-9647,2015-03-27,4,Yes
D100057,Laura Tucker,O,+60-11-553-0559,2010-07-01,6,No
D100058,Danny Mason,O,+60-10-967-0286,2011-02-08,5,No
D100059,Mark Villanueva,AB,+60-16-809-6170,2018-04-18,7,Yes
D100060,Lisa Simpson,O,+60-12-616-2909,2013-08-20,5,Yes
D100061,Barbara Williams,O,+60-11-048-1597,2023-12-19,7,Yes
D100062,Heidi Caldwell,O,+60-12-657-5001,2010-10-10,7,No
D100063,Ian Townsend,O,+60-12-446-6128,2026-08-17,4,Yes
D100064,Paul Hoover,O,+60-15-889-9381,2019-10-03,6,Yes
D100065,William Brown,A,+60-16-126-8671,2020-10-25,7,Yes
D100066,Jonathan Calderon,O,+60-16-031-2782,2018-05-02,3,Yes
D100067,Justin Richardson,A,+60-16-331-0856,2022-11-15,8,Yes
D100068,Barbara Baker,A,+60-15-697-9300,2026-04-27,5,Yes
D100069,Erica Raymond,AB,+60-12-556-1203,2010-01-02,5,Yes
D100070,James Rodriguez,A,+60-17-365-7400,2013-05-03,6,Yes
D100071,Tracey Nguyen,O,+60-11-495-3813,2011-01-22,2,Yes
D100072,Deborah Gonzales,O,+60-10-624-6538,2017-09-07,5,Yes
D100073,Danielle Vaughn,O,+60-10-410-1353,2026-06-25,6,Yes
D100074,Susan Hill,A,+60-10-408-7339,2019-07-18,7,No
D100075,Catherine Smith,O,+60-17-142-0143,2013-07-20,2,Yes
D100076,Morgan Woods,AB,+60-11-777-9620,2010-02-10,3,Yes
D100077,Zachary Thomas,A,+60-10-689-5659,2015-09-11,5,Yes
D100078,Stephanie Walker,A,+60-12-480-5626,2026-05-05,5,Yes
D100079,Julie Lam,O,+60-18-822-1246,2024-03-08,4,No
D100080,Patricia Roberts,B,+60-12-769-6687,2023-12-25,9,Yes
D100081,Vicki Flores,O,+60-16-520-8009,2020-12-20,5,Yes
D100082,Michael Brown,AB,+60-11-510-3713,2024-02-22,5,No
D100083,Christopher Perry,B,+60-10-864-6646,2026-07-10,6,Yes
D100084,Lawrence Crawford,O,+60-11-498-7725,2017-12-25,10,Yes
D100085,Anthony Warren,O,+60-13-335-2734,2010-12-22,6,No
D100086,Tammy Franco,B,+60-14-736-4973,2023-01-27,5,Yes
D100087,Sean Mcdonald,A,+60-14-783-5632,2013-11-29,9,No
D100088,Brandon Ramos,B,+60-15-648-3440,2019-06-09,2,Yes
D100089,Diana Lee,B,+60-11-749-0196,2020-12-04,5,Yes
D100090,Andrea Ayers,O,+60-10-507-8227,2026-06-11,3,Yes
D100091,Rick Rodriguez,O,+60-11-265-3394,2007-10-31,4,Yes
D100092,Pamela Graham,B,+60-12-215-0763,2009-01-11,3,Yes
D100093,Johnny Lee,O,+60-18-752-5203,2014-03-16,4,Yes
D100094,David Johnson,O,+60-19-710-6887,2017-05-07,5,No
D100095,Angel Ho,O,+60-11-091-9784,2025-01-10,4,Yes
D100096,Matthew Payne,A,+60-18-219-8385,2026-08-15,8,Yes
D100097,Todd Cross,B,+60-19-446-8652,2018-05-10,3,Yes
D100098,Jessica Carter,A,+60-14-410-9027,2021-04-15,6,Yes
D100099,Brian Lambert,B,+60-11-582-5935,2008-11-03,6,Yes
D100100,Christy Johnson,AB,+60-12-318-6241,2020-03-04,2,No
D100101,Christian Walker,O,+60-16-000-5924,2014-01-16,6,Yes
D100102,Matthew Hamilton,A,+60-14-487-3344,2015-07-28,5,Yes
D100103,Jeanette Terrell,A,+60-17-660-2013,2015-04-25,4,Yes
D100104,Andrew Taylor DDS,B,+60-15-918-8227,2014-12-08,4,Yes
D100105,Beth Stevens,O,+60-14-363-3815,2026-07-01,5,Yes
D100106,Kristen Smith,O,+60-17-280-4077,2008-05-26,2,Yes
D100107,Donna Lewis,AB,+60-12-886-6183,2026-07-28,7,Yes
D100108,Ashley Gallegos,O,+60-17-295-5847,2010-02-21,6,No
D100109,Leslie Nguyen,B,+60-12-899-4335,2009-01-15,4,Yes
D100110,Michael Chung,B,+60-13-439-8924,2018-09-29,3,Yes
D100111,Cameron Alvarez,B,+60-18-667-6492,2009-01-20,5,Yes
D100112,Abigail Mccormick,A,+60-11-511-3226,2026-04-08,6,Yes
D100113,Andrew Thomas,O,+60-14-206-9228,2018-02-04,3,Yes
D100114,Timothy Stanley,B,+60-14-229-0158,2010-07-29,4,Yes
D100115,Christian Murray,AB,+60-18-814-2409,2013-04-20,7,Yes
D100116,Michael Howard,AB,+60-18-062-2719,2008-09-18,6,No
D100117,Sally Montoya,AB,+60-16-370-1716,2026-06-29,4,Yes
D100118,Jeffrey Powers,A,+60-13-351-0911,2013-02-28,3,Yes
D100119,Adam Murphy,O,+60-14-682-0640,2020-06-08,4,Yes
D100120,Richard Briggs,O,+60-12-448-6137,2015-01-22,5,Yes
D100121,Austin Middleton,A,+60-14-935-4243,2024-08-25,5,Yes
D100122,Calvin Sparks,A,+60-18-915-6195,2023-06-08,6,No
D100123,Lisa Saunders,AB,+60-10-307-2125,2026-07-31,5,Yes
D100124,Sarah Baker,O,+60-15-318-2180,2010-05-31,6,Yes
D100125,William Richardson,O,+60-17-973-2537,2025-05-18,4,Yes
D100126,Sarah Mcdowell,A,+60-15-717-5586,2025-04-11,3,Yes
D100127,Hannah Vaughn,AB,+60-19-864-8898,2014-11-14,6,Yes
D100128,Gregory Blake,O,+60-11-684-5213,2017-05-22,4,No
D100129,Angela Ball,B,+60-15-069-8735,2025-04-07,2,No
D100130,Jill Garcia,O,+60-17-825-6513,2022-08-21,4,Yes
D100131,Nichole Gonzalez,A,+60-18-980-0612,2013-09-10,2,No
D100132,Andrea Harris,O,+60-15-067-0577,2011-06-25,7,Yes
D100133,Richard Campbell,O,+60-16-830-2990,2021-04-13,7,Yes
D100134,Victoria Martin,O,+60-14-819-8922,2012-09-21,5,Yes
D100135,Nicholas Duran,A,+60-16-562-4429,2009-06-02,4,Yes
D100136,Megan Deleon,B,+60-17-823-6554,2015-08-24,5,No
D100137,Brian Cooke,A,+60-19-687-2919,2013-06-20,3,Yes
D100138,Debra Orozco,B,+60-19-409-1446,2020-10-22,4,Yes
D100139,Anthony Scott,AB,+60-18-805-8310,2019-10-13,9,Yes
D100140,Jason Oliver,A,+60-18-043-0979,2022-01-26,4,No
D100141,Kristen Wilson,A,+60-14-257-9394,2015-10-31,8,Yes
D100142,Vanessa Rivera,O,+60-13-391-0358,2022-10-22,5,Yes
D100143,Margaret Gill,AB,+60-15-702-4950,2013-09-20,3,Yes
D100144,Jessica Young,B,+60-13-794-0225,2015-12-27,5,Yes
D100145,Brian Garcia,O,+60-18-028-9125,2008-05-03,4,Yes
D100146,Sara Roth,O,+60-14-519-7354,2022-01-27,5,Yes
D100147,Heather Craig,A,+60-19-307-4118,2011-11-17,6,Yes
D100148,Brandi Smith,O,+60-16-313-0766,2018-03-04,9,Yes
D100149,Thomas Aguirre,O,+60-14-266-2063,2013-03-02,6,Yes
D100150,Ryan Thompson,A,+60-18-356-4077,2025-06-26,9,Yes
D100151,Christopher Henson,O,+60-12-284-6118,2013-12-06,6,Yes
D100152,Ana Johnson,A,+60-10-157-5824,2009-05-07,3,Yes
D100153,Jennifer Carroll,B,+60-13-407-0909,2022-05-03,6,Yes
D100154,Kimberly Lopez,O,+60-19-192-5985,2025-10-31,4,Yes
D100155,Kyle Mueller,A,+60-16-058-2049,2021-07-06,3,Yes
D100156,Alexander Thomas,O,+60-16-404-8625,2013-06-02,9,No
D100157,Tyrone Simmons,O,+60-16-916-0958,2011-09-23,4,Yes
D100158,Jay Cline PhD,O,+60-14-347-2781,2025-02-15,7,Yes
D100159,Maxwell Pierce,B,+60-19-895-1757,2025-11-26,3,Yes
D100160,Amy Lane,B,+60-16-257-0942,2014-07-02,8,Yes
D100161,Keith Montoya,O,+60-11-685-0641,2016-08-19,11,Yes
D100162,Joseph Diaz,AB,+60-15-063-7124,2024-05-24,8,No
D100163,Shannon Davis,A,+60-16-168-7309,2019-07-06,9,No
D100164,Joseph Collins,O,+60-19-673-9676,2026-08-12,1,No
D100165,Michael Moore,O,+60-18-831-7694,2009-01-30,7,Yes
D100166,Annette Klein,B,+60-16-626-6578,2013-06-18,7,Yes
D100167,Rebecca Andrade,O,+60-16-601-7164,2021-11-28,3,Yes
D100168,Felicia White,O,+60-10-808-1964,2019-09-25,5,Yes
D100169,Valerie Barrett,AB,+60-17-298-8719,2009-04-29,5,Yes
D100170,Andrew Hernandez,O,+60-12-987-6404,2023-02-14,5,Yes
D100171,Brandy Mccarthy,A,+60-16-170-6918,2020-08-17,3,Yes
D100172,Holly Fisher,O,+60-16-390-5579,2020-01-28,10,Yes
D100173,Jason White,O,+60-18-009-0818,2020-02-10,4,No
D100174,Mary Pierce,O,+60-17-638-4972,2013-08-02,7,Yes
D100175,Tammy Zamora DDS,A,+60-18-136-1660,2017-12-06,2,Yes
D100176,Peter Harding,A,+60-18-123-2929,2014-10-11,4,Yes
D100177,Jordan Rios,A,+60-16-422-4762,2018-09-23,8,Yes
D100178,Samantha Mendoza,B,+60-15-231-2054,2026-07-17,7,Yes
D100179,Robert Marshall,B,+60-15-788-0769,2018-07-27,3,Yes
D100180,Diane Ryan,AB,+60-14-198-3916,2021-06-22,7,Yes
D100181,Laurie Hartman,A,+60-15-436-9548,2016-08-02,4,Yes
D100182,Christopher Brooks,A,+60-13-404-6257,2018-05-18,5,Yes
D100183,Katherine Watson,O,+60-12-752-8268,2007-10-16,3,No
D100184,Christopher Garcia,B,+60-15-936-8653,2008-12-02,7,No
D100185,Angel Berry,O,+60-15-407-4108,2010-05-19,9,Yes
D100186,Katie Marquez,A,+60-17-697-0372,2016-02-02,4,Yes
D100187,Katherine Fox,AB,+60-17-556-6582,2025-03-03,5,Yes
D100188,Mark Fox,O,+60-13-067-0264,2026-03-25,4,Yes
D100189,Todd Welch,O,+60-18-357-1151,2026-03-25,6,Yes
D100190,Steven Hines,A,+60-11-622-5259,2018-09-07,3,No
D100191,Gail Castillo,O,+60-17-496-6558,2016-07-14,4,Yes
D100192,Nicholas Pittman,B,+60-12-493-9325,2014-02-14,5,Yes
D100193,Michelle Thomas,O,+60-11-612-6092,2013-07-05,8,Yes
D100194,Brenda Aguirre,A,+60-14-449-3018,2024-09-21,5,Yes
D100195,Michael Garner,O,+60-19-604-3112,2021-10-24,3,Yes
D100196,Justin Wright,A,+60-12-395-5476,2011-09-16,6,No
D100197,Catherine Bird,O,+60-14-628-4256,2010-02-04,7,Yes
D100198,Abigail Moore,B,+60-12-649-0048,2020-03-15,9,Yes
D100199,Michael Little,A,+60-19-750-0049,2026-03-10,4,No
D100200,Jeffery Allison,AB,+60-11-790-0376,2026-08-20,7,No
D100201,Fernando Little,A,+60-18-017-4895,2008-10-06,5,Yes
D100202,Melissa Baird,O,+60-15-007-4112,2016-03-16,8,Yes
D100203,Adrian Johnson,O,+60-14-303-1875,2019-11-01,6,Yes
D100204,Holly Osborne,O,+60-13-272-2561,2026-06-16,4,Yes
D100205,Kimberly Nunez,AB,+60-19-386-7439,2025-07-30,5,Yes
D100206,Monica Short,A,+60-14-116-1010,2024-01-07,6,Yes
D100207,Mary Johnson,O,+60-11-913-9278,2017-08-09,5,No
D100208,Jerry Cabrera,O,+60-16-935-1612,2019-08-16,6,Yes
D100209,Jessica Massey,A,+60-16-206-5159,2015-11-29,5,Yes
D100210,Matthew Martinez,O,+60-14-868-1970,2012-01-08,5,Yes
D100211,Heather Collins,AB,+60-15-712-0195,2015-01-08,3,Yes
D100212,Daniel Williams,B,+60-11-247-8079,2009-07-24,4,Yes
D100213,Vanessa Smith,O,+60-18-995-7020,2021-05-31,6,Yes
D100214,Mr. Michael Brown,B,+60-12-342-7088,2016-07-16,4,Yes
D100215,Gregory Murphy,B,+60-13-404-2880,2014-04-11,5,No
D100216,John Foster,A,+60-12-436-5506,2008-06-03,5,Yes
D100217,Todd Garcia,B,+60-18-084-5339,2026-05-03,6,Yes
D100218,Michael Richardson,O,+60-14-575-1941,2019-12-09,7,Yes
D100219,Sean Henderson,A,+60-17-903-9029,2026-05-05,1,Yes
D100220,Tammy Hickman,B,+60-14-455-5804,2015-01-17,2,Yes
D100221,Jermaine Williams,O,+60-11-788-5443,2013-01-10,6,Yes
D100222,Timothy Arroyo,A,+60-16-434-5821,2012-02-14,6,Yes
D100223,Roy Dennis,O,+60-15-730-3483,2008-08-06,5,Yes
D100224,Arthur Obrien,O,+60-17-764-4430,2026-08-09,3,Yes
D100225,Jeremy Porter,A,+60-18-559-2700,2011-12-21,5,Yes
D100226,Daniel Mitchell,B,+60-11-363-0375,2021-04-16,5,Yes
D100227,Brittany Jacobs,AB,+60-12-490-7348,2024-07-03,6,Yes
D100228,Joseph Glenn,B,+60-15-538-9540,2011-12-24,3,No
D100229,Sara Clark,A,+60-19-569-0012,2011-09-28,6,No
D100230,John Walker,A,+60-15-597-0523,2014-08-18,8,Yes
D100231,Ricardo Gonzalez,A,+60-12-680-7651,2014-11-24,4,Yes
D100232,Mr. Mark Ford,A,+60-15-853-0847,2024-09-24,11,Yes
D100233,Jessica Mcintyre,O,+60-14-345-1601,2023-12-15,6,Yes
D100234,James Owens,O,+60-15-363-3107,2020-12-27,3,No
D100235,Seth Richard,A,+60-12-497-7844,2015-12-02,8,Yes
D100236,Justin Moreno,B,+60-16-186-0383,2018-01-13,5,Yes
D100237,Anthony Horton,O,+60-19-633-0236,2026-07-23,3,Yes
D100238,Jill Lynch,AB,+60-13-503-8281,2020-01-10,7,Yes
D100239,Paula Thompson,O,+60-10-309-6901,2026-06-29,5,Yes
D100240,Susan Butler,A,+60-15-314-5412,2012-03-12,5,Yes
D100241,Angela Cruz,B,+60-15-991-1015,2013-04-14,6,No
D100242,John Chen,O,+60-19-453-2561,2016-02-22,5,Yes
D100243,Christopher Lyons,B,+60-17-569-0398,2015-05-24,4,Yes
D100244,Vincent Yates,A,+60-15-706-0846,2026-08-15,5,Yes
D100245,Christopher Adams,B,+60-12-813-2985,2013-01-28,4,Yes
D100246,Robert Phillips,O,+60-16-592-0773,2020-05-19,2,Yes
D100247,Amber Dillon,B,+60-14-556-2177,2013-01-07,4,No
D100248,Patricia Carr,O,+60-13-903-7229,2022-01-01,6,No
D100249,Christopher Cook,O,+60-11-702-4276,2009-11-03,5,No
D100250,Candace Williams,A,+60-10-402-8611,2026-06-09,4,Yes
D100251,Gregory Miller,B,+60-14-407-4431,2015-12-16,3,Yes
D100252,Jessica Davis,O,+60-15-598-8102,2021-01-16,4,Yes
D100253,Amber Sandoval,B,+60-19-313-1571,2016-05-01,8,No
D100254,Jennifer Moore,A,+60-17-227-5878,2024-01-22,6,Yes
D100255,Carolyn Hubbard,O,+60-14-102-5955,2021-03-27,9,No
D100256,Nancy Krueger,O,+60-16-825-0464,2026-01-12,8,Yes
D100257,Emily Reynolds,O,+60-17-161-9501,2010-10-24,3,Yes
D100258,Suzanne Thomas,A,+60-11-045-7725,2010-04-04,4,No
D100259,Patrick Gibbs,A,+60-17-074-9414,2022-05-29,3,Yes
D100260,Virginia Matthews,AB,+60-19-205-4618,2015-03-21,6,Yes
D100261,Christina Moreno,A,+60-14-594-9586,2011-01-28,7,Yes
D100262,Steven Wilson,O,+60-19-895-2266,2021-12-07,6,Yes
D100263,Christopher Smith,A,+60-19-805-2210,2014-11-04,5,No
D100264,Lori Barnett,B,+60-10-011-5550,2016-09-03,6,No
D100265,Mark Hall,A,+60-14-188-7036,2020-06-30,4,No
D100266,Tamara Carney,A,+60-15-084-0900,2017-02-04,4,No
D100267,Derrick Hoffman,A,+60-18-610-0862,2020-10-03,5,Yes
D100268,Vincent Williamson,B,+60-13-863-9060,2018-04-18,5,Yes
D100269,Mrs. Michelle Davis,O,+60-15-521-2810,2022-08-19,2,Yes
D100270,Vanessa Jones,A,+60-15-767-4868,2020-07-05,7,Yes
D100271,Jonathan Graham,B,+60-12-532-1910,2016-08-23,3,Yes
D100272,Philip Walsh,A,+60-10-725-1118,2018-06-03,6,No
D100273,Geoffrey Alexander,B,+60-19-528-7512,2026-02-03,6,Yes
D100274,Julie Turner,AB,+60-17-585-7896,2015-10-21,5,No
D100275,Karen Bell,A,+60-15-311-2714,2025-03-13,3,Yes
D100276,Crystal Howard,O,+60-14-752-4964,2011-09-27,4,Yes
D100277,Dawn Andrews,A,+60-12-267-1006,2019-04-14,5,Yes
D100278,Adam Reeves,O,+60-11-298-9998,2016-10-22,3,No
D100279,Jerry Hughes,A,+60-13-164-0399,2026-06-07,4,Yes
D100280,Christopher Leonard,O,+60-14-292-4340,2023-08-29,4,No
D100281,Jesse Thomas,A,+60-14-928-3004,2014-09-06,4,Yes
D100282,Kimberly Doyle,A,+60-14-644-2222,2009-04-08,3,Yes
D100283,James Green,O,+60-15-518-0751,2023-05-31,6,Yes
D100284,Sara Compton,A,+60-11-690-4074,2018-02-02,9,No
D100285,Michael Mcdaniel,O,+60-15-054-1840,2009-03-21,6,Yes
D100286,Thomas Terrell,O,+60-16-438-6523,2013-02-06,6,Yes
D100287,Kyle Moore,O,+60-13-261-2581,2021-12-04,7,Yes
D100288,Jill Reeves,O,+60-17-244-9646,2012-10-07,2,Yes
D100289,Michael Delgado,O,+60-11-801-7937,2008-07-29,3,Yes
D100290,William Brown,B,+60-15-042-9278,2026-05-22,10,Yes
D100291,Casey Nelson,O,+60-11-472-9692,2023-01-27,6,No
D100292,Michael Valdez Jr.,B,+60-15-805-7768,2011-10-15,3,Yes
D100293,Carrie Hill,O,+60-12-896-6332,2020-02-15,3,Yes
D100294,John James,A,+60-17-481-9520,2025-09-28,6,Yes
D100295,William Benson,O,+60-18-317-4549,2010-03-15,3,Yes
D100296,Chad Hall,O,+60-17-378-7943,2026-06-19,2,Yes
D100297,Zoe Turner,O,+60-12-746-1780,2017-05-24,4,No
D100298,Jacob Oconnell,A,+60-11-275-3201,2024-11-21,7,Yes
D100299,Ralph Stephens,O,+60-15-965-9069,2006-12-05,2,No
D100300,Mr. David Marshall,A,+60-18-266-5648,2023-09-16,4,Yes
D100301,Brian Snyder,O,+60-18-371-5963,2023-01-03,3,Yes
D100302,Lisa Howell,A,+60-18-960-4510,2024-08-10,5,Yes
D100303,Vanessa Anderson,A,+60-15-176-6899,2022-02-19,4,Yes
D100304,Alejandro Chung,A,+60-19-306-2415,2014-12-06,8,Yes
D100305,Joshua Castillo,O,+60-19-361-1144,2026-03-04,4,Yes
D100306,Donna Randolph,B,+60-12-222-2473,2024-06-25,7,Yes
D100307,James Burton,AB,+60-16-833-7860,2018-11-12,4,Yes
D100308,Marcus Serrano,AB,+60-14-512-3805,2026-04-11,6,No
D100309,Michael Keith,A,+60-13-805-1170,2022-12-07,4,No
D100310,Elizabeth Valencia,AB,+60-10-997-8959,2019-08-25,5,Yes
D100311,Joshua Myers,O,+60-10-931-4990,2015-12-28,5,Yes
D100312,Christian Dodson,A,+60-17-492-0918,2010-10-29,6,Yes
D100313,Tina Rodriguez,B,+60-11-796-9164,2010-10-05,2,Yes
D100314,Anthony Potter,B,+60-18-031-1047,2014-11-14,4,Yes
D100315,Peter Cunningham,O,+60-12-007-6274,2009-08-26,6,Yes
D100316,Jeanette Swanson,O,+60-15-197-9572,2021-10-28,2,Yes
D100317,Mary Jackson,O,+60-14-576-8766,2010-09-13,3,Yes
D100318,Randy Villarreal,AB,+60-19-535-3551,2012-07-17,6,Yes
D100319,Jason Ramos,AB,+60-15-485-4123,2014-01-22,4,Yes
D100320,Christina Rivera,A,+60-13-348-0101,2019-12-14,5,Yes
D100321,Lauren Cannon,B,+60-14-097-5500,2014-01-09,4,Yes
D100322,Mark Wood,O,+60-17-398-2606,2023-10-28,9,Yes
D100323,Brooke Crawford,A,+60-15-703-3658,2011-12-02,5,Yes
D100324,Casey Bowman,A,+60-10-752-8279,2024-12-21,3,Yes
D100325,Mary Long,B,+60-19-334-2941,2011-09-17,8,Yes
D100326,Daniel Murphy II,B,+60-17-323-5246,2026-01-26,2,Yes
D100327,Shane Martinez,O,+60-17-544-2426,2013-12-28,5,Yes
D100328,Chad Aguilar,A,+60-15-267-2544,2025-06-29,7,Yes
D100329,Paul Morse,O,+60-17-821-6207,2017-02-09,7,Yes
D100330,Wesley Watkins,O,+60-18-020-6192,2021-07-13,7,Yes
D100331,Stephanie Blanchard,O,+60-19-106-8403,2019-07-20,6,Yes
D100332,Danielle Roy,O,+60-11-745-9241,2018-03-07,3,No
D100333,Dalton Myers,O,+60-11-749-2857,2018-08-23,5,Yes
D100334,Susan Medina,B,+60-13-355-6410,2008-05-14,5,Yes
D100335,Raymond Irwin,B,+60-19-142-4002,2022-04-20,5,Yes
D100336,Sara Henderson,B,+60-14-978-1123,2020-03-03,7,Yes
D100337,Hunter Ramsey,O,+60-15-701-5566,2020-10-17,3,Yes
D100338,Amanda Blake,B,+60-11-090-3417,2021-04-07,5,Yes
D100339,Paula Bird,A,+60-17-174-6181,2015-01-10,5,No
D100340,Alicia Smith,O,+60-11-266-4264,2013-02-10,3,Yes
D100341,Amy Brown,O,+60-16-630-8290,2024-05-07,8,Yes
D100342,Anna Rogers,B,+60-14-643-0325,2017-10-14,6,Yes
D100343,David Lopez,O,+60-16-721-0936,2016-03-25,6,Yes
D100344,Alexander Jones,A,+60-16-502-4812,2022-01-04,3,No
D100345,Gary Taylor,A,+60-17-562-5814,2017-11-10,6,Yes
D100346,Troy Harmon,B,+60-13-381-1928,2024-12-30,4,Yes
D100347,Meagan Young,B,+60-16-720-6071,2011-08-21,6,Yes
D100348,Joel Keller,O,+60-14-217-6741,2013-05-14,3,Yes
D100349,Sergio Liu,O,+60-17-916-6600,2020-06-10,10,Yes
D100350,Jerry Ferguson,O,+60-18-134-2588,2010-02-17,1,Yes
D100351,Brenda Walker,O,+60-14-082-9025,2019-12-10,5,Yes
D100352,Seth Baker,B,+60-17-516-0523,2010-06-11,2,Yes
D100353,Anna Young,A,+60-14-184-0226,2011-02-02,4,No
D100354,Jacqueline Cox,A,+60-14-023-9319,2015-05-15,13,Yes
D100355,Cynthia Stark,B,+60-15-407-2207,2024-09-14,6,Yes
D100356,Arthur Rodgers,A,+60-16-816-0037,2022-10-25,5,No
D100357,Raymond Holt,A,+60-11-051-6096,2017-08-10,4,Yes
D100358,Kelli Sanchez,O,+60-10-669-1986,2012-11-04,3,Yes
D100359,Suzanne Dalton,B,+60-18-340-2190,2012-08-22,4,Yes
D100360,Jeffrey Williams,AB,+60-16-553-2359,2026-07-08,3,Yes
D100361,Amy Rodriguez,A,+60-16-150-3455,2022-08-16,2,No
D100362,Jeanette Mills,O,+60-11-156-7307,2024-06-19,3,Yes
D100363,Michelle Smith,A,+60-14-686-8709,2026-07-09,6,Yes
D100364,Mary Hayden,A,+60-16-154-2894,2015-08-31,6,Yes
D100365,Brittany Mckay,O,+60-14-159-9583,2018-05-20,4,No
D100366,Latasha Dean,AB,+60-13-176-4838,2011-09-03,7,Yes
D100367,Melissa Wyatt,B,+60-11-092-9748,2022-06-07,3,Yes
D100368,Todd Griffin,AB,+60-15-210-0782,2011-04-13,2,Yes
D100369,Denise Mason,O,+60-12-190-7934,2023-10-17,5,Yes
D100370,Max Owen,O,+60-17-133-2050,2024-06-04,6,Yes
D100371,Bryce Marshall,O,+60-13-433-6900,2011-09-06,5,Yes
D100372,William Howell,A,+60-16-869-0860,2022-05-17,5,No
D100373,Linda Parker,O,+60-15-744-1143,2017-07-04,5,Yes
D100374,Stephanie Henson,O,+60-17-104-4720,2009-09-23,3,Yes
D100375,Sheila Johnston,A,+60-17-036-4535,2016-03-23,4,Yes
D100376,Craig Walker,O,+60-18-174-7379,2024-04-24,7,Yes
D100377,Emily Davis,B,+60-13-179-3900,2009-09-01,6,Yes
D100378,Danielle Foster,O,+60-11-154-7690,2010-05-27,2,Yes
D100379,Emily Herrera,A,+60-10-991-6235,2021-09-24,5,No
D100380,Michele Campbell,B,+60-12-834-6986,2022-09-25,7,Yes
D100381,Leslie Quinn,O,+60-13-797-8344,2012-06-22,7,Yes
D100382,Ashley Vega,O,+60-15-768-1918,2019-07-23,5,Yes
D100383,Stephen Taylor,O,+60-17-816-4755,2018-07-06,3,Yes
D100384,Julia Krueger,O,+60-11-626-7713,2009-10-15,6,Yes
D100385,Denise Pham,A,+60-17-342-3496,2024-09-29,3,Yes
D100386,Logan Roberson,B,+60-10-630-3029,2023-03-08,3,No
D100387,Gail Stewart,O,+60-15-567-1031,2024-09-02,5,No
D100388,Elizabeth Wright,O,+60-12-865-7984,2018-05-12,3,Yes
D100389,Latasha Brown,A,+60-17-110-7746,2023-02-09,4,Yes
D100390,Jacqueline Barton,A,+60-18-046-3018,2024-12-21,5,Yes
D100391,Deborah Richard,B,+60-14-665-7216,2007-10-30,3,No
D100392,Michael Lewis,O,+60-18-941-5842,2026-08-20,5,Yes
D100393,Daniel Shelton,B,+60-16-979-9188,2010-05-05,7,Yes
D100394,Melinda Anderson,A,+60-12-247-3988,2010-12-03,3,Yes
D100395,Brad Kelly,B,+60-18-156-4129,2015-06-19,5,Yes
D100396,Trevor Olsen,A,+60-15-865-5740,2021-11-18,3,Yes
D100397,Aimee Gordon,B,+60-15-761-9199,2009-01-03,4,Yes
D100398,Mike Kim,A,+60-10-273-5695,2017-09-15,4,No
D100399,Edward Evans,O,+60-17-008-7589,2016-07-15,4,No
D100400,Amy Kline,B,+60-14-727-5753,2024-10-16,8,Yes
D100401,Stacey Perez,A,+60-10-664-4221,2026-05-26,4,Yes
D100402,Helen Wilkinson,O,+60-12-281-1078,2016-11-02,5,Yes
D100403,William Orozco,B,+60-15-949-4253,2019-12-16,4,Yes
D100404,Sandra Andrews,O,+60-14-211-8280,2010-03-03,4,Yes
D100405,Joe Jackson,A,+60-19-880-9410,2014-03-22,6,Yes
D100406,Brittany Thomas,O,+60-12-093-4937,2009-07-05,2,Yes
D100407,Kristen Kelley,B,+60-16-822-5028,2017-09-06,7,Yes
D100408,Kelly Brown,B,+60-19-851-0196,2019-06-12,2,Yes
D100409,John Mendoza,A,+60-12-493-6564,2023-11-23,10,Yes
D100410,Tracy Monroe,A,+60-17-733-4011,2021-04-11,2,Yes
D100411,Catherine Fisher,B,+60-17-493-4798,2018-11-21,7,Yes
D100412,Mr. Michael Zhang,O,+60-18-974-6593,2014-10-19,2,Yes
D100413,Steven Reyes,O,+60-16-213-7794,2012-10-14,6,Yes
D100414,Natalie Johnston,B,+60-19-779-5356,2011-07-28,6,Yes
D100415,Carrie Berger,O,+60-17-701-3687,2026-02-09,5,Yes
D100416,Kathryn Powell,A,+60-13-956-9962,2020-04-23,5,Yes
D100417,Leonard Mueller,A,+60-13-958-4832,2023-10-30,3,Yes
D100418,Julia Campbell,B,+60-10-233-8610,2014-08-31,2,Yes
D100419,Brian Perez,O,+60-17-024-6307,2014-12-08,8,Yes
D100420,Mia Beard,AB,+60-13-122-5523,2023-10-28,1,Yes
D100421,Jacqueline Bowen,A,+60-13-131-9741,2014-11-23,3,Yes
D100422,Jonathan Stuart,O,+60-12-020-7238,2026-03-22,4,Yes
D100423,Phillip Campos,O,+60-19-643-1848,2007-06-14,2,Yes
D100424,Linda Mullins,B,+60-13-701-5214,2013-08-20,2,Yes
D100425,Jordan Clark,O,+60-19-646-7794,2019-03-01,4,Yes
D100426,Keith Morrison,O,+60-15-545-2266,2010-12-31,4,Yes
D100427,Matthew Gonzalez,B,+60-12-762-2504,2023-09-24,3,Yes
D100428,Richard May,O,+60-15-765-8966,2011-05-09,4,Yes
D100429,Kiara Paul,B,+60-19-961-3628,2011-11-19,5,Yes
D100430,Jason Webster,A,+60-18-540-3911,2016-11-21,2,Yes
D100431,Chelsea Garcia,A,+60-11-944-6965,2015-10-02,5,Yes
D100432,David Wade,A,+60-19-748-0472,2024-07-31,4,Yes
D100433,Michael Russell,A,+60-13-751-2160,2024-10-22,2,Yes
D100434,Marie Nash,B,+60-16-166-9016,2026-03-29,3,Yes
D100435,Tina Travis,A,+60-16-693-7102,2013-04-10,3,Yes
D100436,Jasmine Brandt,O,+60-19-929-1463,2026-02-26,5,Yes
D100437,Terri Stark,A,+60-13-168-7908,2014-05-09,3,Yes
D100438,Heidi Santana,O,+60-15-161-0570,2022-03-06,6,Yes
D100439,Samuel Smith,B,+60-15-094-4279,2021-07-18,6,Yes
D100440,Christopher Pearson,B,+60-14-002-3133,2022-02-11,8,Yes
D100441,Courtney Alvarado,B,+60-12-853-4197,2020-08-15,6,Yes
D100442,Deborah Martin,O,+60-18-026-4508,2022-07-06,6,Yes
D100443,Kelly Cuevas,A,+60-10-775-5646,2008-05-09,4,Yes
D100444,Elizabeth Mitchell,A,+60-11-791-3387,2025-11-08,5,No
D100445,Austin Brown,O,+60-14-476-9951,2018-12-12,2,No
D100446,Terri Meadows,O,+60-11-567-5982,2018-05-19,8,Yes
D100447,Amanda Sheppard,A,+60-15-985-9923,2024-07-16,3,Yes
D100448,Katie Carr DDS,AB,+60-12-547-0281,2018-04-21,5,Yes
D100449,Derek Rogers,A,+60-15-824-7099,2018-03-11,6,Yes
D100450,Marcus Grant,A,+60-17-844-4916,2021-01-23,4,Yes
D100451,Cindy Lane,O,+60-19-815-5461,2017-04-25,2,Yes
D100452,Danielle Jackson,B,+60-17-366-7843,2025-01-13,2,Yes
D100453,Luke Williams,O,+60-14-125-2494,2009-07-25,4,Yes
D100454,Joseph Johnson,O,+60-17-450-8143,2008-12-20,5,Yes
D100455,Dr. Jacob Kelly,A,+60-18-848-4408,2011-08-15,3,Yes
D100456,Joshua Diaz,A,+60-14-798-6299,2010-02-17,3,Yes
D100457,Morgan Wilson,A,+60-15-705-6286,2022-07-01,3,Yes
D100458,Summer Thompson,O,+60-13-061-9074,2018-11-21,7,No
D100459,Dawn Hunt,O,+60-18-580-7793,2015-07-31,5,No
D100460,Melvin Stanley,B,+60-19-435-8029,2026-01-20,8,No
D100461,Michael Brady,B,+60-19-455-8018,2010-03-05,8,Yes
D100462,Laura Salas,AB,+60-17-078-1927,2010-03-08,5,Yes
D100463,Johnny Austin,O,+60-13-448-9077,2025-12-26,8,No
D100464,Jessica Kelly,O,+60-12-040-5072,2012-11-22,3,Yes
D100465,Scott Willis DDS,A,+60-13-251-4874,2015-04-25,5,Yes
D100466,Kristen Patel,O,+60-12-569-7823,2026-07-05,3,Yes
D100467,Thomas Snyder,A,+60-18-856-3256,2021-03-18,4,Yes
D100468,Bruce Thompson,A,+60-18-206-5380,2009-10-20,5,Yes
D100469,Charles Nunez MD,O,+60-12-653-4551,2026-06-01,4,Yes
D100470,Robert Dickerson,A,+60-17-593-0431,2026-09-03,4,Yes
D100471,Jeffrey Brandt,O,+60-18-960-7903,2026-07-07,10,No
D100472,Jessica Mccarthy,B,+60-19-079-5027,2009-07-30,5,Yes
D100473,Carrie Kent,A,+60-17-028-6709,2020-11-21,5,Yes
D100474,William Mills,O,+60-11-410-3115,2018-10-11,16,Yes
D100475,Matthew Smith,A,+60-18-702-8344,2017-12-07,3,Yes
D100476,Virginia Osborne,O,+60-11-534-5222,2015-01-12,5,Yes
D100477,Andrew Chandler,A,+60-13-742-8721,2020-07-17,6,No
D100478,Karen James,O,+60-10-531-7838,2026-02-17,2,Yes
D100479,Anthony Patterson,A,+60-11-050-0734,2012-06-14,6,Yes
D100480,Joseph Hess,A,+60-15-632-1796,2010-09-06,6,No
D100481,Amy Walters,O,+60-10-017-9218,2020-10-16,4,Yes
D100482,Alicia Simon,O,+60-13-494-3948,2024-03-06,4,Yes
D100483,Christian Macias,O,+60-13-767-5733,2026-07-14,7,Yes
D100484,Sally Ortiz,A,+60-11-561-5387,2011-07-29,6,No
D100485,Darryl Soto,A,+60-19-676-3543,2011-06-04,6,Yes
D100486,James Pittman,B,+60-17-126-2537,2020-09-06,5,No
D100487,Joseph Huffman,A,+60-15-079-6082,2026-02-07,1,Yes
D100488,Edward Brown,O,+60-17-464-4705,2015-09-20,4,Yes
D100489,Joshua Stevens,A,+60-10-757-9401,2024-05-01,2,Yes
D100490,Brandon Fisher,O,+60-18-572-6665,2023-12-24,4,Yes
D100491,Cynthia George,O,+60-11-139-7167,2016-12-02,2,Yes
D100492,Jonathan James,O,+60-15-552-5042,2013-01-10,6,Yes
D100493,Hector Davidson,A,+60-11-334-6228,2010-03-20,6,No
D100494,Samantha James,A,+60-10-494-3310,2018-11-18,2,Yes
D100495,Joseph Medina,O,+60-19-251-2563,2022-06-15,7,Yes
D100496,John Cunningham,O,+60-15-989-7811,2022-07-02,7,No
D100497,Gregg Johnson,O,+60-18-113-9208,2015-09-29,3,Yes
D100498,Oscar Bennett,B,+60-14-082-4144,2008-05-25,3,Yes
D100499,Douglas Cannon,O,+60-16-275-2747,2026-07-06,5,No
D100500,Robert Webb,A,+60-19-572-1523,2013-11-04,6,Yes
D100501,John Keller,B,+60-15-929-3149,2014-11-13,5,Yes
D100502,Ethan Harris,O,+60-10-656-7368,2018-11-09,6,Yes
D100503,Daniel Arnold,A,+60-18-823-0628,2012-08-19,4,No
D100504,Shelly Miles,O,+60-14-214-8144,2021-05-22,5,Yes
D100505,Misty Woods,B,+60-12-366-0598,2025-09-29,2,Yes
D100506,Timothy Brown,B,+60-14-948-6565,2019-06-11,5,Yes
D100507,Eric Sanders,B,+60-11-842-7770,2025-10-14,5,Yes
D100508,Clinton Ramirez,O,+60-14-835-6147,2024-02-14,7,Yes
D100509,Mary Garcia,AB,+60-16-170-4223,2015-11-27,2,Yes
D100510,Susan Jones,O,+60-16-404-2302,2019-10-26,5,No
D100511,Erin Arias,O,+60-12-611-1076,2024-12-11,8,Yes
D100512,Jamie Holden,O,+60-14-345-5981,2025-03-09,3,No
D100513,Daniel Miller,B,+60-10-801-2520,2023-05-21,6,Yes
D100514,Brenda Osborne,B,+60-15-314-3993,2018-12-01,6,Yes
D100515,Ronald Shea,O,+60-13-806-6735,2018-06-02,4,Yes
D100516,Bryan Oliver,B,+60-11-490-4094,2025-05-28,4,Yes
D100517,Amy Wise,O,+60-18-104-3846,2020-01-03,4,Yes
D100518,Matthew Banks,B,+60-11-738-9398,2012-01-26,5,No
D100519,Robert Patterson,B,+60-17-518-5512,2025-11-24,3,Yes
D100520,Adam Sutton,O,+60-13-348-1909,2010-01-26,4,Yes
D100521,Grant Knapp,B,+60-10-157-5929,2021-08-20,3,Yes
D100522,Jake Lane,O,+60-15-268-3875,2025-03-24,6,Yes
D100523,John Holmes,A,+60-14-875-3516,2014-05-30,6,No
D100524,Jay Williams,A,+60-17-739-4534,2022-10-06,9,Yes
D100525,Dawn Moore,B,+60-10-926-1984,2010-06-10,6,Yes
D100526,Carlos Taylor,A,+60-10-991-7495,2026-07-14,3,Yes
D100527,Ellen Jarvis,A,+60-13-324-4943,2019-09-18,5,Yes
D100528,Joseph Velasquez,O,+60-17-126-7083,2017-11-08,6,Yes
D100529,Sarah Black,AB,+60-17-760-8335,2016-10-12,6,Yes
D100530,Scott Walton,A,+60-15-081-6506,2016-01-21,4,Yes
D100531,Dana Figueroa,O,+60-18-147-4047,2015-09-19,4,Yes
D100532,Megan Thompson,O,+60-18-668-8687,2008-02-26,3,Yes
D100533,Amanda Day,A,+60-13-748-7613,2018-09-06,7,Yes
D100534,Calvin Walker,O,+60-12-885-2121,2026-02-23,5,Yes
D100535,Brandon Dorsey,B,+60-15-816-0875,2015-04-14,7,No
D100536,Stephen Williams,A,+60-13-208-3879,2025-09-12,5,Yes
D100537,Kellie Anderson,AB,+60-15-710-2081,2025-08-25,4,No
D100538,Jennifer Vargas,O,+60-18-529-4911,2018-06-22,7,Yes
D100539,Kathleen Cameron,O,+60-14-007-8317,2011-01-17,4,Yes
D100540,Karen Wood,A,+60-19-949-6278,2013-02-23,6,Yes
D100541,Daisy Dominguez,AB,+60-18-547-9353,2011-03-09,5,Yes
D100542,Nicole Calderon,AB,+60-13-392-0830,2014-01-06,10,No
D100543,Logan Brown,O,+60-18-636-5712,2008-05-24,4,Yes
D100544,Stanley Kent,B,+60-17-645-8346,2010-03-18,4,Yes
D100545,Tamara Olson,O,+60-13-051-0349,2026-08-14,5,Yes
D100546,John George,O,+60-18-488-6719,2012-08-17,2,No
D100547,Melissa Dennis,A,+60-14-835-6743,2009-04-14,3,Yes
D100548,David Green,AB,+60-13-736-7946,2016-09-30,5,Yes
D100549,Cameron Ortiz,O,+60-10-496-2667,2026-07-09,4,Yes
D100550,Christopher Parrish,AB,+60-16-275-0497,2014-04-26,4,Yes
D100551,Patrick Bryant,A,+60-14-772-6116,2012-05-04,3,Yes
D100552,Tammy Martin,AB,+60-11-432-0798,2011-02-04,2,Yes
D100553,Jennifer Dyer,O,+60-13-941-1703,2009-04-24,3,Yes
D100554,Luis Villarreal,A,+60-19-096-0986,2008-02-20,3,Yes
D100555,Heidi Rogers,O,+60-13-614-9507,2015-01-21,5,Yes
D100556,Elizabeth Rose,A,+60-11-880-9640,2019-05-12,8,Yes
D100557,Francis Hill,AB,+60-11-143-8017,2012-02-03,6,Yes
D100558,Jane Gonzalez,B,+60-12-134-8139,2010-12-09,7,Yes
D100559,Linda Johnson,A,+60-10-368-1439,2011-07-08,6,Yes
D100560,Dr. Samantha Cervantes,O,+60-11-940-9895,2026-05-03,3,Yes
D100561,Rebecca Fletcher,A,+60-13-888-4356,2026-01-25,5,No
D100562,Dr. Elizabeth Ayala MD,O,+60-12-183-0509,2023-01-30,5,Yes
D100563,Sharon Gallagher,AB,+60-14-631-8728,2018-10-25,7,No
D100564,Ian Alvarez,O,+60-19-591-7512,2016-09-19,3,Yes
D100565,Ms. Tracey Thomas,AB,+60-17-898-2372,2020-04-09,5,No
D100566,Anthony Williams,A,+60-16-767-4108,2012-09-20,8,Yes
D100567,Jennifer Miller,A,+60-10-501-7703,2007-01-21,1,Yes
D100568,Tracy Martin,O,+60-11-718-4206,2014-04-18,7,Yes
D100569,Dalton King,B,+60-17-078-0555,2021-05-04,2,No
D100570,Hunter Smith,B,+60-16-106-9729,2017-04-13,3,No
D100571,Marc Burns,B,+60-17-507-3076,2026-08-04,4,Yes
D100572,Jeremy Lewis,A,+60-12-264-4624,2020-01-05,4,Yes
D100573,David Jones,O,+60-18-475-0208,2011-08-23,3,Yes
D100574,Linda Hamilton,B,+60-13-994-3011,2012-05-01,4,Yes
D100575,Crystal Ortega,O,+60-10-316-1650,2021-01-23,1,Yes
D100576,Jonathan Baker,O,+60-16-506-8381,2025-05-21,4,No
D100577,Valerie Campbell,O,+60-12-734-0083,2023-09-01,3,Yes
D100578,Casey Hale,O,+60-10-625-9829,2014-03-27,10,Yes
D100579,Brianna Brown,O,+60-19-585-3254,2012-10-07,3,No
D100580,John Schneider,O,+60-12-560-5554,2009-09-28,8,Yes
D100581,Danielle Ruiz,O,+60-16-613-9644,2010-05-30,4,Yes
D100582,Connor Carroll,O,+60-11-245-3626,2026-07-14,3,Yes
D100583,Benjamin Harris,O,+60-11-659-4789,2026-02-26,5,No
D100584,Katelyn Carpenter,O,+60-16-633-7479,2024-11-14,7,Yes
D100585,Kathleen Robinson,O,+60-12-996-6841,2024-10-27,5,Yes
D100586,Patricia Cox,A,+60-12-810-4535,2012-07-14,10,Yes
D100587,Omar Castillo,AB,+60-11-766-9699,2015-09-03,10,No
D100588,Michael May,O,+60-11-988-9931,2023-03-01,4,Yes
D100589,Jon Snow,A,+60-13-992-7388,2010-08-25,1,Yes
D100590,Lawrence Roberts,B,+60-18-564-0123,2024-03-24,10,Yes
D100591,Latoya Cook,B,+60-10-500-7548,2018-06-19,9,Yes
D100592,Kevin Johnson,B,+60-14-473-8776,2011-12-12,4,Yes
D100593,Michael Parker,A,+60-15-220-2975,2018-02-15,4,Yes
D100594,Ryan Thomas,AB,+60-17-571-3886,2019-07-31,4,Yes
D100595,Amy Chan,B,+60-19-893-2587,2016-01-02,5,Yes
D100596,Morgan Chen,O,+60-16-239-8603,2009-03-31,2,Yes
D100597,Seth Meyers,AB,+60-11-493-7393,2008-01-03,5,Yes
D100598,Jessica Thompson,A,+60-16-076-6856,2010-11-21,7,No
D100599,Steven Johnson,A,+60-18-333-9988,2020-04-06,4,No
D100600,Christopher Smith,O,+60-11-881-0454,2026-01-12,7,Yes
D100601,Autumn Edwards,O,+60-19-213-1091,2013-05-27,7,Yes
D100602,William Davis,O,+60-18-810-1378,2013-05-10,3,No
D100603,Larry Malone,O,+60-16-448-7363,2024-04-23,2,Yes
D100604,Lonnie Branch,B,+60-17-773-4564,2013-09-25,5,Yes
D100605,Bradley Wilson,O,+60-18-416-0441,2018-12-16,4,Yes
D100606,Darren Jones,B,+60-13-043-1213,2013-01-08,7,No
D100607,Amanda Bennett,A,+60-19-352-7642,2009-09-06,4,Yes
D100608,Samantha Hobbs,B,+60-18-350-5008,2012-02-02,8,Yes
D100609,Jacob Wheeler,A,+60-16-197-1831,2011-08-03,5,Yes
D100610,Patricia Lopez,O,+60-14-747-1323,2016-09-17,6,Yes
D100611,Jasmine Edwards,A,+60-14-549-2280,2023-01-15,4,Yes
D100612,James Watson,B,+60-17-885-0617,2016-07-02,3,Yes
D100613,Denise Green,O,+60-17-228-4433,2024-02-07,3,Yes
D100614,Katrina Martin,A,+60-16-857-9677,2025-12-18,3,Yes
D100615,James Williams,A,+60-17-335-2679,2022-09-06,1,No
D100616,Carol Peterson,A,+60-12-459-0487,2016-10-09,4,Yes
D100617,Gerald Crawford,O,+60-13-916-1615,2026-02-17,3,Yes
D100618,Raymond Pitts,O,+60-13-096-6281,2017-12-04,5,No
D100619,Robert Walton,A,+60-10-290-2339,2016-02-11,4,Yes
D100620,Deborah Franco,O,+60-15-242-8697,2022-09-22,5,No
D100621,Kenneth Perez,O,+60-18-263-3840,2015-05-18,5,Yes
D100622,Amber Wolf,AB,+60-13-129-8138,2010-03-07,7,Yes
D100623,Crystal Fisher,O,+60-13-297-1689,2023-01-07,7,No
D100624,Melissa Smith,O,+60-11-346-5986,2019-02-25,8,Yes
D100625,Kimberly Ball,B,+60-15-239-0572,2018-08-20,5,No
D100626,Charles Sharp,O,+60-15-966-3760,2017-03-10,7,Yes
D100627,Amber Murphy,O,+60-14-067-9698,2014-03-22,5,Yes
D100628,Michael Gutierrez,B,+60-12-374-6814,2024-08-04,4,Yes
D100629,Jaime Crawford,A,+60-11-908-9213,2023-07-18,5,Yes
D100630,Diamond Mendez,B,+60-19-639-7509,2025-10-04,3,Yes
D100631,David Rodriguez,A,+60-12-059-8258,2017-01-20,3,Yes
D100632,Dr. Joseph Navarro,B,+60-12-821-8656,2012-07-05,5,Yes
D100633,Matthew Hart,O,+60-18-860-0100,2014-06-23,4,Yes
D100634,Steven Wells,B,+60-15-293-2749,2015-04-07,7,No
D100635,Alexis Brewer,O,+60-15-061-4694,2011-07-26,7,Yes
D100636,Valerie Becker,B,+60-12-495-2288,2013-09-28,8,Yes
D100637,Kevin Chavez,O,+60-15-017-2751,2017-11-07,4,Yes
D100638,Jeremy Barrett,O,+60-12-968-3671,2026-06-03,3,Yes
D100639,Michael Irwin,A,+60-15-383-6469,2014-10-22,2,Yes
D100640,Erika Dawson,A,+60-16-909-7771,2016-06-20,3,Yes
D100641,Zachary Frazier,O,+60-11-930-8362,2012-07-31,6,Yes
D100642,Tyler Nelson,O,+60-15-146-2102,2009-09-12,2,Yes
D100643,Sydney Carey,O,+60-17-857-3154,2020-05-04,2,Yes
D100644,Troy Brown,A,+60-19-234-9641,2018-12-09,7,Yes
D100645,David Smith,A,+60-10-048-8755,2022-02-03,3,Yes
D100646,Brandon Thompson,O,+60-10-362-8651,2014-04-01,4,Yes
D100647,Nancy Bass,O,+60-15-992-7969,2025-06-02,7,Yes
D100648,Leonard Arias,B,+60-10-699-2332,2008-12-30,6,Yes
D100649,Frank Ryan,B,+60-18-796-6008,2018-11-12,3,Yes
D100650,Rhonda Valdez,A,+60-13-623-7451,2024-08-02,7,Yes
D100651,Ronald Delacruz,A,+60-11-923-6043,2016-02-11,4,No
D100652,Shannon Clayton,A,+60-18-405-7858,2018-05-16,2,No
D100653,Ryan Kelly,O,+60-19-309-7176,2018-01-03,9,Yes
D100654,Rebecca Mata,O,+60-16-316-6567,2012-06-25,4,Yes
D100655,Kelly Gilbert,A,+60-13-861-5815,2022-04-10,5,No
D100656,Randall Summers,A,+60-17-944-9428,2021-11-15,4,Yes
D100657,Keith Rogers,O,+60-18-568-9641,2024-07-21,5,Yes
D100658,Rebecca Patterson DVM,O,+60-14-065-0721,2026-01-15,4,No
D100659,Adam Becker MD,O,+60-12-025-5523,2023-07-24,7,Yes
D100660,Courtney Campos,A,+60-19-341-6121,2012-03-06,4,No
D100661,Richard White,O,+60-17-049-2774,2009-08-03,6,Yes
D100662,Renee Walsh,A,+60-19-789-4194,2009-12-19,4,No
D100663,Rachel Green,O,+60-17-919-2787,2020-12-09,5,Yes
D100664,Mrs. Nancy Davis,O,+60-16-845-7942,2024-06-29,5,Yes
D100665,Christine Khan,O,+60-14-648-2785,2022-05-05,4,Yes
D100666,Mark Maxwell,O,+60-14-661-5832,2022-12-20,4,Yes
D100667,Jessica Lopez,O,+60-10-009-7237,2014-09-26,5,Yes
D100668,Chad Walker,AB,+60-12-966-0449,2025-07-21,3,Yes
D100669,Brooke Robertson,O,+60-17-983-3511,2018-02-18,8,No
D100670,Beverly Perez,A,+60-14-704-3733,2012-03-04,7,Yes
D100671,Cynthia Oliver,A,+60-12-923-4359,2026-08-16,2,Yes
D100672,Sherry Everett,O,+60-11-820-5618,2017-02-13,7,Yes
D100673,Amber Robinson,B,+60-10-145-0299,2022-02-24,5,Yes
D100674,William Simon,B,+60-15-577-5593,2010-10-09,4,Yes
D100675,Wendy Sherman,B,+60-17-522-5009,2014-08-31,7,Yes
D100676,Christopher Walker,O,+60-12-191-8964,2019-03-09,8,Yes
D100677,John Stephens,B,+60-10-023-7809,2019-03-23,4,Yes
D100678,John Wood,O,+60-19-771-2058,2021-06-17,4,Yes
D100679,Ashley Yates,B,+60-12-196-7537,2018-07-11,5,Yes
D100680,Michael Bond,O,+60-11-089-2803,2017-10-27,6,Yes
D100681,Shannon Smith,A,+60-15-853-6070,2015-03-13,3,Yes
D100682,Nicole Eaton,B,+60-10-829-9159,2011-02-19,6,Yes
D100683,Christopher Gordon,B,+60-15-226-4931,2008-10-08,5,Yes
D100684,Jennifer Fletcher,A,+60-11-064-7306,2011-01-31,4,No
D100685,Bryan Rogers,O,+60-19-492-1505,2025-03-02,7,Yes
D100686,Steven Flores,O,+60-15-353-3893,2023-08-27,4,Yes
D100687,Bonnie Raymond,B,+60-14-146-1285,2013-06-16,10,Yes
D100688,Meagan Osborne,A,+60-16-293-7264,2023-10-03,4,Yes
D100689,Nancy Jordan,A,+60-13-386-3121,2021-10-10,1,Yes
D100690,Jeremy Le,A,+60-10-960-3660,2013-01-21,5,Yes
D100691,Karen Roman,B,+60-14-139-0664,2020-09-08,8,Yes
D100692,John Cole,B,+60-11-845-2685,2007-10-05,3,Yes
D100693,Becky Powell,O,+60-10-571-2576,2011-03-19,5,Yes
D100694,Mikayla Jones,B,+60-12-757-2702,2026-08-23,3,Yes
D100695,Brittany Garza,O,+60-15-518-6854,2016-07-31,3,No
D100696,Justin Meyer,O,+60-16-488-7795,2017-03-28,4,No
D100697,Christine Walker,A,+60-17-284-8849,2022-06-20,9,Yes
D100698,Cynthia Hicks MD,O,+60-12-814-3115,2026-08-22,3,Yes
D100699,Brenda Thompson,O,+60-11-180-5725,2010-05-11,4,Yes
D100700,Christian Jones,O,+60-10-643-1723,2019-03-31,6,Yes
D100701,Timothy Shaw,A,+60-13-974-2043,2026-04-24,1,Yes
D100702,Luis Lee,O,+60-16-442-2447,2012-11-08,8,Yes
D100703,Michelle Rangel,A,+60-13-478-3382,2019-03-21,3,No
D100704,Allen Watson,O,+60-13-714-5433,2018-04-29,6,Yes
D100705,Nicholas Taylor,A,+60-16-289-6085,2025-08-10,2,No
D100706,Nancy White,O,+60-10-203-2096,2019-07-30,2,Yes
D100707,Ethan Pugh,O,+60-19-658-9009,2021-04-25,5,Yes
D100708,Jeremy Dorsey,AB,+60-18-432-7103,2017-08-08,10,Yes
D100709,Pamela Brooks,A,+60-11-953-9451,2023-10-02,6,No
D100710,Alexandra Holmes,O,+60-15-817-7500,2012-07-21,12,Yes
D100711,Teresa Carey,O,+60-18-637-1716,2014-05-26,5,Yes
D100712,Robert Thomas,O,+60-18-511-0647,2020-12-13,10,Yes
D100713,Ryan Brown,A,+60-19-708-8490,2026-03-18,5,Yes
D100714,Emily Little,O,+60-14-451-1522,2025-12-23,7,Yes
D100715,Ricky Kelley,O,+60-13-647-4636,2009-02-23,5,Yes
D100716,Andrew Hudson,A,+60-15-124-0477,2025-02-24,11,Yes
D100717,Sandy Rodriguez,O,+60-10-638-3051,2019-08-31,6,Yes
D100718,William Miller,A,+60-10-737-1171,2024-05-16,6,Yes
D100719,Kelly Thomas,A,+60-14-746-6819,2018-02-08,5,Yes
D100720,Amber Robinson,AB,+60-11-863-8423,2020-03-19,4,Yes
D100721,Lauren Skinner,O,+60-14-889-7109,2014-02-26,4,Yes
D100722,Michael Cherry,O,+60-17-843-4706,2022-07-23,5,Yes
D100723,Arthur Taylor Jr.,A,+60-12-082-0983,2019-01-27,6,No
D100724,Brittney Leonard,O,+60-14-947-8342,2014-03-13,5,No
D100725,Brandon Zhang,O,+60-13-521-5741,2023-07-28,4,No
D100726,Sherri Ramirez,A,+60-11-503-0848,2026-03-12,3,Yes
D100727,Philip Zamora,O,+60-15-462-5034,2010-08-23,7,Yes
D100728,Cody Kennedy,A,+60-15-362-1288,2011-02-06,7,Yes
D100729,Sara Davis,A,+60-11-644-0055,2023-02-15,5,Yes
D100730,Jason Cruz,AB,+60-16-950-0186,2016-03-10,2,No
D100731,Kyle Fischer,O,+60-18-388-7162,2017-12-01,6,Yes
D100732,James Black,A,+60-19-345-2609,2013-10-04,10,No
D100733,Christina Brown,B,+60-19-972-4238,2020-08-15,8,Yes
D100734,Emma Williams,AB,+60-18-826-1560,2026-04-05,2,Yes
D100735,Karen Jenkins,O,+60-10-213-4574,2014-03-11,8,Yes
D100736,James Warren,O,+60-19-900-9738,2023-04-26,7,Yes
D100737,Larry Knox,A,+60-19-675-1795,2025-05-02,7,Yes
D100738,Carol Duncan,A,+60-15-562-0264,2016-11-10,4,Yes
D100739,Sarah Johnson,AB,+60-12-867-4482,2021-07-14,3,Yes
D100740,Elizabeth Ross,O,+60-17-597-9959,2023-02-02,6,Yes
D100741,Adam Young,O,+60-17-184-3191,2011-11-22,3,Yes
D100742,Kathryn Yang,AB,+60-10-864-8817,2015-07-29,7,No
D100743,Riley Daniels,O,+60-12-242-0537,2021-11-03,6,Yes
D100744,Tammy Nelson,O,+60-10-919-7649,2022-09-02,8,Yes
D100745,Stephanie Williams,AB,+60-10-439-8088,2024-02-17,3,No
D100746,Michelle Mckay,O,+60-13-609-5230,2024-07-13,5,Yes
D100747,Michael Johnson,O,+60-10-567-2109,2021-02-13,4,Yes
D100748,Charles Spears,O,+60-19-709-2233,2021-11-05,9,Yes
D100749,Gina Martinez,O,+60-19-703-0924,2019-08-04,3,Yes
D100750,Stanley Hill,A,+60-15-416-5554,2025-10-11,6,Yes
D100751,Eric Collins,B,+60-14-754-0966,2021-10-15,4,Yes
D100752,Angela Smith,A,+60-14-598-8778,2015-09-02,6,Yes
D100753,Kelly Mcdaniel,O,+60-11-225-7049,2022-01-12,6,Yes
D100754,Ashley Terrell,B,+60-12-994-1496,2017-11-01,4,Yes
D100755,Brandon Morales,O,+60-15-281-7232,2025-02-07,2,Yes
D100756,James Wilson,A,+60-15-390-3720,2017-07-25,3,Yes
D100757,Jeffrey Gonzalez,O,+60-18-459-7405,2015-05-04,7,Yes
D100758,Christina Pitts,O,+60-10-736-0475,2014-09-26,4,Yes
D100759,Larry Huerta,O,+60-17-336-1297,2015-08-24,7,Yes
D100760,Taylor Horton,B,+60-19-119-2413,2026-05-02,5,Yes
D100761,Rhonda Miller,O,+60-10-741-3078,2010-02-17,7,No
D100762,Tonya Johnson,AB,+60-11-739-9611,2020-01-29,4,Yes
D100763,Shane Caldwell,O,+60-12-835-2763,2019-12-30,3,Yes
D100764,Terry Daniels,O,+60-12-357-4821,2018-04-08,4,No
D100765,Susan Phillips,AB,+60-17-448-0795,2014-11-05,6,Yes
D100766,Candace Blackburn,A,+60-18-448-6448,2018-03-21,5,No
D100767,Heidi Salas,O,+60-14-295-0518,2026-05-22,6,Yes
D100768,Diana Johnson,A,+60-18-491-8252,2009-11-21,5,Yes
D100769,Melinda Jones,O,+60-18-327-8477,2016-02-08,4,Yes
D100770,Lauren King,O,+60-13-115-9201,2015-11-22,7,Yes
D100771,Jasmine Park,A,+60-12-355-3122,2026-05-07,5,No
D100772,Matthew Hamilton,A,+60-19-078-0296,2014-02-06,3,Yes
D100773,Clinton James,O,+60-10-590-3945,2026-03-12,6,No
D100774,Alexander Smith,O,+60-16-165-0051,2021-04-23,6,Yes
D100775,Bryan Adams,B,+60-16-225-6102,2023-07-05,5,Yes
D100776,Alicia Wells,A,+60-14-100-0980,2021-05-02,9,No
D100777,Tara Kramer,A,+60-18-898-0692,2009-11-05,5,No
D100778,Matthew Lee,O,+60-19-778-2346,2009-07-18,4,Yes
D100779,Jeffery Houston,O,+60-10-113-7120,2025-01-20,7,Yes
D100780,Erika Young,O,+60-14-066-8601,2026-02-18,1,Yes
D100781,Richard Long,AB,+60-19-382-7553,2020-01-13,2,Yes
D100782,Sarah Williams,A,+60-16-510-6112,2015-12-22,7,Yes
D100783,Nicholas Bradley,A,+60-15-508-5466,2024-02-03,4,Yes
D100784,Michael Ross,B,+60-10-294-2816,2008-08-07,4,No
D100785,Christopher Dyer,O,+60-14-002-7696,2015-03-05,5,Yes
D100786,Brian Newton,O,+60-16-689-3808,2009-05-09,6,Yes
D100787,Alisha Wilson,O,+60-15-606-0718,2022-06-09,3,No
D100788,David Morales,A,+60-16-595-2509,2022-11-17,5,Yes
D100789,Wesley Espinoza,B,+60-11-587-9620,2018-02-17,4,No
D100790,Mercedes Rowe,A,+60-19-299-4147,2026-05-20,5,Yes
D100791,Mercedes Fisher,A,+60-15-915-1552,2022-09-03,3,Yes
D100792,Matthew Hensley,O,+60-17-876-1235,2016-11-20,8,Yes
D100793,Aimee Price,B,+60-14-999-3704,2020-03-12,5,Yes
D100794,Debra Flynn,B,+60-13-110-9030,2025-10-11,5,Yes
D100795,Melissa Vargas,A,+60-16-422-2945,2014-02-19,4,Yes
D100796,Mrs. Amanda Harris,AB,+60-13-975-5424,2024-01-19,7,Yes
D100797,Margaret Baxter,B,+60-16-196-6590,2021-12-09,7,Yes
D100798,Connor Tucker,B,+60-17-662-4989,2021-12-25,7,Yes
D100799,Anna Kidd,B,+60-12-554-4418,2022-01-13,4,Yes
D100800,Jennifer Ferrell,B,+60-13-167-4022,2022-01-08,7,Yes
D100801,Rebecca Burns,AB,+60-15-926-1150,2020-09-08,9,Yes
D100802,Andrew Wright,A,+60-16-828-6391,2025-03-04,7,Yes
D100803,Mary Lopez,O,+60-14-004-4040,2020-06-06,6,Yes
D100804,Jennifer Cunningham,O,+60-15-390-7330,2026-08-03,5,No
D100805,Brandon George,AB,+60-18-444-4376,2023-12-08,1,Yes
D100806,Derek Snyder,A,+60-12-936-4779,2018-01-11,5,Yes
D100807,Jonathan Schultz,O,+60-17-144-2660,2026-03-29,3,Yes
D100808,John Flores,B,+60-18-335-4257,2024-11-19,9,No
D100809,Adrian Keith,O,+60-12-227-4649,2020-09-22,3,Yes
D100810,Scott Mitchell,O,+60-11-260-2656,2026-03-31,5,Yes
D100811,William Shea,B,+60-14-013-8885,2013-07-18,7,No
D100812,Austin Walton,A,+60-13-835-7029,2020-08-13,3,Yes
D100813,Christopher Bautista,O,+60-18-654-0249,2015-10-30,7,Yes
D100814,Edward Stephens,A,+60-17-169-1022,2014-10-04,10,Yes
D100815,Nicolas Fox,B,+60-19-219-6356,2017-09-29,4,Yes
D100816,Sara Cobb,A,+60-13-008-0558,2015-07-07,7,No
D100817,Jason Doyle,A,+60-18-375-4843,2024-10-05,4,Yes
D100818,Kathleen Galvan,O,+60-10-192-3687,2017-09-01,8,Yes
D100819,Michael Humphrey,B,+60-17-752-9814,2012-04-07,5,No
D100820,Ricky Ward,A,+60-11-916-6074,2023-02-11,4,Yes
D100821,Christopher Richmond,A,+60-11-298-1180,2009-07-20,5,No
D100822,Jason Davis,O,+60-16-773-6815,2010-03-20,8,Yes
D100823,Lindsey Calderon,O,+60-15-049-9115,2026-02-07,4,No
D100824,Daniel Miller,A,+60-10-127-1808,2009-01-27,4,Yes
D100825,William Reyes,O,+60-17-833-1315,2017-05-07,8,Yes
D100826,Rhonda Orr,A,+60-12-688-4211,2010-10-17,6,Yes
D100827,Stephanie Marquez,O,+60-13-011-5684,2025-01-29,8,Yes
D100828,Ricardo Coleman,B,+60-18-757-6618,2014-08-14,5,Yes
D100829,Michael Bowers,O,+60-15-872-6346,2008-02-27,3,Yes
D100830,Jonathan Wolf,B,+60-10-651-3331,2025-01-15,8,Yes
D100831,Dawn Richards,O,+60-13-611-9650,2013-12-25,3,Yes
D100832,Susan Gonzalez,AB,+60-14-789-4448,2026-06-30,3,Yes
D100833,Benjamin Bullock,B,+60-15-187-7481,2013-05-03,4,Yes
D100834,Kyle West,O,+60-17-415-5748,2021-09-25,3,Yes
D100835,Timothy James,A,+60-11-048-8801,2025-06-22,3,Yes
D100836,Jackie Fernandez,A,+60-11-547-8880,2009-06-09,5,Yes
D100837,John Garcia,A,+60-11-170-3777,2025-01-05,4,Yes
D100838,Felicia White,O,+60-17-921-0472,2008-04-29,3,Yes
D100839,Jared Frederick,B,+60-17-246-6378,2011-03-01,3,Yes
D100840,Kevin Stewart,O,+60-17-478-3607,2021-04-17,4,No
D100841,Michelle Rodriguez,B,+60-15-245-0436,2012-09-11,2,Yes
D100842,Cathy Odonnell,O,+60-13-160-0522,2014-02-23,7,Yes
D100843,Ronald Reese,O,+60-15-104-6104,2011-10-28,7,Yes
D100844,Jennifer Wilson,O,+60-18-271-8513,2021-02-14,1,Yes
D100845,Christopher Clayton,O,+60-12-250-9496,2024-08-29,4,Yes
D100846,Stephen Quinn,A,+60-13-055-2388,2025-11-12,4,Yes
D100847,Brett Valdez,A,+60-14-662-7813,2019-07-15,3,Yes
D100848,Jason Madden,A,+60-11-743-5276,2013-07-08,3,No
D100849,David Tucker,B,+60-17-922-6796,2013-09-21,7,Yes
D100850,Hayden Weaver,B,+60-13-214-4146,2025-09-05,4,Yes
D100851,Susan Norris,O,+60-19-109-8604,2011-02-14,8,Yes
D100852,Alan Lawrence,O,+60-19-822-9431,2023-12-20,6,Yes
D100853,Roberta Ferrell,A,+60-14-353-0742,2016-04-21,5,Yes
D100854,Kristi Williamson,O,+60-12-326-9363,2026-08-11,7,Yes
D100855,Justin Riley,AB,+60-14-844-5080,2024-10-27,5,Yes
D100856,Meredith Jimenez,O,+60-14-702-4769,2026-05-25,1,Yes
D100857,Jerry Dalton,B,+60-12-013-9944,2025-01-05,7,Yes
D100858,Kevin Roberson,O,+60-11-037-1627,2014-07-14,4,Yes
D100859,Adam Boyle,O,+60-12-644-8130,2017-03-24,6,Yes
D100860,Colin Jones,O,+60-16-121-3563,2026-07-08,4,Yes
D100861,Alexis Morgan MD,O,+60-15-727-5392,2021-08-03,6,Yes
D100862,Melissa Robinson,O,+60-15-277-1358,2015-09-07,3,No
D100863,Darlene Clark,O,+60-16-769-7289,2020-09-21,6,Yes
D100864,Julie Gregory,A,+60-14-703-4950,2022-05-20,6,Yes
D100865,Brianna Sparks,O,+60-17-250-2176,2023-05-16,9,Yes
D100866,Nancy Jones,O,+60-12-130-4748,2014-12-27,2,No
D100867,Matthew Peterson,A,+60-10-228-8638,2025-07-22,3,Yes
D100868,Christopher Parker,O,+60-14-797-0153,2012-12-08,5,No
D100869,Joseph Mendoza,O,+60-18-655-0476,2012-02-21,6,Yes
D100870,Teresa Novak,A,+60-11-405-1057,2022-11-01,11,No
D100871,Karen Smith,O,+60-17-527-9923,2023-02-18,3,No
D100872,Lisa Patterson,B,+60-15-684-3293,2013-04-22,6,Yes
D100873,Jeffrey Mcintyre,A,+60-13-090-6564,2019-01-29,6,Yes
D100874,Dustin Clark,A,+60-10-916-1691,2023-02-23,5,Yes
D100875,Anthony Miller,B,+60-12-766-5789,2020-07-18,5,Yes
D100876,Matthew Schmidt,O,+60-11-713-7187,2019-03-10,5,Yes
D100877,Keith Turner,B,+60-10-504-8060,2010-08-04,8,Yes
D100878,Jordan Gray,B,+60-19-484-3699,2026-01-22,7,Yes
D100879,Dr. Cynthia Wood,O,+60-18-132-4555,2017-07-03,4,No
D100880,Kristine Fleming,O,+60-15-565-3388,2008-11-10,4,Yes
D100881,April Smith,O,+60-19-520-1902,2024-08-12,4,Yes
D100882,Catherine Lewis,A,+60-14-172-2611,2021-09-06,4,No
D100883,Lisa Bailey,AB,+60-11-578-5318,2008-12-18,3,No
D100884,Christina Hernandez,AB,+60-13-516-6226,2019-08-23,5,Yes
D100885,Michael Scott,O,+60-18-273-6202,2009-05-05,5,Yes
D100886,Ms. Jillian Mccoy,O,+60-18-894-5005,2008-11-07,1,Yes
D100887,Ronnie Barnes,B,+60-16-602-9882,2026-03-05,6,Yes
D100888,Katherine Best,B,+60-19-072-7087,2026-08-27,5,Yes
D100889,Miss Ashley Garcia,O,+60-14-004-1376,2019-11-26,6,No
D100890,Dorothy Wilkinson,O,+60-16-333-0997,2007-10-26,4,Yes
D100891,Michael Hall,AB,+60-19-253-3104,2020-11-07,8,Yes
D100892,Edward Ellison,B,+60-15-944-7106,2022-12-09,9,Yes
D100893,Michael Ryan,A,+60-19-353-3783,2024-11-13,4,No
D100894,Kenneth Garcia,A,+60-14-645-3311,2021-11-18,7,Yes
D100895,Cheryl Weaver,A,+60-16-321-9818,2019-01-15,5,Yes
D100896,Steven Moreno,A,+60-15-624-5145,2025-02-22,9,Yes
D100897,Michael Allen,O,+60-11-188-7018,2024-01-03,6,No
D100898,Austin Higgins,B,+60-15-011-2866,2015-12-02,4,Yes
D100899,Joshua Anderson,A,+60-14-757-6881,2022-12-30,2,Yes
D100900,Matthew Phillips,O,+60-15-935-0855,2009-03-05,4,Yes
D100901,Brent Campos,A,+60-12-782-7422,2018-08-03,6,Yes
D100902,Barbara Sheppard,A,+60-11-000-8366,2017-07-22,11,Yes
D100903,Michael Kennedy,A,+60-12-224-2442,2026-06-09,6,Yes
D100904,Angela Ramirez,O,+60-12-879-8204,2012-05-22,3,Yes
D100905,Mr. Daniel Merritt PhD,A,+60-16-026-1896,2011-08-13,4,No
D100906,Caroline Garcia,O,+60-14-568-7035,2020-04-12,3,Yes
D100907,Paul Allen,O,+60-15-637-6336,2022-05-16,7,Yes
D100908,Jason Wilson,O,+60-14-485-0618,2020-10-12,2,No
D100909,Zachary Mcdonald,O,+60-10-136-5740,2023-12-20,2,Yes
D100910,Antonio West,A,+60-15-327-7402,2016-12-08,3,Yes
D100911,Elizabeth Dalton,O,+60-11-342-0265,2023-03-05,11,No
D100912,Robert Hill,O,+60-13-190-2732,2013-12-14,2,Yes
D100913,Jennifer Anderson,B,+60-15-897-1070,2018-06-30,5,Yes
D100914,Caroline Fowler,O,+60-14-819-2382,2026-08-18,3,Yes
D100915,Alexander Francis,O,+60-15-320-6356,2010-11-03,6,Yes
D100916,Lauren Miller,O,+60-13-336-9258,2016-01-01,8,Yes
D100917,Amanda Cross,O,+60-16-322-5422,2011-10-20,2,Yes
D100918,Michael Anderson,AB,+60-12-121-4890,2008-11-30,4,Yes
D100919,Brandy Wheeler,B,+60-14-897-2274,2026-08-02,6,Yes
D100920,William Hernandez,B,+60-16-545-4503,2012-08-02,2,No
D100921,Michael Avery,A,+60-16-546-6964,2023-04-20,5,Yes
D100922,Julia Solis,AB,+60-11-457-1583,2019-12-21,2,Yes
D100923,Kathleen Davis,B,+60-13-344-4850,2017-09-23,8,No
D100924,Sarah Christensen,A,+60-16-611-0295,2015-08-29,4,Yes
D100925,Jeremy Williamson Jr.,A,+60-10-245-3896,2007-04-11,2,Yes
D100926,Danielle Murphy,B,+60-19-110-5380,2023-02-28,5,Yes
D100927,Lauren Johnson,A,+60-17-500-9087,2020-12-10,5,Yes
D100928,Teresa Vasquez,O,+60-12-942-6543,2009-02-01,3,Yes
D100929,Ethan Buck,B,+60-17-669-5049,2011-02-11,8,No
D100930,Jason Tran,B,+60-18-851-3755,2015-02-05,3,Yes
D100931,Ryan Lang,A,+60-13-360-4995,2009-04-30,1,Yes
D100932,William Thomas,B,+60-15-163-9498,2018-08-31,5,No
D100933,Kelly Medina,A,+60-16-230-1050,2025-01-02,3,No
D100934,Terry Lynch,A,+60-16-659-2878,2009-05-26,3,Yes
D100935,Sean Steele,B,+60-14-011-4387,2023-06-13,4,No
D100936,Karen Reed,O,+60-19-701-8860,2026-08-29,4,No
D100937,Eric Price DDS,B,+60-17-587-1930,2022-09-10,5,Yes
D100938,Andrea Sutton,A,+60-15-680-3291,2010-10-11,2,Yes
D100939,Scott Tran,A,+60-13-888-9726,2026-03-19,4,Yes
D100940,Richard Johnson,O,+60-11-434-9795,2010-01-10,3,Yes
D100941,Taylor Martinez,O,+60-15-977-4828,2017-10-11,5,Yes
D100942,Nicole Arias,O,+60-18-217-7298,2010-01-20,2,Yes
D100943,John Page,B,+60-18-018-6509,2013-11-18,3,Yes
D100944,Joshua Pena,B,+60-14-453-3878,2020-06-05,6,Yes
D100945,Shawn Grimes,O,+60-19-854-4568,2015-03-08,3,Yes
D100946,Cynthia Robinson,B,+60-19-163-6467,2009-03-09,3,No
D100947,James Fernandez,O,+60-16-591-6002,2013-09-02,5,Yes
D100948,Regina Hale,O,+60-11-540-3306,2022-05-13,6,Yes
D100949,Melissa Griffin,B,+60-13-147-5254,2019-09-28,5,Yes
D100950,Jared Shaffer,A,+60-16-910-6347,2020-11-08,9,Yes
D100951,Anthony Ray,A,+60-18-140-2843,2017-05-06,5,Yes
D100952,Anthony Lowery,O,+60-19-350-6182,2015-12-31,8,Yes
D100953,Samantha Mathis,B,+60-14-697-6889,2017-06-26,3,Yes
D100954,Jason Weber,O,+60-18-133-8297,2007-06-16,2,No
D100955,Paul Santos,B,+60-12-749-1459,2020-01-12,2,Yes
D100956,Christopher Johnson,A,+60-16-765-6487,2023-02-26,5,Yes
D100957,Amy Gonzalez,B,+60-11-752-5781,2023-01-27,2,Yes
D100958,Donald Hale,B,+60-19-644-3976,2022-10-06,6,Yes
D100959,Brian Dillon,O,+60-17-242-8131,2017-04-29,8,Yes
D100960,David Daniel,A,+60-17-038-6796,2013-12-08,4,Yes
D100961,Joseph Scott,O,+60-17-582-1854,2019-09-12,5,Yes
D100962,Angela Smith,B,+60-15-657-8496,2022-11-05,3,Yes
D100963,Leah Blackwell,B,+60-13-173-1808,2020-08-15,7,Yes
D100964,Amy Kerr,B,+60-11-998-9020,2011-08-15,4,Yes
D100965,Megan Curtis,B,+60-13-356-1188,2009-09-14,6,Yes
D100966,Lisa Rowland,B,+60-11-502-5088,2021-08-20,1,Yes
D100967,Tammy Mitchell,B,+60-10-475-3942,2025-07-10,6,Yes
D100968,Danielle Barton,B,+60-16-170-4177,2023-11-19,9,Yes
D100969,Christian Thompson,B,+60-13-913-0829,2013-01-25,7,Yes
D100970,Nicholas Gomez,AB,+60-10-345-7450,2017-07-04,7,Yes
D100971,Ashley Garcia,O,+60-17-392-4767,2020-10-17,8,Yes
D100972,Pamela Anderson,A,+60-19-736-1763,2010-11-09,4,Yes
D100973,Christopher Clayton,AB,+60-10-745-1946,2021-12-27,3,No
D100974,Carly Johnson,O,+60-11-492-4337,2020-03-04,5,No
D100975,Lori Trevino,A,+60-17-874-6050,2023-10-28,4,Yes
D100976,Tammy Lewis,AB,+60-19-194-0700,2025-02-21,4,Yes
D100977,Joann Thornton,A,+60-18-208-0362,2026-04-17,5,Yes
D100978,Jacob Garcia,B,+60-14-565-6642,2018-10-12,3,Yes
D100979,Shawn Harris,O,+60-15-664-2317,2023-04-13,5,Yes
D100980,James Hawkins,B,+60-17-203-4462,2012-06-22,8,Yes
D100981,Zachary Huffman,B,+60-19-122-0637,2007-03-22,3,Yes
D100982,Ronald Sanchez,A,+60-15-054-7526,2026-07-25,7,Yes
D100983,Robert Coleman,B,+60-13-663-8715,2019-09-30,6,Yes
D100984,Curtis Ward,O,+60-12-481-4184,2009-02-15,7,Yes
D100985,Matthew Brown,B,+60-16-686-1639,2018-06-06,4,Yes
D100986,Jeffrey Bentley,A,+60-15-891-9788,2022-10-05,6,Yes
D100987,Michael Logan,A,+60-13-843-1850,2020-09-10,5,No
D100988,William Wagner,O,+60-12-626-9052,2007-02-26,2,Yes
D100989,Annette Alvarez,A,+60-14-569-5616,2012-08-06,2,Yes
D100990,Alejandra Trevino,B,+60-10-400-3535,2024-01-13,6,Yes
D100991,Deanna Bryan,A,+60-15-189-4653,2020-04-23,2,Yes
D100992,Alan Brooks,AB,+60-11-211-7585,2026-04-20,7,Yes
D100993,William Johnson,A,+60-11-846-8728,2017-04-11,9,No
D100994,Micheal Lane,O,+60-15-508-1723,2020-10-12,3,No
D100995,Felicia Townsend,A,+60-17-510-0563,2026-04-05,3,Yes
D100996,Sabrina Guerra,O,+60-16-314-1938,2016-03-23,6,Yes
D100997,Nicole Morgan,B,+60-17-401-2357,2016-12-08,3,Yes
D100998,Amanda Hale,A,+60-18-487-4651,2025-02-12,5,Yes
D100999,Jonathan Sanchez,A,+60-10-706-2383,2019-06-10,8,Yes
D101000,Mrs. Andrea James,A,+60-16-322-0514,2021-06-11,3,No
D101001,Jessica Campbell,B,+60-11-988-4825,2008-05-15,3,Yes
D101002,Jackie Hayden,A,+60-14-806-5690,2023-01-14,11,Yes
D101003,Ashley Long MD,O,+60-18-740-8062,2026-04-14,5,No
D101004,Justin Griffin,B,+60-19-753-9926,2013-05-21,2,Yes
D101005,Robert Myers,A,+60-17-668-7784,2013-08-10,3,Yes
D101006,Lynn Marquez,B,+60-12-744-9132,2009-04-06,5,Yes
D101007,Edward Morris,B,+60-11-846-6118,2015-01-14,8,Yes
D101008,Joseph Murray,AB,+60-18-887-9354,2016-12-04,2,Yes
D101009,Brenda Castillo,A,+60-13-155-3946,2025-12-29,7,Yes
D101010,Michael Blanchard,O,+60-13-103-9961,2025-03-16,5,Yes
D101011,Scott Valenzuela,B,+60-18-341-1073,2020-12-02,3,Yes
D101012,Annette Morris,A,+60-12-869-7642,2016-03-22,7,Yes
D101013,Michael Hoffman,O,+60-19-188-4882,2013-12-25,5,Yes
D101014,Travis Hamilton,A,+60-18-830-3913,2011-03-15,5,Yes
D101015,Lindsey Clark,O,+60-17-165-2151,2024-09-19,6,Yes
D101016,Patricia Figueroa,O,+60-11-117-1578,2013-12-05,4,No
D101017,Gina Kennedy,B,+60-19-129-5814,2009-08-14,5,Yes
D101018,Gail Anderson,A,+60-18-955-5764,2016-04-03,7,Yes
D101019,Angela Lewis,B,+60-10-914-8142,2018-10-10,3,Yes
D101020,Paul Duncan,O,+60-13-681-1281,2017-05-25,5,Yes
D101021,Matthew Carter,O,+60-12-380-7616,2013-10-02,5,Yes
D101022,Michael Smith,O,+60-13-969-0078,2017-07-05,6,No
D101023,Breanna Fowler,B,+60-17-584-6219,2007-11-15,3,Yes
D101024,Michael Braun,B,+60-12-245-4041,2018-12-01,4,Yes
D101025,Nichole Smith,O,+60-11-093-6793,2017-05-10,6,Yes
D101026,Richard Ritter,B,+60-13-781-5468,2012-04-06,4,Yes
D101027,Ashley Parker,A,+60-12-037-0222,2020-09-30,6,Yes
D101028,Sean Atkins,B,+60-12-180-2486,2018-10-31,4,Yes
D101029,Mr. Robert Bernard DDS,O,+60-15-305-9078,2026-04-17,6,Yes
D101030,Nicholas Buck,B,+60-14-463-2422,2009-07-04,4,Yes
D101031,Sally Harmon,A,+60-12-379-9206,2013-12-22,9,Yes
D101032,Joshua King,A,+60-13-200-7976,2013-03-08,7,Yes
D101033,Tina Brown,A,+60-10-892-6904,2010-01-10,4,Yes
D101034,Regina King,B,+60-15-216-1847,2016-06-27,3,Yes
D101035,Barbara Thornton,AB,+60-16-636-8463,2014-09-28,4,Yes
D101036,Joshua Barr,O,+60-14-559-6758,2013-12-01,8,Yes
D101037,Tony Gamble,A,+60-14-824-2997,2011-07-26,6,No
D101038,Brian Mahoney,O,+60-17-048-9139,2017-08-20,3,Yes
D101039,Amanda Ross,A,+60-12-646-8967,2010-07-05,4,Yes
D101040,James Campbell,A,+60-12-874-1500,2026-06-25,5,Yes
D101041,Jill Boyer,AB,+60-17-459-8840,2011-04-24,3,Yes
D101042,Lisa Rice DDS,O,+60-16-370-4815,2014-08-31,5,No
D101043,Miguel Burnett,B,+60-15-144-7603,2020-07-01,8,Yes
D101044,Melissa Jones,O,+60-19-694-9903,2024-10-18,8,Yes
D101045,Connie Huff,A,+60-13-067-0529,2025-03-17,7,Yes
D101046,Sarah Hamilton,O,+60-19-515-4092,2010-06-12,4,Yes
D101047,Christopher Mcdonald,O,+60-15-793-3128,2009-03-25,4,Yes
D101048,Jennifer Campbell,A,+60-15-635-7538,2012-11-15,4,No
D101049,Andrew Stone,A,+60-17-145-2029,2010-05-10,7,No
D101050,Sabrina Duncan,O,+60-18-301-0754,2022-10-11,2,No
D101051,Tamara Delacruz,A,+60-17-764-9623,2014-04-18,4,No
D101052,Dylan Jones,O,+60-18-534-3433,2024-08-07,4,Yes
D101053,Jessica Murphy,B,+60-15-514-7716,2012-06-27,7,Yes
D101054,Steven Bridges,O,+60-11-600-4772,2022-07-28,9,Yes
D101055,Lindsey Shah,A,+60-18-642-8958,2009-01-27,5,Yes
D101056,Paul Buchanan,A,+60-19-496-9533,2026-08-09,3,Yes
D101057,Erica Ali,A,+60-17-330-9566,2026-04-26,3,Yes
D101058,Zachary Buck,A,+60-11-727-0231,2016-03-01,2,No
D101059,Terri Morris,B,+60-17-675-6814,2022-08-08,2,Yes
D101060,Shannon Moore,B,+60-18-613-1256,2007-09-21,3,Yes
D101061,Aaron Key,O,+60-11-408-4925,2025-05-25,6,Yes
D101062,Molly Carter,O,+60-13-873-8188,2018-01-31,4,Yes
D101063,Kristen Smith,O,+60-18-856-3803,2015-12-17,5,Yes
D101064,Gary Clark,A,+60-11-822-0642,2014-12-02,3,Yes
D101065,Jeffrey Miller,A,+60-18-608-6363,2018-07-04,2,Yes
D101066,Kelly Atkins,O,+60-16-962-1248,2013-08-11,5,Yes
D101067,Melissa Johnson,AB,+60-17-874-4289,2025-10-02,5,No
D101068,Jenna Jones,O,+60-11-258-1455,2014-01-20,9,Yes
D101069,Wayne Cole,A,+60-10-745-7921,2019-11-25,4,Yes
D101070,Daniel Warner,A,+60-19-271-0697,2012-10-26,4,Yes
D101071,William Hartman,A,+60-16-601-3903,2019-11-12,3,Yes
D101072,Cody Price,A,+60-10-238-9224,2009-01-13,3,Yes
D101073,Jordan Gomez,O,+60-19-503-7656,2026-03-27,5,Yes
D101074,Sharon Lee,A,+60-11-861-8285,2025-04-28,5,Yes
D101075,Kristin Manning,O,+60-18-621-5163,2015-04-26,4,Yes
D101076,Roy Gibbs,O,+60-19-126-3642,2014-08-06,5,Yes
D101077,Hannah Peterson,A,+60-17-535-1380,2026-08-05,6,Yes
D101078,Brett Moore,O,+60-12-867-0640,2009-02-23,4,Yes
D101079,Paul Nichols,O,+60-10-387-9742,2015-02-15,7,Yes
D101080,Tammy Rodriguez,A,+60-10-351-0954,2009-10-19,5,Yes
D101081,Mario Perez,A,+60-16-591-1603,2013-05-31,2,Yes
D101082,Amy Parker,O,+60-14-422-3285,2023-09-17,10,Yes
D101083,Rebecca Houston,A,+60-14-467-4897,2012-11-09,4,Yes
D101084,Scott Santana,O,+60-16-365-1496,2011-01-19,6,Yes
D101085,William Adams,A,+60-17-190-6761,2017-12-23,8,Yes
D101086,Dawn Blankenship,A,+60-11-702-2035,2009-02-05,6,Yes
D101087,Vernon Padilla,O,+60-17-557-3287,2020-02-29,11,No
D101088,Benjamin Valencia,B,+60-18-266-5466,2025-12-27,1,Yes
D101089,Joshua Patton,AB,+60-19-908-7653,2015-10-21,5,Yes
D101090,David Barnes,A,+60-19-063-7056,2020-03-10,4,Yes
D101091,Christina Smith,B,+60-15-884-5873,2024-11-26,6,No
D101092,Daniel Anderson,A,+60-19-690-6502,2015-12-26,6,Yes
D101093,Mrs. Alison King,AB,+60-11-543-9887,2019-07-16,3,Yes
D101094,Vincent Andrews,A,+60-17-822-0042,2020-08-18,4,Yes
D101095,Grace Spencer,A,+60-15-477-8009,2011-11-17,6,Yes
D101096,Aaron Spencer,O,+60-15-613-5781,2012-09-23,6,Yes
D101097,Peter Solomon,A,+60-13-912-2983,2009-11-13,6,Yes
D101098,Megan Lee,AB,+60-16-205-6943,2011-04-16,7,Yes
D101099,Vanessa Payne,A,+60-11-982-1374,2024-10-15,5,Yes
D101100,Amber Smith,A,+60-13-043-2938,2023-05-07,7,No
D101101,Devon Day,AB,+60-10-851-4449,2024-04-26,5,Yes
D101102,James Walker,A,+60-18-955-0894,2026-06-19,8,Yes
D101103,Kevin Roman,B,+60-10-629-9457,2024-04-05,6,Yes
D101104,Brandon Stewart,A,+60-12-165-6266,2026-08-26,3,No
D101105,Louis Melton,A,+60-17-104-6785,2026-07-23,3,Yes
D101106,Christopher Miller DDS,A,+60-19-662-3745,2010-09-09,3,Yes
D101107,Pamela Stevenson,A,+60-19-707-8436,2013-09-19,2,Yes
D101108,Kevin Rowe,AB,+60-14-708-8832,2026-02-23,4,Yes
D101109,Derek Christian,O,+60-16-108-0400,2009-10-12,8,Yes
D101110,Abigail Robinson,O,+60-12-982-4736,2016-11-15,5,Yes
D101111,Edward Green,O,+60-16-947-6563,2026-07-29,5,Yes
D101112,Cynthia Gutierrez,A,+60-19-172-0804,2026-08-26,3,Yes
D101113,Ian Bush,A,+60-18-329-0358,2022-07-30,4,No
D101114,Eric Wiggins,B,+60-14-891-5766,2019-03-22,5,Yes
D101115,Lindsey Flynn,O,+60-11-353-2526,2020-05-27,7,No
D101116,Brian Zamora,O,+60-10-161-3892,2026-06-12,4,Yes
D101117,Nicholas Smith,AB,+60-17-999-6524,2017-06-16,5,No
D101118,Alisha Lewis,A,+60-19-039-1412,2026-06-26,6,Yes
D101119,Caleb Ramirez,B,+60-11-877-7983,2018-06-01,8,Yes
D101120,Sheryl Porter,O,+60-12-454-8876,2020-03-13,4,Yes
D101121,Douglas Cobb,B,+60-17-638-5564,2013-12-30,5,No
D101122,Danielle Boyd,A,+60-19-604-9035,2012-04-23,5,Yes
D101123,Andrew Jensen,O,+60-10-167-3371,2016-09-25,8,Yes
D101124,Sarah Roberts,O,+60-19-877-3971,2023-09-19,6,Yes
D101125,Cheryl Lane,O,+60-14-937-5271,2019-10-27,8,No
D101126,Charles Winters,A,+60-10-084-6611,2021-02-07,4,Yes
D101127,Michael Leonard,B,+60-16-661-5213,2009-09-09,6,Yes
D101128,Courtney Roman,B,+60-14-042-6867,2026-06-20,6,Yes
D101129,Julie Taylor,B,+60-10-325-4026,2013-04-26,5,Yes
D101130,Felicia Gross,A,+60-15-197-9957,2026-07-12,2,Yes
D101131,Lori Johnson,B,+60-14-085-4019,2022-01-18,4,Yes
D101132,Cody Jones,AB,+60-15-188-5958,2009-10-16,3,Yes
D101133,Daniel Moss,O,+60-16-214-8280,2017-01-20,3,No
D101134,Madeline Anderson,AB,+60-11-442-3964,2025-03-18,7,Yes
D101135,William Moore,B,+60-12-443-0935,2016-10-31,8,Yes
D101136,Ricardo Mccoy,O,+60-18-903-8026,2012-01-23,4,Yes
D101137,Loretta Sanchez,O,+60-14-977-1990,2018-01-21,3,Yes
D101138,Matthew Owen,O,+60-12-370-8939,2014-04-06,3,No
D101139,John Thomas,O,+60-10-524-2321,2026-09-01,5,No
D101140,James Jackson,O,+60-14-190-9605,2015-02-21,7,Yes
D101141,Michael Mosley,O,+60-16-500-6170,2020-09-01,7,Yes
D101142,Robert Guzman,O,+60-13-051-4768,2020-01-28,2,No
D101143,Kimberly Mccoy,A,+60-13-694-4627,2025-12-24,4,Yes
D101144,Julie Rowe,O,+60-15-193-6682,2026-06-03,4,Yes
D101145,Miguel Reese,O,+60-16-524-3845,2023-07-19,6,Yes
D101146,Scott Maxwell,A,+60-11-248-0247,2008-06-18,2,Yes
D101147,Mary Escobar,O,+60-12-868-9764,2014-04-05,10,Yes
D101148,Kent Bowen,A,+60-10-222-2641,2009-06-03,7,No
D101149,Ian Sandoval,O,+60-17-811-0269,2016-06-19,8,Yes
D101150,Kathy Sanchez,O,+60-14-607-7662,2019-10-01,6,Yes
D101151,Anthony Burns,A,+60-17-609-3518,2011-01-24,6,Yes
D101152,Michael Roberts,A,+60-17-033-2352,2023-02-28,3,Yes
D101153,Paul Mann,O,+60-12-400-4343,2015-12-25,3,Yes
D101154,James King,A,+60-12-724-8592,2020-03-02,3,No
D101155,Mary Hall,O,+60-19-231-9501,2023-07-23,6,Yes
D101156,Lauren Bennett,A,+60-15-250-1649,2018-06-01,6,Yes
D101157,Kevin Johnson,O,+60-16-455-2575,2019-02-07,3,Yes
D101158,Eric Greene,B,+60-19-223-0456,2020-06-24,4,Yes
D101159,Wesley Mcdonald,O,+60-19-958-1919,2016-01-22,5,Yes
D101160,Sarah Henry,O,+60-19-769-0725,2012-05-09,5,Yes
D101161,Lawrence Martin,O,+60-13-418-4501,2016-04-19,4,No
D101162,Jill Fleming,B,+60-11-561-6693,2023-02-09,10,Yes
D101163,Cheryl Dalton,O,+60-16-452-6723,2019-04-23,4,Yes
D101164,Rachel Reynolds,B,+60-10-367-0085,2019-09-03,8,Yes
D101165,Daniel King,A,+60-10-502-5138,2020-07-12,1,Yes
D101166,Tyler Vasquez,A,+60-18-947-8712,2020-09-05,4,Yes
D101167,Brittany Krueger,A,+60-12-239-1490,2011-11-02,8,No
D101168,Taylor Cox,B,+60-18-996-2917,2016-11-05,7,Yes
D101169,Kenneth Hughes,B,+60-10-019-2908,2009-02-05,3,No
D101170,Kristin Green,A,+60-11-886-1387,2010-07-10,7,Yes
D101171,Denise Vazquez,A,+60-11-601-5092,2015-06-11,8,Yes
D101172,Keith Perez,O,+60-11-113-2942,2018-06-28,6,No
D101173,Nichole Santos,A,+60-17-568-3862,2020-10-23,5,Yes
D101174,Taylor Johnson,A,+60-12-503-6030,2020-03-12,5,Yes
D101175,Kim Johnson,B,+60-14-083-0789,2024-09-03,5,Yes
D101176,Amanda Savage,O,+60-14-742-9599,2026-05-03,7,No
D101177,Maria Thompson,O,+60-13-315-0822,2023-03-03,5,No
D101178,Jamie Hughes,A,+60-19-300-8191,2018-03-28,2,Yes
D101179,Nicholas Miller,A,+60-13-558-3439,2008-05-04,5,Yes
D101180,Laura Juarez,A,+60-17-832-3676,2025-06-20,8,Yes
D101181,Timothy Miranda,A,+60-14-390-2316,2012-03-29,3,Yes
D101182,Richard Tucker,A,+60-18-506-7894,2014-08-15,6,Yes
D101183,Tracey Wolf,A,+60-12-282-5395,2015-05-25,4,Yes
D101184,Debbie Duke,A,+60-12-319-6948,2015-12-08,6,Yes
D101185,Erik Potts,A,+60-18-562-0078,2010-08-05,4,Yes
D101186,Robert Doyle,A,+60-10-329-3091,2020-07-31,5,Yes
D101187,Brandon Brown,B,+60-19-776-1784,2024-08-21,4,No
D101188,Erik Nielsen,O,+60-15-491-7147,2017-08-26,5,Yes
D101189,Jeremiah Henderson,B,+60-18-700-7245,2013-02-21,6,Yes
D101190,Ruben Frederick,O,+60-19-542-5064,2012-04-28,3,Yes
D101191,Caitlin Thomas,O,+60-19-603-1984,2016-02-10,5,No
D101192,Elizabeth Webster,A,+60-18-905-2339,2019-07-17,4,Yes
D101193,Logan Bryant,O,+60-18-702-8557,2025-02-06,3,Yes
D101194,Brittney Reyes,A,+60-15-659-4870,2023-02-10,4,Yes
D101195,James Chavez,O,+60-14-982-6139,2025-12-13,5,Yes
D101196,Christopher Casey,B,+60-18-032-5786,2014-07-01,4,Yes
D101197,Jason Williams,O,+60-14-391-5253,2018-10-18,1,Yes
D101198,Jamie Harrison,O,+60-13-032-2012,2008-03-29,5,No
D101199,Monica Lucero,A,+60-13-247-5899,2026-06-04,5,Yes
D101200,James Dawson,O,+60-19-934-6448,2017-12-31,6,Yes
D101201,Anthony Harris,AB,+60-18-659-4096,2018-09-05,3,Yes
D101202,Sean Greer,O,+60-16-563-8725,2026-07-29,5,Yes
D101203,Nicole Barker,O,+60-13-451-5341,2016-12-17,1,No
D101204,Jose Lewis,O,+60-17-176-1907,2017-04-16,2,Yes
D101205,Todd Mcgee,A,+60-12-130-4618,2019-08-03,10,Yes
D101206,Anne Patrick,O,+60-16-442-2526,2018-09-17,6,Yes
D101207,Mary Stafford,A,+60-15-586-9132,2011-10-31,3,No
D101208,Samantha Michael,O,+60-17-925-9635,2014-03-02,5,Yes
D101209,Aaron Olsen,O,+60-14-072-1948,2026-04-05,5,No
D101210,Brenda Lane,A,+60-18-612-3138,2012-09-10,4,No
D101211,Bonnie Benson,O,+60-12-362-9012,2019-02-07,4,Yes
D101212,Susan Marshall,B,+60-11-839-5291,2013-04-19,2,No
D101213,Theresa Aguilar,B,+60-16-998-9162,2012-10-19,7,Yes
D101214,Elizabeth Graves,O,+60-17-584-6816,2021-03-05,3,Yes
D101215,Mackenzie Wood,O,+60-14-728-4103,2008-07-28,6,Yes
D101216,Tina Hawkins,A,+60-16-210-6349,2014-09-21,3,Yes
D101217,Laura Lewis,A,+60-18-529-2914,2009-11-13,7,Yes
D101218,Erica Hubbard,O,+60-15-255-1386,2025-02-10,3,Yes
D101219,Denise Quinn,O,+60-17-958-7265,2013-08-22,3,No
D101220,Kayla White,O,+60-17-647-4456,2022-09-23,2,Yes
D101221,Joshua Stokes,B,+60-13-148-5829,2024-07-20,6,Yes
D101222,Julie Fitzgerald,B,+60-17-217-2951,2013-01-15,3,Yes
D101223,Robert Jackson,B,+60-12-179-2641,2026-06-12,1,Yes
D101224,Richard Martin,B,+60-16-578-4203,2024-12-09,6,Yes
D101225,Jill Rhodes,B,+60-10-709-4632,2012-04-30,7,Yes
D101226,Gwendolyn Waters,O,+60-19-451-4164,2026-01-31,5,Yes
D101227,Jennifer Beck,O,+60-11-598-3370,2013-05-25,3,Yes
D101228,Nathaniel Shepherd,O,+60-18-350-5333,2026-06-07,6,Yes
D101229,Jeffrey Cooley,O,+60-19-575-6706,2013-09-14,3,Yes
D101230,Michelle David,O,+60-10-917-0442,2016-05-20,2,Yes
D101231,Richard Owens,B,+60-17-086-9717,2026-02-18,3,No
D101232,Elaine Lewis,O,+60-11-917-3707,2025-09-04,8,Yes
D101233,Jared Santiago,O,+60-18-248-4633,2024-05-12,3,No
D101234,Paul Lam,O,+60-18-350-4194,2015-11-01,6,Yes
D101235,Amy Robinson,O,+60-13-584-0639,2018-06-07,4,No
D101236,Stephanie Sanchez,A,+60-16-592-5814,2023-01-29,6,Yes
D101237,Andrea Bailey,O,+60-10-041-4026,2020-01-19,10,No
D101238,Rhonda Jefferson,A,+60-12-750-5729,2020-06-12,5,Yes
D101239,Victor Little,A,+60-19-632-3101,2015-07-31,6,Yes
D101240,Kevin Nicholson,O,+60-14-086-4058,2023-10-30,4,Yes
D101241,Brenda Roy,O,+60-11-523-8691,2014-04-17,4,Yes
D101242,Brandon Davis,B,+60-13-219-1137,2018-06-02,5,No
D101243,Cynthia Oneill,AB,+60-13-102-4226,2025-12-12,7,Yes
D101244,Edwin Barnett,A,+60-12-545-9855,2020-09-27,5,Yes
D101245,Timothy Martin,A,+60-12-007-1346,2019-10-19,5,Yes
D101246,Jacqueline Madden,O,+60-15-533-9160,2021-09-11,3,No
D101247,Carlos Stewart,O,+60-15-799-3778,2022-07-25,5,Yes
D101248,Sarah Wilson,AB,+60-12-541-8642,2011-05-11,4,Yes
D101249,Eric Wood,A,+60-19-149-0808,2013-05-30,4,Yes
D101250,Patricia Thompson,B,+60-11-547-0654,2011-10-03,3,Yes
D101251,Tony Harrison,B,+60-10-911-2017,2016-10-20,4,No
D101252,Rachel Marks,A,+60-19-486-4801,2021-02-26,3,Yes
D101253,Tina Steele,A,+60-12-820-3729,2019-07-17,8,Yes
D101254,Brianna Potter,A,+60-13-373-8392,2017-12-18,6,Yes
D101255,Ralph Osborne,O,+60-15-730-5631,2024-12-12,5,Yes
D101256,Rebecca Taylor,A,+60-16-754-3519,2017-11-20,6,Yes
D101257,Brittany Ramirez,A,+60-11-028-1896,2010-09-20,5,No
D101258,Mr. Marvin Maxwell,O,+60-16-530-1288,2024-03-31,4,Yes
D101259,Teresa Smith,A,+60-10-944-8288,2021-10-18,7,No
D101260,Brian Monroe,O,+60-11-254-4576,2018-12-04,12,Yes
D101261,Alexandria Brown,O,+60-10-180-4912,2008-10-20,4,Yes
D101262,Jennifer Dillon,B,+60-18-052-7937,2023-09-15,5,Yes
D101263,Patricia Mooney,O,+60-13-394-1422,2018-03-10,5,Yes
D101264,Calvin Johnson III,A,+60-11-463-7257,2015-06-14,1,Yes
D101265,Melissa Cobb,B,+60-12-699-6561,2024-07-19,4,Yes
D101266,Elizabeth Morgan,O,+60-10-928-6347,2011-05-11,4,Yes
D101267,George Bonilla,B,+60-15-057-9338,2019-12-02,5,Yes
D101268,Linda Doyle,A,+60-11-632-0968,2013-05-09,2,Yes
D101269,Tina Larson,O,+60-16-826-1668,2009-10-29,7,No
D101270,Judith Torres,O,+60-17-504-8482,2022-12-05,7,Yes
D101271,Taylor Hall,O,+60-18-817-3278,2010-07-08,4,Yes
D101272,Steven Jones,AB,+60-15-223-7011,2024-10-02,3,Yes
D101273,Edward Moore,A,+60-17-189-5785,2010-07-19,3,Yes
D101274,Valerie Barnett,O,+60-10-428-3243,2022-05-21,4,Yes
D101275,Jordan Martinez,O,+60-13-976-2336,2010-01-14,2,Yes
D101276,Christina Hayes,O,+60-17-392-0823,2010-07-06,4,No
D101277,Courtney Reed,O,+60-17-733-7180,2023-07-08,2,Yes
D101278,Christopher Thornton,O,+60-13-982-2582,2026-03-20,4,Yes
D101279,Leslie Bailey,O,+60-17-753-7476,2008-12-08,5,Yes
D101280,Robert Armstrong,A,+60-18-730-8918,2019-07-22,4,Yes
D101281,David Harding,B,+60-11-875-0427,2015-08-11,7,Yes
D101282,Diana Donaldson,AB,+60-19-930-9990,2012-05-14,4,Yes
D101283,William Barnes,A,+60-12-614-8013,2013-04-18,6,No
D101284,Jason Thompson,B,+60-10-076-0259,2026-06-26,3,Yes
D101285,Megan Fleming,A,+60-16-723-8124,2011-05-30,7,Yes
D101286,James Gonzalez,O,+60-15-047-9956,2022-09-03,8,No
D101287,Rachael Lopez,B,+60-10-596-9401,2011-04-24,8,Yes
D101288,Dorothy Powell,A,+60-13-855-2082,2021-03-21,6,No
D101289,Christina Miller,A,+60-14-872-0586,2014-02-13,6,Yes
D101290,Michael Lee,O,+60-17-358-8383,2019-11-30,8,Yes
D101291,Antonio Contreras,O,+60-15-849-2754,2011-09-15,3,Yes
D101292,Alex Erickson,O,+60-12-799-3320,2014-10-17,4,Yes
D101293,Jason Whitehead,A,+60-18-621-1579,2023-11-16,8,No
D101294,Kenneth Wells,B,+60-14-420-0998,2016-03-21,5,No
D101295,Michael Stewart,B,+60-15-760-4532,2010-03-26,6,Yes
D101296,Zachary Freeman,O,+60-12-499-7953,2014-04-02,6,Yes
D101297,Jonathan Montgomery DVM,A,+60-10-614-1089,2017-04-01,5,No
D101298,Jessica Hicks,B,+60-10-687-3176,2026-08-11,5,Yes
D101299,Tyler Frazier,O,+60-17-103-5360,2016-04-07,8,No
D101300,Ryan Anderson,A,+60-15-382-5726,2015-12-05,2,Yes
D101301,James Cain,O,+60-14-649-6950,2011-09-19,9,No
D101302,Christine Terrell,O,+60-17-160-2894,2016-09-26,5,Yes
D101303,Robert Doyle,A,+60-10-112-4773,2019-12-31,5,Yes
D101304,Robert Clark,A,+60-19-315-0625,2010-08-28,9,Yes
D101305,William Ellis,O,+60-12-646-9023,2024-06-23,3,Yes
D101306,Corey Chambers,O,+60-18-908-5893,2015-09-28,8,Yes
D101307,Nichole Contreras,O,+60-10-369-8923,2026-05-13,4,Yes
D101308,Tony Jones,B,+60-12-932-3758,2019-10-07,8,Yes
D101309,Carrie Hoffman,AB,+60-12-465-2902,2020-09-27,4,No
D101310,Brenda Navarro,A,+60-14-202-9047,2009-07-28,3,Yes
D101311,Julian Macias,B,+60-16-752-4264,2025-11-23,3,No
D101312,Lisa Maddox,A,+60-16-360-3073,2025-11-03,4,Yes
D101313,Samuel Reyes,B,+60-14-083-2567,2013-01-13,7,Yes
D101314,Jennifer Vance,O,+60-17-691-3918,2009-01-15,5,Yes
D101315,Alan Dickerson,O,+60-17-905-2046,2019-04-06,7,Yes
D101316,Renee Freeman,O,+60-18-008-6513,2022-03-19,5,Yes
D101317,Melissa Smith,A,+60-12-388-9178,2025-02-16,7,Yes
D101318,Alicia Peterson,A,+60-12-434-1700,2026-08-11,4,Yes
D101319,Sarah Alvarado,O,+60-12-265-8066,2014-12-05,6,Yes
D101320,Katie Greer,B,+60-10-541-6981,2010-07-28,1,Yes
D101321,John Smith,O,+60-14-172-4628,2026-07-29,5,Yes
D101322,Robert Williams,A,+60-16-890-9207,2016-01-05,5,Yes
D101323,Eric Rodriguez,AB,+60-14-861-2633,2012-02-04,4,Yes
D101324,Katrina Phillips,O,+60-10-073-8052,2012-08-30,5,Yes
D101325,Miss Heather Oliver,A,+60-14-835-0333,2010-02-10,4,Yes
D101326,Jessica Hunter,A,+60-11-710-9527,2021-11-15,2,No
D101327,Mr. Kenneth Diaz MD,B,+60-17-397-8818,2018-08-21,8,No
D101328,Joseph Johnson,O,+60-17-923-6720,2010-04-11,3,Yes
D101329,Cynthia Harris,A,+60-11-787-1904,2023-06-27,5,Yes
D101330,Carol Hutchinson,A,+60-11-506-3807,2011-03-14,5,No
D101331,Shannon Cannon,O,+60-15-863-8346,2013-07-28,3,Yes
D101332,Jaclyn Chavez,O,+60-18-362-0042,2025-01-22,8,No
D101333,Wendy Campbell,AB,+60-19-342-0633,2016-11-17,8,No
D101334,Lynn Boyer,O,+60-17-984-5084,2017-07-11,4,Yes
D101335,John Mccoy,A,+60-16-441-6275,2012-06-07,10,Yes
D101336,Jose Williams,A,+60-16-895-9722,2011-03-16,4,Yes
D101337,Robert Ball,A,+60-11-817-8063,2015-03-08,2,Yes
D101338,Kayla Santos,O,+60-14-163-3801,2019-11-29,4,Yes
D101339,Robert Heath,O,+60-16-336-6303,2016-01-15,3,Yes
D101340,William Williams,O,+60-12-567-1122,2022-03-11,4,No
D101341,Megan Weber,A,+60-14-204-5437,2023-05-13,4,Yes
D101342,Devon Walker,O,+60-16-122-8011,2026-07-07,9,Yes
D101343,Denise Ballard,O,+60-16-341-7490,2022-11-15,8,Yes
D101344,Elizabeth Thompson,A,+60-19-621-2619,2009-03-22,5,Yes
D101345,Michael Myers,O,+60-11-510-6946,2020-10-07,6,Yes
D101346,Isaac Faulkner,O,+60-19-401-9420,2024-03-29,3,Yes
D101347,Samantha Byrd,B,+60-11-912-3241,2026-05-01,6,No
D101348,Jared Rosales,B,+60-18-577-2755,2015-10-28,6,Yes
D101349,John Smith,AB,+60-11-213-7268,2015-09-07,6,Yes
D101350,Amy Anthony,O,+60-10-070-4473,2025-09-02,5,Yes
D101351,Jennifer Buckley,O,+60-13-699-7128,2026-02-28,5,No
D101352,Michael Wilkerson,O,+60-15-460-6323,2015-01-31,4,Yes
D101353,Kevin Fuller,O,+60-19-048-2358,2026-06-15,4,Yes
D101354,Christopher Long,O,+60-16-050-8469,2023-07-22,3,No
D101355,Kristy Kirby,O,+60-10-417-4679,2022-11-09,8,Yes
D101356,Alexa Walker,A,+60-15-023-0705,2021-12-22,5,Yes
D101357,Brooke White,A,+60-16-652-2475,2026-07-15,5,No
D101358,Mackenzie Williams,A,+60-17-491-6566,2026-06-07,7,No
D101359,Destiny Miller,A,+60-10-165-7665,2009-09-30,8,Yes
D101360,Tamara Wright,A,+60-16-551-7220,2021-09-10,7,No
D101361,Matthew Bauer,O,+60-12-888-8885,2025-09-21,3,Yes
D101362,Rebecca Mueller,O,+60-17-775-8928,2016-07-14,10,Yes
D101363,Greg Grant,A,+60-16-272-3151,2022-02-28,5,Yes
D101364,Alyssa Blake,A,+60-12-909-0439,2024-02-14,5,Yes
D101365,Nancy Zimmerman,O,+60-18-745-6903,2009-09-30,6,Yes
D101366,Lindsay King,AB,+60-12-140-0419,2012-06-16,3,Yes
D101367,Stephanie Lewis,A,+60-15-678-6103,2026-04-16,1,Yes
D101368,Hayden King,B,+60-19-001-3935,2011-06-23,6,Yes
D101369,Teresa Johnston,A,+60-14-224-0666,2026-07-31,5,Yes
D101370,Mark Holmes,O,+60-12-994-3414,2026-02-27,6,Yes
D101371,Miguel Sanchez,A,+60-10-105-3069,2025-06-30,3,Yes
D101372,Jamie Green,O,+60-11-473-1282,2010-08-31,3,Yes
D101373,Jonathan Lyons,O,+60-14-957-6851,2009-05-24,7,Yes
D101374,Shannon Kirby,O,+60-10-816-1178,2016-02-28,6,Yes
D101375,Katie Holmes,A,+60-18-311-8210,2009-06-20,5,Yes
D101376,Tammy Webb,O,+60-19-878-5089,2009-09-23,6,Yes
D101377,Laurie Martin,A,+60-13-363-1310,2025-11-09,4,Yes
D101378,Eric Wells,O,+60-13-584-8631,2016-10-06,6,Yes
D101379,Holly Lucas,O,+60-15-308-1925,2023-01-21,4,Yes
D101380,Vanessa Prince,O,+60-16-438-1888,2013-05-13,5,Yes
D101381,Katie Thomas,A,+60-19-035-6530,2015-02-17,6,Yes
D101382,Alexa Wilson,B,+60-10-865-3668,2015-01-18,7,Yes
D101383,Lindsay Neal,AB,+60-17-959-6827,2012-02-27,3,Yes
D101384,Dustin Greer,A,+60-11-718-7172,2023-06-11,4,Yes
D101385,Sandra Brooks,O,+60-16-561-2692,2017-11-13,5,Yes
D101386,Michael Ingram,AB,+60-14-719-0392,2012-10-09,8,Yes
D101387,Dawn Frey,B,+60-16-729-1838,2013-09-06,6,Yes
D101388,Carol White,B,+60-17-554-9163,2010-06-27,10,Yes
D101389,Heather Elliott,O,+60-12-304-1092,2019-09-10,6,Yes
D101390,Misty Jefferson,B,+60-19-037-8284,2008-07-29,4,No
D101391,Kathleen Davis,O,+60-10-532-5249,2009-10-02,5,Yes
D101392,Travis Reed,O,+60-19-582-2103,2019-10-14,5,Yes
D101393,Allison Garcia,A,+60-11-934-7292,2015-03-26,3,Yes
D101394,April Ward,O,+60-14-908-6028,2013-09-06,6,Yes
D101395,Rebecca Stephens,O,+60-13-259-3885,2014-04-01,5,Yes
D101396,Paige Henson,A,+60-18-053-3575,2018-03-07,6,No
D101397,Cassandra Joseph,O,+60-11-319-3590,2024-12-12,5,Yes
D101398,Christine Young,O,+60-17-106-8237,2011-02-13,3,No
D101399,Jose Hodge,O,+60-14-838-5137,2026-08-24,4,Yes
D101400,Anne Glass,O,+60-13-784-1686,2022-12-22,4,Yes
D101401,Robert Miller,O,+60-10-012-0857,2026-04-28,3,No
D101402,David Smith PhD,A,+60-10-214-5847,2023-03-11,5,Yes
D101403,Sandra Valencia,O,+60-14-616-8075,2010-03-06,6,Yes
D101404,Heather Warner,A,+60-18-215-7202,2009-03-27,2,Yes
D101405,Dennis Kennedy,O,+60-18-806-0780,2024-02-09,4,Yes
D101406,Michael Garcia,B,+60-16-780-5576,2015-07-03,7,Yes
D101407,Joseph Avila,O,+60-18-580-2538,2013-07-27,5,Yes
D101408,Timothy Costa,A,+60-13-520-4466,2017-04-12,4,No
D101409,Lori Smith,O,+60-11-412-5581,2019-05-01,4,Yes
D101410,Ryan Stein,O,+60-16-990-2863,2017-01-28,5,Yes
D101411,Mr. Robert Brennan,A,+60-15-214-3755,2008-07-04,4,Yes
D101412,Roger Nelson,O,+60-13-858-1280,2022-12-01,3,Yes
D101413,Ronnie Garcia,O,+60-11-281-9191,2011-10-04,7,Yes
D101414,James Moore,O,+60-16-702-6888,2023-05-11,5,Yes
D101415,Tamara Hart,O,+60-16-991-8090,2017-11-26,9,No
D101416,Jordan Mcknight,B,+60-19-467-7261,2025-04-08,8,Yes
D101417,Ashley Lopez,B,+60-13-101-5708,2015-11-13,6,Yes
D101418,Cassidy Reynolds,A,+60-13-108-9291,2017-10-28,4,No
D101419,Kelly Wheeler,B,+60-10-542-3191,2025-08-13,7,Yes
D101420,Lisa Howard,O,+60-11-089-1515,2022-01-13,7,Yes
D101421,Kevin Walker,AB,+60-17-499-3171,2008-08-22,2,No
D101422,Karen Johnson,A,+60-19-236-0308,2020-05-01,4,No
D101423,Richard Myers,O,+60-19-682-0652,2020-05-31,4,Yes
D101424,Holly Scott,O,+60-18-021-4594,2014-03-13,5,Yes
D101425,Theodore Weber,A,+60-13-132-2475,2014-03-23,4,Yes
D101426,Meredith Nguyen,O,+60-17-725-3284,2008-03-11,4,Yes
D101427,Michael Walton,O,+60-14-850-4927,2019-12-31,5,No
D101428,William Lopez,AB,+60-10-935-9831,2010-07-31,5,Yes
D101429,David Hodge,B,+60-16-195-9957,2026-05-08,4,Yes
D101430,Raymond Bishop,A,+60-19-140-0984,2025-02-20,2,Yes
D101431,Steven Downs,O,+60-15-561-3269,2010-01-11,5,Yes
D101432,Leslie Mccormick,A,+60-12-915-2768,2022-07-06,3,Yes
D101433,Peter Walker,B,+60-10-748-1307,2015-10-08,8,Yes
D101434,Cindy Herrera,B,+60-19-398-0050,2024-02-24,7,Yes
D101435,Cameron Thomas,O,+60-19-685-9131,2021-09-01,3,Yes
D101436,Richard Rubio,B,+60-13-791-3783,2021-05-19,3,Yes
D101437,Mark Stout,O,+60-19-291-5467,2026-06-21,5,No
D101438,Caleb Brown,A,+60-13-408-3448,2023-02-22,2,Yes
D101439,Laura Bautista,O,+60-11-662-8446,2018-05-07,5,Yes
D101440,Christina Gates,O,+60-19-801-4018,2019-09-29,6,Yes
D101441,Kelly Hendricks,AB,+60-14-490-1680,2009-01-21,3,No
D101442,Michelle Goodwin,B,+60-10-318-9832,2020-05-31,4,Yes
D101443,Stephanie Dunlap,B,+60-14-671-7796,2011-10-18,8,Yes
D101444,Monica Harris,A,+60-12-578-9411,2017-08-16,3,Yes
D101445,Melissa Charles,B,+60-15-452-9384,2024-08-24,6,Yes
D101446,Holly White,O,+60-13-017-3674,2012-04-04,3,Yes
D101447,Jason Fitzpatrick,O,+60-18-651-3468,2016-06-26,4,Yes
D101448,Victoria Moore,O,+60-16-325-3042,2018-11-15,6,Yes
D101449,Alexander Hogan,O,+60-18-074-9201,2026-01-28,4,Yes
D101450,Nicole Freeman,A,+60-11-676-4586,2008-11-28,6,Yes
D101451,Robert Long,A,+60-11-453-7884,2016-10-06,5,Yes
D101452,Emily Hernandez,O,+60-15-271-7683,2020-03-18,7,Yes
D101453,Misty Gilmore,B,+60-16-979-5670,2018-01-05,4,Yes
D101454,Paul Thomas,O,+60-18-338-0458,2007-03-28,3,Yes
D101455,Michael Wagner,O,+60-17-810-1640,2011-02-13,5,Yes
D101456,George Riley,O,+60-17-430-6129,2015-12-29,5,Yes
D101457,Paul Cox,O,+60-13-285-9175,2016-11-11,3,Yes
D101458,Christopher Chandler,A,+60-18-713-6993,2017-01-29,3,Yes
D101459,Michael Morgan,O,+60-11-439-6693,2009-01-01,5,Yes
D101460,Ana Vega,O,+60-19-422-0888,2023-09-10,4,Yes
D101461,Kimberly Allen,A,+60-17-159-5804,2022-02-15,6,Yes
D101462,Tiffany Acosta,A,+60-14-909-4339,2017-10-07,4,No
D101463,David Chen,A,+60-11-854-3263,2016-11-20,7,Yes
D101464,Jennifer Juarez,AB,+60-19-435-6103,2010-09-06,3,Yes
D101465,Lori Rice,O,+60-16-182-2639,2026-03-09,9,Yes
D101466,Carol Riley,B,+60-18-956-9881,2019-03-20,5,Yes
D101467,Steven Howard,A,+60-15-742-2275,2015-10-05,6,No
D101468,Cynthia Kemp,A,+60-18-961-4596,2026-02-17,8,Yes
D101469,Jack Terrell,O,+60-19-381-5798,2013-03-31,8,Yes
D101470,Kevin Webb,A,+60-13-709-4522,2023-12-10,3,Yes
D101471,Rhonda Murphy,O,+60-10-115-0664,2010-05-13,7,Yes
D101472,Joseph Castillo,B,+60-19-381-8382,2016-02-03,4,Yes
D101473,Michael Vaughn,AB,+60-11-608-3686,2025-01-13,2,Yes
D101474,Leonard Vega,B,+60-12-527-0699,2013-12-15,3,Yes
D101475,Austin Warner,A,+60-10-285-4764,2022-09-01,5,Yes
D101476,Adrian Roach,B,+60-18-069-7846,2015-10-09,5,Yes
D101477,Derek Hood,O,+60-19-810-1166,2025-09-24,5,No
D101478,Taylor Perry,AB,+60-10-576-4589,2012-11-16,4,No
D101479,Teresa Mcclain,B,+60-19-470-4978,2011-01-06,7,Yes
D101480,Phillip Clark,AB,+60-12-837-8921,2008-11-18,7,Yes
D101481,Brian Hale,A,+60-17-585-4209,2019-05-10,8,Yes
D101482,Mr. Robert Scott,AB,+60-15-385-9438,2021-08-19,5,Yes
D101483,Jessica Brooks,O,+60-17-737-6435,2025-02-21,5,Yes
D101484,Mark Beck,A,+60-13-757-0228,2009-10-10,4,Yes
D101485,William Khan,A,+60-11-040-1993,2024-08-19,10,Yes
D101486,Kathryn Hill,A,+60-13-252-2014,2017-04-17,2,Yes
D101487,Chelsey Mitchell,O,+60-19-245-6850,2024-10-08,4,No
D101488,Laura Turner,O,+60-13-581-1071,2017-05-12,6,Yes
D101489,David Austin,B,+60-15-079-7791,2023-08-28,4,No
D101490,Carmen Bright,O,+60-13-358-9898,2018-08-11,7,Yes
D101491,Seth Wright,A,+60-10-516-4321,2011-06-06,5,Yes
D101492,Abigail Bean,A,+60-15-640-3740,2023-12-12,5,Yes
D101493,Valerie Burke MD,B,+60-15-944-8528,2013-09-16,7,Yes
D101494,Sarah Chapman,O,+60-12-572-4480,2016-06-05,7,Yes
D101495,Hunter Miller,O,+60-19-149-4246,2026-05-27,2,Yes
D101496,Shawn Brennan,A,+60-13-603-2303,2013-02-09,3,Yes
D101497,Marie Jones,A,+60-16-307-1377,2024-07-04,7,Yes
D101498,Stacy Fisher,O,+60-18-406-2571,2013-04-28,9,No
D101499,Melissa Allen,B,+60-11-677-3375,2023-06-09,6,Yes
D101500,Steven Johnson,B,+60-11-743-2637,2026-02-11,4,Yes
D101501,Kathryn Heath,A,+60-17-511-8610,2009-06-24,4,Yes
D101502,Kenneth Ashley,O,+60-10-772-9551,2013-01-05,5,Yes
D101503,David Hernandez,O,+60-12-719-7346,2014-02-06,4,No
D101504,Brian Navarro,AB,+60-19-624-3572,2010-05-31,6,No
D101505,Matthew Blanchard,B,+60-10-069-6035,2013-06-04,4,Yes
D101506,Nicole Johnson,A,+60-18-060-9279,2021-02-28,5,Yes
D101507,George Williams,A,+60-16-021-7673,2018-11-10,2,No
D101508,Jesse Gibbs,O,+60-15-158-4617,2009-11-26,3,Yes
D101509,Rachael Anderson,O,+60-14-625-3522,2016-08-25,2,Yes
D101510,Scott Evans,A,+60-15-489-9412,2014-07-13,6,Yes
D101511,Robert Harrison,A,+60-11-857-3203,2025-12-13,8,Yes
D101512,Sierra Liu,B,+60-10-658-8369,2010-03-18,6,Yes
D101513,Crystal Hernandez,O,+60-13-753-4071,2011-08-08,1,Yes
D101514,Justin Sanchez,AB,+60-14-900-7613,2021-02-08,3,Yes
D101515,Anthony Mahoney,AB,+60-19-987-7582,2026-07-12,3,Yes
D101516,Mr. Joseph Baker,O,+60-13-513-7726,2011-07-27,4,No
D101517,Matthew Jones,O,+60-14-619-3822,2017-04-19,7,Yes
D101518,Miss Rhonda Gray,O,+60-17-150-5046,2012-10-18,5,Yes
D101519,Jose Fleming,O,+60-10-735-4795,2015-11-21,3,Yes
D101520,Beth Oneill,B,+60-11-489-2977,2012-11-25,5,Yes
D101521,Brittany Park,A,+60-14-907-2034,2025-04-17,7,Yes
D101522,Kimberly Franklin,O,+60-16-215-6087,2010-08-19,5,Yes
D101523,Manuel Collins,A,+60-11-117-8610,2026-04-26,7,No
D101524,Darin Myers,O,+60-14-654-0916,2016-09-11,5,Yes
D101525,Kayla Young,O,+60-10-991-3934,2009-03-18,7,Yes
D101526,Christopher Zimmerman,A,+60-12-926-8520,2023-06-07,1,Yes
D101527,Kenneth Salas,O,+60-11-376-4555,2010-12-04,6,Yes
D101528,Andrew Russell DVM,O,+60-10-895-4089,2026-06-15,5,No
D101529,William Moore,A,+60-15-850-5869,2014-12-14,7,Yes
D101530,Craig Calhoun,A,+60-10-614-1354,2017-03-29,5,No
D101531,Tammy Ortiz,O,+60-14-098-0462,2022-02-05,4,Yes
D101532,Rebecca Garcia,A,+60-12-043-5380,2008-10-25,6,Yes
D101533,John Hall,A,+60-17-855-9238,2022-03-19,7,Yes
D101534,Caleb Ponce,O,+60-14-810-8920,2009-02-02,4,Yes
D101535,Erin Christensen,A,+60-14-267-9015,2025-11-18,7,Yes
D101536,Shannon Moreno,AB,+60-10-681-7613,2011-08-25,6,Yes
D101537,Deanna Hall,AB,+60-18-367-9583,2018-11-13,8,Yes
D101538,Dr. Scott Brown,O,+60-17-818-1563,2013-03-24,2,Yes
D101539,Russell Juarez,A,+60-12-587-7655,2024-06-12,5,Yes
D101540,Cheryl Douglas,O,+60-11-538-5438,2026-01-28,6,Yes
D101541,Stephanie Oliver,O,+60-16-571-4774,2022-04-12,3,No
D101542,Mary Chapman,A,+60-16-288-7924,2008-05-15,2,Yes
D101543,Elizabeth Lamb,O,+60-11-946-0440,2013-08-07,4,Yes
D101544,Maria Taylor,A,+60-17-784-5626,2014-04-30,2,Yes
D101545,Carolyn Ayers,B,+60-17-530-1536,2017-07-07,2,Yes
D101546,Jenna Tate,O,+60-18-498-3359,2016-10-27,8,Yes
D101547,Peter Myers,A,+60-16-813-4704,2018-10-27,7,No
D101548,Donna Baldwin,A,+60-15-818-1533,2019-12-17,5,No
D101549,Brandon Curtis,B,+60-15-646-3162,2018-06-27,6,No
D101550,Gregory Ochoa,A,+60-16-522-4070,2011-06-18,7,Yes
D101551,John Stevenson,A,+60-15-789-6730,2020-05-06,6,No
D101552,Austin Shepherd,O,+60-11-846-6995,2019-04-28,4,Yes
D101553,Joseph Bryan,A,+60-13-262-9331,2011-04-24,9,Yes
D101554,Christine Wagner,B,+60-11-506-8388,2018-09-05,7,Yes
D101555,Keith Hernandez,O,+60-19-425-6246,2024-09-08,4,Yes
D101556,Jill Bryan DVM,A,+60-18-182-4339,2008-12-04,3,Yes
D101557,Alexandra Phillips,O,+60-16-433-3215,2026-06-01,6,Yes
D101558,Joshua Greene,B,+60-11-264-1683,2014-10-19,4,Yes
D101559,Keith Richardson,AB,+60-14-776-0195,2015-08-21,4,Yes
D101560,Tracy Holland,O,+60-16-459-4419,2007-12-25,4,Yes
D101561,Kayla Bullock,A,+60-14-135-5878,2026-09-04,8,No
D101562,David Thomas,B,+60-17-443-3896,2014-06-09,4,Yes
D101563,Timothy Hayes,A,+60-19-318-9422,2013-06-22,10,Yes
D101564,Christine Lara,B,+60-10-449-4889,2019-02-23,10,Yes
D101565,Nicole Chen,O,+60-14-323-4521,2016-09-02,7,Yes
D101566,Stephanie Rosales,O,+60-16-586-4099,2015-07-03,4,No
D101567,Patricia Brown,A,+60-14-092-3741,2012-12-18,5,Yes
D101568,Christopher Johnson,B,+60-18-343-4031,2015-10-01,3,Yes
D101569,Victoria Jennings,O,+60-13-214-5919,2026-02-16,2,No
D101570,Cynthia Walker,O,+60-10-555-1724,2018-07-09,4,No
D101571,Emily Gill,O,+60-13-628-3466,2026-08-27,5,Yes
D101572,Joseph Graham,A,+60-11-365-4021,2022-07-17,4,Yes
D101573,Adrienne Hopkins,O,+60-18-307-4091,2011-08-04,8,Yes
D101574,James Owens,A,+60-10-378-1659,2013-07-02,3,No
D101575,Elizabeth Cox,B,+60-12-200-1285,2012-10-23,5,Yes
D101576,Cody Nelson,AB,+60-15-940-8503,2007-01-21,2,Yes
D101577,Nancy Glover,O,+60-11-036-0506,2026-02-11,6,Yes
D101578,Brendan Clarke,O,+60-18-357-5477,2014-02-02,2,No
D101579,Kelly Hansen,O,+60-13-351-3301,2009-05-05,5,Yes
D101580,Michelle Thompson,A,+60-15-453-0687,2014-10-02,2,No
D101581,Jacob Young,B,+60-11-734-0788,2025-02-10,4,Yes
D101582,Daniel Hancock,A,+60-12-804-4601,2009-04-09,3,Yes
D101583,Michelle Grant,O,+60-18-532-4612,2024-08-03,9,No
D101584,Seth Murphy,O,+60-15-226-7645,2018-11-10,3,Yes
D101585,Amy Clarke,O,+60-19-747-3920,2011-10-15,7,Yes
D101586,Jacob Vargas,A,+60-19-030-1795,2011-07-12,2,Yes
D101587,Christopher Fowler,O,+60-14-688-9326,2025-08-18,7,Yes
D101588,David Adams,B,+60-17-553-1748,2011-05-21,4,No
D101589,Benjamin Bauer,A,+60-15-388-3001,2016-05-19,8,Yes
D101590,Larry Rodriguez MD,O,+60-15-970-2140,2024-08-18,4,Yes
D101591,Kevin Patel,O,+60-19-000-1308,2008-08-01,5,Yes
D101592,Meredith Torres,O,+60-15-069-1061,2025-09-07,4,No
D101593,Sara Taylor,O,+60-15-909-3779,2018-02-09,4,No
D101594,Michael Hensley,B,+60-19-615-0354,2026-01-25,8,No
D101595,Deborah Patrick,O,+60-11-652-3664,2010-03-05,4,No
D101596,David Barrett MD,B,+60-11-685-0304,2013-04-20,6,Yes
D101597,Amy Smith,A,+60-17-430-4704,2022-11-13,6,Yes
D101598,Jennifer Gomez,AB,+60-14-075-9559,2011-01-12,8,Yes
D101599,Michael Smith,O,+60-14-027-4602,2022-05-25,5,Yes
D101600,Dawn Trevino,B,+60-18-699-6156,2007-12-03,1,Yes
D101601,Nathan Cannon,A,+60-12-283-7184,2013-04-02,3,Yes
D101602,Erica Perez,A,+60-18-314-3124,2011-07-14,2,No
D101603,Ricardo Johnson,O,+60-16-596-8142,2016-01-25,3,Yes
D101604,Cindy Reid,O,+60-18-922-1506,2013-08-21,6,No
D101605,Kaitlin Ray,O,+60-11-412-2828,2009-02-14,5,Yes
D101606,James Simmons,B,+60-13-337-1056,2008-09-09,3,Yes
D101607,Emily Fuentes,O,+60-18-969-0501,2018-12-07,6,Yes
D101608,Lindsey Contreras,O,+60-11-652-7325,2008-02-08,3,No
D101609,Olivia Woods,B,+60-12-377-7995,2016-01-29,2,No
D101610,Emily Kelly,B,+60-19-421-8664,2021-05-16,5,Yes
D101611,Andrea Burns,B,+60-15-533-9313,2019-10-01,5,Yes
D101612,Robert Guzman,A,+60-18-196-0515,2017-08-12,7,Yes
D101613,Roy Stewart,A,+60-18-530-0023,2011-08-07,5,Yes
D101614,Matthew Montgomery,A,+60-13-841-9123,2007-12-22,3,Yes
D101615,William Doyle,A,+60-19-979-0454,2015-01-30,5,Yes
D101616,Angela Williams,O,+60-18-776-4819,2011-08-06,7,Yes
D101617,Donna Johnson,A,+60-19-212-1335,2013-12-20,4,Yes
D101618,Heather Wright,O,+60-14-424-9703,2009-11-01,5,Yes
D101619,Barbara Warner,O,+60-17-630-3614,2020-05-18,2,Yes
D101620,Lindsay Evans,B,+60-17-412-3895,2016-02-18,5,Yes
D101621,Laura Riley,A,+60-18-110-6628,2020-05-01,5,Yes
D101622,David Scott,O,+60-11-305-3072,2011-04-06,2,Yes
D101623,Jose Sanchez,O,+60-14-984-9419,2024-08-04,6,Yes
D101624,William Murphy,B,+60-19-631-0032,2021-07-25,5,Yes
D101625,Stephanie Drake,O,+60-19-472-1044,2022-05-09,5,Yes
D101626,Jennifer Wilson,O,+60-10-161-0970,2023-05-13,3,Yes
D101627,Spencer Hodges,A,+60-17-843-4989,2019-07-17,4,No
D101628,Tyrone Floyd,A,+60-12-815-8959,2024-01-06,7,No
D101629,Christine Tate,O,+60-16-330-9058,2017-04-06,5,No
D101630,Sherri Smith,O,+60-10-529-3516,2023-03-19,2,Yes
D101631,Kenneth Moyer PhD,O,+60-10-719-3902,2009-11-23,4,Yes
D101632,Dr. Linda Moore,A,+60-10-282-3275,2008-09-21,3,Yes
D101633,Jesse Page,O,+60-17-484-2578,2010-03-20,4,No
D101634,Kevin Howard,A,+60-14-519-9780,2018-04-21,6,Yes
D101635,Anthony Riley,A,+60-18-972-1432,2021-11-12,6,Yes
D101636,Sharon Perry,O,+60-13-878-4452,2019-08-20,4,Yes
D101637,Dennis Clark,B,+60-13-301-2222,2023-12-01,1,No
D101638,Robert Williams,B,+60-15-678-8559,2019-03-07,8,Yes
D101639,Brandon Barber,O,+60-12-287-6836,2009-04-18,3,Yes
D101640,Heather Mcfarland,A,+60-19-182-0430,2017-01-15,9,Yes
D101641,April Gomez,AB,+60-13-791-6749,2007-08-27,2,No
D101642,Barry Jacobson,O,+60-16-542-7985,2014-09-12,6,No
D101643,Mark Higgins,A,+60-19-074-7287,2007-01-07,2,Yes
D101644,Shannon Taylor,O,+60-19-281-7476,2022-09-15,8,Yes
D101645,William Shaw,O,+60-11-848-3652,2010-01-26,5,Yes
D101646,Vincent Mendez,O,+60-14-969-7286,2013-10-19,1,Yes
D101647,Kaitlyn Carrillo,O,+60-15-604-1567,2017-09-28,5,Yes
D101648,April Mccormick,A,+60-10-605-6130,2018-08-25,8,Yes
D101649,Bryan Evans,O,+60-13-115-6114,2022-01-28,6,Yes
D101650,Marie Clark,A,+60-14-971-3105,2026-01-08,3,Yes
D101651,Janice Pitts,AB,+60-17-136-7128,2020-07-01,9,Yes
D101652,Linda Benson,O,+60-10-242-1922,2025-01-16,6,Yes
D101653,Candice Vaughn,B,+60-13-276-8330,2010-06-03,6,Yes
D101654,Tammy Lopez,O,+60-14-517-1459,2008-12-25,6,Yes
D101655,Nathan Nguyen,O,+60-17-262-6554,2022-08-14,7,Yes
D101656,Mr. James Clark,O,+60-19-583-7433,2012-07-30,4,Yes
D101657,Ashley Carter,AB,+60-17-088-7880,2020-10-12,12,No
D101658,Carol Peterson MD,B,+60-15-782-8386,2015-08-31,4,No
D101659,Katherine Mendez,B,+60-14-971-9733,2020-11-14,7,Yes
D101660,Andrew Ramos,O,+60-10-780-2227,2018-07-19,4,Yes
D101661,Melissa Christian,A,+60-18-171-3637,2022-07-23,2,Yes
D101662,Bianca Roth,O,+60-10-679-6549,2022-01-20,5,No
D101663,Audrey Kennedy,A,+60-16-264-2304,2024-03-03,2,Yes
D101664,Catherine Kelley,O,+60-11-732-1568,2008-12-10,5,Yes
D101665,Kimberly Miller,A,+60-15-015-8396,2021-07-03,4,Yes
D101666,Bethany Duarte,O,+60-16-988-4783,2023-02-23,4,Yes
D101667,John Jones,AB,+60-13-346-1510,2009-05-14,3,Yes
D101668,Melissa Watkins,AB,+60-13-632-7823,2009-08-11,5,Yes
D101669,Ronald Deleon,O,+60-19-474-4351,2009-04-09,2,Yes
D101670,Casey Whitaker,O,+60-15-252-5778,2026-08-24,5,Yes
D101671,Aaron Smith,O,+60-17-427-3152,2012-10-04,3,Yes
D101672,Scott Campos,O,+60-12-642-2600,2014-12-28,6,No
D101673,Jennifer Johnston,O,+60-16-806-7186,2012-05-05,8,Yes
D101674,Anthony Powell,A,+60-12-915-9976,2025-05-24,2,Yes
D101675,Erin Miller,B,+60-13-090-7483,2017-07-04,5,Yes
D101676,Sarah Rogers,B,+60-19-869-9800,2016-01-25,4,No
D101677,Thomas Ruiz,A,+60-15-092-6699,2014-07-07,7,Yes
D101678,Megan Watson,A,+60-12-220-5500,2015-08-13,6,Yes
D101679,Tanner Mckee,A,+60-12-415-1891,2020-05-10,2,Yes
D101680,Melanie Johnson,O,+60-10-633-9783,2010-04-15,5,No
D101681,Scott Dominguez,B,+60-16-836-5370,2016-01-09,9,Yes
D101682,Ashley Ramos,B,+60-10-787-5965,2011-03-30,7,No
D101683,Richard Munoz,A,+60-13-604-0090,2021-01-02,5,No
D101684,Danielle Palmer,AB,+60-13-953-0951,2010-09-05,10,Yes
D101685,Karen Barton,A,+60-17-130-9636,2016-12-21,6,Yes
D101686,Ashley Fernandez,A,+60-14-532-2657,2010-03-11,3,Yes
D101687,Brian Campbell,O,+60-17-715-7002,2017-05-27,4,Yes
D101688,Kenneth Peters,A,+60-11-842-4913,2026-03-17,4,No
D101689,Matthew Schmidt,O,+60-15-063-0082,2017-06-19,1,No
D101690,Mitchell Wells,B,+60-17-663-2718,2026-05-08,5,Yes
D101691,Cynthia Sampson,O,+60-19-668-6736,2014-07-06,4,Yes
D101692,Amy Mack,A,+60-19-117-1310,2014-04-13,4,No
D101693,Emily Key,B,+60-15-496-7827,2020-07-30,7,Yes
D101694,Andrew Morgan,O,+60-12-315-1038,2011-11-27,5,Yes
D101695,Meghan Cobb,O,+60-15-208-7448,2024-12-18,5,Yes
D101696,Linda Sullivan,A,+60-18-802-6353,2018-07-29,3,Yes
D101697,Catherine Gilbert,O,+60-10-516-9577,2026-06-02,4,Yes
D101698,Douglas Krause,O,+60-15-554-1977,2016-05-26,7,Yes
D101699,Andrea Cline,O,+60-13-109-2221,2011-05-18,7,Yes
D101700,Patricia Shaffer,O,+60-12-834-8095,2024-06-05,3,Yes
D101701,Lynn Kelly,B,+60-18-982-9487,2015-07-11,4,Yes
D101702,Emily Ryan,B,+60-12-240-4629,2018-10-01,1,Yes
D101703,Rose Fowler,AB,+60-18-928-5702,2018-07-27,5,Yes
D101704,Joan Schaefer,O,+60-14-620-9258,2026-05-28,7,No
D101705,Matthew Smith,B,+60-17-031-3930,2024-01-02,5,Yes
D101706,Nicole Newman,O,+60-16-027-3759,2013-12-21,4,Yes
D101707,Marisa Johns,A,+60-13-773-1778,2019-07-13,6,Yes
D101708,Angela Morales,A,+60-12-702-4248,2019-03-28,5,Yes
D101709,Samantha Compton,A,+60-15-149-5022,2015-02-01,2,Yes
D101710,Joann Scott,O,+60-19-487-1555,2022-05-16,4,No
D101711,Victoria Smith,O,+60-14-251-8242,2024-11-13,6,Yes
D101712,Jacob Guerra,O,+60-18-445-5804,2025-10-07,5,Yes
D101713,Wayne Miller,A,+60-16-135-9862,2018-04-28,4,Yes
D101714,Elizabeth Mcfarland,A,+60-12-631-4907,2026-08-28,4,Yes
D101715,Nicole Randolph,O,+60-14-811-5299,2015-07-24,8,No
D101716,John Mcdonald,B,+60-17-147-9164,2009-05-28,5,Yes
D101717,Jonathan Mcintosh,B,+60-10-126-5924,2015-03-06,5,Yes
D101718,Charles Jones,A,+60-12-590-2747,2007-11-10,4,No
D101719,Leah Thomas,AB,+60-18-327-2453,2016-12-02,6,No
D101720,Lisa Silva,O,+60-12-642-4696,2026-08-25,5,Yes
D101721,Anita Green,A,+60-15-856-1158,2024-06-19,3,Yes
D101722,Amanda Flores,AB,+60-19-142-5551,2010-08-27,5,Yes
D101723,Morgan Humphrey,O,+60-11-696-4689,2018-06-29,2,No
D101724,Thomas Thompson,A,+60-12-252-6600,2015-02-07,3,No
D101725,Morgan Obrien,A,+60-18-653-9636,2008-08-15,3,Yes
D101726,Jennifer Lopez,AB,+60-15-049-7301,2014-05-01,6,Yes
D101727,Jennifer Marshall,O,+60-11-516-1845,2009-09-09,3,Yes
D101728,John Bell,A,+60-13-516-5479,2010-12-25,4,No
D101729,Amanda Hutchinson,O,+60-17-464-1517,2021-03-27,5,Yes
D101730,Natasha Lewis,O,+60-14-827-8372,2011-12-09,2,Yes
D101731,Catherine Gibbs,B,+60-13-608-3849,2021-08-26,4,Yes
D101732,Charlene Parker,O,+60-17-505-7140,2009-02-16,4,No
D101733,Melinda Mccoy,O,+60-15-062-4284,2014-01-04,3,Yes
D101734,Thomas Andrade,A,+60-14-225-6874,2025-04-25,5,Yes
D101735,Veronica Chapman,A,+60-18-643-9728,2018-01-16,4,Yes
D101736,David Garcia,A,+60-15-251-4661,2026-04-12,3,Yes
D101737,Steven Vaughan,O,+60-11-413-6568,2010-06-09,7,Yes
D101738,Sarah Miller,B,+60-13-253-5041,2025-01-14,5,No
D101739,Lauren Green,O,+60-15-695-0354,2010-04-18,4,No
D101740,Tammy Bates,B,+60-17-004-5554,2015-07-30,7,Yes
D101741,Jamie Lee,O,+60-10-409-6359,2025-02-19,5,Yes
D101742,Courtney Graham,O,+60-15-431-1867,2023-07-17,3,Yes
D101743,Levi Matthews,O,+60-10-594-2707,2022-11-12,6,Yes
D101744,Patricia Cox,O,+60-14-584-3703,2022-05-11,4,No
D101745,Ronnie Petersen,O,+60-12-428-8601,2009-09-14,4,Yes
D101746,Nicholas Horton,O,+60-10-991-5068,2015-10-06,5,Yes
D101747,Charles Powell,A,+60-15-252-9477,2008-09-05,4,Yes
D101748,Steven Norman,O,+60-14-067-6944,2010-02-19,3,Yes
D101749,Todd Olsen,A,+60-19-884-1380,2013-08-03,6,Yes
D101750,Priscilla Mitchell,O,+60-18-879-5321,2021-06-18,5,Yes
D101751,Bridget Sullivan,O,+60-14-656-3169,2013-11-05,5,No
D101752,Nancy Morrison,B,+60-13-624-4442,2015-04-20,7,Yes
D101753,Mary Cochran,O,+60-11-816-0458,2020-12-14,6,Yes
D101754,Laura Smith,A,+60-14-883-4322,2008-10-07,5,Yes
D101755,Alexis Davis,O,+60-13-648-1300,2025-01-02,5,Yes
D101756,Jeanne Dougherty,O,+60-13-585-9843,2018-02-14,4,No
D101757,Amanda Robinson,B,+60-10-590-7473,2013-08-20,9,Yes
D101758,Amy Davis,O,+60-11-697-5029,2013-12-07,8,No
D101759,Lori Meyer,O,+60-17-273-5581,2018-07-07,2,Yes
D101760,Robin Bailey,A,+60-14-735-1167,2011-10-14,4,Yes
D101761,Henry Spears,B,+60-13-470-9635,2018-12-24,4,Yes
D101762,Caitlin Shaw,A,+60-12-662-3500,2015-05-11,8,Yes
D101763,Chris Santos,O,+60-18-896-4116,2025-08-15,3,Yes
D101764,Brian Garcia,B,+60-19-932-1107,2025-05-21,4,Yes
D101765,Andre Carter,A,+60-19-605-7274,2024-06-25,6,No
D101766,Brian Ford,A,+60-18-500-5082,2013-03-02,4,Yes
D101767,Melinda Dixon,A,+60-10-105-8255,2024-01-07,7,Yes
D101768,Sandy Nelson,A,+60-12-141-8141,2008-04-25,5,Yes
D101769,Victoria Cole,AB,+60-19-827-3664,2013-04-09,5,Yes
D101770,Alexis Zuniga,B,+60-14-741-7710,2021-10-16,4,Yes
D101771,Shane Johnson,A,+60-14-181-1408,2008-04-07,4,Yes
D101772,Michael Kelly,O,+60-13-250-6071,2020-01-17,6,Yes
D101773,Angela Meyer,B,+60-10-544-0327,2025-12-08,3,Yes
D101774,Stephen Lucas,A,+60-15-320-3409,2009-07-06,4,Yes
D101775,Brandy Hull,AB,+60-11-060-5580,2015-11-03,3,Yes
D101776,Richard Adams,O,+60-12-493-8092,2023-08-20,4,Yes
D101777,Brittney Russo,O,+60-15-053-0845,2012-10-13,5,Yes
D101778,Robert Reed,A,+60-14-314-0120,2026-01-07,4,Yes
D101779,Luis Conrad,A,+60-19-415-8210,2018-09-12,5,Yes
D101780,Andrew Benjamin,A,+60-16-414-0988,2014-08-08,3,Yes
D101781,Michael Walker,O,+60-18-387-0742,2021-12-10,2,Yes
D101782,Terry Caldwell,A,+60-15-595-3177,2017-02-16,7,Yes
D101783,Brian Marshall,A,+60-12-600-8599,2013-07-14,8,No
D101784,Matthew Pierce,B,+60-12-325-2060,2011-03-28,4,Yes
D101785,Rebecca Beard,O,+60-13-241-2114,2016-08-08,6,Yes
D101786,Alexandra Obrien,A,+60-16-186-3123,2019-03-04,3,No
D101787,Stephanie Gonzalez PhD,A,+60-15-597-5286,2021-12-29,4,Yes
D101788,Sara Green,A,+60-18-296-8338,2023-01-03,3,Yes
D101789,Edwin Fields,O,+60-15-585-0387,2024-09-05,6,Yes
D101790,Ashlee Santos,A,+60-19-893-8873,2014-06-03,7,Yes
D101791,Thomas Holden,A,+60-10-152-9868,2026-08-19,4,Yes
D101792,Daniel Reynolds,O,+60-10-210-2613,2024-04-07,4,Yes
D101793,Adrian Wilson,O,+60-19-353-1985,2016-07-23,8,Yes
D101794,Douglas Tran,O,+60-18-224-8883,2019-04-08,2,Yes
D101795,Brooke Torres,B,+60-14-454-7784,2018-12-01,3,Yes
D101796,Peter Mcpherson,A,+60-16-392-6033,2023-01-02,5,Yes
D101797,Cory Flores,O,+60-18-673-8025,2015-11-18,5,Yes
D101798,Lisa Baker,O,+60-12-283-4465,2013-08-17,4,Yes
D101799,Laura Miller,O,+60-10-899-0327,2009-04-29,5,Yes
D101800,Isaac Webb,A,+60-12-887-5992,2012-02-22,7,Yes
D101801,Jennifer Duran,O,+60-13-421-2382,2024-04-19,5,Yes
D101802,Mary King,A,+60-17-989-8162,2016-10-19,5,No
D101803,Jamie Young,O,+60-10-941-8311,2009-11-10,3,Yes
D101804,David Reese,O,+60-13-170-5183,2018-04-09,4,Yes
D101805,Dr. Jesse Neal,A,+60-16-153-9356,2009-12-11,4,Yes
D101806,Beverly Bridges,O,+60-13-818-1367,2023-04-06,6,Yes
D101807,Matthew Parker,O,+60-10-570-1038,2016-04-29,1,Yes
D101808,Steven Parker,A,+60-15-480-3210,2010-02-11,4,Yes
D101809,Ashley Price,O,+60-17-501-6571,2012-02-11,9,No
D101810,Kelsey Ramirez,A,+60-14-798-6638,2012-07-17,8,Yes
D101811,Carlos Simpson,A,+60-15-173-8698,2019-08-05,4,No
D101812,Michael Evans,A,+60-17-074-7805,2013-04-20,7,Yes
D101813,Michelle Barnes,A,+60-19-481-0408,2020-02-27,8,Yes
D101814,Alyssa Rivers,A,+60-19-415-0549,2016-11-07,5,No
D101815,Kevin Davis,O,+60-19-888-1968,2012-11-22,6,Yes
D101816,Brian Estrada,A,+60-12-221-6324,2011-11-21,5,Yes
D101817,Shelby Reyes,AB,+60-17-983-3384,2026-07-27,6,Yes
D101818,Alicia Bowman,A,+60-15-437-8569,2015-11-01,5,Yes
D101819,April Mann,O,+60-14-612-4586,2016-01-11,3,Yes
D101820,John Gonzalez,O,+60-17-738-7052,2019-06-16,7,Yes
D101821,Scott Smith,A,+60-14-962-1757,2017-01-15,6,Yes
D101822,Dana Jones,A,+60-18-038-9170,2009-04-13,6,Yes
D101823,Lawrence Hudson,O,+60-15-169-9426,2009-11-11,5,Yes
D101824,Adrian Garcia,O,+60-11-568-4235,2021-03-15,5,Yes
D101825,Ana Allen,B,+60-16-227-4297,2019-10-06,7,Yes
D101826,Lydia Joseph,O,+60-12-376-9342,2008-05-26,5,Yes
D101827,Donna Cohen,O,+60-18-678-2155,2017-08-01,4,Yes
D101828,Natasha Vaughan,O,+60-12-405-5284,2018-11-05,6,Yes
D101829,Laura Jones,O,+60-12-967-7812,2014-03-17,8,Yes
D101830,Paul Hill,A,+60-17-242-1257,2019-12-09,6,Yes
D101831,Leslie Jenkins,A,+60-12-084-5615,2012-04-22,5,Yes
D101832,Nicole Torres,O,+60-10-482-1604,2026-05-28,8,No
D101833,David Chase,B,+60-17-758-3224,2017-05-03,1,No
D101834,Jeremy Wallace,AB,+60-14-800-4060,2011-06-03,5,Yes
D101835,Jeremiah Newman,O,+60-10-056-3883,2020-02-22,4,Yes
D101836,Erik Garza,O,+60-17-682-2525,2013-02-21,2,Yes
D101837,Robert Hernandez,O,+60-11-183-5222,2017-07-30,7,Yes
D101838,Danny West,O,+60-14-865-1232,2024-03-04,6,Yes
D101839,Timothy Spencer,O,+60-12-480-2106,2024-05-01,9,Yes
D101840,Tracy Myers,B,+60-19-694-1183,2026-07-01,7,Yes
D101841,Jennifer Jenkins,O,+60-10-715-6920,2019-02-17,9,Yes
D101842,Guy Calhoun,A,+60-19-856-1695,2020-04-20,3,No
D101843,Anthony Rose,O,+60-15-933-3023,2020-06-27,4,Yes
D101844,Kristine Davis,A,+60-10-053-1518,2018-10-08,9,Yes
D101845,Erika Adams,O,+60-17-585-7885,2019-02-06,3,Yes
D101846,Kent Lewis MD,O,+60-16-753-3853,2013-11-09,8,Yes
D101847,Melissa Lawrence,O,+60-18-792-0518,2012-06-01,7,Yes
D101848,Maureen Rogers,B,+60-16-823-7018,2022-07-13,3,Yes
D101849,Carol Mullen,O,+60-16-649-1267,2022-08-27,2,Yes
D101850,Tracie Eaton,A,+60-15-294-5554,2022-02-08,2,Yes
D101851,Valerie Griffith,O,+60-11-648-1302,2017-12-12,4,Yes
D101852,Erin Mcmahon,A,+60-13-439-7143,2026-06-21,2,Yes
D101853,Megan Cooper,O,+60-16-495-5094,2009-08-21,5,Yes
D101854,Joe Tyler,A,+60-19-862-9372,2024-03-04,4,Yes
D101855,Jeffrey Leblanc,A,+60-17-138-3580,2026-03-04,3,No
D101856,Edward Cantu,O,+60-17-434-7629,2011-12-26,7,Yes
D101857,Adam Schroeder,O,+60-14-673-2340,2018-01-23,3,Yes
D101858,Amy Rodriguez,A,+60-14-998-3240,2015-03-25,6,Yes
D101859,Michael Young,O,+60-17-999-3726,2013-02-16,5,Yes
D101860,Raymond Rodriguez,B,+60-19-421-8893,2017-04-08,2,Yes
D101861,Justin Knight,AB,+60-16-102-5573,2011-07-14,6,No
D101862,Adam Smith,O,+60-15-468-2190,2020-11-08,7,Yes
D101863,Jessica Taylor,O,+60-17-912-1911,2018-11-20,7,Yes
D101864,Stephen Holder,AB,+60-10-755-6249,2009-01-30,3,Yes
D101865,Madeline Johnson,O,+60-18-958-5671,2011-04-07,6,Yes
D101866,Michael Crawford,B,+60-17-105-1058,2026-05-13,5,Yes
D101867,Judy Spencer,O,+60-11-479-4232,2026-07-15,5,Yes
D101868,Amy Collins,A,+60-19-909-1749,2015-11-29,4,Yes
D101869,Kelly Ortiz,O,+60-14-862-9197,2013-09-29,6,Yes
D101870,Charles Dawson,O,+60-13-633-4250,2019-10-25,3,Yes
D101871,Gregory Cooper Jr.,B,+60-16-847-7174,2017-04-27,9,Yes
D101872,Steven Robinson,O,+60-13-575-4578,2026-02-03,4,Yes
D101873,Lauren Mitchell,AB,+60-10-763-1069,2011-01-10,4,Yes
D101874,Leslie Gibson MD,A,+60-18-104-9311,2020-09-12,5,No
D101875,Christina Kelly,O,+60-18-800-7154,2007-10-19,2,Yes
D101876,Kurt Manning,O,+60-17-135-2220,2023-11-13,6,Yes
D101877,Jennifer Jackson,B,+60-19-892-0329,2016-06-27,3,Yes
D101878,Renee Rice,A,+60-10-254-8121,2011-10-05,6,No
D101879,Robert Henson,B,+60-17-722-9450,2018-08-05,9,No
D101880,Dr. Angela Mckee,AB,+60-13-963-1719,2023-03-19,2,Yes
D101881,Matthew Moreno,A,+60-10-244-4441,2024-09-15,5,Yes
D101882,Grace Nunez,O,+60-19-735-6851,2013-04-27,6,No
D101883,Sarah Bell,A,+60-12-577-2328,2008-10-30,4,Yes
D101884,Michael Mullins,A,+60-18-086-7799,2026-03-17,2,No
D101885,Shannon Reeves,A,+60-14-737-1709,2016-03-30,2,Yes
D101886,Steven Gilmore,O,+60-10-488-6894,2017-07-15,5,Yes
D101887,Dylan Bishop,AB,+60-19-207-0552,2009-06-05,5,No
D101888,Tammy Shelton,O,+60-13-432-7750,2015-11-25,3,Yes
D101889,Antonio Anderson,A,+60-14-854-0950,2018-05-29,7,Yes
D101890,Anna Black,B,+60-17-093-9998,2016-10-01,3,Yes
D101891,Kelsey Andrade,O,+60-17-562-9603,2020-02-01,7,No
D101892,Sandra Hale,B,+60-18-936-9536,2009-10-05,3,Yes
D101893,James Parker,O,+60-11-073-4734,2024-07-02,6,Yes
D101894,David Lee,O,+60-13-693-2122,2015-08-01,3,Yes
D101895,Brian Thomas,A,+60-18-099-9112,2014-10-04,9,Yes
D101896,Elizabeth Johnson,B,+60-10-647-9073,2023-11-13,6,Yes
D101897,Jessica Sanchez,O,+60-10-561-0189,2019-06-11,4,Yes
D101898,Kristen Swanson,A,+60-18-350-0664,2011-07-22,6,Yes
D101899,Billy Gray,B,+60-11-817-1928,2009-09-01,4,No
D101900,Kelly Ramirez,A,+60-11-464-1555,2022-07-04,5,Yes
D101901,Jacqueline Larson,O,+60-14-696-7750,2016-07-06,3,No
D101902,Lindsey Kim,B,+60-18-161-7708,2019-06-10,7,Yes
D101903,Jacob Sanchez,A,+60-11-782-6310,2026-08-04,5,Yes
D101904,Mario Blackwell,O,+60-12-032-9314,2026-05-30,5,Yes
D101905,Abigail Vang,AB,+60-10-751-5980,2009-07-30,4,Yes
D101906,John Scott,B,+60-17-929-9479,2008-03-29,1,Yes
D101907,Donald Sawyer,O,+60-16-354-4906,2010-06-10,8,Yes
D101908,Robert Davis,O,+60-12-977-1098,2008-05-11,4,Yes
D101909,Erin Butler,A,+60-16-658-2652,2014-11-28,3,Yes
D101910,Molly Allen,O,+60-16-919-2976,2015-04-30,3,Yes
D101911,Danielle Taylor,O,+60-12-444-9283,2019-08-26,6,Yes
D101912,Tamara Henderson,O,+60-11-283-4704,2019-05-30,7,Yes
D101913,Shawn Yu,A,+60-17-992-6402,2021-02-14,6,Yes
D101914,Linda Krause,A,+60-12-987-3291,2013-09-16,6,No
D101915,Curtis Williams,A,+60-16-425-6738,2011-04-23,6,Yes
D101916,Rebecca Watkins,B,+60-15-395-2495,2013-09-30,3,Yes
D101917,Anne Cunningham,A,+60-13-776-9437,2019-09-18,3,No
D101918,Alice Clarke,B,+60-11-880-8406,2017-06-26,4,Yes
D101919,Theresa Ferrell,O,+60-19-686-3142,2009-12-18,5,Yes
D101920,Richard Zuniga,O,+60-15-681-2332,2025-02-19,6,No
D101921,Charlotte Burton,O,+60-18-943-7002,2024-05-07,6,Yes
D101922,Sean Mills,O,+60-10-581-8502,2012-08-31,3,Yes
D101923,Jonathan Johnson,O,+60-12-908-8558,2016-02-29,7,Yes
D101924,Benjamin Klein,A,+60-10-497-4096,2019-10-30,5,Yes
D101925,Mary Elliott,O,+60-19-420-4865,2013-05-29,5,Yes
D101926,Elizabeth Bradley,O,+60-11-125-3275,2015-08-23,4,Yes
D101927,Whitney Baker,A,+60-15-317-9542,2022-03-30,5,Yes
D101928,Thomas Castro,B,+60-11-857-5821,2023-04-25,7,Yes
D101929,Christopher Powell,O,+60-11-060-7740,2025-01-04,5,No
D101930,Heather Owens,O,+60-16-296-9985,2025-01-18,3,Yes
D101931,Dawn Lane,O,+60-13-540-8830,2025-05-24,6,Yes
D101932,Michael Hall,O,+60-17-565-5342,2014-11-27,5,Yes
D101933,Tina Reyes,O,+60-14-833-4236,2010-09-26,4,Yes
D101934,Kyle Kane,O,+60-10-888-1136,2023-01-22,4,No
D101935,Dr. Victor Kennedy,O,+60-12-227-3382,2021-09-06,8,Yes
D101936,David Allen,O,+60-17-164-3717,2013-03-25,7,Yes
D101937,Nathan Tran,B,+60-14-543-7903,2021-11-01,6,Yes
D101938,Casey Bridges,O,+60-10-547-2793,2013-05-25,8,Yes
D101939,William Jordan,O,+60-18-768-5690,2025-12-04,5,Yes
D101940,Michael Henderson,A,+60-18-583-6299,2016-11-30,6,Yes
D101941,Kelly Estrada,B,+60-17-105-4971,2020-05-08,3,Yes
D101942,Phillip Johnson,O,+60-12-775-1306,2026-06-27,5,Yes
D101943,Lauren Beltran,O,+60-17-399-5890,2022-09-04,5,Yes
D101944,Hector Ramirez,O,+60-10-099-9278,2014-02-19,2,No
D101945,Carol Vasquez,A,+60-15-643-8111,2008-01-17,2,No
D101946,Rebecca Boyd,A,+60-18-734-1397,2025-07-03,6,No
D101947,Shelly Vaughn,B,+60-19-708-5571,2020-03-22,8,Yes
D101948,Karen Little,O,+60-17-603-1032,2011-10-31,3,Yes
D101949,Kevin Woods,O,+60-17-714-4565,2008-07-30,3,Yes
D101950,Jeffrey Salas,O,+60-16-980-1044,2014-12-29,6,Yes
D101951,Anthony Peterson MD,A,+60-16-961-9605,2021-06-08,5,Yes
D101952,Henry Arnold,B,+60-18-438-7691,2024-08-06,7,Yes
D101953,Scott Taylor,A,+60-15-329-7265,2019-11-26,6,Yes
D101954,David Evans,O,+60-12-163-3349,2020-05-01,4,No
D101955,Lindsey Gonzalez,AB,+60-19-155-0647,2007-09-14,4,No
D101956,Patricia Martin,O,+60-19-706-2464,2023-06-03,6,Yes
D101957,Jerome Liu,O,+60-15-946-4564,2009-11-27,5,No
D101958,Dr. Tracie Jackson MD,B,+60-13-974-7898,2015-02-11,4,Yes
D101959,Christopher Price,A,+60-15-263-4119,2013-09-13,4,Yes
D101960,William Rogers,B,+60-12-103-8244,2026-07-04,5,Yes
D101961,Lisa Lewis,A,+60-17-439-4891,2008-08-26,2,Yes
D101962,Brian Nelson,AB,+60-19-817-2719,2013-10-22,8,Yes
D101963,Marissa Snyder,A,+60-11-354-1082,2016-12-19,5,No
D101964,Kelli Mcclain,A,+60-14-760-3043,2010-06-11,4,Yes
D101965,Joseph Norton,B,+60-19-339-7968,2010-05-17,6,Yes
D101966,Kimberly Barron,A,+60-12-362-3783,2011-06-04,5,Yes
D101967,Michael Pham,B,+60-17-079-0365,2011-08-04,6,Yes
D101968,Mary Smith,O,+60-19-165-8377,2012-07-11,4,Yes
D101969,Mark Reynolds,O,+60-14-634-5408,2015-07-18,5,Yes
D101970,Sarah Long,A,+60-16-847-2539,2017-05-16,7,Yes
D101971,Mrs. Monique Walker,B,+60-11-758-0701,2026-07-21,4,No
D101972,Jenna Suarez,O,+60-17-825-7800,2020-03-05,2,Yes
D101973,Victoria Cox,A,+60-12-383-8103,2024-01-10,7,Yes
D101974,Jeremy Hamilton MD,O,+60-18-671-0065,2026-07-11,2,Yes
D101975,Pamela Smith,O,+60-18-173-8352,2016-10-05,5,Yes
D101976,Kathy Webb,A,+60-15-785-0215,2013-10-01,6,No
D101977,Krista Wilson,A,+60-15-510-7188,2024-04-27,4,Yes
D101978,Brenda Moore,A,+60-18-291-6440,2023-08-17,4,Yes
D101979,Julie Ramos,A,+60-17-538-7721,2016-09-14,6,Yes
D101980,Jared Reilly,B,+60-16-577-1295,2021-10-20,2,Yes
D101981,Michael Stewart,O,+60-13-011-6011,2012-08-27,9,Yes
D101982,Megan Lucas,A,+60-15-023-3093,2013-05-05,5,Yes
D101983,Jaime Jensen,A,+60-11-020-1834,2015-12-27,9,No
D101984,Crystal Herrera,O,+60-18-444-5312,2025-11-23,5,Yes
D101985,Stacy Matthews,B,+60-15-428-2082,2026-07-31,4,Yes
D101986,Becky Alexander,B,+60-12-554-7647,2010-03-29,2,No
D101987,Wesley Wall,AB,+60-10-229-2633,2021-07-07,7,No
D101988,Lori Pierce,B,+60-18-146-6334,2012-02-14,8,Yes
D101989,Caleb Frost,A,+60-17-250-4409,2026-02-24,9,Yes
D101990,Carolyn Schultz,O,+60-15-057-0054,2019-10-01,6,Yes
D101991,Tammy Harper,O,+60-19-220-0528,2019-06-29,6,Yes
D101992,Shannon Wilson,O,+60-16-163-8593,2018-08-20,2,Yes
D101993,Heather Davis,O,+60-12-101-4705,2009-03-18,4,Yes
D101994,Donald Scott,O,+60-19-392-0980,2019-03-02,7,Yes
D101995,Angela Whitaker,A,+60-17-111-5319,2019-10-28,6,Yes
D101996,Matthew Curtis DDS,O,+60-18-673-6228,2013-05-07,4,Yes
D101997,Lauren Nguyen,A,+60-17-013-8913,2014-03-24,3,No
D101998,Andrew Adkins,O,+60-18-007-2258,2023-12-11,2,Yes
D101999,Becky Lee,A,+60-12-012-8956,2007-09-14,2,Yes
D102000,Andrea Wagner,B,+60-11-244-1427,2012-07-19,4,Yes
D102001,Valerie Rodriguez,B,+60-18-550-2485,2013-11-24,3,No
D102002,Rebecca Sutton,A,+60-15-535-3871,2011-10-06,5,No
D102003,Susan Herman,O,+60-10-823-9412,2026-07-12,6,Yes
D102004,Colleen Espinoza,O,+60-18-173-1710,2022-09-24,6,Yes
D102005,Austin Smith,O,+60-14-800-0715,2017-12-07,4,Yes
D102006,Ashley Walker,O,+60-14-774-5382,2008-07-02,5,Yes
D102007,John Gardner,B,+60-19-199-6715,2023-05-19,7,No
D102008,Jason Holt,AB,+60-12-975-0523,2020-03-28,4,No
D102009,Michele Crosby,A,+60-18-179-9757,2021-06-10,9,Yes
D102010,George Ross,A,+60-19-561-6330,2025-06-21,4,Yes
D102011,James Davis,B,+60-13-047-8328,2020-12-04,6,Yes
D102012,Clifford Andrews,O,+60-18-680-7178,2025-03-25,7,Yes
D102013,Michael Harrison,O,+60-14-535-4273,2026-03-26,7,Yes
D102014,Karen Obrien,O,+60-10-123-9045,2013-04-30,4,No
D102015,Brandon Jones,AB,+60-14-850-0711,2007-06-16,3,Yes
D102016,Kimberly Mann,O,+60-10-171-8877,2015-11-04,9,Yes
D102017,Julie Salazar,A,+60-19-360-7870,2020-08-16,8,Yes
D102018,Suzanne Cooper,O,+60-10-537-4147,2014-04-06,6,Yes
D102019,Daniel Brooks,O,+60-13-511-6216,2020-09-21,4,Yes
D102020,Alicia Small,O,+60-17-557-2418,2018-02-03,5,Yes
D102021,Joseph Garcia PhD,A,+60-15-971-0638,2022-09-20,2,Yes
D102022,Rick King,A,+60-10-657-5440,2020-07-09,8,Yes
D102023,Ariana Martinez,AB,+60-12-429-1607,2026-06-26,4,Yes
D102024,Shane Patterson,O,+60-19-445-8586,2016-01-16,5,Yes
D102025,Christopher Anderson,O,+60-15-111-3927,2012-02-29,3,Yes
D102026,Dr. Elizabeth Bennett,A,+60-10-362-7008,2010-04-12,4,Yes
D102027,James Fernandez,B,+60-15-258-3000,2020-05-01,5,Yes
D102028,William Payne,A,+60-17-043-0426,2018-05-07,4,Yes
D102029,Cory Sandoval,AB,+60-19-490-9218,2024-07-28,7,Yes
D102030,Haley Gill,AB,+60-17-692-2280,2024-02-01,4,Yes
D102031,Colleen Santos,A,+60-15-704-7900,2025-02-07,5,No
D102032,Leah Henderson,O,+60-16-237-2163,2012-08-03,6,No
D102033,Crystal Frazier,A,+60-12-801-2915,2018-03-29,5,No
D102034,Christina Butler,A,+60-17-999-6447,2012-04-22,9,Yes
D102035,Mr. Kyle Lee,O,+60-18-978-5171,2021-02-22,3,Yes
D102036,Mercedes Jones,A,+60-12-859-9485,2026-04-29,6,Yes
D102037,Christopher Johnson,B,+60-11-059-6083,2011-03-01,5,Yes
D102038,Matthew Preston,O,+60-12-501-8732,2022-12-28,6,Yes
D102039,Raymond Walker,O,+60-17-748-5202,2019-04-14,4,Yes
D102040,John Lewis,B,+60-13-861-2979,2024-12-25,7,Yes
D102041,Tiffany Kemp,O,+60-12-042-1273,2018-10-18,2,Yes
D102042,Jesse Howell,A,+60-12-417-1575,2009-10-03,6,Yes
D102043,Adrian Jimenez,B,+60-12-402-7336,2016-01-26,8,Yes
D102044,Sandra Palmer,AB,+60-15-965-6635,2016-11-24,3,No
D102045,Amanda Hartman,O,+60-10-552-4194,2011-11-14,5,Yes
D102046,Donna Stewart,A,+60-12-935-9083,2017-10-04,4,Yes
D102047,Andrew Powers,B,+60-13-382-6018,2020-02-28,9,No
D102048,Rebecca Anderson,AB,+60-12-722-5030,2009-04-04,6,Yes
D102049,Aaron Smith,B,+60-11-674-5823,2013-01-06,3,Yes
D102050,Karen Burton,O,+60-12-467-2002,2014-05-01,4,No
D102051,David Waters,O,+60-19-448-5199,2021-09-24,5,Yes
D102052,Richard Jones,O,+60-12-657-0772,2023-02-23,3,Yes
D102053,Evan Keller,A,+60-16-011-2507,2017-08-27,9,Yes
D102054,Rodney Phillips,A,+60-18-768-5168,2022-11-02,7,Yes
D102055,Steven Bartlett,A,+60-16-921-7338,2026-07-24,2,No
D102056,Jessica Wiley,O,+60-16-398-4140,2024-10-07,3,No
D102057,Margaret Wilson,A,+60-15-165-1488,2008-06-05,2,Yes
D102058,Todd Moore,O,+60-17-996-5286,2024-08-11,3,Yes
D102059,Joseph Hensley,O,+60-14-782-2878,2017-02-15,3,Yes
D102060,Sandy Burgess,A,+60-18-043-6927,2008-11-25,4,Yes
D102061,Vanessa Jones,O,+60-18-518-6275,2008-10-19,6,Yes
D102062,Eric Dean,B,+60-17-867-5310,2019-08-03,5,Yes
D102063,Sarah Martin,A,+60-18-218-8075,2024-07-09,3,Yes
D102064,Rachel Collins,A,+60-17-969-9739,2010-08-06,3,No
D102065,Steven Collins,O,+60-11-063-9581,2021-07-14,5,Yes
D102066,Brian Kent,O,+60-15-518-2613,2020-09-24,4,Yes
D102067,Ronald Carter,O,+60-18-662-0021,2026-05-07,3,Yes
D102068,Jonathan Ruiz,A,+60-12-354-9517,2021-07-28,4,No
D102069,Scott Turner,B,+60-13-201-6991,2012-09-09,2,No
D102070,Shannon Johnson,O,+60-18-721-5891,2026-06-02,3,Yes
D102071,Sara Haynes,B,+60-10-725-3139,2021-09-06,5,Yes
D102072,Melissa Aguilar,O,+60-14-388-6978,2024-10-12,6,Yes
D102073,Jordan Barker,A,+60-13-548-3992,2013-12-10,4,Yes
D102074,Mariah Johnson,O,+60-11-796-0686,2026-01-19,6,No
D102075,Jonathan Clay,A,+60-10-088-8417,2024-07-03,8,No
D102076,Jaime Lamb,O,+60-14-747-1805,2019-10-31,6,Yes
D102077,David Pena,O,+60-12-399-4998,2012-06-04,4,Yes
D102078,Darrell Murphy,O,+60-19-210-8260,2022-08-02,6,Yes
D102079,Elizabeth Huynh,A,+60-13-409-4336,2025-08-27,3,Yes
D102080,Amber Weber,A,+60-16-795-5706,2023-07-17,6,Yes
D102081,Michelle Schultz,A,+60-16-955-6284,2026-03-12,9,No
D102082,Christopher Jones,A,+60-12-751-1390,2022-08-21,13,Yes
D102083,Christopher Cole,O,+60-13-344-7967,2026-03-17,1,No
D102084,Jeffery Martin,O,+60-15-258-0514,2025-10-05,7,Yes
D102085,Matthew Elliott,O,+60-17-922-1334,2018-08-22,5,Yes
D102086,Tina Rodriguez,B,+60-12-061-7403,2018-10-09,6,Yes
D102087,Christina Smith,A,+60-10-033-9863,2009-03-10,6,Yes
D102088,James Ramirez,B,+60-15-330-7453,2014-12-29,6,No
D102089,Gary Levy,A,+60-14-429-1101,2026-06-05,3,Yes
D102090,Ian Kennedy,O,+60-17-351-8538,2007-10-08,3,No
D102091,Rebecca Lynch,O,+60-19-891-2909,2016-01-23,2,Yes
D102092,Michelle Rice,B,+60-15-920-1732,2012-06-05,2,Yes
D102093,Tammy Williams,A,+60-10-805-6607,2019-06-01,5,Yes
D102094,Richard Fleming,A,+60-18-914-5783,2018-10-12,4,No
D102095,Herbert Lee,AB,+60-14-667-1501,2019-06-12,7,Yes
D102096,Michelle Johnson,O,+60-10-617-0246,2016-08-02,8,Yes
D102097,Lucas Garcia,B,+60-12-767-0585,2025-04-09,6,Yes
D102098,Juan Clark,O,+60-10-820-4122,2021-11-18,5,No
D102099,Michelle Wallace,O,+60-16-234-8515,2019-12-22,6,No
D102100,Sheila Miller,O,+60-12-000-3914,2011-11-21,2,Yes
D102101,William Walters,A,+60-12-464-5047,2026-08-07,9,Yes
D102102,Joseph Nicholson,AB,+60-12-776-9109,2026-09-02,5,Yes
D102103,Shawn Cardenas,A,+60-10-003-0871,2012-06-20,4,No
D102104,Pamela Blair,O,+60-10-056-1361,2025-09-16,3,Yes
D102105,Rachel Jackson,B,+60-18-324-9712,2012-01-15,3,No
D102106,Erik Bryant,B,+60-15-942-9152,2019-03-03,6,Yes
D102107,Monica Fischer,B,+60-15-734-0347,2026-04-02,2,Yes
D102108,Lindsey Roach,A,+60-10-260-9118,2013-01-01,5,Yes
D102109,Latoya Lee,A,+60-11-953-6216,2021-01-14,2,Yes
D102110,Lucas Brown,B,+60-10-669-9350,2016-06-22,7,Yes
D102111,Kayla Smith,AB,+60-17-105-7227,2022-07-25,2,Yes
D102112,Robert Wilson,O,+60-15-889-7895,2023-10-21,3,Yes
D102113,Maria Johnson,B,+60-13-003-4969,2020-09-30,8,No
D102114,Brooke Hart,B,+60-14-433-8826,2016-07-21,2,Yes
D102115,Lauren Bowman,O,+60-11-342-4156,2018-09-13,7,Yes
D102116,Christine Martin,O,+60-15-625-7815,2015-12-30,4,Yes
D102117,Raymond Ward,A,+60-19-758-2157,2013-07-15,5,Yes
D102118,Jeffrey Bowman,O,+60-16-049-3604,2016-01-27,3,No
D102119,Steven Maxwell,O,+60-14-236-5593,2015-02-26,5,No
D102120,James Franklin,B,+60-17-038-5488,2024-07-28,4,Yes
D102121,Robin Love,B,+60-12-505-8904,2011-05-15,8,Yes
D102122,Jean Sparks,O,+60-17-549-6729,2011-07-12,3,Yes
D102123,Shelby Conley,A,+60-17-942-0036,2022-02-20,2,Yes
D102124,Jesus Williams,B,+60-17-184-7946,2022-01-30,3,Yes
D102125,Susan Campbell,B,+60-12-189-9784,2024-06-07,6,Yes
D102126,Nicholas Adams,O,+60-14-396-7602,2023-12-17,4,Yes
D102127,Ann Day,A,+60-17-895-8953,2026-07-31,6,Yes
D102128,Isaiah Allen,A,+60-11-913-0199,2019-09-24,2,No
D102129,Catherine Day,B,+60-19-796-6334,2008-10-17,5,Yes
D102130,Erica Holmes,A,+60-19-353-0494,2015-07-09,1,Yes
D102131,Steven Stephens,O,+60-18-983-6298,2020-12-07,4,Yes
D102132,William Strong,B,+60-10-033-2359,2024-07-15,5,Yes
D102133,Rodney Henderson,O,+60-13-332-7156,2014-06-30,6,Yes
D102134,Jennifer Crawford,O,+60-12-755-7696,2017-10-07,6,No
D102135,Mark Byrd,A,+60-11-165-6602,2015-04-03,7,Yes
D102136,Nicholas Washington,O,+60-14-233-1455,2019-07-05,2,No
D102137,Robin Greene,B,+60-15-858-0409,2017-01-21,3,Yes
D102138,Jennifer Harvey,A,+60-13-503-1587,2026-02-03,3,Yes
D102139,Christine Montes,O,+60-13-453-2037,2012-07-20,6,Yes
D102140,Anna Little,AB,+60-15-177-3496,2026-06-03,3,Yes
D102141,Jeff Mitchell,B,+60-16-645-6569,2023-06-09,4,Yes
D102142,Shelly Peterson,A,+60-13-264-9133,2025-06-05,7,Yes
D102143,Sherri Morrison,O,+60-13-440-4907,2026-07-08,4,Yes
D102144,Nicholas Sanchez,O,+60-17-674-1924,2011-04-18,3,Yes
D102145,Daniel Edwards,O,+60-15-641-7515,2007-07-12,2,Yes
D102146,Daniel Doyle,A,+60-15-489-7570,2013-07-18,7,Yes
D102147,Matthew Mendez,A,+60-10-301-9918,2010-01-30,1,Yes
D102148,Mr. Mark Cain PhD,O,+60-18-130-3176,2025-06-19,7,No
D102149,Andrew Novak,B,+60-19-522-2414,2024-02-03,5,Yes
D102150,Emily Best,B,+60-18-764-6345,2017-06-14,11,No
D102151,Larry Adams,A,+60-17-343-9307,2012-05-31,3,Yes
D102152,Tina Alexander,B,+60-17-508-5625,2009-02-21,5,No
D102153,James Stewart,B,+60-16-135-6986,2012-11-12,5,Yes
D102154,Wendy Curry,O,+60-11-232-3379,2017-09-27,6,No
D102155,Allison Rangel,O,+60-14-814-2104,2016-04-11,8,Yes
D102156,Gregory Terry,O,+60-16-137-3211,2018-08-05,7,Yes
D102157,Kevin Lee,O,+60-13-397-1193,2022-04-14,3,Yes
D102158,Michael Johnson,B,+60-13-864-4593,2015-01-04,8,Yes
D102159,Christopher Brady,B,+60-19-253-4855,2011-01-18,2,No
D102160,Michael Gordon,B,+60-15-500-2196,2008-03-23,3,No
D102161,Jennifer Jones,O,+60-11-792-9272,2017-02-10,6,Yes
D102162,Walter Mcintyre,B,+60-12-899-4359,2021-07-01,7,Yes
D102163,Kimberly Hernandez,O,+60-17-404-3558,2012-02-05,7,Yes
D102164,John Arnold,A,+60-18-591-6393,2024-06-01,6,Yes
D102165,Christopher Jones,B,+60-10-104-8155,2021-06-08,3,Yes
D102166,Andrea Gonzalez,B,+60-15-701-5455,2009-08-07,8,Yes
D102167,Anna Wells,A,+60-14-390-5856,2026-01-29,3,Yes
D102168,James Hill,A,+60-12-046-3285,2024-07-05,7,Yes
D102169,John Hill,A,+60-13-820-2648,2010-07-22,5,Yes
D102170,Mr. Donald Pearson,O,+60-12-882-8412,2017-10-31,4,Yes
D102171,Paul Armstrong,A,+60-14-659-3963,2012-09-28,6,No
D102172,Lindsay Tapia,O,+60-13-240-4774,2026-07-28,4,Yes
D102173,Laura Daniels,AB,+60-16-024-6007,2013-01-17,3,No
D102174,Kayla Clarke,O,+60-10-491-7971,2012-02-28,5,No
D102175,Amy Snow,O,+60-15-412-9859,2014-03-21,4,No
D102176,Alex Whitaker,O,+60-14-290-4516,2024-07-12,4,No
D102177,Rachel Rose,B,+60-19-250-9958,2008-09-10,5,Yes
D102178,Jeffrey Sanchez,B,+60-15-436-3854,2017-09-17,3,Yes
D102179,Patricia Miller,O,+60-12-299-0571,2015-01-31,4,Yes
D102180,Julia Carson,O,+60-18-856-5918,2024-01-11,3,Yes
D102181,Ryan Garcia,AB,+60-12-970-8003,2026-06-04,5,Yes
D102182,Michael Herman,A,+60-15-385-6449,2017-05-13,4,Yes
D102183,Jeffery Bishop,B,+60-13-108-4834,2025-05-22,4,Yes
D102184,John Griffin,O,+60-12-297-4723,2016-08-03,7,Yes
D102185,Anthony Banks,O,+60-19-883-9504,2018-05-20,3,Yes
D102186,William Lang,O,+60-16-484-1152,2011-11-29,6,Yes
D102187,Gina Black,A,+60-19-156-9916,2010-01-04,7,No
D102188,Lisa Gross,B,+60-16-312-2413,2020-08-28,4,Yes
D102189,Nathaniel Rodriguez,O,+60-13-023-7756,2026-02-11,5,Yes
D102190,Jeffrey Howell,AB,+60-19-207-9673,2008-05-16,4,No
D102191,Stephen Mccarthy,B,+60-11-550-1664,2015-02-08,7,No
D102192,Audrey Wilson,O,+60-17-789-6609,2019-01-28,4,Yes
D102193,Kyle Merritt,AB,+60-16-253-7638,2013-10-18,5,Yes
D102194,Nathan Bright,AB,+60-15-649-1983,2014-03-11,6,No
D102195,Melinda Weiss,B,+60-18-788-1713,2022-06-26,5,Yes
D102196,Sherri White,O,+60-19-792-0914,2020-08-24,5,Yes
D102197,Maria Harris,B,+60-19-177-3116,2024-04-11,5,Yes
D102198,Carla Mcguire,AB,+60-16-647-0140,2019-09-12,5,Yes
D102199,Wesley Singh,A,+60-10-359-8953,2012-05-03,1,Yes
D102200,Mary Floyd,A,+60-15-375-7132,2026-05-18,10,Yes
D102201,Michael Oliver,O,+60-14-537-4314,2009-05-17,3,Yes
D102202,Jenna Lawson,B,+60-17-061-6919,2026-02-09,8,No
D102203,Teresa Davis,A,+60-14-790-0611,2014-09-02,5,Yes
D102204,Tony Johnson,A,+60-15-218-0211,2024-11-22,7,Yes
D102205,Wendy Meyer,B,+60-10-670-3976,2009-09-22,6,Yes
D102206,John Clark,A,+60-19-706-2405,2015-02-11,3,Yes
D102207,Stephanie Fletcher,O,+60-19-940-7827,2023-11-25,4,Yes
D102208,Barbara Mclaughlin,B,+60-11-244-8082,2023-01-25,6,Yes
D102209,Meghan Payne,O,+60-13-591-6658,2011-06-02,5,Yes
D102210,Robert Brown,A,+60-12-167-2110,2020-06-01,2,Yes
D102211,Evelyn Villarreal,A,+60-11-122-7919,2010-07-11,6,Yes
D102212,Jennifer Smith,O,+60-10-090-1279,2010-09-05,3,Yes
D102213,Alexis Hull,O,+60-12-091-0561,2026-09-04,3,No
D102214,Emily Sawyer,O,+60-17-236-2607,2025-07-07,2,Yes
D102215,Tyler Hicks,B,+60-17-490-3416,2026-05-02,4,No
D102216,Jamie Thomas,A,+60-16-266-4367,2021-05-29,3,Yes
D102217,Joel Grimes,B,+60-11-008-8955,2023-05-21,7,Yes
D102218,Madison Cortez,O,+60-18-092-0474,2010-12-31,10,Yes
D102219,John Campbell,B,+60-16-804-0307,2022-06-17,9,No
D102220,Matthew Price,B,+60-10-099-9797,2008-08-22,4,Yes
D102221,Nancy Haas,A,+60-19-652-3726,2014-09-25,4,No
D102222,Rebecca Obrien,AB,+60-19-353-3030,2025-04-07,7,Yes
D102223,Jeremy Gonzales,B,+60-19-631-5798,2025-11-14,4,No
D102224,Troy Cline,B,+60-17-383-9227,2011-07-28,4,Yes
D102225,Michael Moreno,B,+60-12-213-1697,2015-05-03,6,Yes
D102226,Sarah Blackwell,A,+60-13-550-6502,2022-12-07,8,Yes
D102227,Mary Andrade,A,+60-17-298-4603,2011-11-14,7,Yes
D102228,Andrew Pittman,A,+60-15-621-7464,2022-06-06,2,Yes
D102229,Claudia Neal,A,+60-10-564-3550,2013-12-25,8,Yes
D102230,Dylan Mendez,O,+60-11-710-9485,2018-12-19,5,Yes
D102231,Malik Martinez,O,+60-17-309-3289,2009-03-15,5,Yes
D102232,Tiffany Jones,A,+60-18-342-9373,2023-02-19,5,Yes
D102233,Elizabeth Williams,A,+60-18-640-1700,2019-08-09,4,Yes
D102234,Tina Kennedy,B,+60-17-991-2917,2010-05-13,4,Yes
D102235,April Gutierrez,O,+60-13-102-7200,2017-09-10,8,No
D102236,Nathan Cummings,O,+60-14-651-4873,2019-01-24,5,No
D102237,Ann Johnson,A,+60-13-107-0807,2021-02-21,7,Yes
D102238,Amber Stewart,A,+60-19-772-6060,2018-12-02,6,Yes
D102239,Crystal Mills,AB,+60-14-340-5197,2016-12-20,2,Yes
D102240,Glenn Boyer MD,A,+60-17-191-5623,2012-02-12,8,Yes
D102241,Barbara Dennis,O,+60-11-138-3557,2016-01-14,3,Yes
D102242,Kimberly Moore,A,+60-10-528-1012,2016-02-09,3,Yes
D102243,Tammy Sims,AB,+60-15-284-9302,2022-02-23,3,Yes
D102244,Kimberly Trevino,A,+60-13-441-5078,2016-10-10,9,Yes
D102245,Henry Smith,B,+60-19-102-0832,2023-11-25,4,Yes
D102246,Isaiah Fowler,A,+60-18-214-4919,2023-07-06,6,Yes
D102247,James Oliver,O,+60-19-100-5331,2013-06-28,7,Yes
D102248,Joseph Parker,O,+60-12-571-5751,2023-03-24,7,Yes
D102249,John Reed,AB,+60-11-289-7109,2025-09-07,8,Yes
D102250,Samuel Beck,B,+60-18-644-7192,2022-09-23,5,Yes
D102251,Isaiah Palmer,B,+60-14-951-8090,2017-01-14,5,Yes
D102252,Brenda Day,O,+60-11-979-0648,2018-02-08,5,Yes
D102253,Jennifer Peterson,O,+60-14-190-3161,2016-04-20,3,Yes
D102254,Jeremy Wolfe,B,+60-19-683-5095,2026-08-12,3,No
D102255,Robert Reeves,O,+60-11-393-8760,2008-01-08,2,No
D102256,Joseph Anderson,AB,+60-19-354-1824,2015-11-24,6,No
D102257,George Ray,A,+60-12-507-9546,2009-10-15,5,Yes
D102258,Elizabeth Scott,A,+60-16-559-9117,2018-12-23,5,No
D102259,Ryan Cook,A,+60-19-560-4027,2008-08-26,6,Yes
D102260,Brendan Clark,A,+60-16-776-2993,2020-08-29,6,Yes
D102261,Donna Kennedy,A,+60-17-748-2030,2014-12-05,7,Yes
D102262,Jack Davis,O,+60-16-354-9540,2018-11-23,3,No
D102263,Eric Harrington,O,+60-18-359-2890,2014-04-15,2,Yes
D102264,Danny Cain,A,+60-13-211-1448,2015-04-20,7,Yes
D102265,Christopher Willis,O,+60-17-931-9768,2009-10-12,5,Yes
D102266,Chad Mcpherson,B,+60-13-850-8257,2018-01-01,2,Yes
D102267,Rebecca Wu,A,+60-12-083-9066,2009-08-20,6,Yes
D102268,Isaiah Chambers,O,+60-10-663-8664,2026-08-03,3,Yes
D102269,Amber Williamson,A,+60-12-822-3635,2011-10-22,7,Yes
D102270,Kelly Long,B,+60-14-147-7868,2024-09-29,3,Yes
D102271,Bryan Sawyer,B,+60-10-556-0923,2017-03-16,8,Yes
D102272,Cynthia Martin,B,+60-10-314-5995,2008-04-12,4,Yes
D102273,Kimberly Rios,A,+60-16-970-9271,2015-05-10,2,No
D102274,Sylvia Blevins,A,+60-11-835-7882,2013-08-10,4,Yes
D102275,Jennifer Stephens,AB,+60-17-555-9199,2013-06-04,9,Yes
D102276,William Smith,A,+60-11-749-5514,2009-11-01,7,Yes
D102277,Mrs. Amanda Brown,O,+60-10-620-0008,2026-08-12,2,Yes
D102278,Scott Carroll,B,+60-16-422-4079,2012-02-05,3,Yes
D102279,Joshua Ramirez,O,+60-12-215-1888,2022-01-03,5,Yes
D102280,Christopher Garcia,A,+60-13-245-0936,2018-02-11,5,Yes
D102281,Joel Baker,A,+60-16-873-9014,2020-12-29,7,Yes
D102282,Heidi Lopez,A,+60-12-643-6453,2024-09-14,6,Yes
D102283,Alex Lee,B,+60-18-543-9037,2016-06-20,6,Yes
D102284,Rebecca Hanson,O,+60-15-994-9520,2024-03-21,5,Yes
D102285,Dylan Pope,O,+60-13-923-1506,2020-04-30,6,Yes
D102286,Emily Sampson,O,+60-10-910-4952,2019-12-20,3,Yes
D102287,Jennifer Howell,O,+60-11-626-6337,2016-09-18,6,No
D102288,Darrell Cantu,O,+60-11-767-9544,2017-09-28,6,Yes
D102289,Yvette Perez,O,+60-19-430-8231,2023-11-15,5,Yes
D102290,Amber Morales,B,+60-13-356-0121,2025-01-19,3,Yes
D102291,Stacy Perry,A,+60-13-210-6890,2023-08-24,9,Yes
D102292,Laura Taylor,O,+60-10-970-3542,2018-12-31,7,Yes
D102293,Amanda Blankenship,B,+60-13-785-1134,2014-04-21,3,Yes
D102294,Lauren Martinez,A,+60-11-264-7567,2019-02-19,3,No
D102295,Tracy Miller,O,+60-17-273-6388,2018-10-29,3,Yes
D102296,Nathaniel Allen,O,+60-11-516-2149,2011-12-01,4,Yes
D102297,Sarah Thornton,B,+60-15-278-6244,2021-09-26,5,Yes
D102298,Abigail Mclaughlin,B,+60-18-073-1810,2015-07-06,4,Yes
D102299,Maria Sweeney,A,+60-12-436-4724,2017-09-25,4,Yes
D102300,Kathleen Young,A,+60-16-683-4554,2026-08-04,4,Yes
D102301,Alan Payne,O,+60-11-955-9137,2015-01-07,4,Yes
D102302,Samuel Lamb,O,+60-16-496-5073,2009-06-29,3,Yes
D102303,Ryan Williams,A,+60-15-295-6460,2011-04-09,6,Yes
D102304,William Ashley,O,+60-18-462-6322,2026-03-18,7,Yes
D102305,Nicholas Roberts,AB,+60-17-199-7665,2013-07-10,7,Yes
D102306,Samantha Howe,B,+60-10-065-9617,2009-11-13,5,No
D102307,Jeremy Evans,B,+60-17-530-4553,2011-08-11,6,Yes
D102308,Dr. Tracy Evans,O,+60-15-807-4622,2018-09-02,3,Yes
D102309,Mark Hall,A,+60-17-558-1918,2026-01-10,5,Yes
D102310,Karen Floyd,A,+60-15-661-7802,2018-10-06,2,Yes
D102311,Zoe Hampton MD,O,+60-16-412-9099,2016-07-05,6,Yes
D102312,James Williams,O,+60-10-931-1450,2009-08-06,7,Yes
D102313,Mark Johnson,A,+60-14-629-7680,2022-12-01,4,Yes
D102314,David Cunningham,B,+60-17-505-7521,2024-02-03,5,Yes
D102315,Kayla Dean,O,+60-13-164-9723,2019-08-21,6,Yes
D102316,Tammy Murphy,O,+60-15-698-5944,2019-11-29,4,Yes
D102317,Jason Burns,O,+60-19-471-9397,2009-11-14,4,Yes
D102318,Frederick Perry,O,+60-18-785-2907,2014-09-05,7,Yes
D102319,William Hubbard,A,+60-17-881-5255,2007-10-28,4,Yes
D102320,Sarah James,AB,+60-11-728-1329,2013-03-25,7,No
D102321,Amanda Anderson,A,+60-15-677-3989,2024-11-04,7,Yes
D102322,Ashley Taylor,O,+60-10-594-2710,2019-04-01,4,Yes
D102323,Miss Marie Chavez DVM,O,+60-12-089-7050,2012-10-18,4,Yes
D102324,Jennifer Banks,A,+60-13-944-3492,2026-08-15,3,Yes
D102325,Laura Guzman,O,+60-11-664-0244,2009-08-06,4,No
D102326,Christopher Gray,O,+60-19-936-0202,2020-05-22,5,Yes
D102327,Sara Flores,A,+60-12-372-7511,2019-04-11,3,Yes
D102328,Tyler Hill,B,+60-15-221-3597,2022-08-06,9,No
D102329,Michael Weaver,O,+60-15-824-7054,2026-04-23,5,Yes
D102330,Maria Kaufman,B,+60-13-334-0796,2016-05-31,8,Yes
D102331,Mr. Samuel White,A,+60-15-929-0762,2023-03-11,5,No
D102332,Lisa Bennett,B,+60-12-525-0569,2007-09-14,4,Yes
D102333,Ann Park,O,+60-16-340-0704,2017-06-28,8,Yes
D102334,Michael Diaz,A,+60-12-760-6194,2024-07-08,6,Yes
D102335,Tara Decker,B,+60-19-224-7878,2025-01-23,7,Yes
D102336,Zachary Lane,O,+60-10-157-8189,2013-11-22,4,No
D102337,Donna Smith,A,+60-13-244-7399,2014-11-09,5,Yes
D102338,Matthew Rogers,B,+60-16-115-7147,2012-03-05,4,Yes
D102339,Sarah Lowe,AB,+60-13-903-9934,2017-02-07,6,Yes
D102340,Jonathan Scott,A,+60-10-931-3556,2023-12-21,6,Yes
D102341,Megan Howell,O,+60-12-264-8916,2019-09-11,4,Yes
D102342,Robert Norris,O,+60-14-666-0559,2015-03-05,3,Yes
D102343,Katie Castillo,O,+60-19-669-4964,2026-08-06,6,Yes
D102344,Dr. Jodi Gordon,O,+60-11-232-9677,2010-03-26,3,No
D102345,Elizabeth Williams,A,+60-16-479-5352,2019-11-25,4,Yes
D102346,Kayla Peterson,A,+60-19-360-3759,2026-05-18,3,Yes
D102347,William Bentley,A,+60-11-276-5534,2023-05-17,5,Yes
D102348,Julie Gonzalez,O,+60-14-799-5475,2018-08-27,6,Yes
D102349,Danielle Morales,A,+60-12-020-6669,2018-09-30,6,Yes
D102350,Robert Hudson,O,+60-10-959-1965,2015-04-30,4,Yes
D102351,Catherine Mcdonald,O,+60-16-838-7240,2025-06-16,6,Yes
D102352,Joshua Nichols,AB,+60-14-580-8975,2018-12-06,7,Yes
D102353,Michael White,O,+60-14-671-8599,2020-10-21,4,No
D102354,Timothy Patterson,A,+60-16-756-3475,2014-01-20,3,No
D102355,Tabitha Hunter,O,+60-10-296-4050,2019-06-06,3,Yes
D102356,Gregory Martinez,O,+60-12-587-8447,2009-06-09,6,Yes
D102357,Brandon Dunn,B,+60-12-317-9263,2026-06-12,3,No
D102358,Tracy Roman,O,+60-11-963-4215,2025-06-24,5,Yes
D102359,Patrick Chapman,A,+60-13-628-5811,2017-10-05,5,No
D102360,Dawn Cardenas,A,+60-11-441-6277,2012-05-23,7,Yes
D102361,Michael James,A,+60-13-002-7263,2007-10-09,3,Yes
D102362,Lisa Hall,A,+60-17-705-5213,2026-01-06,4,Yes
D102363,Terri Wright,O,+60-17-174-5862,2020-09-18,9,Yes
D102364,Rebecca Valencia,A,+60-18-308-9602,2012-02-26,4,Yes
D102365,Krista Harrison,B,+60-14-997-1717,2018-11-30,6,Yes
D102366,Lisa Zimmerman,AB,+60-10-434-2984,2019-05-30,4,No
D102367,Joseph Reed,A,+60-13-714-9114,2026-03-31,8,No
D102368,Anthony Harrison,O,+60-18-674-8478,2020-12-20,4,Yes
D102369,Nathan Jones,O,+60-12-177-4650,2012-09-07,3,Yes
D102370,Jesus Lopez,A,+60-12-975-7007,2011-05-17,2,Yes
D102371,Timothy Jennings,B,+60-16-633-9455,2009-05-10,2,Yes
D102372,James Good,A,+60-11-371-6176,2009-02-04,4,Yes
D102373,Ashley Smith,A,+60-12-205-1263,2020-06-12,3,Yes
D102374,April Brown,O,+60-18-454-2768,2020-05-23,6,Yes
D102375,Billy Rodriguez,A,+60-18-640-1362,2013-02-22,1,Yes
D102376,Francis Olson,O,+60-13-398-8447,2013-10-23,3,No
D102377,Jeffrey Hudson,B,+60-17-479-5758,2013-06-22,3,No
D102378,Mrs. Jackie Reeves,O,+60-14-145-7592,2007-11-19,2,Yes
D102379,Valerie Miller,B,+60-14-036-6277,2021-05-06,5,Yes
D102380,Rodney Mendoza,B,+60-10-087-6539,2024-06-12,5,Yes
D102381,Christopher Carpenter,O,+60-19-921-5212,2021-11-27,4,Yes
D102382,Marissa White,O,+60-15-857-5026,2022-03-10,7,Yes
D102383,Stacey Woods,O,+60-11-625-4942,2009-05-24,5,Yes
D102384,Shelia Walters,A,+60-15-339-4630,2026-08-16,6,Yes
D102385,Amanda Clark,AB,+60-11-469-0674,2025-09-25,4,Yes
D102386,Kyle Perkins,O,+60-17-764-2949,2026-08-25,3,Yes
D102387,Mark Rivera,O,+60-14-839-5027,2015-04-25,4,Yes
D102388,Vanessa Rangel,O,+60-15-035-7452,2021-08-15,3,Yes
D102389,Sarah Navarro,B,+60-11-289-8091,2023-02-15,3,Yes
D102390,Mrs. Kimberly Levine,A,+60-10-298-0964,2026-08-29,2,No
D102391,Adriana Adams,O,+60-18-600-1643,2024-05-23,7,Yes
D102392,Tracy Barnett,A,+60-12-524-8344,2018-03-24,7,No
D102393,William Duran,B,+60-15-274-2952,2026-06-10,3,Yes
D102394,Billy Bradley,O,+60-12-033-2789,2016-06-13,9,No
D102395,Maria Reed,A,+60-12-915-7015,2023-01-17,3,Yes
D102396,Andrew Lopez,A,+60-12-592-3261,2017-11-26,6,Yes
D102397,Henry Rogers,A,+60-19-232-6207,2026-03-25,2,No
D102398,Ashley Ramirez,A,+60-19-565-3880,2013-01-15,6,Yes
D102399,John Rice,O,+60-18-118-9316,2010-07-27,5,No
D102400,Ryan Morrow,O,+60-13-227-3494,2012-01-08,1,Yes
D102401,Shane Browning,O,+60-10-461-4270,2010-11-15,6,No
D102402,David Kim,B,+60-16-568-8329,2014-01-29,6,Yes
D102403,Anne Bennett,A,+60-16-824-5308,2017-08-14,7,Yes
D102404,Richard Rhodes,A,+60-12-395-7748,2012-05-11,2,Yes
D102405,Kylie Willis,A,+60-15-787-2274,2026-06-17,5,Yes
D102406,Carl Castillo,O,+60-17-631-1756,2014-01-30,5,Yes
D102407,Evelyn Reynolds,A,+60-13-036-6535,2022-09-15,8,Yes
D102408,Albert Smith,O,+60-17-513-3746,2026-08-27,3,Yes
D102409,Hannah Taylor,A,+60-17-693-5329,2019-05-17,4,Yes
D102410,Robert Espinoza,O,+60-13-707-8766,2013-12-16,4,Yes
D102411,Samuel Hunt,A,+60-17-924-7098,2009-04-22,8,No
D102412,Kevin Fleming,A,+60-19-359-0146,2013-07-03,6,Yes
D102413,Victoria Bowen,O,+60-17-655-4884,2012-01-16,6,Yes
D102414,Cory Lutz,A,+60-10-478-2587,2014-10-13,4,Yes
D102415,Lauren Mcclain,A,+60-12-598-6633,2009-08-07,4,Yes
D102416,Cameron Morris,A,+60-15-939-3831,2026-05-01,5,Yes
D102417,Megan Edwards,A,+60-18-412-7810,2023-06-16,2,Yes
D102418,Gloria Gilbert,A,+60-18-349-7853,2017-08-29,4,Yes
D102419,Emily Hodge,O,+60-17-345-9625,2026-07-29,2,Yes
D102420,Carl Noble DVM,O,+60-14-055-1322,2009-11-30,6,Yes
D102421,Emily Tucker,A,+60-17-682-1304,2016-05-10,4,Yes
D102422,Troy Williams,B,+60-18-377-5342,2022-08-22,7,Yes
D102423,Caleb Adams,B,+60-18-826-9844,2015-06-10,2,Yes
D102424,Mike Zamora,A,+60-11-515-7418,2017-03-14,12,Yes
D102425,Brenda Mcgrath,O,+60-18-774-1725,2026-01-18,6,Yes
D102426,Julie Johnson,A,+60-12-102-8274,2009-01-05,4,Yes
D102427,Barbara Hodges,AB,+60-11-537-6523,2011-08-19,4,Yes
D102428,Derek James,A,+60-17-874-1727,2013-10-30,3,Yes
D102429,Kenneth Mcgee,O,+60-15-981-5053,2026-02-04,4,Yes
D102430,Nicholas Wilkins,O,+60-11-160-1971,2015-03-08,4,Yes
D102431,Tammy Mason,AB,+60-13-790-9613,2014-10-22,7,No
D102432,Lisa Holmes,O,+60-19-235-7379,2026-05-02,1,No
D102433,William Lambert,A,+60-11-746-5169,2013-08-05,5,Yes
D102434,Sara Williams,O,+60-12-488-7517,2017-07-31,4,Yes
D102435,Christina Brown,A,+60-11-924-1329,2024-02-29,7,Yes
D102436,Cindy Collins,O,+60-12-056-0647,2013-10-01,3,Yes
D102437,Crystal Larson,O,+60-15-549-6535,2020-09-11,6,Yes
D102438,Cynthia Young,O,+60-16-925-2333,2018-02-21,9,No
D102439,Katherine Melendez,A,+60-13-715-3221,2026-01-21,7,Yes
D102440,Brent Owens,O,+60-16-295-1183,2019-05-09,3,Yes
D102441,Daniel Garcia,O,+60-10-357-2775,2026-03-21,4,Yes
D102442,John Horne,A,+60-14-977-8860,2020-04-24,5,Yes
D102443,Janice Aguirre,A,+60-10-054-8488,2025-09-14,5,Yes
D102444,Natalie Gould,O,+60-13-982-1528,2026-08-09,3,Yes
D102445,Mrs. Donna Wilkins,A,+60-15-724-7454,2012-02-29,9,Yes
D102446,Brent Hampton,O,+60-18-378-7722,2025-08-25,4,Yes
D102447,Leah Thompson,O,+60-14-736-1016,2020-12-28,4,Yes
D102448,Robert Thompson,A,+60-18-785-5440,2019-05-12,3,Yes
D102449,Steven Mcmahon,O,+60-12-748-7500,2024-07-12,7,Yes
D102450,Justin Long,AB,+60-14-960-6327,2020-10-16,6,Yes
D102451,Shelby Adams,A,+60-17-288-2842,2008-10-05,2,Yes
D102452,Nicole Cunningham,O,+60-17-914-4740,2024-05-19,4,No
D102453,Christian Hayes,A,+60-16-169-0786,2025-03-29,6,Yes
D102454,Suzanne Barber,O,+60-13-888-3482,2012-05-07,5,Yes
D102455,Kevin Cortez,B,+60-13-888-9817,2026-08-14,5,Yes
D102456,Jennifer Silva,B,+60-12-068-0848,2015-07-18,3,Yes
D102457,Karen Keith,O,+60-15-747-9064,2008-04-30,3,Yes
D102458,Adrienne Krueger,O,+60-18-402-4834,2016-07-21,4,Yes
D102459,Kristy Martinez,B,+60-10-050-1446,2013-03-26,2,Yes
D102460,Benjamin Houston,O,+60-12-026-9553,2023-02-05,4,Yes
D102461,Patty Noble,O,+60-11-253-1247,2026-02-15,4,Yes
D102462,David Butler,A,+60-11-344-5174,2013-12-09,5,Yes
D102463,Samantha King,O,+60-18-625-6462,2016-06-06,6,Yes
D102464,Michael Morgan,A,+60-17-804-3098,2016-01-21,10,Yes
D102465,Lisa Cole,AB,+60-19-895-7784,2025-06-25,5,Yes
D102466,Mark Li,A,+60-14-443-7037,2008-02-02,4,Yes
D102467,Nicholas Brady,O,+60-15-261-3049,2014-09-28,5,Yes
D102468,Andrew Potts,O,+60-12-662-1427,2025-01-22,4,Yes
D102469,Diane Miller,O,+60-11-906-9435,2014-01-17,3,Yes
D102470,William Mckinney,O,+60-11-451-0569,2012-04-22,5,Yes
D102471,Olivia Caldwell,O,+60-17-692-7795,2006-10-09,1,Yes
D102472,Richard Fleming,B,+60-18-031-6687,2018-05-14,8,Yes
D102473,George Hartman,A,+60-15-238-5555,2016-09-07,8,Yes
D102474,Chad Hoffman,O,+60-17-583-1195,2021-09-04,9,Yes
D102475,Adam Hernandez,B,+60-14-668-3763,2011-07-18,4,Yes
D102476,Steven Shields,AB,+60-15-786-3108,2018-12-07,3,Yes
D102477,Anthony Dunn,O,+60-17-067-4329,2023-10-07,3,Yes
D102478,Brian Reed,A,+60-15-497-1585,2007-12-04,4,Yes
D102479,Linda Thomas,B,+60-19-173-6965,2026-05-02,4,Yes
D102480,Sally Nelson,A,+60-14-997-3151,2016-09-05,5,Yes
D102481,Cassandra Crawford,O,+60-15-677-8765,2017-05-03,6,Yes
D102482,Kenneth Sparks,A,+60-10-558-6841,2016-09-20,5,Yes
D102483,Paul Miller,O,+60-19-335-6269,2020-02-01,3,Yes
D102484,Brandon Roberts,O,+60-14-978-8671,2013-08-23,4,Yes
D102485,Daniel Ramos,O,+60-16-860-2747,2010-01-04,1,Yes
D102486,Jodi Taylor,A,+60-14-767-7373,2023-12-07,5,Yes
D102487,Corey Mendoza MD,O,+60-10-715-6674,2011-10-10,7,Yes
D102488,Matthew Salazar,B,+60-14-306-2386,2026-07-31,5,Yes
D102489,Kristin Hunter,AB,+60-12-659-6714,2010-09-14,6,Yes
D102490,Herbert Glass,O,+60-12-914-3203,2023-01-04,6,Yes
D102491,Jeffrey Clark,B,+60-19-058-5423,2026-06-30,2,Yes
D102492,Alan Marsh,AB,+60-10-596-0817,2014-10-21,7,Yes
D102493,Jacob Morales,B,+60-10-020-3946,2023-03-27,4,Yes
D102494,Gerald Kim,A,+60-11-354-5043,2025-01-15,10,Yes
D102495,Julie Carey,O,+60-14-732-5222,2024-08-09,5,Yes
D102496,Troy Rosario,O,+60-15-049-9375,2016-01-04,6,Yes
D102497,Curtis Trevino,O,+60-13-738-6709,2018-07-13,3,Yes
D102498,Makayla Williams,A,+60-18-350-7456,2017-08-26,5,Yes
D102499,Brian Smith,O,+60-11-830-6761,2016-11-16,2,Yes
D102500,Aaron Cruz,A,+60-12-658-0776,2018-07-09,9,Yes
D102501,Todd Lynch,O,+60-15-457-6738,2018-02-19,5,Yes
D102502,Angela Franklin,A,+60-10-622-6161,2018-08-13,5,Yes
D102503,John Armstrong,O,+60-13-795-4933,2026-04-15,5,Yes
D102504,Ashley Fitzgerald,O,+60-17-044-5414,2011-04-28,2,Yes
D102505,Deborah Hooper,B,+60-13-430-3798,2023-07-15,6,Yes
D102506,William Blake,AB,+60-10-046-6315,2010-04-23,7,Yes
D102507,Michael Roberts,O,+60-18-480-8129,2017-09-14,9,Yes
D102508,Angela Johnson,O,+60-11-654-9089,2011-03-02,4,Yes
D102509,Kayla Jones,A,+60-10-131-1419,2015-10-29,5,Yes
D102510,Connie Oliver,A,+60-13-416-5221,2014-12-16,2,Yes
D102511,Brenda Hebert,O,+60-12-721-6010,2019-06-28,4,Yes
D102512,Bobby Castro,O,+60-16-856-8029,2022-03-25,4,Yes
D102513,Dylan Castillo MD,A,+60-15-001-9588,2009-03-22,6,No
D102514,John Edwards,B,+60-13-600-9869,2025-04-21,6,Yes
D102515,Lisa Johnson,A,+60-16-161-1050,2012-12-21,6,Yes
D102516,Jamie Lopez,A,+60-12-423-4707,2017-06-07,6,Yes
D102517,Robert Nicholson,O,+60-11-070-2790,2022-03-07,3,Yes
D102518,Jack Jackson MD,O,+60-11-492-8535,2011-04-17,9,Yes
D102519,Katrina Paul,O,+60-11-849-0331,2026-08-03,4,Yes
D102520,John Lee DDS,O,+60-10-096-8678,2010-09-25,6,No
D102521,John Livingston,A,+60-19-162-0626,2009-09-25,3,Yes
D102522,Wayne Lopez,B,+60-18-104-5317,2024-09-25,8,No
D102523,April Smith,A,+60-18-897-9885,2015-06-18,6,Yes
D102524,Amanda Haynes,O,+60-10-097-4580,2024-01-14,10,No
D102525,Gene Gonzalez,O,+60-17-765-5034,2019-04-24,6,Yes
D102526,James Steele,B,+60-11-653-7561,2011-08-17,4,Yes
D102527,David Morales,O,+60-16-143-9250,2022-05-13,5,Yes
D102528,Johnathan Ellison,B,+60-14-770-5578,2020-06-27,5,No
D102529,Lawrence Gordon,O,+60-14-564-5978,2026-02-04,2,Yes
D102530,Brian Foley,O,+60-11-901-4356,2013-07-12,13,Yes
D102531,William Rojas,O,+60-17-767-9045,2022-07-12,7,Yes
D102532,Tony Barr,O,+60-17-766-8978,2022-06-02,3,No
D102533,Alice Stone,A,+60-14-817-3574,2023-11-30,4,Yes
D102534,Tina Glover,O,+60-18-559-1441,2024-02-25,7,Yes
D102535,Andre Griffin,A,+60-15-267-1655,2018-01-11,2,Yes
D102536,Manuel Davidson,A,+60-10-603-1951,2026-03-03,5,Yes
D102537,Gail Vasquez,A,+60-12-280-2276,2025-03-04,7,No
D102538,Jacob Rowland,B,+60-11-063-6809,2024-03-04,7,Yes
D102539,Michael Hardy,B,+60-15-944-8342,2026-07-05,4,Yes
D102540,Manuel Mcintyre,O,+60-19-403-2189,2025-07-20,8,No
D102541,Sarah Barnes,O,+60-18-040-8966,2021-05-15,7,Yes
D102542,Robin Rice,B,+60-17-871-7582,2018-08-10,4,Yes
D102543,Kimberly Reilly,O,+60-12-100-2108,2013-11-08,6,Yes
D102544,Matthew Ford,B,+60-17-877-4487,2012-02-05,1,Yes
D102545,Michael Stevens,O,+60-16-229-4715,2025-08-24,6,Yes
D102546,Kristen House,A,+60-10-365-5006,2026-04-02,3,Yes
D102547,Chad Ramirez,A,+60-12-508-0650,2025-02-27,3,Yes
D102548,Jason Young,A,+60-15-083-2544,2008-08-17,5,No
D102549,Steven Norris,O,+60-14-448-4566,2011-07-08,6,Yes
D102550,Danielle Barrera,A,+60-13-824-6730,2018-12-09,5,Yes
D102551,Dr. Veronica Cuevas,O,+60-10-602-4536,2007-09-19,3,Yes
D102552,Laura Beck,A,+60-16-510-7348,2021-06-24,3,Yes
D102553,Randall Ryan,B,+60-14-947-5503,2016-06-04,8,No
D102554,James Mcdonald,O,+60-14-743-2923,2013-01-11,4,Yes
D102555,Brittany Smith,O,+60-10-808-9290,2017-10-02,4,No
D102556,Justin Chapman,B,+60-15-477-9460,2016-11-15,5,Yes
D102557,Jason Potter,A,+60-13-890-8217,2018-07-01,6,Yes
D102558,Alan Pruitt,O,+60-14-757-7970,2013-05-31,2,Yes
D102559,Jack Adams,B,+60-19-539-4611,2023-07-09,4,Yes
D102560,Stephen Bauer,O,+60-15-362-3032,2023-06-16,2,Yes
D102561,Stacy Buckley,O,+60-14-666-4535,2025-05-21,6,Yes
D102562,Samuel Lee,O,+60-15-352-1728,2020-09-21,5,No
D102563,Megan Holt DDS,B,+60-17-412-6050,2017-07-08,6,Yes
D102564,Mary Duke,A,+60-11-093-2180,2007-08-05,4,No
D102565,Allison Wheeler,O,+60-11-082-5490,2016-12-03,6,No
D102566,Stacey Maldonado,O,+60-13-665-2464,2024-12-31,5,Yes
D102567,Michael Hines,AB,+60-15-845-2365,2022-10-11,7,Yes
D102568,Susan Landry,O,+60-16-098-7578,2015-05-29,3,Yes
D102569,Andrea Velasquez,O,+60-15-564-0247,2023-10-12,4,Yes
D102570,Sherry Taylor,A,+60-16-224-8123,2009-11-18,4,Yes
D102571,Courtney Greene,A,+60-11-805-1194,2024-04-14,5,No
D102572,David Mcconnell,O,+60-12-145-6110,2023-02-24,4,Yes
D102573,Jessica Berry,A,+60-10-852-9652,2009-08-31,4,Yes
D102574,Wesley Morales,A,+60-19-301-0498,2013-01-21,3,Yes
D102575,Jennifer Hernandez,A,+60-14-891-4543,2014-12-25,3,Yes
D102576,Kimberly Wilkins,A,+60-13-273-2431,2016-04-15,7,Yes
D102577,Mrs. Molly Jones,A,+60-11-831-1428,2022-08-20,6,No
D102578,Andrea Wright,O,+60-15-204-9735,2013-08-26,4,Yes
D102579,Eduardo Dickerson,O,+60-14-739-4493,2017-03-22,4,Yes
D102580,Matthew Johnson,AB,+60-15-070-3599,2017-02-13,4,Yes
D102581,Mr. Erik Smith,A,+60-12-054-5322,2016-05-01,2,Yes
D102582,Nicholas Richardson,O,+60-15-182-5019,2022-10-07,4,Yes
D102583,Taylor Carter,A,+60-14-366-7690,2019-05-18,6,Yes
D102584,Miss Maria Nelson MD,O,+60-14-214-5814,2017-01-08,2,Yes
D102585,Kristen Davis,A,+60-17-046-9861,2024-07-05,4,Yes
D102586,Christina Williams,O,+60-11-175-5500,2023-07-31,4,No
D102587,Zachary Jones,A,+60-19-861-9523,2012-10-15,4,No
D102588,Travis Cohen,AB,+60-13-893-4746,2026-04-15,5,Yes
D102589,Tiffany Smith,A,+60-10-934-5755,2021-05-25,8,Yes
D102590,Emily Melendez,AB,+60-17-205-6705,2020-01-09,4,No
D102591,Hailey Maxwell,A,+60-14-823-7063,2010-06-05,4,No
D102592,Patrick Tate,O,+60-18-841-1164,2018-05-29,2,Yes
D102593,Marcus Montes,A,+60-16-864-0875,2020-06-20,8,Yes
D102594,James Carpenter,A,+60-11-855-0234,2026-04-14,2,Yes
D102595,Brenda Wilson,A,+60-15-248-1808,2022-08-16,7,Yes
D102596,Robert Thompson,AB,+60-10-316-8848,2024-06-26,5,Yes
D102597,Katherine Dillon,O,+60-16-492-3801,2024-05-11,5,Yes
D102598,Madeline Hughes,O,+60-15-297-1213,2015-12-24,2,Yes
D102599,Angela Walls,A,+60-19-261-4794,2026-03-14,7,Yes
D102600,Tina Flores,B,+60-16-739-8191,2022-02-28,5,Yes
D102601,Michael Henderson,A,+60-19-544-1559,2017-10-10,3,No
D102602,Steve Lloyd,AB,+60-18-645-0562,2010-08-06,4,Yes
D102603,Oscar Martin,A,+60-12-840-5896,2024-06-12,8,Yes
D102604,Michelle Bowen,B,+60-12-159-5698,2019-05-27,2,Yes
D102605,Teresa Mercado,B,+60-16-837-8285,2013-08-28,4,Yes
D102606,Kimberly Boone,O,+60-13-496-3373,2024-02-07,4,Yes
D102607,Emily Hoffman,O,+60-15-426-0899,2022-09-16,5,Yes
D102608,Heather Roman,B,+60-18-157-9831,2011-08-27,6,Yes
D102609,Chad Williams,A,+60-18-856-9018,2025-01-26,4,Yes
D102610,Alexa Warren,O,+60-14-764-2711,2011-06-29,3,No
D102611,Sean Brock,O,+60-17-738-8072,2008-05-19,1,Yes
D102612,Joshua Weeks,AB,+60-15-261-8410,2008-05-29,5,Yes
D102613,Savannah Garza,A,+60-12-252-4116,2019-05-02,6,Yes
D102614,Katelyn Johnson,O,+60-14-946-5390,2008-12-29,7,Yes
D102615,Mark Mays,B,+60-11-302-2243,2015-02-20,5,Yes
D102616,David Buckley,O,+60-13-108-1433,2011-12-23,5,Yes
D102617,Shawn Paul,A,+60-16-451-0797,2014-04-13,5,Yes
D102618,Gina Sanchez,O,+60-12-210-2929,2020-10-29,1,Yes
D102619,Pamela Alvarez,B,+60-14-461-2627,2025-03-09,7,Yes
D102620,Lindsay David,O,+60-18-663-6477,2016-08-14,3,No
D102621,Susan Aguirre,A,+60-12-000-5476,2018-05-30,4,Yes
D102622,Mr. Jeffrey Sandoval,O,+60-18-167-3620,2026-06-27,7,Yes
D102623,Stacey Jimenez,O,+60-13-803-7798,2015-03-22,9,Yes
D102624,Kyle Young,B,+60-13-332-5206,2022-01-19,6,Yes
D102625,Jason Brown,O,+60-11-775-6379,2025-06-20,3,Yes
D102626,Erika Padilla,O,+60-13-839-0034,2020-06-04,8,Yes
D102627,Sarah Lopez,O,+60-15-532-9242,2023-04-15,5,Yes
D102628,Walter Mccarthy,O,+60-19-078-9614,2018-08-15,4,Yes
D102629,Joseph Stevens,O,+60-12-883-6577,2021-10-09,5,Yes
D102630,Hannah Carter,A,+60-13-059-2674,2016-11-29,4,Yes
D102631,Hannah Brown,O,+60-18-074-7040,2010-06-26,8,Yes
D102632,Carly Robinson,A,+60-15-815-5277,2011-06-16,4,Yes
D102633,Karen Brennan,A,+60-18-873-4835,2009-09-18,7,Yes
D102634,Abigail Briggs,O,+60-13-976-5031,2017-04-11,4,Yes
D102635,Matthew Espinoza,O,+60-14-334-5507,2024-08-31,5,Yes
D102636,Jeremy Woods,A,+60-14-417-3057,2026-08-02,5,Yes
D102637,Jeffrey Cook,O,+60-18-986-7108,2023-03-20,5,Yes
D102638,Michael Little,B,+60-12-305-5358,2019-09-23,5,Yes
D102639,Shirley Martinez,A,+60-11-793-0479,2009-02-16,4,Yes
D102640,Yvonne Lopez,O,+60-14-733-0441,2026-06-27,5,Yes
D102641,John Mckenzie,A,+60-13-075-0681,2016-02-03,5,Yes
D102642,Steven Hodges,O,+60-12-207-9577,2024-06-01,6,Yes
D102643,Amy Porter,O,+60-13-820-3377,2011-08-11,5,Yes
D102644,Jake Hernandez,O,+60-17-790-9207,2014-08-30,5,Yes
D102645,Jacob Braun MD,A,+60-17-384-7303,2026-08-17,4,No
D102646,Bradley Cameron,O,+60-13-457-9763,2026-03-09,8,Yes
D102647,Melvin Hunter,A,+60-12-249-3481,2013-03-06,3,Yes
D102648,Kayla Johnston,AB,+60-19-499-4646,2023-04-23,9,Yes
D102649,Ashley Hess,B,+60-12-116-9288,2024-01-15,5,Yes
D102650,Brandon Benson,O,+60-17-218-2707,2014-05-17,7,Yes
D102651,Robert Evans,O,+60-11-237-5475,2015-05-21,6,Yes
D102652,Melissa Anderson,B,+60-17-023-7145,2010-08-08,3,No
D102653,Michael Payne,B,+60-18-926-0019,2011-03-15,5,Yes
D102654,Wanda Becker,A,+60-18-189-6179,2012-01-15,4,Yes
D102655,Paul Anderson,A,+60-19-580-3946,2013-10-29,7,Yes
D102656,Lauren Holden,O,+60-19-244-9897,2020-02-05,5,No
D102657,Kurt Holland,A,+60-15-417-9502,2014-10-27,6,Yes
D102658,Keith Vasquez,O,+60-12-657-7123,2014-01-09,5,Yes
D102659,Lisa Smith DVM,O,+60-17-228-0215,2020-10-01,3,Yes
D102660,Mr. Curtis Fox MD,A,+60-16-215-3884,2022-04-06,6,No
D102661,William Morales,B,+60-19-318-0644,2017-06-03,9,Yes
D102662,Candace Norris,AB,+60-17-906-6409,2010-08-27,5,Yes
D102663,Christopher Waters,O,+60-17-737-6043,2018-06-13,8,Yes
D102664,Toni Reed,A,+60-13-489-7646,2016-10-07,3,Yes
D102665,Kim Middleton,B,+60-11-283-7620,2013-09-07,4,Yes
D102666,Courtney Anderson,O,+60-12-280-7661,2019-09-28,4,Yes
D102667,Stacey Chase,AB,+60-11-212-6661,2024-08-14,6,No
D102668,Robert Day,A,+60-10-910-3650,2023-02-12,8,No
D102669,Andrea Baker,O,+60-17-866-9554,2012-04-13,7,No
D102670,Michael Glover,O,+60-12-942-4784,2017-07-17,4,Yes
D102671,Charlene Bennett,O,+60-11-865-5700,2021-11-27,7,Yes
D102672,John Kim,O,+60-19-682-1469,2013-01-10,5,Yes
D102673,Kelsey Rodriguez,O,+60-12-125-0224,2012-02-09,5,Yes
D102674,Lisa Martinez,A,+60-12-786-0758,2010-02-01,5,No
D102675,Rhonda Powell PhD,B,+60-10-811-3199,2025-02-22,3,No
D102676,Rachel Holmes,O,+60-12-879-0644,2007-11-04,3,Yes
D102677,Ryan Reed,O,+60-17-790-0613,2012-04-17,5,Yes
D102678,Karen Pierce,AB,+60-10-739-5020,2008-11-21,4,Yes
D102679,Mary Lewis MD,O,+60-19-432-9113,2017-04-27,2,Yes
D102680,Victoria Ramirez,A,+60-15-532-4751,2025-08-10,6,Yes
D102681,Shane Clay,B,+60-19-278-1071,2022-04-01,6,Yes
D102682,Christopher Smith,A,+60-14-784-2489,2009-04-09,3,Yes
D102683,Christopher Benson,O,+60-18-786-9267,2017-04-25,2,Yes
D102684,Michael Freeman,A,+60-10-042-8399,2021-06-01,3,Yes
D102685,Christopher Ryan,B,+60-14-397-2609,2013-07-25,6,Yes
D102686,Megan Jimenez,B,+60-18-197-3217,2013-09-03,5,Yes
D102687,Anthony Gates,O,+60-19-449-8943,2026-06-07,5,Yes
D102688,Jeanne Smith,O,+60-14-079-6634,2024-11-28,8,Yes
D102689,Jason Gonzales,O,+60-16-586-4633,2017-10-15,5,Yes
D102690,Travis Parker,AB,+60-10-005-4269,2020-01-09,3,Yes
D102691,Brittany Berry,AB,+60-17-522-6784,2014-10-26,3,No
D102692,Sydney Maldonado,O,+60-19-367-1690,2023-07-07,4,Yes
D102693,Katherine Johnson,O,+60-10-825-1984,2014-03-10,5,No
D102694,Cynthia Martinez,A,+60-10-624-2474,2016-05-04,2,No
D102695,Elizabeth Stanley,A,+60-17-373-4779,2015-07-22,1,No
D102696,Alex Ball,O,+60-18-220-2890,2020-05-28,9,Yes
D102697,Michael Barker,O,+60-10-991-2469,2013-12-15,6,Yes
D102698,Jamie Cook,A,+60-11-754-3122,2026-08-26,6,Yes
D102699,Dawn Reid,A,+60-11-779-1713,2026-05-23,1,Yes
D102700,Christina Rodriguez,A,+60-13-000-6336,2017-07-13,6,Yes
D102701,Amy Young,O,+60-18-515-8742,2010-12-06,5,Yes
D102702,Steven Montes,A,+60-16-489-3139,2026-08-04,7,Yes
D102703,Michael Oneal,A,+60-18-371-4903,2017-12-02,9,Yes
D102704,Jennifer Olson,A,+60-13-408-0998,2015-05-07,5,No
D102705,Scott Lewis,O,+60-17-362-1839,2015-10-26,2,Yes
D102706,Terri Lewis,AB,+60-18-797-7303,2017-08-18,8,Yes
D102707,Stephen Diaz,A,+60-16-085-2778,2021-03-05,6,No
D102708,Mark Frank Jr.,O,+60-18-312-7159,2024-05-05,5,Yes
D102709,Jean Mendoza,O,+60-12-490-2183,2010-10-20,3,No
D102710,Colin Greene,O,+60-14-396-6986,2022-10-22,2,No
D102711,Adam Curry,B,+60-12-882-0584,2020-04-07,5,Yes
D102712,Daniel Simpson,B,+60-12-814-9462,2024-02-01,6,Yes
D102713,Stephanie Hughes,A,+60-14-721-9204,2022-07-27,5,No
D102714,Tiffany Hill,O,+60-11-596-7333,2025-10-25,4,Yes
D102715,Abigail Smith,O,+60-17-320-9148,2026-01-14,4,Yes
D102716,Carlos Martin,O,+60-13-452-4830,2017-10-03,6,Yes
D102717,Brenda Brown,O,+60-18-420-0888,2026-08-25,8,Yes
D102718,Erin Castillo,O,+60-16-090-9105,2016-05-04,7,Yes
D102719,Cameron Dennis,B,+60-12-901-9536,2017-04-06,5,Yes
D102720,Matthew Cole,A,+60-12-193-2541,2024-07-11,7,Yes
D102721,David Lee,A,+60-15-295-7460,2011-03-14,6,Yes
D102722,Christopher Orozco,O,+60-12-460-4895,2021-09-17,2,No
D102723,Rachael Davis,O,+60-13-097-5652,2017-05-15,5,Yes
D102724,Alexa Anderson,B,+60-16-842-5714,2015-01-30,5,Yes
D102725,Jenna Foster,A,+60-14-281-8292,2012-11-08,5,Yes
D102726,Mr. John Reese DVM,O,+60-12-442-0620,2014-11-17,5,Yes
D102727,Terry Wilkinson,A,+60-12-383-9286,2016-04-15,8,No
D102728,Darlene Joseph,O,+60-14-385-6352,2011-04-27,4,Yes
D102729,Kristen Scott,O,+60-12-884-7273,2013-03-02,6,Yes
D102730,Dawn Stewart,A,+60-13-127-1665,2018-09-30,3,Yes
D102731,Jason Davis,B,+60-14-533-4055,2013-04-21,6,Yes
D102732,Laurie Richardson,A,+60-14-210-6401,2026-09-04,2,Yes
D102733,David Miller,A,+60-16-888-8994,2013-06-16,3,Yes
D102734,William Payne,A,+60-12-666-2132,2025-02-03,4,Yes
D102735,John Fischer,O,+60-16-391-9324,2010-12-21,6,Yes
D102736,Robert Wood,O,+60-11-978-8321,2023-05-05,7,Yes
D102737,Candice Jones,B,+60-10-378-8946,2022-08-06,5,Yes
D102738,Tammy Hernandez DDS,A,+60-14-185-4080,2020-12-11,6,No
D102739,Mike Ballard,A,+60-14-238-2202,2014-12-24,5,Yes
D102740,Anna Smith,O,+60-18-494-0937,2020-09-22,3,Yes
D102741,Lauren Rodriguez,A,+60-17-753-7146,2016-11-01,4,No
D102742,Terrance Smith,O,+60-11-164-1344,2009-06-29,6,Yes
D102743,Billy Conrad,O,+60-12-107-8625,2024-05-01,3,No
D102744,Keith Harris,O,+60-19-997-2549,2023-07-19,5,Yes
D102745,Thomas Turner,O,+60-18-019-6746,2008-09-15,4,Yes
D102746,Kimberly Martinez,O,+60-18-090-2608,2026-03-10,4,No
D102747,Misty Baker,O,+60-11-412-1133,2016-07-27,5,Yes
D102748,Julia Torres,O,+60-19-832-0467,2022-02-20,4,Yes
D102749,Felicia Burke,O,+60-15-069-1419,2018-12-14,3,Yes
D102750,Richard Floyd,O,+60-12-738-1612,2021-08-21,7,No
D102751,Theresa Gibson,O,+60-18-074-1936,2023-02-07,5,No
D102752,Jessica Short,B,+60-10-640-3417,2010-12-31,3,Yes
D102753,Alicia Jones,A,+60-15-752-1334,2011-06-05,2,Yes
D102754,Dawn Kidd,O,+60-13-966-3932,2010-12-14,5,Yes
D102755,Sarah Davenport,AB,+60-11-287-4466,2012-07-26,1,No
D102756,James Morgan,B,+60-11-542-7817,2026-05-19,3,Yes
D102757,Emma Mckinney,O,+60-19-127-3679,2024-04-06,3,Yes
D102758,Carla Ramirez,O,+60-15-148-6688,2022-04-12,7,Yes
D102759,Tami Miller,B,+60-15-843-5152,2014-01-27,7,Yes
D102760,Sherry Walsh,O,+60-17-501-9386,2010-07-28,5,No
D102761,Linda Schwartz,B,+60-19-828-7832,2011-07-02,9,Yes
D102762,Jenna Vasquez,A,+60-18-212-2322,2020-01-20,6,Yes
D102763,Suzanne Reese,O,+60-12-148-1188,2025-11-30,5,Yes
D102764,Ryan Knight,A,+60-14-394-5711,2019-08-24,8,Yes
D102765,Chelsea Johnson,A,+60-19-842-8411,2016-01-25,7,Yes
D102766,Jorge Obrien,O,+60-17-333-3591,2025-03-31,9,Yes
D102767,Lisa York,O,+60-16-573-7931,2008-02-14,4,Yes
D102768,Jacqueline Brown,A,+60-10-880-2491,2020-05-23,3,Yes
D102769,Tiffany Harrington,O,+60-14-575-4536,2021-07-03,5,Yes
D102770,Tonya Smith,O,+60-17-065-7412,2020-10-06,4,Yes
D102771,Meagan Marsh,O,+60-14-704-9667,2021-10-17,5,Yes
D102772,Linda Knight,B,+60-14-862-3056,2011-01-26,8,Yes
D102773,David Gonzales,O,+60-12-977-5407,2013-07-31,6,No
D102774,Tony Crawford,AB,+60-12-056-8280,2013-06-26,5,Yes
D102775,Joseph Williams,AB,+60-17-051-5691,2023-12-03,4,Yes
D102776,Edward Clark,A,+60-18-237-9641,2023-12-18,7,Yes
D102777,David Palmer,B,+60-12-786-7740,2009-08-25,6,Yes
D102778,Amy Anderson,A,+60-19-160-7127,2010-11-24,3,Yes
D102779,Anthony Perry,O,+60-10-707-8475,2019-05-10,11,Yes
D102780,Michelle Jones,O,+60-12-499-1584,2022-12-08,4,Yes
D102781,Douglas Kirby,O,+60-14-831-3841,2024-08-31,3,Yes
D102782,Jessica Roberts,O,+60-18-552-9144,2021-06-20,9,Yes
D102783,Jennifer Wallace,A,+60-14-745-5456,2017-11-03,3,Yes
D102784,Paul Rodriguez,O,+60-18-257-7671,2024-07-02,4,Yes
D102785,Darren Carter,O,+60-10-628-3788,2012-02-08,5,Yes
D102786,Pam Lee,B,+60-14-560-1906,2015-02-04,8,No
D102787,Steven Sanchez,O,+60-16-816-8496,2022-03-02,8,Yes
D102788,Jennifer Collins,A,+60-12-073-5821,2021-08-01,6,Yes
D102789,Latoya Mason,O,+60-17-078-5090,2023-10-11,4,Yes
D102790,Carl Smith,B,+60-15-882-5115,2011-01-02,3,Yes
D102791,Stephanie Rivas,A,+60-14-692-5073,2022-07-01,4,Yes
D102792,Judy Payne,O,+60-18-078-8162,2022-05-22,5,Yes
D102793,Alejandra Tran,A,+60-16-414-8728,2008-01-29,3,Yes
D102794,Joseph Williams,O,+60-15-880-0351,2019-02-28,6,No
D102795,Casey Thomas,A,+60-18-394-2629,2024-09-14,5,No
D102796,Johnathan Kelly,O,+60-15-624-4450,2008-04-19,5,No
D102797,John Ray,A,+60-17-532-8633,2025-09-10,8,Yes
D102798,Sharon Winters,O,+60-18-347-0105,2023-09-29,8,Yes
D102799,Michael Alexander,A,+60-11-002-8409,2026-08-28,5,Yes
D102800,Henry Davis,AB,+60-11-210-6570,2012-09-02,6,Yes
D102801,Christopher Clark,O,+60-16-572-5890,2011-10-06,7,Yes
D102802,James Avery,B,+60-18-347-4722,2019-04-11,4,Yes
D102803,Jack Jones,O,+60-16-721-7748,2026-01-31,4,Yes
D102804,Nicole Wang,A,+60-18-037-4925,2018-10-11,6,Yes
D102805,Taylor Smith,O,+60-15-950-1375,2018-01-26,6,Yes
D102806,Michelle Gibbs,A,+60-11-737-5521,2022-11-11,7,Yes
D102807,Gregory Waters,O,+60-17-440-4368,2013-12-24,2,Yes
D102808,Keith Perry,O,+60-17-425-8294,2007-10-03,3,Yes
D102809,Thomas Mejia,B,+60-13-030-4082,2023-01-24,6,Yes
D102810,William Carroll,B,+60-18-093-3739,2023-08-11,5,Yes
D102811,Randy Sellers,A,+60-14-977-6509,2010-11-15,2,Yes
D102812,Joseph Davis,O,+60-10-999-4408,2011-02-28,7,Yes
D102813,Anthony Mcclure,O,+60-17-323-9594,2016-10-08,4,Yes
D102814,Cody Lewis,AB,+60-19-753-7012,2019-07-11,5,Yes
D102815,Katherine Garcia,B,+60-19-843-1552,2025-05-04,5,Yes
D102816,Mrs. Evelyn Green DDS,B,+60-10-068-2180,2026-05-02,5,Yes
D102817,Brian Rivera Jr.,A,+60-19-678-1687,2024-06-16,6,Yes
D102818,Derrick York,B,+60-13-748-5787,2016-04-12,4,Yes
D102819,Heather Mathis,B,+60-11-001-8899,2018-09-26,5,Yes
D102820,William Aguirre,O,+60-16-318-7245,2026-05-28,4,Yes
D102821,Andrew Lee MD,B,+60-11-873-0443,2011-05-29,5,Yes
D102822,Nicole Sanchez,O,+60-11-008-9787,2022-04-10,3,No
D102823,Bonnie Campos,A,+60-15-900-0491,2017-08-26,7,Yes
D102824,Christopher Walters,AB,+60-11-926-0856,2012-04-04,3,No
D102825,Jessica Long,O,+60-16-178-4831,2013-01-26,7,No
D102826,Christopher Johnson,O,+60-18-460-7943,2011-12-14,4,Yes
D102827,Thomas Velez,AB,+60-12-663-3282,2019-12-25,5,Yes
D102828,Justin Smith,O,+60-19-206-2925,2025-07-25,7,Yes
D102829,Christopher Hutchinson,A,+60-11-213-4468,2024-07-26,8,Yes
D102830,Lisa Smith MD,A,+60-19-437-3037,2025-09-24,7,No
D102831,James Wood,A,+60-17-393-2159,2025-07-02,4,Yes
D102832,Patrick Olson,AB,+60-19-844-5384,2010-12-30,4,Yes
D102833,Carolyn Yu,A,+60-18-250-7389,2015-08-18,5,Yes
D102834,Justin Sparks,O,+60-19-917-0324,2023-09-27,6,Yes
D102835,Christine Hopkins,A,+60-11-960-9258,2015-03-20,4,Yes
D102836,Reginald Johnson,O,+60-13-289-4520,2010-04-12,3,Yes
D102837,Robert Johnson,O,+60-19-644-7312,2019-05-06,4,Yes
D102838,Robin Wade,O,+60-11-314-2810,2010-08-28,3,Yes
D102839,Michael White,O,+60-12-959-9542,2026-06-25,4,Yes
D102840,David Flores,B,+60-15-731-0330,2017-02-07,5,Yes
D102841,Timothy Garrison,A,+60-10-143-8215,2009-09-25,5,Yes
D102842,Nicholas Brown,A,+60-10-339-4709,2025-12-19,5,Yes
D102843,Bryan Sutton,AB,+60-15-464-6449,2010-05-02,6,Yes
D102844,Stephen Lin,O,+60-17-635-5981,2025-09-23,4,No
D102845,Kelly Johnson,AB,+60-13-131-4774,2012-10-02,1,Yes
D102846,George Burch,A,+60-16-798-0171,2010-11-14,8,Yes
D102847,Randy Lowery,O,+60-10-917-4345,2022-06-22,5,Yes
D102848,Kathryn Gentry,O,+60-13-247-1131,2013-09-07,6,Yes
D102849,Tiffany Brooks,A,+60-19-465-8419,2016-05-01,3,No
D102850,Jim Aguilar,B,+60-14-813-3097,2026-08-18,5,Yes
D102851,Kenneth Diaz,B,+60-12-012-3257,2008-11-04,4,Yes
D102852,Matthew Ortega,A,+60-14-014-3205,2026-04-28,1,Yes
D102853,Kyle Garcia,A,+60-11-070-1425,2017-04-23,8,Yes
D102854,Seth Banks,O,+60-12-952-2004,2023-04-26,6,Yes
D102855,William Walker,O,+60-10-247-5079,2017-05-01,3,Yes
D102856,Hannah Chapman,A,+60-19-857-7525,2018-02-05,6,Yes
D102857,Mrs. Alexandra Clay,B,+60-18-341-3505,2012-01-17,5,Yes
D102858,Daniel Garcia,O,+60-18-456-0357,2025-04-12,7,Yes
D102859,Garrett Perez,A,+60-18-920-6827,2019-02-18,6,Yes
D102860,Amy Sanders,O,+60-19-553-5241,2019-09-14,3,Yes
D102861,Joanna Long,A,+60-11-936-9013,2025-01-31,5,Yes
D102862,Julie Johnson,A,+60-14-467-3724,2026-04-23,5,Yes
D102863,Tiffany Nash,A,+60-14-420-2761,2013-02-01,7,Yes
D102864,Brittany Mcgee,B,+60-14-545-5891,2016-09-20,6,Yes
D102865,Robert Walker,B,+60-18-481-2047,2018-09-10,4,Yes
D102866,Stephen Welch,O,+60-14-061-1686,2015-09-12,5,Yes
D102867,Patrick Powell,A,+60-11-818-0929,2023-12-01,4,No
D102868,Megan Kirk,B,+60-12-292-6367,2023-07-14,4,Yes
D102869,John Rivas,O,+60-16-978-8041,2017-05-15,5,No
D102870,Rhonda Edwards,B,+60-12-592-1787,2012-12-15,8,Yes
D102871,Thomas Harris,B,+60-19-296-1910,2011-03-20,4,Yes
D102872,Andrew Owens,B,+60-11-591-7465,2018-12-01,11,Yes
D102873,Matthew Frederick,A,+60-15-075-5518,2011-02-22,2,Yes
D102874,Jennifer Mora,O,+60-14-087-3257,2016-09-13,6,Yes
D102875,Catherine Chavez,O,+60-12-913-2295,2026-05-21,6,Yes
D102876,Nathaniel Cole,AB,+60-17-352-4021,2017-02-23,10,Yes
D102877,Joseph Harding,A,+60-14-241-2708,2025-08-18,8,Yes
D102878,Johnathan Cruz,B,+60-16-684-1662,2010-05-28,6,Yes
D102879,Christopher Hunt,A,+60-17-335-8980,2014-09-24,7,No
D102880,Tina Gomez,O,+60-10-509-1319,2024-10-24,5,Yes
D102881,James Lopez,A,+60-19-943-1250,2010-01-03,4,No
D102882,Stephen Moore,O,+60-15-700-1032,2017-06-25,3,Yes
D102883,Kendra Levy,O,+60-17-765-3537,2008-08-08,4,Yes
D102884,Savannah Castro,O,+60-11-220-1207,2019-05-13,6,Yes
D102885,Alicia Black,O,+60-12-188-3995,2020-06-26,5,Yes
D102886,Wayne Torres,A,+60-14-108-2125,2026-06-28,3,Yes
D102887,Cody Jones,A,+60-13-858-8407,2017-05-21,8,Yes
D102888,Joseph Robles,O,+60-11-426-4862,2011-08-31,6,Yes
D102889,Charlotte Wright,AB,+60-14-293-8840,2015-02-19,6,Yes
D102890,William Fisher,O,+60-13-524-6756,2019-02-17,3,Yes
D102891,Ryan Weeks,O,+60-16-808-4560,2023-01-26,5,Yes
D102892,Cindy Collier,A,+60-14-909-7111,2022-04-23,3,Yes
D102893,Jordan Davis,O,+60-11-511-1255,2017-07-24,5,Yes
D102894,Melissa Mahoney,A,+60-11-009-1153,2011-11-30,5,No
D102895,Gary Thompson,O,+60-17-802-1325,2023-10-25,5,Yes
D102896,Michael Skinner,O,+60-13-465-4690,2023-01-11,9,Yes
D102897,Teresa Brooks,O,+60-10-579-9055,2017-01-29,6,Yes
D102898,Anthony Hart DVM,A,+60-19-222-3375,2014-09-04,4,Yes
D102899,Timothy Hall,A,+60-16-545-1192,2021-05-15,4,Yes
D102900,Sarah Fisher,B,+60-19-354-7516,2024-08-19,7,Yes
D102901,Mrs. Lynn Kemp,B,+60-18-097-8227,2010-03-22,5,No
D102902,Jason Rodriguez,A,+60-17-932-3800,2012-09-18,6,Yes
D102903,Crystal Trujillo,B,+60-12-025-3868,2026-07-06,7,Yes
D102904,Charlotte Garner,O,+60-19-851-4818,2014-11-20,3,Yes
D102905,Charles Stephens,B,+60-12-128-1852,2019-01-04,6,Yes
D102906,Steven Campbell,O,+60-17-414-8650,2012-05-06,8,Yes
D102907,Dylan Cooper,O,+60-19-673-9710,2009-04-16,3,Yes
D102908,Samantha Romero,O,+60-18-510-2249,2016-08-31,8,No
D102909,Claudia Brooks,A,+60-12-693-4123,2022-03-02,3,Yes
D102910,Benjamin Washington,AB,+60-16-698-9299,2017-08-05,4,Yes
D102911,Michele Webster,O,+60-15-016-0652,2024-06-24,5,Yes
D102912,Mrs. Stacie Jenkins,B,+60-15-864-7153,2023-06-25,7,Yes
D102913,Angela Duncan,A,+60-13-765-6099,2021-03-07,3,Yes
D102914,Madeline Young,A,+60-12-907-7733,2012-12-05,4,Yes
D102915,John Wagner,O,+60-15-102-7887,2020-12-31,5,Yes
D102916,Peter Leblanc,O,+60-10-860-5192,2011-02-28,9,Yes
D102917,Robert Montgomery DDS,O,+60-15-482-6119,2014-01-10,6,Yes
D102918,Jon Santiago,AB,+60-15-171-1495,2011-06-02,4,Yes
D102919,Brenda Torres,O,+60-16-451-0980,2026-04-23,5,Yes
D102920,Betty Clements,A,+60-19-120-3758,2010-01-21,1,Yes
D102921,Matthew Horton,O,+60-10-501-0164,2015-10-04,6,No
D102922,Felicia Thompson,AB,+60-18-380-7961,2010-05-05,6,No
D102923,Michael Matthews,O,+60-17-956-0934,2016-04-24,7,Yes
D102924,Diana Hernandez,AB,+60-16-429-3485,2017-01-21,7,Yes
D102925,Anthony Contreras,A,+60-16-913-8256,2019-04-13,4,Yes
D102926,Alexis Fox,A,+60-13-562-1718,2021-12-22,5,Yes
D102927,Christina Davis,B,+60-14-432-7845,2013-07-05,8,Yes
D102928,John Kerr,B,+60-13-247-4184,2020-09-06,8,Yes
D102929,Jason Lane,O,+60-16-833-4812,2017-08-24,4,No
D102930,Amanda Lawson,A,+60-13-213-8112,2018-09-09,6,Yes
D102931,Amanda Williams DDS,O,+60-10-555-8854,2023-12-12,6,Yes
D102932,Jennifer Davis,O,+60-17-780-5633,2015-10-06,3,No
D102933,David Moody,B,+60-12-391-5944,2023-04-03,5,Yes
D102934,Christopher Lutz,O,+60-17-544-9112,2017-03-30,8,Yes
D102935,Heather Patrick,A,+60-15-288-0188,2025-12-30,5,Yes
D102936,Candice Simon,A,+60-13-309-8165,2024-07-10,3,No
D102937,Courtney Guzman,A,+60-10-083-3805,2015-10-21,8,Yes
D102938,Melinda Torres,AB,+60-12-071-0493,2009-11-14,4,Yes
D102939,Catherine Hernandez,O,+60-10-751-1876,2013-06-16,3,No
D102940,Bradley Weber,O,+60-15-763-9852,2018-04-05,7,Yes
D102941,Edward Hall,O,+60-10-575-2104,2012-03-30,4,No
D102942,James Bailey,A,+60-15-353-1692,2021-10-16,9,Yes
D102943,Randy Ramsey,O,+60-18-665-0723,2015-08-05,4,Yes
D102944,Jason Wilson,A,+60-15-375-3827,2026-06-29,6,Yes
D102945,Sierra Mayo,O,+60-12-906-2290,2020-03-27,6,Yes
D102946,Wendy Howell,O,+60-14-986-0103,2017-04-11,2,Yes
D102947,Jennifer Salinas,O,+60-14-467-9206,2011-08-25,6,Yes
D102948,Gabriella Neal,O,+60-17-934-6233,2023-03-01,5,Yes
D102949,Jacob Castaneda,B,+60-13-848-1001,2015-03-07,5,Yes
D102950,Austin Brown,AB,+60-19-572-7650,2017-01-03,5,Yes
D102951,Norman Shannon,O,+60-11-217-0685,2016-01-17,5,Yes
D102952,David Gonzalez,A,+60-13-250-9147,2011-04-27,6,Yes
D102953,Richard Reed,AB,+60-14-494-0152,2013-06-30,4,Yes
D102954,Jim Kim,B,+60-16-010-2290,2012-06-13,4,Yes
D102955,Tammy Sanchez DVM,O,+60-12-308-3592,2020-01-15,1,Yes
D102956,James Sweeney,A,+60-12-333-5107,2009-08-06,2,Yes
D102957,Jacob Thomas,O,+60-17-117-4311,2014-04-03,4,Yes
D102958,Jessica Ruiz,A,+60-17-156-6384,2018-05-02,3,Yes
D102959,Meredith Brewer,O,+60-17-793-9047,2022-10-16,5,Yes
D102960,Raymond Juarez,B,+60-19-263-1346,2019-03-07,3,Yes
D102961,Suzanne Barber,O,+60-10-802-2291,2015-06-16,5,Yes
D102962,Tiffany Joyce,A,+60-18-204-3590,2026-04-13,7,Yes
D102963,Jessica Jones,AB,+60-13-016-5415,2010-08-13,6,Yes
D102964,Kimberly Mcfarland,A,+60-16-176-9461,2026-03-25,6,Yes
D102965,Brianna Johnson,O,+60-14-906-0544,2022-06-27,3,No
D102966,Eric Cruz,A,+60-19-911-3585,2025-07-20,2,Yes
D102967,Dustin Neal,O,+60-15-531-4132,2011-07-17,8,Yes
D102968,Edward Harding,O,+60-14-909-7816,2024-05-25,8,Yes
D102969,Samuel Osborne,B,+60-11-280-7892,2026-07-05,4,Yes
D102970,Tom Martinez,A,+60-19-494-9466,2026-07-02,7,No
D102971,Ashley Stone,O,+60-11-208-9984,2026-05-30,4,Yes
D102972,Emily Harris,O,+60-10-112-6806,2026-06-24,5,Yes
D102973,James Barrett,B,+60-10-627-2453,2009-11-20,3,Yes
D102974,Candice Perkins,O,+60-11-339-5313,2010-04-11,3,Yes
D102975,John Johnson,A,+60-10-780-0775,2025-03-04,3,Yes
D102976,Karina Daniel,A,+60-19-368-2444,2008-06-08,5,Yes
D102977,Caleb Woods,O,+60-13-899-4302,2012-05-04,6,No
D102978,Tonya Poole,A,+60-18-193-0869,2022-09-26,4,Yes
D102979,Christopher Reyes,O,+60-13-436-8846,2010-01-02,6,Yes
D102980,Zachary Thompson,O,+60-14-804-6262,2025-09-04,7,Yes
D102981,Joanna Lopez,O,+60-14-220-5168,2017-07-01,4,Yes
D102982,Vanessa Dawson,AB,+60-11-812-8398,2013-12-16,3,Yes
D102983,Samantha Miller,O,+60-17-276-7622,2011-04-19,6,Yes
D102984,Nathan Miller,O,+60-10-744-8583,2010-06-17,5,Yes
D102985,Maria Sanchez,O,+60-17-111-7986,2009-04-18,5,No
D102986,Debbie Smith,A,+60-10-071-7897,2016-04-22,5,No
D102987,Benjamin Brooks,A,+60-18-823-8845,2024-02-06,9,Yes
D102988,Anthony Waller DDS,B,+60-15-831-5476,2021-11-15,4,Yes
D102989,April Smith,A,+60-10-726-7593,2012-03-21,3,Yes
D102990,Yvette Bryant,A,+60-10-361-4776,2014-01-25,4,No
D102991,James Mcdaniel,AB,+60-15-392-6780,2010-11-05,6,No
D102992,Paul Walls,B,+60-19-450-5391,2019-11-01,5,Yes
D102993,Christopher Bernard,AB,+60-10-108-2835,2019-02-15,7,Yes
D102994,Paul Carroll,A,+60-11-162-6758,2025-10-21,5,Yes
D102995,Shannon Smith,O,+60-12-942-6343,2025-10-11,10,Yes
D102996,Mark Stewart,O,+60-11-913-6293,2026-08-11,4,Yes
D102997,Timothy Livingston,A,+60-12-983-8387,2022-07-09,6,Yes
D102998,Lisa Browning,AB,+60-12-128-2809,2012-10-23,4,No
D102999,Donald Wright,B,+60-10-889-5214,2014-10-09,7,No
D103000,Renee Kennedy,O,+60-11-451-2944,2020-09-02,5,Yes
D103001,Emily Munoz,O,+60-11-293-8353,2026-06-08,5,Yes
D103002,Michelle Carrillo,A,+60-15-054-6156,2011-08-06,10,No
D103003,Carol Hanson,O,+60-19-706-1322,2022-06-20,5,Yes
D103004,Amy Johnson,B,+60-15-917-3035,2014-12-21,4,Yes
D103005,Ellen King,O,+60-19-244-8781,2024-05-17,4,Yes
D103006,David Hernandez,O,+60-18-048-2001,2023-09-23,4,Yes
D103007,Alyssa Freeman,A,+60-14-610-2282,2008-05-15,4,No
D103008,Julie Gonzales,A,+60-12-971-3524,2011-12-30,4,Yes
D103009,Austin Johns,O,+60-11-175-6256,2014-09-30,5,Yes
D103010,Thomas Hudson,O,+60-15-509-6767,2012-03-28,6,Yes
D103011,Patricia West,A,+60-12-618-7265,2016-05-23,4,Yes
D103012,Robert Rodriguez,A,+60-17-669-8513,2017-02-16,6,Yes
D103013,Laura Stone,O,+60-14-211-5108,2015-07-07,6,No
D103014,Kenneth Campos,A,+60-16-636-4170,2012-05-02,5,Yes
D103015,Robert Glover,A,+60-13-388-2653,2009-06-17,5,Yes
D103016,Christina Kelley,O,+60-16-011-2761,2023-08-05,4,Yes
D103017,Amanda Daugherty,B,+60-14-384-4610,2020-04-30,5,Yes
D103018,Matthew Taylor,AB,+60-18-983-8977,2026-02-14,3,No
D103019,Amber Mason,O,+60-13-710-7544,2025-11-11,6,No
D103020,Nicole Juarez,A,+60-16-874-3155,2017-02-26,4,Yes
D103021,Matthew Jones,B,+60-12-081-2454,2009-07-28,4,Yes
D103022,Alexis Christensen,O,+60-19-857-5816,2010-07-08,5,Yes
D103023,Sean Green,O,+60-17-954-6841,2024-03-17,9,Yes
D103024,Devin Collins,B,+60-13-888-8522,2019-10-18,3,No
D103025,Katherine Jarvis,O,+60-16-520-8720,2024-06-07,4,Yes
D103026,Christopher Barker,B,+60-17-603-8375,2012-01-08,6,Yes
D103027,Tom Rowe,O,+60-18-024-8590,2019-06-05,3,Yes
D103028,Diane Tucker,O,+60-11-033-0030,2014-10-08,3,Yes
D103029,Carl Allen,O,+60-19-679-9544,2023-08-23,4,Yes
D103030,Kara Parrish,A,+60-11-364-0767,2022-05-30,6,Yes
D103031,Julie Blackwell,A,+60-19-700-2957,2021-10-09,6,Yes
D103032,Jamie Garza,AB,+60-18-553-4360,2017-01-02,3,Yes
D103033,Steven Charles,O,+60-19-292-9961,2023-08-14,5,No
D103034,Mark Winters,O,+60-17-920-5321,2023-06-01,5,Yes
D103035,Amy Nelson,O,+60-15-320-4496,2026-06-26,4,No
D103036,Kelsey Mcmillan,A,+60-12-012-8754,2015-11-13,4,Yes
D103037,Jessica Pace,A,+60-15-525-5564,2026-04-02,2,Yes
D103038,John Casey,B,+60-10-991-0287,2021-01-07,2,Yes
D103039,Nicholas Carter,B,+60-15-536-1309,2024-07-28,9,No
D103040,Scott Munoz,B,+60-13-626-4932,2025-02-18,4,No
D103041,Steven Collins,O,+60-13-100-9508,2011-10-20,9,Yes
D103042,Annette Wang,A,+60-11-895-1531,2026-04-22,5,Yes
D103043,Stephen Duncan,A,+60-11-818-1591,2014-04-24,6,Yes
D103044,Christine King,B,+60-15-112-5438,2014-01-25,4,Yes
D103045,Cody Young,B,+60-17-884-7731,2022-03-13,3,Yes
D103046,Jennifer Baker,A,+60-15-307-4839,2022-03-27,6,Yes
D103047,Aaron Cook,AB,+60-19-665-2832,2015-06-23,7,Yes
D103048,Matthew Green,B,+60-19-296-7179,2015-12-01,5,Yes
D103049,Tommy Johnson,O,+60-15-571-3495,2024-12-02,2,No
D103050,Scott Weaver,A,+60-16-114-5306,2026-07-12,5,Yes
D103051,Emma Sanchez,A,+60-10-492-4366,2019-08-18,2,No
D103052,Juan Juarez,A,+60-10-968-5149,2015-01-30,8,Yes
D103053,Kelly Flowers,B,+60-15-119-3932,2021-04-18,7,Yes
D103054,George Harrison,O,+60-18-566-3997,2015-04-17,10,Yes
D103055,Laura Bailey,O,+60-11-829-0367,2026-05-05,7,No
D103056,Cameron Norris,O,+60-13-816-7742,2015-12-24,5,Yes
D103057,David Hogan,B,+60-16-169-0706,2021-03-28,3,Yes
D103058,Philip Bond,A,+60-10-788-6095,2014-05-07,7,No
D103059,Richard Francis,O,+60-10-926-2391,2012-11-10,5,Yes
D103060,Marie Harris,B,+60-10-355-4709,2013-02-10,3,Yes
D103061,Joshua Little,A,+60-14-670-1897,2010-08-04,6,Yes
D103062,Linda Thompson,O,+60-15-026-0696,2009-11-16,3,Yes
D103063,Matthew Chavez DVM,AB,+60-19-840-7641,2024-01-27,9,No
D103064,James Rose,B,+60-18-939-1304,2013-06-06,5,Yes
D103065,James Chavez,O,+60-16-167-3449,2026-01-04,5,Yes
D103066,Jerry Garcia,O,+60-11-055-4433,2021-04-07,6,Yes
D103067,Karen Rivera,O,+60-14-317-0954,2015-05-21,4,Yes
D103068,Mark Howell,B,+60-18-937-8917,2016-04-05,5,Yes
D103069,John Bernard,A,+60-12-128-0715,2014-07-21,8,Yes
D103070,Kevin Briggs,B,+60-16-377-5137,2018-09-08,3,Yes
D103071,Joshua Flores,O,+60-18-681-7256,2019-06-23,4,Yes
D103072,Rebecca Kirk,A,+60-13-102-8625,2009-01-24,7,Yes
D103073,Anna Weeks,O,+60-10-652-1349,2014-06-28,5,Yes
D103074,Paul Arellano,O,+60-19-835-1287,2024-07-01,3,Yes
D103075,Veronica Martin,A,+60-11-701-0468,2023-04-29,9,Yes
D103076,Jonathan Smith,O,+60-13-397-2170,2013-04-19,8,Yes
D103077,Christopher Pierce,O,+60-14-550-0966,2021-02-10,1,Yes
D103078,Paul Lawson,A,+60-15-922-5064,2016-04-02,4,No
D103079,Cathy White,B,+60-17-579-2296,2024-07-05,8,Yes
D103080,Scott Tucker,O,+60-16-680-0688,2022-10-02,4,Yes
D103081,Ms. Katherine Adams,O,+60-15-874-9679,2017-05-02,6,Yes
D103082,Gabriella White,B,+60-13-958-0116,2010-04-26,7,Yes
D103083,Sarah Stephenson,O,+60-17-814-0412,2018-01-03,3,Yes
D103084,Alexis Sanders,A,+60-15-099-0562,2007-06-02,3,No
D103085,Joanna Owen,AB,+60-12-997-4732,2021-07-11,6,Yes
D103086,Ashley Roberts,O,+60-19-363-5146,2022-08-10,6,Yes
D103087,Dr. Steven Baker,B,+60-18-393-0145,2023-01-05,8,Yes
D103088,Allen Morales,AB,+60-10-644-9870,2011-02-07,8,No
D103089,Renee Haynes,O,+60-12-886-6354,2026-09-01,6,Yes
D103090,Michael Jackson,A,+60-19-024-3519,2017-04-30,9,Yes
D103091,Devin Long,B,+60-11-252-5408,2025-12-17,2,Yes
D103092,Christopher Jackson,O,+60-15-373-2556,2022-02-03,4,Yes
D103093,Jenna Hudson,O,+60-16-147-2105,2018-09-06,8,Yes
D103094,Allison Riley DDS,O,+60-19-162-5973,2018-11-06,7,Yes
D103095,Kevin Garcia,O,+60-15-675-0439,2020-09-03,5,Yes
D103096,Larry Davis,O,+60-12-892-7329,2008-09-05,4,Yes
D103097,James Burch,O,+60-16-210-7554,2012-06-08,3,Yes
D103098,Danielle Young,O,+60-13-388-5634,2025-02-16,6,Yes
D103099,Peter Hanson,O,+60-13-426-9688,2023-06-20,2,Yes
D103100,Lisa Stewart,O,+60-19-343-4698,2018-04-20,5,Yes
D103101,Antonio Perez,A,+60-13-121-0450,2022-01-21,5,Yes
D103102,Cory Fischer,B,+60-11-559-0519,2024-08-21,7,Yes
D103103,Teresa Johnson,O,+60-18-168-6345,2015-05-25,6,No
D103104,Katrina Miller,B,+60-14-718-0346,2022-04-25,9,No
D103105,Paul Ward,A,+60-10-965-3944,2026-03-26,3,Yes
D103106,Bryan Abbott,A,+60-19-407-9350,2026-04-27,5,Yes
D103107,Erik Garrett,O,+60-10-405-1518,2008-03-06,5,Yes
D103108,Paul Shepherd DDS,A,+60-19-925-5868,2025-10-06,4,Yes
D103109,Gregg Shepard,B,+60-11-172-6281,2022-04-30,8,No
D103110,John Martinez,O,+60-17-370-6165,2018-12-14,4,Yes
D103111,Amanda Copeland,O,+60-18-055-4836,2014-05-19,3,Yes
D103112,Jimmy Kaufman,O,+60-13-302-2466,2026-03-22,2,No
D103113,Kristen Benjamin,O,+60-16-740-5206,2025-06-25,5,No
D103114,Anthony Anderson,O,+60-10-030-9566,2022-12-04,4,Yes
D103115,Adrian Campbell,A,+60-18-277-8614,2009-11-23,6,Yes
D103116,James Wilson,B,+60-15-626-4279,2015-02-06,7,Yes
D103117,Benjamin Lewis,A,+60-17-891-6610,2025-12-21,6,Yes
D103118,Mrs. Marisa Ramirez,AB,+60-16-364-9436,2009-07-14,3,Yes
D103119,Timothy Knight,A,+60-19-750-3305,2008-11-05,3,Yes
D103120,Sheryl Cook,B,+60-19-659-7769,2025-09-24,4,Yes
D103121,Emma Hunter,A,+60-10-631-8053,2008-02-22,5,Yes
D103122,Steve Wolfe,O,+60-14-847-7596,2009-12-23,5,Yes
D103123,Steven Quinn,A,+60-17-570-1181,2024-10-25,5,Yes
D103124,Christopher Kim,B,+60-11-010-2232,2021-06-18,4,Yes
D103125,Bryan Shannon,A,+60-12-829-9051,2021-05-03,6,Yes
D103126,Daniel Edwards,B,+60-11-180-1021,2013-04-07,4,No
D103127,Larry Scott,A,+60-15-505-9124,2018-07-19,6,Yes
D103128,Jean Rollins,B,+60-15-548-5195,2017-02-21,3,No
D103129,Barbara Singleton,A,+60-19-806-3988,2026-08-25,5,Yes
D103130,Jacqueline Becker,B,+60-12-477-9528,2011-07-21,7,Yes
D103131,Theresa Silva,O,+60-13-441-3957,2010-08-23,7,Yes
D103132,Kendra Dawson,O,+60-19-559-1728,2009-04-14,1,Yes
D103133,Tracey Williams,AB,+60-17-781-0372,2022-07-02,4,Yes
D103134,Elizabeth Wise,AB,+60-16-560-3591,2019-11-09,5,Yes
D103135,Sara Nguyen,A,+60-19-461-6348,2024-07-02,4,Yes
D103136,Thomas Thomas,B,+60-14-892-5923,2019-06-23,3,Yes
D103137,Amy Villarreal,B,+60-12-255-8651,2023-07-31,8,No
D103138,Raymond Chandler,B,+60-15-026-5546,2013-10-20,3,No
D103139,Michelle Skinner,O,+60-17-005-1127,2012-02-17,5,Yes
D103140,Amy Walker,B,+60-18-430-3330,2024-02-13,5,Yes
D103141,Denise Wilson,A,+60-11-861-9718,2025-04-08,2,Yes
D103142,Leslie Thomas,O,+60-10-818-8666,2010-05-29,6,Yes
D103143,Melissa Quinn,O,+60-13-120-7048,2009-11-12,3,Yes
D103144,Gregory Shepherd,B,+60-12-558-6061,2013-04-12,7,Yes
D103145,Barry Campbell,O,+60-19-006-2936,2012-04-24,3,Yes
D103146,Jacqueline Brown,O,+60-16-941-5623,2020-05-06,3,Yes
D103147,Kim Carter,A,+60-12-816-0987,2024-08-22,4,Yes
D103148,Patrick Rivera,B,+60-10-430-5934,2019-11-15,5,No
D103149,Savannah Fischer,O,+60-18-946-8348,2017-02-19,3,Yes
D103150,Kaitlin Snow,B,+60-12-560-7109,2020-08-16,5,Yes
D103151,Kayla Keith,O,+60-13-461-6987,2015-01-28,5,Yes
D103152,Michael Johnston,B,+60-11-071-8692,2022-05-13,6,Yes
D103153,Troy Harris,AB,+60-14-919-4012,2014-07-12,7,Yes
D103154,Lisa Vasquez,B,+60-15-243-5440,2018-08-12,4,No
D103155,Stefanie Martinez,O,+60-11-382-6336,2020-01-26,3,Yes
D103156,Julia Gibson,AB,+60-10-228-3538,2009-05-09,2,Yes
D103157,Sharon Johnson,O,+60-17-756-7513,2022-07-26,6,Yes
D103158,Charles Fuller,O,+60-17-195-9098,2014-03-19,3,No
D103159,Amanda Bradley,A,+60-15-011-3889,2017-09-08,5,Yes
D103160,Christine Reid,A,+60-16-801-6910,2018-04-27,5,Yes
D103161,Benjamin Stevenson,B,+60-17-126-4124,2012-05-11,4,No
D103162,Evan Chan,O,+60-13-931-9395,2015-01-08,4,Yes
D103163,Brandon Johnson,A,+60-11-259-1187,2018-11-16,6,No
D103164,Kristin Pacheco,B,+60-18-642-0577,2018-10-24,6,Yes
D103165,Steve Diaz,O,+60-14-144-8033,2023-01-10,1,No
D103166,Kaylee Baker DDS,O,+60-15-785-7081,2019-01-09,2,Yes
D103167,Danielle Gutierrez,O,+60-15-877-6015,2023-01-01,9,Yes
D103168,Stacie Hart,A,+60-12-418-8405,2008-09-06,2,Yes
D103169,John Miller,B,+60-15-505-2451,2017-05-17,4,Yes
D103170,Nicholas Diaz,O,+60-14-321-1525,2025-09-02,2,Yes
D103171,Robert Woodard,B,+60-11-775-2894,2025-07-26,3,No
D103172,Jasmine Hodge,O,+60-14-051-8456,2011-06-02,3,Yes
D103173,Jessica Cox,A,+60-12-682-0217,2023-07-06,9,No
D103174,Lisa Wright,A,+60-12-617-4493,2017-01-25,5,No
D103175,Tammy Jordan,B,+60-10-826-3313,2023-09-05,4,No
D103176,Steve Baxter,B,+60-17-695-3638,2014-03-29,2,Yes
D103177,Jon Mejia,O,+60-14-080-4612,2023-12-29,5,Yes
D103178,Nathan Underwood,O,+60-14-394-3683,2023-02-21,4,Yes
D103179,Nicole Vazquez,B,+60-11-842-3552,2021-08-24,8,Yes
D103180,Jason Riggs,O,+60-15-280-0226,2010-01-06,3,Yes
D103181,Jenny Powell,A,+60-10-233-7332,2011-01-22,6,Yes
D103182,Helen Gilmore,B,+60-18-103-1190,2018-06-30,4,Yes
D103183,John Dean,A,+60-15-126-5712,2011-04-15,2,Yes
D103184,Douglas Weaver,A,+60-12-789-2429,2024-06-16,3,Yes
D103185,Kevin Wilson,A,+60-12-115-0691,2020-08-06,4,No
D103186,Peter Jackson,AB,+60-15-323-9146,2015-12-14,5,No
D103187,Joshua Livingston,O,+60-16-008-3679,2013-12-27,4,Yes
D103188,Jeffrey Young,A,+60-15-714-8681,2009-08-23,3,Yes
D103189,Victor Brown,AB,+60-17-405-4537,2009-01-27,6,Yes
D103190,Brittany Gibbs,O,+60-14-170-1652,2017-05-26,9,Yes
D103191,Margaret Henry,AB,+60-16-971-4670,2015-02-23,4,Yes
D103192,Roger Hernandez,B,+60-19-304-0409,2021-06-13,5,Yes
D103193,Lisa Nelson,O,+60-12-192-2023,2024-10-28,7,Yes
D103194,Katelyn Barnes,B,+60-13-502-4931,2013-08-05,11,No
D103195,Allison Lopez,O,+60-11-312-1016,2017-05-09,5,Yes
D103196,Shawn Townsend,O,+60-12-432-7535,2015-02-18,7,Yes
D103197,Crystal Martinez,O,+60-11-915-6353,2010-05-19,7,Yes
D103198,Brian Flynn,O,+60-16-049-9545,2026-06-06,5,Yes
D103199,Steve Kirk,O,+60-11-388-5363,2026-05-09,9,Yes
D103200,Helen Kemp,A,+60-11-220-1478,2024-02-29,4,Yes
D103201,Sean Jones,O,+60-13-258-1485,2010-07-22,6,Yes
D103202,Joseph Mendoza,A,+60-13-806-0247,2008-05-19,2,Yes
D103203,Elizabeth Dalton,AB,+60-13-899-3457,2025-01-08,3,Yes
D103204,Jeffrey Carter,B,+60-11-148-9900,2022-07-18,10,No
D103205,Renee Russell,A,+60-16-765-0197,2023-04-28,3,No
D103206,Valerie Sanchez DVM,AB,+60-11-366-8319,2021-05-18,8,Yes
D103207,Kelly Parker,AB,+60-19-893-3569,2019-04-06,6,Yes
D103208,Matthew Hill,AB,+60-14-072-1073,2010-03-26,4,Yes
D103209,James Roberts,A,+60-18-185-9383,2015-10-24,4,Yes
D103210,Matthew Williams,B,+60-16-643-3452,2020-10-01,8,Yes
D103211,Darryl Russell,B,+60-14-043-9938,2014-07-24,3,Yes
D103212,Heidi Kennedy,O,+60-10-370-4577,2017-02-23,8,Yes
D103213,Melissa Pacheco,O,+60-11-335-8209,2023-10-14,6,Yes
D103214,Johnathan Duran,B,+60-17-131-6100,2017-11-09,6,Yes
D103215,Kelly Robinson,B,+60-16-046-8266,2020-06-23,2,No
D103216,Megan Baker,O,+60-18-288-9513,2025-05-13,3,Yes
D103217,Amy Johnson,B,+60-10-651-6562,2008-09-04,5,Yes
D103218,Sydney Barton,O,+60-14-322-2535,2022-03-23,8,Yes
D103219,Phillip Martin,A,+60-19-131-1612,2012-05-13,4,Yes
D103220,Daniel Parks,A,+60-18-060-0109,2024-07-02,7,Yes
D103221,Michael Stevens,O,+60-17-028-2613,2021-05-26,4,Yes
D103222,Tammy Simmons,O,+60-11-486-1263,2021-11-05,3,No
D103223,Daniel Simon,A,+60-12-515-1994,2020-02-28,9,Yes
D103224,Philip Young,A,+60-10-536-4604,2019-03-20,4,Yes
D103225,Jamie Todd,A,+60-16-338-5617,2026-05-28,3,Yes
D103226,Terri Kelly,A,+60-11-135-9197,2016-12-19,4,Yes
D103227,John Taylor,A,+60-15-187-3430,2024-06-23,4,No
D103228,Chelsea Nelson,O,+60-16-704-6442,2026-03-22,4,Yes
D103229,Maria Hall,B,+60-15-525-1938,2014-10-03,3,Yes
D103230,Shawn Holmes,O,+60-10-971-5047,2024-12-31,7,No
D103231,Leslie Dawson,O,+60-11-338-4369,2009-10-28,7,Yes
D103232,Jacob Rodriguez,B,+60-11-846-5006,2011-06-20,6,No
D103233,Karen Spencer,O,+60-17-928-7464,2015-08-15,7,Yes
D103234,Joseph Nguyen,B,+60-17-237-4388,2026-08-10,3,Yes
D103235,Edward Wilson,O,+60-19-685-9614,2020-07-11,2,Yes
D103236,Jessica Richardson,A,+60-18-412-3483,2024-06-18,4,No
D103237,William Anderson,O,+60-11-250-6042,2023-09-11,5,Yes
D103238,John Brown,A,+60-19-500-8063,2020-03-20,3,Yes
D103239,Melissa Perry,B,+60-11-466-5223,2021-10-19,5,Yes
D103240,Dean Miller,O,+60-18-856-1928,2019-05-10,3,Yes
D103241,Michael Collins,A,+60-15-821-5852,2025-07-04,7,Yes
D103242,Hunter Henson,A,+60-18-825-0298,2012-10-11,4,Yes
D103243,Robin Bradshaw,B,+60-16-551-4173,2021-11-29,4,Yes
D103244,Michelle Sellers,A,+60-19-231-2161,2009-07-17,5,Yes
D103245,Carolyn Key,O,+60-13-569-7657,2008-05-26,2,Yes
D103246,Cristina Price,O,+60-14-635-9772,2019-03-19,5,Yes
D103247,Christina Brown,AB,+60-18-290-4122,2017-04-08,2,Yes
D103248,Kelly Park,O,+60-16-329-3959,2017-09-14,3,Yes
D103249,Donna Doyle,B,+60-17-267-4537,2017-12-26,8,No
D103250,Dawn Jones,B,+60-17-540-2494,2010-03-13,5,Yes
D103251,Jessica Gordon,B,+60-12-652-1177,2025-07-18,3,Yes
D103252,Michael Hansen,O,+60-16-730-2397,2019-02-16,3,Yes
D103253,Mary Richardson,A,+60-10-812-3116,2026-03-17,9,Yes
D103254,Heather Perez,O,+60-17-825-7969,2008-11-10,2,Yes
D103255,Julie Wise,A,+60-16-370-1985,2022-07-28,4,No
D103256,Lauren Cruz,O,+60-13-149-7842,2021-01-12,5,No
D103257,Cynthia Marquez,O,+60-17-339-3518,2011-09-11,5,No
D103258,Tiffany Hatfield,B,+60-18-692-7361,2024-11-06,5,Yes
D103259,Melinda Warner,O,+60-11-716-5909,2026-07-02,3,Yes
D103260,Thomas Castro,B,+60-13-515-7907,2014-11-13,7,Yes
D103261,Daniel Wells,AB,+60-12-291-4852,2018-05-09,3,Yes
D103262,Sharon Bond,O,+60-17-609-7431,2022-03-27,9,Yes
D103263,Michael Perez,O,+60-16-014-2713,2007-11-24,4,No
D103264,Crystal Huff,O,+60-11-033-1580,2013-09-22,7,Yes
D103265,Amy Pratt,B,+60-10-037-0807,2011-03-27,6,Yes
D103266,Kimberly Newton,O,+60-10-058-8347,2013-04-08,7,Yes
D103267,Joseph Conner,AB,+60-12-882-7476,2026-03-23,4,Yes
D103268,Denise Smith,AB,+60-16-066-5664,2010-12-02,4,Yes
D103269,James Martin,O,+60-13-340-4770,2025-11-29,4,No
D103270,Katherine Carter,A,+60-14-576-9064,2026-02-27,4,Yes
D103271,Jon Potts,A,+60-16-381-2944,2025-12-29,2,Yes
D103272,Justin Rice Jr.,AB,+60-18-733-1044,2012-10-19,3,Yes
D103273,Eric Parks,B,+60-10-455-3036,2012-11-28,3,Yes
D103274,Michelle Bullock,AB,+60-11-167-4950,2013-04-03,4,No
D103275,Brianna Tran,O,+60-13-360-2288,2016-05-09,5,Yes
D103276,Carolyn Black,B,+60-13-490-7768,2013-07-11,8,Yes
D103277,Hannah Hayden,B,+60-19-313-0918,2016-04-07,6,Yes
D103278,Donald Jordan,O,+60-10-144-4874,2025-03-22,6,Yes
D103279,Brian Gonzales,B,+60-10-489-9823,2021-05-28,4,No
D103280,Alexandria Smith DDS,O,+60-13-665-6629,2009-12-17,6,Yes
D103281,Diana Bennett,O,+60-19-665-8481,2009-11-11,2,Yes
D103282,Mr. Eric Jackson,O,+60-14-153-9730,2022-02-06,6,Yes
D103283,Lindsay Francis,A,+60-12-068-1038,2013-09-21,3,Yes
D103284,Stacy Davis,A,+60-12-799-5093,2013-08-25,5,No
D103285,Danny Barker,O,+60-10-039-3327,2025-04-01,4,No
D103286,Patricia Taylor,O,+60-13-751-1613,2013-03-03,7,Yes
D103287,Elizabeth Cummings,A,+60-16-278-2779,2011-10-13,5,Yes
D103288,Melissa Hubbard,A,+60-10-006-4041,2019-06-02,6,Yes
D103289,Hector Smith,O,+60-16-561-4400,2009-08-03,6,No
D103290,Sheila Shelton,O,+60-18-252-9416,2007-05-18,2,Yes
D103291,Matthew Ellis,O,+60-11-914-8613,2016-05-19,3,Yes
D103292,Tommy Barnett,A,+60-19-801-2605,2014-10-31,6,Yes
D103293,Laura Fuller,AB,+60-13-520-1023,2012-01-31,6,No
D103294,Jason Rush,O,+60-14-706-9223,2011-01-20,4,Yes
D103295,Shannon Gonzalez,O,+60-14-121-7935,2009-12-15,4,Yes
D103296,Rachel Peterson,A,+60-15-993-2535,2025-03-12,7,Yes
D103297,Christina Johnson,AB,+60-15-469-4688,2012-10-12,3,Yes
D103298,Edward Brown,O,+60-13-661-5122,2014-11-09,7,Yes
D103299,Joseph Wise,A,+60-15-938-0805,2025-11-04,8,Yes
D103300,Joel Jordan,B,+60-17-923-3438,2020-12-24,5,Yes
D103301,Troy Horne,O,+60-14-510-0357,2022-05-14,2,Yes
D103302,Jerry Gibbs,A,+60-14-250-2219,2012-11-27,9,Yes
D103303,Sergio Mueller,B,+60-15-238-6230,2021-07-05,2,No
D103304,Nathan Baker,O,+60-10-041-4326,2009-11-25,4,Yes
D103305,Alexander Gonzalez,B,+60-10-155-2747,2010-01-05,6,Yes
D103306,Victoria Griffith,O,+60-12-804-0661,2022-08-31,4,Yes
D103307,Jennifer Murphy,O,+60-17-185-2946,2022-01-08,5,Yes
D103308,Matthew Parks,A,+60-19-734-4518,2008-04-17,3,Yes
D103309,Anna Bush,A,+60-16-344-1926,2022-07-24,5,Yes
D103310,Michael Anderson,AB,+60-12-858-4701,2018-03-05,5,Yes
D103311,Christy White,O,+60-17-041-2505,2020-03-29,7,No
D103312,Matthew Richard,O,+60-10-446-7399,2022-11-08,5,Yes
D103313,Michael Moore,A,+60-14-885-3869,2026-06-13,5,Yes
D103314,Gabriel Cooper,O,+60-10-627-5540,2026-05-23,7,Yes
D103315,Darrell Brown,B,+60-16-671-3526,2009-03-17,4,Yes
D103316,Courtney Hernandez,O,+60-13-428-4919,2017-05-13,6,Yes
D103317,William Meadows,O,+60-10-955-5567,2026-06-06,1,No
D103318,Jordan Vazquez,A,+60-18-489-0183,2015-04-13,4,Yes
D103319,Jonathan Petty,AB,+60-18-608-6498,2011-06-27,5,Yes
D103320,Donald Lucas,O,+60-18-511-0210,2021-12-10,4,Yes
D103321,Richard Mills,O,+60-15-737-7260,2011-12-05,7,Yes
D103322,Jennifer Sandoval,O,+60-12-095-3028,2012-06-23,8,Yes
D103323,Philip Rodriguez,O,+60-14-167-5355,2011-12-28,3,No
D103324,Audrey Barrera,O,+60-12-268-5381,2015-04-25,6,Yes
D103325,Daniel Villegas,AB,+60-17-432-9964,2015-01-21,3,Yes
D103326,Bianca Sheppard,O,+60-18-460-2259,2023-05-18,4,Yes
D103327,Christopher Reyes,A,+60-16-076-5933,2013-01-22,1,Yes
D103328,Ann Richards,B,+60-17-720-0862,2013-10-03,3,Yes
D103329,Andrew Garrett,B,+60-17-120-2035,2008-10-30,3,Yes
D103330,Daniel Johnson,O,+60-13-680-3599,2018-08-26,3,Yes
D103331,Michelle Fox,B,+60-16-450-2040,2020-11-08,4,Yes
D103332,Barbara Yoder,O,+60-18-056-8542,2026-03-06,3,Yes
D103333,Maria Peterson,A,+60-10-935-5642,2022-09-11,7,Yes
D103334,Emily Phillips,O,+60-16-924-2314,2026-01-07,4,No
D103335,Mrs. Morgan Robinson DDS,AB,+60-18-437-4862,2026-06-21,3,No
D103336,Thomas Murphy,A,+60-17-648-3306,2015-04-15,6,No
D103337,Christopher Garcia,B,+60-12-862-4928,2011-08-05,4,Yes
D103338,Alexis Torres,O,+60-11-487-5985,2014-06-24,9,No
D103339,Rodney Richards,O,+60-13-582-0785,2015-10-07,5,No
D103340,Debbie Zamora,O,+60-12-667-3093,2022-08-14,3,Yes
D103341,Sheila Walters,O,+60-14-184-0297,2016-12-29,6,Yes
D103342,Chad Murray,O,+60-13-222-5130,2009-10-12,6,Yes
D103343,Jessica Lara,B,+60-15-015-1390,2024-10-20,6,Yes
D103344,Jason Spence,A,+60-18-019-6136,2019-12-25,6,Yes
D103345,Christina King,A,+60-15-629-1171,2013-12-13,6,No
D103346,Rhonda Werner,O,+60-12-232-4308,2020-04-30,4,Yes
D103347,Charles Brown,AB,+60-19-460-9967,2016-11-20,6,Yes
D103348,Joshua Vasquez,O,+60-19-442-4141,2024-01-17,4,No
D103349,Kelly Riley,A,+60-19-482-3814,2010-11-17,6,Yes
D103350,James Jenkins,O,+60-15-969-6120,2017-03-04,6,Yes
D103351,Theodore Peters,O,+60-19-241-6669,2024-11-30,9,Yes
D103352,Tanya King,A,+60-19-201-6181,2018-05-30,3,Yes
D103353,Mrs. Alyssa Phillips DVM,B,+60-17-358-9114,2017-06-24,8,Yes
D103354,Keith Summers,O,+60-12-852-3738,2016-05-28,4,Yes
D103355,Kristine Harris,B,+60-15-811-9226,2010-01-29,3,Yes
D103356,Caitlin Smith,O,+60-11-224-5369,2016-12-20,3,Yes
D103357,Virginia Parks,O,+60-12-998-6761,2021-02-21,8,Yes
D103358,Katherine Snyder,O,+60-12-105-7583,2010-08-23,4,Yes
D103359,Tiffany Smith,O,+60-12-326-6924,2018-12-26,4,Yes
D103360,Danielle White,A,+60-18-712-8756,2010-01-23,5,Yes
D103361,Kyle Wells,O,+60-19-201-2575,2024-08-18,4,Yes
D103362,Jacob Vaughn,O,+60-12-219-1016,2020-12-09,4,No
D103363,Sarah Gonzalez,A,+60-16-104-6344,2021-08-28,7,No
D103364,Brian Robinson,O,+60-10-672-0029,2010-12-01,9,Yes
D103365,Christian Williams,O,+60-13-682-3830,2026-08-21,7,No
D103366,Jacqueline Moore,A,+60-19-290-8217,2020-02-03,6,Yes
D103367,Mark Sherman,O,+60-17-144-8735,2018-09-22,7,Yes
D103368,Ashley Pugh,O,+60-16-369-1357,2014-01-27,3,Yes
D103369,Jacob Mckinney,O,+60-12-339-9056,2012-01-15,6,Yes
D103370,Michael Zamora,O,+60-14-767-7859,2012-05-16,8,Yes
D103371,Kyle Chang,A,+60-10-488-6654,2022-06-06,6,No
D103372,Sarah Arnold,A,+60-14-416-5827,2024-11-05,6,No
D103373,Richard Rangel,O,+60-13-663-7846,2019-08-23,3,Yes
D103374,Latasha Russell,B,+60-16-175-0279,2026-03-06,8,Yes
D103375,Curtis Ho,A,+60-18-157-9840,2011-12-12,6,Yes
D103376,Dr. Timothy Harvey,A,+60-10-715-7307,2015-10-05,5,Yes
D103377,Christopher Ward,O,+60-10-209-0446,2009-02-20,4,No
D103378,Scott Stanton,AB,+60-14-580-7536,2017-10-21,11,No
D103379,Ashley Williamson,O,+60-16-434-1068,2024-05-13,8,No
D103380,Lacey Todd,AB,+60-11-931-5627,2025-10-20,7,Yes
D103381,Daniel Carr,A,+60-17-528-3708,2010-09-19,4,Yes
D103382,Timothy Spears,A,+60-19-202-0433,2009-10-15,5,Yes
D103383,Norman James,O,+60-13-213-7989,2021-09-03,7,Yes
D103384,Albert Weaver,A,+60-17-602-0135,2022-01-09,5,No
D103385,Heather Walker,O,+60-11-518-5333,2012-07-22,2,Yes
D103386,John Mcbride,B,+60-17-473-3404,2014-09-03,7,No
D103387,Robert Carr,B,+60-19-776-5951,2011-01-12,7,Yes
D103388,Nicholas Anderson,O,+60-19-298-2361,2009-06-30,3,Yes
D103389,Earl James,O,+60-13-871-4161,2026-06-23,1,No
D103390,Carolyn Parrish,O,+60-19-684-0917,2021-01-26,4,Yes
D103391,Barbara Brown,O,+60-10-156-8966,2006-09-18,2,Yes
D103392,Theresa Montgomery,AB,+60-19-730-0081,2012-12-18,8,No
D103393,Bryan Montes,B,+60-19-062-4404,2019-02-07,4,Yes
D103394,Marcus Ryan,A,+60-12-183-9124,2020-08-04,7,Yes
D103395,Randy Henderson,O,+60-14-200-9339,2019-01-21,3,Yes
D103396,Marcus Rodriguez,AB,+60-15-314-0596,2023-05-21,8,Yes
D103397,Briana Ortiz DDS,O,+60-11-093-6852,2026-07-18,3,Yes
D103398,Matthew Griffith,B,+60-18-921-9828,2019-05-02,5,Yes
D103399,Emily Tate,B,+60-19-488-8720,2017-09-01,7,Yes
D103400,Kathy Moss,O,+60-15-409-5366,2022-02-06,3,Yes
D103401,Stephanie Smith,O,+60-11-807-8203,2010-01-19,2,No
D103402,Wendy Curtis,O,+60-15-707-1096,2016-03-03,3,Yes
D103403,Cassandra Ward,B,+60-18-029-0160,2013-04-30,5,Yes
D103404,Keith Cooper,A,+60-17-572-3778,2023-11-05,3,Yes
D103405,John Cantu,B,+60-17-311-1017,2011-03-24,3,Yes
D103406,Jessica Lewis,O,+60-19-839-6909,2018-07-10,4,No
D103407,Kirsten Carr,A,+60-10-904-1736,2017-12-05,7,Yes
D103408,Timothy Donovan,O,+60-15-374-9813,2008-12-27,5,Yes
D103409,Joshua Young,A,+60-13-627-0040,2024-10-19,6,No
D103410,Christopher Williamson,B,+60-18-155-1294,2024-12-31,2,Yes
D103411,Julie Bowers,O,+60-19-209-6514,2017-05-05,5,Yes
D103412,Jennifer Frazier,B,+60-13-081-2507,2009-05-27,4,No
D103413,Dean Holloway MD,B,+60-14-850-0878,2025-08-15,5,No
D103414,William Warren,B,+60-15-962-1830,2021-05-14,6,Yes
D103415,William White,B,+60-18-199-5754,2020-10-14,4,Yes
D103416,Joshua Mora,A,+60-16-155-9532,2014-03-01,3,No
D103417,Keith Williams,B,+60-16-821-1610,2008-07-27,5,Yes
D103418,Samuel Martinez,B,+60-17-220-0684,2013-04-09,6,Yes
D103419,Leon Hanson,A,+60-11-596-9240,2019-09-11,3,Yes
D103420,Peter Aguilar,O,+60-14-560-2229,2008-08-03,4,Yes
D103421,Heather Turner,B,+60-17-547-7530,2026-06-20,3,Yes
D103422,Courtney Collins,A,+60-14-633-0034,2020-08-24,4,Yes
D103423,Brent Bates,A,+60-14-755-3403,2022-07-25,6,Yes
D103424,Anthony Dodson,AB,+60-19-794-9069,2015-06-01,4,No
D103425,Megan Reyes,B,+60-18-649-5935,2026-03-30,5,Yes
D103426,Janet Williams,O,+60-15-329-0805,2021-03-25,3,Yes
D103427,Michael Marshall,O,+60-13-704-1106,2015-01-25,5,Yes
D103428,Pamela Mayo,A,+60-16-644-0100,2026-07-05,4,No
D103429,Mr. David Miller MD,O,+60-18-577-0306,2020-05-29,3,Yes
D103430,Aaron Thornton,B,+60-10-657-3869,2013-03-30,7,Yes
D103431,Richard Williams,B,+60-16-602-8062,2014-11-26,6,Yes
D103432,Chris Stevens,A,+60-12-740-7586,2010-05-11,7,Yes
D103433,Stephen Lewis,B,+60-13-519-2784,2026-05-21,3,No
D103434,Matthew Rush,A,+60-11-761-0109,2016-12-20,5,No
D103435,Karen Morales,B,+60-12-370-1141,2024-10-12,8,Yes
D103436,Austin Young,O,+60-16-396-1785,2013-12-08,4,Yes
D103437,Jamie Abbott,A,+60-17-115-0074,2025-11-04,4,No
D103438,Joseph Williamson,B,+60-14-070-9154,2009-07-29,3,Yes
D103439,Claire Sanchez,B,+60-16-681-2646,2024-02-24,3,Yes
D103440,Jodi Carter,O,+60-17-203-1423,2016-12-09,6,Yes
D103441,Charles Ruiz,O,+60-13-895-5436,2017-07-13,10,Yes
D103442,Kyle Oliver,O,+60-11-751-8927,2009-03-29,4,Yes
D103443,Justin Flores DVM,AB,+60-10-450-2354,2018-07-23,6,Yes
D103444,Kenneth Cortez,O,+60-16-318-2582,2013-09-27,4,Yes
D103445,Jerome Lee,AB,+60-13-424-4302,2013-01-28,5,Yes
D103446,Melissa Ward,B,+60-14-225-3957,2018-10-02,3,Yes
D103447,Pam Moss,A,+60-16-401-5296,2012-08-13,2,Yes
D103448,Rachel Smith,A,+60-13-796-4480,2010-12-27,3,Yes
D103449,Amy Mccarthy,A,+60-14-041-0331,2008-12-28,3,Yes
D103450,Amy Harvey,AB,+60-13-423-7979,2010-10-28,6,No
D103451,Mitchell Chang,A,+60-11-488-5532,2015-09-02,7,Yes
D103452,William Davis,B,+60-14-235-1221,2025-11-11,6,Yes
D103453,Holly Erickson,A,+60-12-247-2795,2018-09-30,6,No
D103454,Matthew Wood,O,+60-18-030-4082,2023-05-06,4,Yes
D103455,Allison Jackson,AB,+60-13-594-7795,2007-10-25,3,Yes
D103456,Rebecca Gonzalez,O,+60-12-452-8869,2016-10-25,2,Yes
D103457,Joseph Patterson,O,+60-18-936-4873,2026-06-12,4,Yes
D103458,Brandi Murray,O,+60-18-934-9819,2023-09-10,7,Yes
D103459,Robin Davis,O,+60-10-517-5185,2013-01-24,6,Yes
D103460,Austin Branch,O,+60-17-248-1455,2009-03-22,2,Yes
D103461,Linda Davis,B,+60-16-170-6053,2010-02-26,6,Yes
D103462,Dorothy Thompson,O,+60-12-470-6007,2010-06-03,4,Yes
D103463,Carolyn Carroll,B,+60-17-038-5366,2007-05-01,3,Yes
D103464,James Collins,AB,+60-11-344-6013,2020-06-19,4,Yes
D103465,Reginald Jackson,O,+60-12-328-2517,2018-02-18,2,Yes
D103466,Karen Tucker,O,+60-17-590-1855,2012-05-25,6,Yes
D103467,Virginia Terrell,B,+60-15-086-2458,2012-04-02,6,Yes
D103468,Timothy Conner,A,+60-15-391-0686,2024-05-31,5,Yes
D103469,Jeffrey Munoz,O,+60-18-554-5691,2026-03-01,3,Yes
D103470,Deborah Brady,A,+60-13-306-2630,2020-07-02,5,Yes
D103471,Justin Romero,A,+60-18-045-6417,2018-05-08,9,Yes
D103472,Lindsay Spencer,O,+60-13-726-3544,2022-01-05,3,Yes
D103473,Victoria Jones,O,+60-14-852-0202,2016-08-18,4,No
D103474,Douglas Marshall,O,+60-10-450-9123,2024-11-27,4,No
D103475,James Jenkins Jr.,O,+60-18-574-2826,2019-10-30,4,No
D103476,Scott Wolf,B,+60-16-391-1872,2025-05-04,7,Yes
D103477,Gloria Johns,O,+60-16-150-0855,2008-09-24,3,Yes
D103478,Samantha Singh,O,+60-13-221-8556,2026-06-21,4,Yes
D103479,Brittany Johnson,B,+60-19-546-3132,2019-10-13,9,Yes
D103480,Paula Martinez,B,+60-12-355-0827,2013-05-10,6,Yes
D103481,Jeff Carrillo,O,+60-19-071-3974,2010-10-19,2,Yes
D103482,Kyle Kelly,O,+60-15-423-3615,2016-10-07,7,No
D103483,Mr. Christopher Lopez,O,+60-18-756-5543,2019-11-02,2,Yes
D103484,Traci Clayton,A,+60-18-167-6580,2015-04-03,8,Yes
D103485,Melinda Graves,AB,+60-14-659-1717,2011-01-11,6,No
D103486,Angel Garza,B,+60-18-478-8193,2023-07-10,3,No
D103487,Derek Scott,O,+60-11-908-4294,2014-11-08,5,No
D103488,Jason Ortega,O,+60-11-837-9967,2021-12-22,6,Yes
D103489,Justin Gomez MD,A,+60-12-757-7990,2019-12-06,4,Yes
D103490,Michael Vargas MD,A,+60-16-415-4987,2026-08-28,3,Yes
D103491,Shawn Gonzalez,A,+60-16-932-0918,2026-06-02,5,Yes
D103492,Michelle West,A,+60-11-762-8708,2020-01-03,3,Yes
D103493,Timothy Perez,AB,+60-14-549-8162,2014-11-30,4,Yes
D103494,Todd Brady,A,+60-15-481-2249,2011-07-30,3,No
D103495,Meghan Walter,O,+60-19-896-4633,2025-03-09,5,Yes
D103496,James Gonzalez,AB,+60-12-562-6351,2022-06-15,6,Yes
D103497,Cheryl Smith,O,+60-17-733-0474,2019-03-21,7,No
D103498,Ryan Reed,B,+60-10-561-4313,2023-01-15,4,Yes
D103499,Jennifer Rodgers,O,+60-13-595-7681,2011-10-08,2,Yes
D103500,John Buchanan,O,+60-11-486-0022,2021-04-12,8,Yes
D103501,Terrence Hamilton,B,+60-19-460-1402,2009-12-25,3,Yes
D103502,Charles Young,A,+60-16-473-6044,2012-02-09,7,No
D103503,James Martin,A,+60-13-786-9827,2024-07-15,4,Yes
D103504,Derek Hughes,O,+60-14-887-9774,2019-12-20,3,Yes
D103505,David Pierce,O,+60-14-539-6144,2019-12-28,5,Yes
D103506,Ronald Lee,A,+60-11-379-2353,2017-10-20,4,Yes
D103507,Melinda Curry,O,+60-11-060-5146,2019-04-26,4,Yes
D103508,Tiffany Cabrera,B,+60-19-916-5180,2016-06-04,4,Yes
D103509,Ernest Ortiz,A,+60-14-406-3821,2012-04-08,9,No
D103510,Matthew Townsend,O,+60-11-397-7020,2022-03-02,4,Yes
D103511,Steven Olsen,O,+60-11-744-4129,2018-04-30,3,No
D103512,Alexander Roberts,O,+60-10-342-7399,2017-12-01,6,Yes
D103513,Cathy Hughes,O,+60-10-409-0191,2011-09-08,2,Yes
D103514,Adam Knapp,AB,+60-10-902-8972,2024-12-26,3,Yes
D103515,Melinda Williams,A,+60-12-197-1499,2026-01-17,5,Yes
D103516,James Nolan,O,+60-18-214-2741,2021-01-27,3,Yes
D103517,Robert Taylor,A,+60-18-202-1803,2012-10-24,5,Yes
D103518,David Schmidt,O,+60-18-331-2400,2023-04-17,5,Yes
D103519,Brian Jackson,A,+60-11-335-1481,2020-03-24,6,Yes
D103520,Valerie Miller,B,+60-14-858-9893,2023-02-20,8,Yes
D103521,Evan Osborn,A,+60-15-115-8678,2008-10-15,3,Yes
D103522,Ian Klein,B,+60-16-943-1716,2025-05-07,5,Yes
D103523,Dale Valenzuela,A,+60-19-035-0784,2023-03-24,4,Yes
D103524,Anthony Douglas,O,+60-16-866-6945,2010-03-17,5,Yes
D103525,Craig Smith,B,+60-11-897-7655,2017-10-01,4,Yes
D103526,Angela Wilson,O,+60-15-448-5455,2020-01-05,4,Yes
D103527,Jennifer Wilson,O,+60-16-710-3436,2018-08-19,7,Yes
D103528,Jose Ramos,A,+60-19-486-5483,2019-01-10,6,Yes
D103529,Jennifer George,O,+60-15-977-8121,2026-07-04,8,Yes
D103530,David Thomas,B,+60-16-970-0824,2023-10-23,9,Yes
D103531,Robert Hernandez,A,+60-12-558-5671,2008-09-29,4,Yes
D103532,Abigail Stuart,O,+60-14-550-7064,2020-09-01,4,Yes
D103533,Michelle Ali,A,+60-15-061-2277,2021-09-23,6,Yes
D103534,Jason Hunt,B,+60-11-061-6954,2009-07-25,5,Yes
D103535,Eric Williams,O,+60-10-335-0971,2026-07-13,4,Yes
D103536,Mrs. Mary Manning MD,B,+60-18-159-5584,2016-05-28,4,Yes
D103537,Andrew Taylor,B,+60-11-563-0760,2007-05-30,2,Yes
D103538,Leah Ortiz,O,+60-17-017-8835,2026-07-08,3,Yes
D103539,Alicia Wolfe,A,+60-18-704-1881,2016-10-08,6,Yes
D103540,Valerie Campbell,O,+60-15-008-6639,2009-03-02,2,Yes
D103541,Michele Mclean MD,B,+60-17-904-2862,2020-06-23,10,Yes
D103542,Timothy Jackson,O,+60-12-611-4246,2019-12-24,6,No
D103543,Dustin West,O,+60-17-269-5647,2026-03-25,5,Yes
D103544,William Lopez,A,+60-11-656-6383,2017-02-23,3,No
D103545,Amanda Price,A,+60-16-292-9355,2012-06-01,4,Yes
D103546,Yolanda Trujillo,O,+60-11-341-5824,2024-08-18,5,Yes
D103547,Adam Gray,A,+60-11-994-5590,2026-04-08,4,Yes
D103548,Molly Lloyd MD,A,+60-10-363-1668,2014-07-29,5,Yes
D103549,Justin Martinez,O,+60-18-415-1291,2019-09-27,2,No
D103550,James Pope Jr.,O,+60-12-979-5411,2020-03-17,3,Yes
D103551,Curtis Hernandez,A,+60-18-692-3026,2018-01-16,8,Yes
D103552,Maria Espinoza,O,+60-14-770-3534,2019-01-30,4,Yes
D103553,Lisa Jensen,O,+60-12-509-2274,2012-09-26,3,No
D103554,Michael Moyer,O,+60-10-854-5790,2013-10-24,3,Yes
D103555,Robin Lee,A,+60-15-602-2414,2008-05-27,5,Yes
D103556,Eric Flores,A,+60-12-436-4828,2025-12-10,5,Yes
D103557,Arthur Richardson,B,+60-11-561-5332,2021-06-01,2,Yes
D103558,Angela Mills,O,+60-16-155-7668,2018-04-28,4,Yes
D103559,Riley Henderson,B,+60-10-184-4818,2025-09-10,3,Yes
D103560,Mr. Timothy Waller MD,B,+60-17-760-0141,2007-12-23,3,Yes
D103561,Sylvia Erickson,B,+60-14-347-9662,2018-12-15,5,Yes
D103562,Miranda Meyer,AB,+60-13-510-3274,2009-06-09,6,No
D103563,Deborah Chung,B,+60-17-163-7226,2007-12-26,3,Yes
D103564,Daniel Wilson,O,+60-19-954-1132,2012-04-08,2,Yes
D103565,Brian Smith,A,+60-16-748-2324,2017-10-18,4,No
D103566,April Medina,O,+60-14-045-0991,2009-07-21,4,No
D103567,Terry Armstrong,B,+60-11-637-5115,2008-12-25,7,Yes
D103568,Carly Olson,B,+60-12-419-4265,2011-01-28,6,No
D103569,Jennifer Miller,O,+60-16-741-6649,2013-04-17,6,Yes
D103570,Courtney Greene,A,+60-18-541-8548,2014-12-21,10,Yes
D103571,Lauren Martin,A,+60-13-161-6760,2008-10-01,5,Yes
D103572,Tracy Miller,AB,+60-17-278-3123,2019-03-29,5,Yes
D103573,Robert Hampton,O,+60-19-697-7581,2009-07-03,5,Yes
D103574,Amy Schultz,A,+60-13-363-7462,2009-02-15,7,No
D103575,Nathan Armstrong,A,+60-19-147-1815,2016-08-30,4,Yes
D103576,Melanie Morris,O,+60-16-258-6819,2024-04-26,5,Yes
D103577,Brenda Graham,O,+60-15-056-5132,2023-02-06,2,Yes
D103578,Nichole Ford,B,+60-15-321-4385,2016-11-15,3,No
D103579,Denise Hill,B,+60-13-673-4830,2018-06-24,7,Yes
D103580,Michael Lamb,B,+60-11-948-4476,2019-09-07,6,Yes
D103581,Jon Johnson,A,+60-17-047-6106,2022-05-09,2,Yes
D103582,Sara Anderson,O,+60-13-541-9900,2017-06-22,8,Yes
D103583,Jeremy Pace,O,+60-17-370-9724,2012-11-12,2,No
D103584,Dylan Kelly,B,+60-13-613-3695,2023-02-21,7,No
D103585,Danielle Santos,A,+60-14-313-2911,2010-09-12,3,Yes
D103586,Angela Fletcher,A,+60-12-897-0586,2025-08-12,4,Yes
D103587,Terry Middleton,B,+60-11-307-9476,2009-11-28,4,Yes
D103588,Angelica Stein MD,AB,+60-18-760-9972,2020-01-12,6,Yes
D103589,Beth Fox,O,+60-12-599-7922,2017-09-17,5,Yes
D103590,James Vargas,O,+60-14-815-1757,2022-07-13,4,No
D103591,Jacob Skinner,A,+60-15-297-1980,2012-07-18,7,Yes
D103592,Brittany Robbins,AB,+60-19-358-3122,2026-05-08,2,Yes
D103593,Victoria Gross,O,+60-15-321-0799,2025-03-31,6,Yes
D103594,Michelle Bailey,O,+60-13-570-7001,2009-07-15,4,Yes
D103595,Amy Hernandez,A,+60-11-733-7790,2022-09-12,6,No
D103596,Rebekah Miller,A,+60-18-869-1039,2011-10-15,5,No
D103597,Louis Warren,O,+60-10-083-6986,2021-01-18,4,No
D103598,Sheila Snow,AB,+60-18-621-4333,2010-03-23,5,Yes
D103599,Richard Miller,A,+60-18-041-5448,2009-08-08,5,Yes
D103600,Paige Green,B,+60-10-250-7082,2020-06-01,5,Yes
D103601,William Kent,B,+60-18-189-4832,2008-08-08,4,Yes
D103602,Darryl Larsen,O,+60-18-581-4020,2016-03-06,5,No
D103603,Thomas Quinn,A,+60-10-469-1667,2014-02-08,5,No
D103604,Renee Lawson,O,+60-12-803-0797,2021-02-17,8,No
D103605,Nancy Perez,AB,+60-12-460-1505,2026-07-25,5,Yes
D103606,Victoria Soto,A,+60-13-429-2570,2011-10-13,5,Yes
D103607,Scott Rivera,AB,+60-15-898-1984,2013-01-24,6,No
D103608,Sarah Green,O,+60-13-679-1151,2008-10-24,4,Yes
D103609,Christian Martinez,O,+60-16-743-5467,2018-01-22,4,Yes
D103610,Anthony Holmes,O,+60-12-949-3798,2014-11-13,3,No
D103611,Pamela Reed,O,+60-11-492-5981,2008-01-11,2,Yes
D103612,Sara Stewart,O,+60-13-913-8822,2021-07-19,4,Yes
D103613,Chase Bryant,O,+60-12-661-2490,2011-04-09,5,Yes
D103614,Adam Paul,O,+60-19-358-2178,2013-08-27,3,Yes
D103615,Cynthia Flores,A,+60-14-599-4737,2018-08-12,6,Yes
D103616,Ashley Wise,A,+60-15-733-8805,2023-06-20,4,No
D103617,Emma Mitchell,A,+60-14-384-8661,2022-10-13,5,Yes
D103618,Matthew Terry,O,+60-18-566-4481,2008-11-20,5,No
D103619,Richard Hale,A,+60-19-126-8256,2011-04-06,3,Yes
D103620,Claudia Morgan,O,+60-15-746-5098,2018-03-06,2,Yes
D103621,Brendan Cole,B,+60-10-405-7310,2011-02-13,7,No
D103622,Danielle Davis,A,+60-12-591-2475,2013-12-18,5,Yes
D103623,Jennifer Freeman,O,+60-15-300-6070,2021-01-11,6,Yes
D103624,Alexander Walker,B,+60-12-497-3384,2012-01-12,12,Yes
D103625,Joseph Hoover,O,+60-19-277-3098,2007-04-12,3,Yes
D103626,Lisa Gonzalez,O,+60-14-157-2608,2022-10-02,6,Yes
D103627,Matthew Thompson,B,+60-19-969-4236,2015-09-14,4,Yes
D103628,Steven Ortiz,B,+60-11-867-8812,2026-08-02,5,No
D103629,William Frost,A,+60-18-703-5243,2019-06-25,5,Yes
D103630,Jermaine Elliott,B,+60-14-583-6581,2020-12-25,5,Yes
D103631,Teresa Duarte,A,+60-17-353-0819,2012-06-03,4,Yes
D103632,Noah Morris,A,+60-11-508-6912,2023-01-23,7,Yes
D103633,Carol Navarro,O,+60-15-548-1196,2009-04-10,2,No
D103634,Jason Cox,A,+60-19-536-0503,2023-08-07,2,No
D103635,Shawn Henderson,B,+60-16-926-0139,2019-08-07,9,No
D103636,Mackenzie Lozano,O,+60-12-763-7548,2025-10-31,5,Yes
D103637,Tracy Cooper,O,+60-15-268-9184,2013-08-06,5,No
D103638,Paul Moody,O,+60-12-322-2129,2023-04-10,2,Yes
D103639,Shane Miller,O,+60-14-143-1470,2021-06-20,4,No
D103640,Christine Alvarado,AB,+60-19-927-3362,2019-05-02,5,No
D103641,Russell Hunter,O,+60-15-560-1296,2019-03-09,4,Yes
D103642,Joel Johnson,B,+60-11-148-4800,2014-07-13,4,Yes
D103643,Natasha Gonzales,AB,+60-18-266-6231,2010-10-23,4,Yes
D103644,Frank Melton,AB,+60-11-020-1827,2015-02-01,9,Yes
D103645,Nicholas Collier DVM,A,+60-18-901-0229,2024-05-10,8,No
D103646,Jeffery Vargas,A,+60-18-120-0684,2025-04-27,5,Yes
D103647,Sheila Zamora,A,+60-17-017-8638,2026-01-24,2,Yes
D103648,Charles Butler,O,+60-16-384-0997,2017-03-09,6,No
D103649,Jacob Evans,O,+60-10-326-5440,2026-06-21,6,Yes
D103650,Dr. Kelly Walker,O,+60-10-921-1578,2020-10-23,5,Yes
D103651,Megan Smith,A,+60-18-877-5452,2015-08-05,3,Yes
D103652,Deborah Hunt,O,+60-14-178-1403,2023-03-07,9,No
D103653,Alexander Sanchez,A,+60-11-221-3298,2007-11-03,4,Yes
D103654,Veronica Griffin,AB,+60-15-499-7322,2010-01-19,6,Yes
D103655,Molly Smith,O,+60-13-255-7443,2014-06-26,2,Yes
D103656,Nicole Perkins,O,+60-18-844-4536,2018-06-18,5,Yes
D103657,Jacqueline Williamson,O,+60-13-011-7355,2026-05-17,2,Yes
D103658,Margaret Gonzalez,B,+60-10-665-5978,2021-12-26,5,Yes
D103659,Leslie Harrington,B,+60-16-125-9303,2026-05-31,1,No
D103660,Erik Barron,AB,+60-11-032-4655,2017-05-23,7,Yes
D103661,Travis Reynolds,A,+60-17-293-4384,2021-10-30,4,Yes
D103662,Tara Haney,AB,+60-17-280-6793,2015-11-27,6,Yes
D103663,Mary Kennedy,B,+60-11-237-7124,2008-01-30,1,No
D103664,Alejandra Turner,O,+60-19-809-1801,2013-10-01,8,Yes
D103665,James Grant,B,+60-10-085-2586,2016-09-20,3,Yes
D103666,Kimberly Bass DDS,O,+60-16-481-0995,2017-11-13,2,Yes
D103667,Denise Floyd,B,+60-16-790-9459,2020-03-30,7,Yes
D103668,Donald Lee,O,+60-12-890-8764,2026-02-21,4,Yes
D103669,John Myers,O,+60-15-065-7259,2014-06-25,6,Yes
D103670,Barbara Moses,B,+60-12-060-5367,2024-05-30,8,Yes
D103671,David Richardson,A,+60-14-968-2378,2011-08-09,4,Yes
D103672,Kelly Gonzalez,A,+60-11-321-0641,2019-01-23,7,Yes
D103673,Allison Juarez,B,+60-18-290-8593,2022-11-27,1,Yes
D103674,Marvin Nguyen,B,+60-13-621-8101,2008-11-25,5,Yes
D103675,Alyssa Murray,O,+60-19-272-0664,2019-06-24,3,Yes
D103676,Kimberly Lopez,B,+60-15-759-7181,2008-11-19,1,Yes
D103677,Charles Jenkins,B,+60-15-058-5827,2015-11-14,6,Yes
D103678,Carrie Olson,O,+60-19-657-6245,2016-10-08,2,No
D103679,Joseph Reilly,A,+60-14-068-8462,2013-08-04,5,Yes
D103680,Daniel Howard,O,+60-13-091-6496,2009-08-17,7,Yes
D103681,Christopher Bentley MD,AB,+60-14-929-4790,2015-06-24,3,No
D103682,Cindy Ochoa,A,+60-12-144-4184,2026-07-28,4,No
D103683,Justin Hawkins,A,+60-13-818-9049,2021-02-11,9,Yes
D103684,David Martin,B,+60-18-370-5359,2014-09-03,5,Yes
D103685,April Vega,B,+60-13-260-7221,2015-07-16,8,Yes
D103686,Michael Wilson,B,+60-10-579-7243,2012-03-16,5,Yes
D103687,Richard Pacheco,O,+60-14-896-3310,2022-07-29,5,Yes
D103688,Jesse Miller,AB,+60-19-195-2080,2026-05-03,2,Yes
D103689,Jesse Williams,O,+60-17-005-6022,2020-04-26,3,Yes
D103690,Kelly Scott,B,+60-15-563-4198,2012-08-28,7,No
D103691,Deborah Becker,A,+60-12-791-6281,2019-09-05,2,Yes
D103692,Julia Mason,A,+60-16-444-8135,2015-02-23,5,Yes
D103693,Jill Reese MD,O,+60-10-686-5906,2022-01-27,10,No
D103694,Timothy Gentry,B,+60-11-750-6546,2013-03-17,5,Yes
D103695,Mary James,A,+60-10-321-9068,2025-11-27,7,Yes
D103696,Darren Gray,A,+60-16-155-7052,2016-06-20,4,No
D103697,Sharon Gonzales,O,+60-18-960-3484,2020-03-17,3,Yes
D103698,Christopher Buckley,A,+60-17-430-3086,2019-01-28,2,Yes
D103699,Jared Williams,O,+60-15-559-0168,2016-09-06,4,Yes
D103700,Emma Henderson,A,+60-11-248-2300,2008-12-04,3,Yes
D103701,Cathy Ford,AB,+60-12-224-8702,2020-09-21,5,Yes
D103702,Nancy Donovan,A,+60-16-546-9819,2017-04-13,5,Yes
D103703,Patricia Blankenship,O,+60-15-675-4461,2024-06-16,7,Yes
D103704,Vincent Allen,O,+60-17-912-1789,2014-11-13,4,No
D103705,Vickie Taylor,O,+60-18-926-0675,2010-01-31,4,Yes
D103706,Cindy Fisher,O,+60-10-359-7765,2026-06-04,3,Yes
D103707,James Mitchell,O,+60-13-457-7739,2009-07-31,6,Yes
D103708,Anthony Small,O,+60-14-023-7262,2017-04-03,6,Yes
D103709,Tracy Melton,O,+60-18-408-8836,2011-04-06,3,No
D103710,Jeremy Lopez,A,+60-11-076-6418,2026-04-24,4,Yes
D103711,Michael Moore,O,+60-12-886-1852,2008-09-12,3,Yes
D103712,Emily Webb,B,+60-14-000-7952,2023-08-22,3,Yes
D103713,James Copeland DDS,A,+60-14-230-5956,2012-12-13,6,Yes
D103714,Tammy Bates,O,+60-17-430-2985,2009-09-14,5,No
D103715,Gary Wilson,O,+60-12-222-0023,2017-06-13,10,Yes
D103716,Kimberly Pineda,B,+60-12-269-8877,2026-02-19,6,Yes
D103717,Crystal English,O,+60-12-728-0424,2026-09-02,6,Yes
D103718,Mark Elliott,A,+60-16-389-4410,2016-03-18,6,Yes
D103719,Daniel Stevenson,A,+60-13-028-4064,2026-07-12,3,No
D103720,Edward Reyes,B,+60-16-629-1943,2009-07-15,4,Yes
D103721,Amy Greer,A,+60-13-012-4655,2020-03-09,6,Yes
D103722,Lynn Hines,O,+60-16-094-5453,2023-03-27,5,Yes
D103723,Brent Garcia,O,+60-15-367-0036,2026-05-13,6,Yes
D103724,Erik Alexander,A,+60-17-386-8182,2017-04-27,3,Yes
D103725,Eric Owen,B,+60-11-411-3868,2013-12-09,11,Yes
D103726,Albert Jackson,B,+60-12-572-2511,2021-05-03,6,Yes
D103727,Jeffrey Brown,A,+60-12-238-5388,2025-03-23,9,No
D103728,Stephanie Conner,A,+60-12-077-4022,2011-05-08,5,Yes
D103729,Colleen Rose,B,+60-19-354-2755,2018-06-29,3,Yes
D103730,Daniel Santiago,O,+60-10-950-9641,2025-03-17,6,Yes
D103731,Laura Wade MD,A,+60-13-049-5843,2011-04-16,3,Yes
D103732,Susan Payne,A,+60-15-749-5724,2025-08-31,3,No
D103733,Brittany Walker,O,+60-17-818-6706,2013-06-22,4,Yes
D103734,David Hernandez,O,+60-11-057-6263,2019-08-30,4,No
D103735,Michael Smith,A,+60-10-831-9662,2020-11-27,5,Yes
D103736,Deborah Sandoval,O,+60-18-898-3624,2015-10-10,7,Yes
D103737,Laura Zamora,A,+60-19-448-1956,2010-11-10,5,Yes
D103738,John Livingston,O,+60-10-879-7228,2024-03-09,4,Yes
D103739,Michael Rodriguez,B,+60-17-825-1386,2018-10-02,5,Yes
D103740,Robert Bush,O,+60-18-226-8863,2026-06-26,3,Yes
D103741,Jose Navarro,AB,+60-11-818-4362,2013-04-06,3,No
D103742,Alison Neal,B,+60-14-965-8335,2026-07-27,4,Yes
D103743,Erin Sanchez,B,+60-10-128-2676,2011-12-22,4,No
D103744,Lonnie Schneider,O,+60-19-410-7593,2026-02-15,7,Yes
D103745,Nicholas White,O,+60-18-302-9536,2024-07-15,8,No
D103746,Lindsey Mclaughlin,O,+60-13-828-9916,2026-05-06,5,Yes
D103747,Matthew Burton,B,+60-10-865-1893,2010-07-27,4,No
D103748,Tammy Bridges,O,+60-14-183-9283,2015-02-10,7,Yes
D103749,William Berry,A,+60-10-182-1073,2008-02-17,2,Yes
D103750,Mr. Jonathan Howard,A,+60-10-707-3775,2019-10-13,5,Yes
D103751,Kelli Roman,O,+60-14-779-9855,2018-07-10,7,Yes
D103752,Angel Washington,A,+60-10-623-5376,2014-10-23,3,Yes
D103753,Samuel Johnson,B,+60-15-940-8683,2016-11-10,6,Yes
D103754,Barbara Jacobson,O,+60-12-583-1748,2017-01-03,3,No
D103755,Ariana Brown,B,+60-18-612-6953,2025-06-25,4,Yes
D103756,Dennis Wagner,A,+60-16-084-3169,2026-03-25,7,Yes
D103757,Kenneth Chung,A,+60-19-568-6380,2019-11-28,6,No
D103758,Michele Wilson,O,+60-11-694-5120,2021-10-17,6,Yes
D103759,Susan Butler,O,+60-17-560-7733,2009-10-19,6,Yes
D103760,Mrs. Lisa Andrews,O,+60-19-647-2500,2018-10-23,6,Yes
D103761,Oscar Lester,A,+60-14-953-8368,2024-05-06,3,Yes
D103762,Luis Miller,O,+60-14-253-1730,2008-12-12,5,Yes
D103763,Carrie Green,B,+60-12-043-0092,2016-02-28,3,No
D103764,James Johnson,A,+60-10-960-7206,2012-02-19,5,Yes
D103765,Cathy Brown,O,+60-14-991-8268,2020-09-10,4,Yes
D103766,Richard Huber,O,+60-19-264-0961,2024-02-15,4,No
D103767,Joseph Curtis,A,+60-17-735-4995,2010-03-27,5,Yes
D103768,Brittany Williams,B,+60-14-308-8499,2007-11-21,3,Yes
D103769,Carlos Stewart Jr.,O,+60-14-496-3316,2009-06-27,3,Yes
D103770,Margaret Chavez,A,+60-15-205-7613,2026-05-22,3,No
D103771,Bryce Williamson,O,+60-13-639-7857,2011-12-21,7,Yes
D103772,Deborah Simon,O,+60-12-512-1516,2013-07-04,4,Yes
D103773,Deborah Evans,A,+60-15-359-3000,2013-07-29,3,Yes
D103774,Benjamin Simmons,AB,+60-14-854-0377,2014-06-05,7,Yes
D103775,Meagan Sullivan,AB,+60-17-509-2330,2025-01-04,3,Yes
D103776,Jessica Guerra,A,+60-17-341-4197,2021-01-03,5,Yes
D103777,Kara Douglas,O,+60-12-495-4804,2018-05-01,3,Yes
D103778,Lance Collins,A,+60-10-191-6034,2024-03-09,3,Yes
D103779,Stephen Andrews,AB,+60-15-206-8648,2020-10-20,3,No
D103780,Gerald Miller,A,+60-14-456-5283,2009-10-01,4,Yes
D103781,Darren Morgan,O,+60-10-321-8396,2018-01-31,6,Yes
D103782,Amy Lee DDS,O,+60-10-714-2364,2009-06-01,3,No
D103783,John Velez,A,+60-15-723-2393,2019-01-23,6,Yes
D103784,Deborah Deleon,O,+60-13-809-5819,2021-10-24,5,Yes
D103785,Jennifer Foley,O,+60-11-753-3426,2009-10-02,3,Yes
D103786,Ashley Wright,B,+60-17-984-5875,2021-07-10,4,Yes
D103787,Kelly Davis,A,+60-18-638-6108,2011-08-26,4,Yes
D103788,Latasha Smith,O,+60-18-219-1872,2026-08-05,7,No
D103789,Lindsey Chen,O,+60-16-503-3035,2017-05-23,5,Yes
D103790,Mr. Joshua Branch MD,O,+60-16-908-2053,2016-11-03,4,No
D103791,Michelle Norman,B,+60-16-181-9452,2018-07-23,2,Yes
D103792,Scott Martin PhD,B,+60-18-102-1713,2016-08-27,4,Yes
D103793,Kristina Rice,A,+60-13-126-1732,2008-03-01,3,Yes
D103794,Bradley Meyer,B,+60-13-198-8478,2017-09-17,7,Yes
D103795,Joshua Gilmore,B,+60-10-966-1688,2009-10-12,6,No
D103796,Alexander Morris,A,+60-17-619-9909,2015-11-23,5,Yes
D103797,Brian Sanchez,AB,+60-14-083-8873,2012-06-25,4,Yes
D103798,Jordan Decker,A,+60-19-094-3607,2022-10-31,3,Yes
D103799,Gregory Hardy,O,+60-12-575-4265,2026-05-31,5,Yes
D103800,Douglas Walker,AB,+60-12-862-9484,2016-03-15,7,Yes
D103801,Marc Parks,O,+60-13-001-3964,2018-10-14,8,Yes
D103802,Patricia Baker,A,+60-18-557-5848,2026-06-11,5,Yes
D103803,Zachary Williamson,O,+60-11-527-2997,2025-10-29,5,Yes
D103804,Susan Atkins,O,+60-14-049-6971,2015-07-19,5,Yes
D103805,Tamara Davis,A,+60-17-047-5722,2016-04-23,6,Yes
D103806,Jeffrey Robinson,B,+60-18-896-3068,2023-01-10,6,Yes
D103807,Janet Taylor,B,+60-16-268-4213,2019-10-01,4,Yes
D103808,Cameron Guzman,A,+60-14-075-6887,2015-05-30,4,Yes
D103809,Sierra Thomas,O,+60-11-512-9968,2026-04-29,6,Yes
D103810,Christy Crawford PhD,O,+60-11-184-5947,2026-04-02,3,Yes
D103811,Patty Snyder,O,+60-10-790-6262,2016-02-12,7,No
D103812,Christian Cherry,O,+60-18-478-7098,2014-10-25,5,Yes
D103813,Maria Stewart,B,+60-14-875-1380,2014-04-13,3,Yes
D103814,Tiffany Bailey,A,+60-15-315-1388,2021-10-25,6,Yes
D103815,Amanda Moore,B,+60-16-948-9030,2019-09-02,5,Yes
D103816,Michael Parks,A,+60-19-018-0041,2011-04-29,4,Yes
D103817,Adam Carroll,O,+60-17-264-4903,2017-07-24,5,Yes
D103818,Scott Abbott,O,+60-15-431-6472,2026-05-22,7,Yes
D103819,Brandon Wade,O,+60-10-258-9855,2010-07-29,3,Yes
D103820,Mark Wells,O,+60-13-928-0445,2021-08-08,7,Yes
D103821,Joshua Evans,O,+60-13-239-4296,2024-04-30,4,Yes
D103822,Mark Lewis,A,+60-17-714-7982,2026-03-13,4,Yes
D103823,Barbara Mitchell,O,+60-18-244-6718,2012-02-07,10,Yes
D103824,Christine Stewart,B,+60-15-550-8339,2014-11-17,8,No
D103825,Christian Thompson,O,+60-14-748-8914,2021-08-10,4,Yes
D103826,Christopher Reynolds,AB,+60-12-737-9426,2009-07-02,5,Yes
D103827,Rebecca Sanchez,O,+60-16-942-6541,2020-10-14,4,Yes
D103828,Joseph Montoya,B,+60-16-856-9729,2023-06-12,6,No
D103829,Daniel Mosley,A,+60-17-668-1743,2016-10-16,7,No
D103830,Thomas Hunter,O,+60-18-356-1301,2021-09-01,5,Yes
D103831,Stephanie Vargas,B,+60-12-660-4770,2024-12-20,7,Yes
D103832,Edward Shelton,B,+60-17-679-8948,2013-08-23,8,Yes
D103833,Carrie Oneill,O,+60-14-502-7646,2020-11-02,6,Yes
D103834,Ashley Reed,O,+60-18-968-5048,2014-07-11,4,Yes
D103835,Steven Foster,A,+60-17-491-9768,2026-03-05,2,Yes
D103836,Heather Marquez,O,+60-16-988-5706,2013-05-05,4,Yes
D103837,Brittany Carpenter,O,+60-12-802-6026,2026-06-26,7,Yes
D103838,Hannah Hansen,O,+60-10-827-8608,2012-09-06,3,Yes
D103839,Deanna Rogers,A,+60-16-496-0634,2011-03-30,9,Yes
D103840,Charles Brown,AB,+60-16-515-7874,2019-01-27,3,Yes
D103841,David Roberts,O,+60-14-955-0630,2018-02-16,8,Yes
D103842,Jack Garcia,A,+60-15-931-4807,2019-06-25,8,Yes
D103843,Scott Crawford,O,+60-14-646-9789,2024-06-12,6,Yes
D103844,Jeremy Rodriguez,B,+60-18-368-2390,2022-08-22,6,Yes
D103845,Ryan Cooper,O,+60-11-541-0824,2022-04-26,2,No
D103846,John Edwards,B,+60-15-401-2778,2018-05-30,9,Yes
D103847,Noah Johnson,O,+60-12-147-8049,2025-02-27,7,Yes
D103848,Kevin Jackson,O,+60-17-507-3050,2022-01-06,6,Yes
D103849,Thomas Marshall,B,+60-13-574-5145,2019-07-18,6,Yes
D103850,Brian Conway,O,+60-16-460-3041,2012-04-25,6,Yes
D103851,Kari Parker,O,+60-15-075-1253,2026-03-04,2,Yes
D103852,Kimberly Medina,B,+60-14-804-7272,2016-10-31,7,Yes
D103853,Jessica Blackwell,O,+60-13-597-8704,2018-03-11,6,Yes
D103854,Peter Moran,AB,+60-18-426-0823,2016-04-06,5,Yes
D103855,Edward Williams,AB,+60-11-941-3654,2026-05-21,10,Yes
D103856,David Lawrence,A,+60-10-054-5790,2008-08-05,2,Yes
D103857,Samuel Roberts,O,+60-17-266-8540,2010-10-16,3,No
D103858,John Hernandez,B,+60-19-547-1572,2017-11-16,3,Yes
D103859,Jodi Baker,B,+60-11-682-1314,2018-12-28,6,Yes
D103860,Jennifer Gregory,O,+60-18-593-0586,2013-05-05,10,Yes
D103861,Warren Hernandez,O,+60-12-466-4288,2020-10-30,6,No
D103862,Anne Hayes,A,+60-14-027-3260,2025-07-20,4,Yes
D103863,Michael Hernandez,O,+60-16-954-4732,2010-01-18,8,No
D103864,Timothy Harris,A,+60-16-398-2835,2020-07-26,6,No
D103865,Lonnie Morse,A,+60-16-574-9686,2025-03-17,4,Yes
D103866,Jennifer Moody,O,+60-19-499-6832,2008-10-05,5,Yes
D103867,Nancy Irwin,AB,+60-12-426-2298,2025-04-11,6,Yes
D103868,Bradley Hall,B,+60-19-245-3072,2019-01-25,4,Yes
D103869,Jennifer Trujillo,A,+60-12-364-0607,2020-05-20,4,Yes
D103870,Luke Jordan,A,+60-16-880-2606,2025-06-16,6,Yes
D103871,Pamela Bean,B,+60-15-444-4329,2009-10-09,3,Yes
D103872,Nicole Martin,O,+60-18-386-1472,2010-07-09,6,Yes
D103873,Robert Bennett,A,+60-14-662-6231,2010-03-29,8,Yes
D103874,Timothy Fischer,O,+60-16-065-6629,2017-03-15,7,Yes
D103875,Michael Williams,AB,+60-13-605-7232,2025-10-01,4,Yes
D103876,Jonathan Willis,AB,+60-17-333-4298,2016-05-16,9,Yes
D103877,Bryan Mccullough,O,+60-10-831-6154,2023-11-24,2,No
D103878,Barbara Taylor,O,+60-14-408-1355,2014-09-15,4,Yes
D103879,Kenneth Combs,O,+60-10-591-6785,2019-10-07,6,Yes
D103880,Joshua Wong,A,+60-13-746-2573,2017-09-01,4,Yes
D103881,Dana Stevenson,O,+60-16-898-1124,2025-07-30,5,No
D103882,Paul White,O,+60-18-385-0718,2024-12-16,1,Yes
D103883,Paul Mendoza,A,+60-11-027-1710,2016-07-04,8,Yes
D103884,Debbie Jimenez MD,AB,+60-19-474-3844,2019-02-20,11,Yes
D103885,Ann Hunt,A,+60-14-408-6263,2025-09-04,7,Yes
D103886,Kendra Herrera,A,+60-14-332-3175,2018-09-01,2,Yes
D103887,Joseph Kennedy,O,+60-12-696-8318,2018-11-19,7,Yes
D103888,Thomas Ruiz,A,+60-17-578-9212,2012-11-20,2,Yes
D103889,Laura Rivera,A,+60-15-075-1557,2012-09-28,3,No
D103890,Patrick Wood,B,+60-19-720-1659,2026-09-01,6,Yes
D103891,Kelly Barnes MD,A,+60-12-026-1951,2018-03-22,7,Yes
D103892,Molly Clark,O,+60-15-006-4326,2026-08-15,4,Yes
D103893,Samuel Guerra,B,+60-13-695-2485,2014-07-27,4,Yes
D103894,Christina Snyder,O,+60-14-123-6722,2025-05-29,5,Yes
D103895,Carrie Kane,O,+60-13-306-8194,2021-05-08,2,Yes
D103896,Jessica Woodard,A,+60-19-789-9336,2026-06-15,4,No
D103897,Sarah Shea,B,+60-12-053-7899,2023-05-09,6,Yes
D103898,Samantha Schmitt,A,+60-11-791-4102,2025-11-28,6,Yes
D103899,Julie Lester,A,+60-14-127-0773,2021-08-12,6,Yes
D103900,Monica Weber,B,+60-17-471-0423,2015-07-06,1,Yes
D103901,Jack Love,A,+60-15-372-0265,2024-06-24,6,Yes
D103902,Jesus Johnston,O,+60-14-549-1855,2017-08-19,8,Yes
D103903,Karen Wilson,A,+60-19-040-4867,2018-04-28,7,Yes
D103904,Laura Hardy,A,+60-14-148-5304,2019-04-11,3,Yes
D103905,Troy Howard,B,+60-17-390-7198,2008-06-07,1,No
D103906,Donna Lynch,B,+60-10-524-4001,2012-08-29,10,No
D103907,Allison Mccullough,O,+60-15-528-3169,2015-08-28,5,Yes
D103908,Heather Bennett,O,+60-16-942-5480,2023-12-28,7,Yes
D103909,Brian Hart,A,+60-19-404-3787,2011-12-26,7,Yes
D103910,Jane Ortega,O,+60-13-563-1330,2025-06-16,4,Yes
D103911,Heather Cardenas,AB,+60-16-898-8757,2014-03-16,5,No
D103912,Lisa Le,A,+60-19-173-3287,2022-11-23,6,Yes
D103913,Joshua Smith,O,+60-17-846-1755,2015-10-02,8,Yes
D103914,Sean Carroll,O,+60-15-109-0718,2008-11-18,4,No
D103915,Alex Daniel,A,+60-16-003-2254,2025-10-09,5,Yes
D103916,Brittany Hansen,O,+60-19-308-0032,2015-03-30,3,Yes
D103917,Ralph Barron,O,+60-17-492-9718,2012-05-27,2,No
D103918,Marcus Spence,A,+60-14-213-0441,2014-01-25,2,Yes
D103919,Jade Perez,A,+60-18-791-8409,2018-04-02,6,Yes
D103920,Dominic Lopez,AB,+60-13-332-5999,2019-05-25,5,No
D103921,Eric Pierce,A,+60-17-755-0822,2015-01-30,3,No
D103922,Sara Ward,O,+60-16-467-4867,2022-05-28,4,Yes
D103923,Mary Harris,A,+60-19-198-0847,2020-09-13,3,Yes
D103924,Sara Hughes,O,+60-14-288-6210,2020-09-29,6,Yes
D103925,Sylvia Carter,B,+60-13-415-6295,2023-06-19,7,Yes
D103926,Brian Price,O,+60-11-391-3606,2018-06-08,4,Yes
D103927,Michael Mckenzie,A,+60-12-336-6254,2013-05-10,1,Yes
D103928,Kathryn Arnold,O,+60-19-728-4259,2009-05-09,5,Yes
D103929,Robert Wallace,O,+60-10-586-5606,2008-10-17,4,Yes
D103930,Ricardo Ellis,B,+60-11-401-1132,2018-09-29,3,Yes
D103931,David Williams,A,+60-17-503-6631,2008-07-31,5,No
D103932,John Thomas,B,+60-16-881-2703,2025-10-31,6,Yes
D103933,Mrs. Brianna Dawson,A,+60-11-949-2307,2010-09-11,2,Yes
D103934,David Whitaker,AB,+60-15-926-5040,2010-06-22,6,Yes
D103935,Robert Miller,AB,+60-18-573-8255,2021-12-03,4,Yes
D103936,Christopher Summers,AB,+60-19-072-0902,2012-08-01,10,Yes
D103937,Dr. Bethany Johnson,O,+60-17-884-0037,2022-10-12,6,Yes
D103938,John Salazar,A,+60-10-503-3518,2025-08-24,7,No
D103939,Kimberly Wright,A,+60-11-231-3121,2025-05-28,1,Yes
D103940,Jacob Morgan,A,+60-15-462-3786,2013-06-01,8,Yes
D103941,John Snyder,A,+60-10-075-3533,2012-08-12,3,Yes
D103942,Leslie Harrison,A,+60-13-715-8194,2015-11-26,4,Yes
D103943,Jessica Phillips,O,+60-12-125-8505,2015-07-15,1,Yes
D103944,Stephanie Curtis,O,+60-12-075-0474,2015-11-24,4,No
D103945,Ashley Knapp,A,+60-17-472-2240,2011-05-16,4,No
D103946,James Gray,A,+60-17-443-1181,2014-07-01,3,Yes
D103947,Michelle Collier,A,+60-15-602-1414,2024-11-01,4,Yes
D103948,Sara Becker,O,+60-10-889-9789,2010-03-27,2,Yes
D103949,Beverly Jones,B,+60-13-805-9945,2016-03-13,9,Yes
D103950,Kenneth Waters,AB,+60-14-125-8567,2026-07-20,3,No
D103951,Matthew Weber,AB,+60-18-892-0502,2015-01-03,4,No
D103952,Kyle Neal,A,+60-19-963-2551,2010-08-01,4,Yes
D103953,Sheila Smith,A,+60-13-266-5591,2023-03-29,4,Yes
D103954,James Oliver,A,+60-13-040-2015,2018-11-08,2,Yes
D103955,Theresa Waller,O,+60-16-716-9471,2022-01-04,4,No
D103956,Bailey Moreno,O,+60-11-472-8446,2007-10-15,4,Yes
D103957,Gregory Davis,O,+60-18-239-0487,2010-08-09,4,No
D103958,Jose Torres,O,+60-17-259-3744,2007-10-03,3,Yes
D103959,Leah Roy,A,+60-15-476-2760,2026-06-10,2,Yes
D103960,Andrew Williams,A,+60-17-950-8752,2022-12-10,7,Yes
D103961,Stephanie Martinez,O,+60-18-287-3778,2022-07-18,9,Yes
D103962,Thomas Taylor,A,+60-15-220-1288,2026-07-28,3,No
D103963,Noah Phillips,A,+60-10-000-0554,2014-04-21,1,Yes
D103964,John Moore,O,+60-14-878-6214,2019-05-06,5,Yes
D103965,Andrew Nguyen,A,+60-10-905-1128,2017-07-12,3,Yes
D103966,Thomas Smith,A,+60-18-977-1455,2018-07-13,2,Yes
D103967,Logan Rose,A,+60-14-394-9597,2015-08-16,5,Yes
D103968,Caroline Castro,A,+60-19-438-3006,2018-10-01,7,Yes
D103969,Justin Wilson,A,+60-10-528-9150,2022-01-07,4,No
D103970,Patricia Tran,B,+60-15-315-9919,2014-12-17,8,Yes
D103971,Sharon Bowen,AB,+60-14-286-9935,2010-08-31,1,Yes
D103972,Andrea Mccarthy,A,+60-12-956-6708,2018-09-13,5,Yes
D103973,Joshua Wright,O,+60-13-721-1286,2016-09-30,4,Yes
D103974,Mrs. Hannah Mccarty,AB,+60-19-645-1987,2012-08-17,4,Yes
D103975,Katie Fisher,O,+60-12-685-4054,2019-07-18,6,Yes
D103976,Mark Moss,B,+60-16-159-5657,2013-05-22,4,Yes
D103977,Lucas Miller,A,+60-12-006-4046,2016-07-02,5,Yes
D103978,Mr. Dylan Faulkner,O,+60-12-541-5597,2018-03-06,7,Yes
D103979,Sergio Howard,B,+60-11-789-6673,2026-04-05,4,Yes
D103980,Michelle Rice,AB,+60-18-308-2802,2013-08-05,5,Yes
D103981,Ashley Stanton,O,+60-18-420-6165,2015-05-07,2,Yes
D103982,Ryan Thompson,O,+60-16-544-7233,2026-07-30,2,Yes
D103983,Mary Fernandez,B,+60-16-319-1069,2026-04-12,8,Yes
D103984,Ashley Hickman,O,+60-13-136-3269,2026-04-09,3,Yes
D103985,Garrett Underwood II,AB,+60-12-274-8077,2019-01-12,4,Yes
D103986,Maria Rodriguez,O,+60-14-416-7281,2019-10-13,7,Yes
D103987,Isaac Johnson,A,+60-13-705-7941,2023-10-11,5,Yes
D103988,Betty Randall,A,+60-16-750-7679,2010-09-08,9,Yes
D103989,Jacob Pearson,O,+60-11-166-4628,2025-02-24,2,Yes
D103990,Edward Cameron,B,+60-10-336-5835,2016-11-12,6,Yes
D103991,Christopher Morgan,O,+60-19-299-8225,2013-08-15,5,Yes
D103992,Charles Gilbert,AB,+60-19-216-0608,2026-05-01,6,Yes
D103993,Brittany Fitzgerald,O,+60-17-394-5657,2020-02-02,9,Yes
D103994,Michelle Hurst,A,+60-12-933-5163,2025-03-12,2,Yes
D103995,Alexandra Sanders,AB,+60-14-057-5258,2007-12-23,1,Yes
D103996,Gordon Oliver,AB,+60-14-546-7816,2023-03-22,4,Yes
D103997,Hannah Smith,O,+60-11-034-3253,2026-05-13,3,No
D103998,Richard Baker,O,+60-10-188-0838,2018-02-24,4,Yes
D103999,Casey Pratt,O,+60-13-396-9924,2022-11-28,9,Yes
D104000,Elizabeth Ross,A,+60-14-144-8769,2022-04-02,2,Yes
D104001,Anthony Santana,O,+60-14-315-8901,2020-09-22,8,No
D104002,Charles Gomez,O,+60-16-829-2930,2013-01-30,6,Yes
D104003,Donald Brown,A,+60-18-492-0744,2026-06-04,2,Yes
D104004,Brittney Nguyen,O,+60-18-241-1404,2017-12-19,8,Yes
D104005,Anthony Davis,A,+60-14-004-7454,2009-01-27,2,No
D104006,David Parrish,A,+60-17-877-2548,2014-01-05,2,Yes
D104007,Vanessa Hill,AB,+60-10-067-5140,2024-09-07,6,Yes
D104008,Ian Rivera,A,+60-19-412-5992,2024-05-15,8,Yes
D104009,Kristin Foster,A,+60-12-818-6265,2017-12-18,7,No
D104010,William Turner,O,+60-17-150-8679,2024-07-01,3,No
D104011,Mario Anderson,A,+60-11-219-4979,2026-07-20,3,Yes
D104012,Thomas Le,B,+60-13-301-0986,2012-07-10,5,No
D104013,Stephanie Cordova,A,+60-12-874-6427,2018-08-24,6,No
D104014,Jasmine Butler,O,+60-13-688-5510,2013-01-29,7,No
D104015,Aaron Cummings,AB,+60-15-602-2532,2018-04-25,3,Yes
D104016,Sandra Buchanan,A,+60-11-272-8691,2020-02-17,3,No
D104017,Michelle Salazar,B,+60-10-607-6011,2026-07-22,5,Yes
D104018,Ashley Diaz,B,+60-14-423-0608,2024-09-25,6,Yes
D104019,Brian Trujillo,A,+60-17-273-0879,2022-12-20,6,Yes
D104020,Nichole Smith,O,+60-14-547-9512,2026-08-29,3,Yes
D104021,David Taylor,A,+60-19-142-3547,2024-11-26,7,Yes
D104022,Donna Smith,O,+60-16-049-1283,2024-07-01,2,Yes
D104023,Tracy Castro,O,+60-16-472-0897,2014-01-01,7,Yes
D104024,Mary Quinn,A,+60-13-753-1393,2011-05-16,2,Yes
D104025,Brent Williams,O,+60-16-395-5906,2015-02-24,4,No
D104026,Julie Mitchell,O,+60-19-057-0120,2011-10-01,4,Yes
D104027,Robert Ruiz,AB,+60-13-313-5786,2013-05-10,6,Yes
D104028,Janet Burgess,O,+60-18-269-6011,2016-01-13,3,Yes
D104029,Melissa Merritt,O,+60-18-331-2832,2011-02-09,3,No
D104030,Virginia Woodward,O,+60-13-230-4649,2012-09-08,4,Yes
D104031,Brian Thomas,O,+60-16-713-2629,2024-10-27,2,Yes
D104032,Michele Johnston,B,+60-16-811-3510,2018-12-09,2,Yes
D104033,Mr. Tommy Roberts,A,+60-19-624-2368,2012-07-01,4,Yes
D104034,Dale Herrera,A,+60-11-419-8638,2025-02-24,8,No
D104035,Katherine Bailey,A,+60-12-579-8952,2026-04-25,4,Yes
D104036,Sarah Copeland,O,+60-11-611-2746,2010-06-08,5,Yes
D104037,Joshua Gardner Jr.,A,+60-15-898-1318,2026-07-25,7,Yes
D104038,Russell Graves,A,+60-12-085-2838,2015-06-16,6,Yes
D104039,Elizabeth Foster,A,+60-14-315-0888,2021-10-14,7,No
D104040,David Carter,O,+60-10-433-8103,2023-04-18,3,Yes
D104041,Daniel Mcintyre,A,+60-14-241-6280,2017-11-25,5,Yes
D104042,Miguel Matthews,O,+60-17-915-6027,2015-10-10,3,No
D104043,Derrick Ward,O,+60-17-422-8529,2011-02-19,5,Yes
D104044,James Morrison,A,+60-16-041-9544,2026-06-01,5,Yes
D104045,Mark Novak,A,+60-11-917-4561,2022-04-13,5,Yes
D104046,Michael Rasmussen,O,+60-12-546-3126,2026-03-06,4,Yes
D104047,Sherri Kim,A,+60-15-434-4941,2017-07-13,9,Yes
D104048,Crystal Rodriguez,AB,+60-16-542-8805,2017-01-12,2,No
D104049,Natalie Frederick,O,+60-14-471-1557,2026-05-27,3,Yes
D104050,Amanda Robbins,O,+60-15-738-0015,2019-03-13,8,No
D104051,Francisco Bryan II,O,+60-14-072-9349,2010-10-24,2,No
D104052,Shannon Willis,B,+60-13-493-5999,2017-10-09,7,Yes
D104053,Kyle Collier,AB,+60-18-238-4595,2016-05-19,5,Yes
D104054,Brooke Mckinney,O,+60-12-345-2946,2015-10-31,4,Yes
D104055,Tammy Ryan,AB,+60-19-310-4163,2022-10-15,4,Yes
D104056,Jordan Gay,A,+60-10-687-1967,2013-02-26,7,No
D104057,Jeremy Johnston,A,+60-19-588-6467,2017-03-19,7,Yes
D104058,Billy Daniels,O,+60-13-323-8762,2010-09-10,7,No
D104059,Vanessa Beck,B,+60-15-343-1978,2013-08-03,9,Yes
D104060,Kayla Washington,O,+60-10-318-5750,2021-09-24,4,Yes
D104061,Kaylee Blanchard,O,+60-17-176-8141,2024-06-29,8,Yes
D104062,Wendy Gutierrez,O,+60-14-721-9549,2020-05-15,9,Yes
D104063,Scott Jones,AB,+60-19-404-4342,2019-09-28,8,No
D104064,Brandon Coleman,A,+60-16-078-3228,2009-12-09,8,Yes
D104065,Adam Hodges,O,+60-15-348-9327,2009-11-20,2,Yes
D104066,Amy Lucas MD,AB,+60-10-646-9804,2020-01-02,4,No
D104067,Pamela King,O,+60-11-819-0682,2011-01-11,4,Yes
D104068,Bryan Flores,A,+60-19-249-7705,2016-12-08,7,Yes
D104069,Robert Jones,O,+60-12-505-9684,2013-11-01,6,Yes
D104070,Amy Moore,A,+60-14-631-5202,2015-05-12,5,Yes
D104071,Louis Evans,A,+60-13-250-9625,2012-06-13,8,Yes
D104072,David Gomez,A,+60-18-035-1685,2018-08-02,6,Yes
D104073,Juan Merritt,A,+60-16-767-3853,2026-06-22,4,No
D104074,Derek Haynes,A,+60-15-836-2688,2010-08-06,7,Yes
D104075,Jessica Rogers,AB,+60-14-602-3564,2018-08-10,7,Yes
D104076,Taylor Thompson,O,+60-14-959-3273,2013-10-21,6,No
D104077,Tommy Chang,A,+60-14-377-7029,2009-02-27,2,Yes
D104078,Joseph Gutierrez MD,O,+60-14-567-3744,2020-04-19,5,Yes
D104079,Maria Hammond,A,+60-17-591-6660,2022-03-06,6,Yes
D104080,Melissa Giles,A,+60-17-431-9897,2010-10-07,7,Yes
D104081,Mark Webb,O,+60-16-041-9819,2022-08-28,4,Yes
D104082,Amanda Mcdaniel,O,+60-15-883-5344,2019-11-25,6,Yes
D104083,Glenn Garrett,A,+60-13-361-0244,2012-09-02,5,Yes
D104084,Christopher Hunter,O,+60-10-751-0918,2010-02-18,8,Yes
D104085,Michelle Brennan,A,+60-13-421-2327,2024-11-24,3,Yes
D104086,John Trujillo,A,+60-17-986-0345,2022-10-26,5,Yes
D104087,Jessica Boyer,A,+60-11-028-2566,2019-08-29,4,Yes
D104088,James Foster,O,+60-14-995-0403,2013-03-11,5,Yes
D104089,Nathan Stein,O,+60-17-847-5611,2012-12-10,7,Yes
D104090,Patrick Williamson,O,+60-19-245-4446,2009-01-21,5,Yes
D104091,Kelsey Ray,AB,+60-16-344-6459,2018-12-13,5,Yes
D104092,Bonnie Kelley,O,+60-16-972-9080,2022-10-21,7,Yes
D104093,Mr. Jonathan Byrd,B,+60-10-298-2328,2012-07-05,9,Yes
D104094,Stanley Lee,B,+60-11-183-6918,2011-07-13,4,Yes
D104095,Hannah Rose,A,+60-18-049-0918,2017-12-27,4,Yes
D104096,Stephen Jackson,A,+60-14-470-4744,2013-04-15,8,Yes
D104097,Carl Stevens,O,+60-12-431-2277,2013-07-04,6,Yes
D104098,Allen Cook,A,+60-14-131-9755,2022-03-04,8,No
D104099,Timothy Boyd,B,+60-18-083-1719,2006-12-06,2,No
D104100,Karen Peck,O,+60-19-268-5370,2026-06-19,5,Yes
D104101,Alan Serrano,B,+60-15-720-5193,2022-09-16,7,No
D104102,Christopher Byrd,A,+60-11-847-4066,2025-08-23,5,Yes
D104103,Wendy Ortiz,O,+60-19-699-6651,2023-07-04,3,Yes
D104104,Alejandra Taylor,B,+60-18-487-9132,2020-11-13,4,Yes
D104105,Antonio Crawford,A,+60-15-356-3151,2019-07-11,4,No
D104106,Martha Terry,A,+60-10-431-0207,2008-05-04,1,No
D104107,Matthew Powell,O,+60-12-920-5982,2019-05-20,8,Yes
D104108,Alexander Rogers,O,+60-17-418-5896,2022-07-03,6,Yes
D104109,Sergio Mccoy,A,+60-12-733-7457,2012-07-20,9,Yes
D104110,Edward Bond,O,+60-15-294-3570,2024-11-11,3,No
D104111,Reginald Howard,O,+60-16-573-1637,2014-10-03,7,Yes
D104112,Brenda Roberts,A,+60-14-175-4966,2026-06-21,2,No
D104113,Robert Walters,O,+60-12-688-9000,2011-08-15,8,Yes
D104114,Joseph Reilly,B,+60-11-742-7964,2012-09-25,5,Yes
D104115,Dylan Torres,O,+60-11-656-8528,2023-04-05,3,Yes
D104116,Tracey Aguilar,A,+60-14-598-6104,2026-06-18,4,Yes
D104117,Samantha Adams,AB,+60-17-010-2980,2023-09-13,3,Yes
D104118,Brian Adams,A,+60-19-278-7179,2021-08-23,2,Yes
D104119,David Jones,B,+60-15-702-2436,2022-11-16,3,Yes
D104120,Amanda Myers,O,+60-15-903-4577,2014-10-26,3,Yes
D104121,Katrina Mosley,AB,+60-17-556-0170,2021-12-15,5,Yes
D104122,Tammy Martinez,O,+60-11-501-0733,2011-12-15,8,Yes
D104123,Jasmine Hernandez,A,+60-17-636-2670,2010-12-10,5,Yes
D104124,Donna Alvarez,O,+60-15-652-6143,2012-07-24,4,Yes
D104125,Amber Brooks,O,+60-15-004-1700,2012-03-31,6,Yes
D104126,Mark Miller,O,+60-10-663-8822,2026-08-03,6,Yes
D104127,Patrick White,O,+60-10-009-9834,2014-01-28,3,Yes
D104128,Jessica Horton,O,+60-16-039-6271,2023-07-26,5,Yes
D104129,Curtis Wolf,B,+60-16-099-1828,2015-04-28,8,No
D104130,Shane Smith,A,+60-19-117-9037,2016-04-06,4,Yes
D104131,Angela Lee,A,+60-13-671-5510,2012-09-05,4,Yes
D104132,Jessica Lopez,O,+60-11-078-6205,2011-07-02,4,Yes
D104133,Kathryn Watson,O,+60-19-724-0453,2011-07-16,5,Yes
D104134,Jason Obrien,O,+60-13-487-1284,2016-04-14,1,Yes
D104135,Jennifer Williams,O,+60-17-004-1767,2025-05-08,3,Yes
D104136,John Nichols,O,+60-12-495-9361,2023-04-20,4,Yes
D104137,Ricardo Boyd,B,+60-10-643-7906,2018-08-07,3,Yes
D104138,Nicole Brown,AB,+60-15-932-7104,2013-06-16,4,No
D104139,Allen Camacho,O,+60-18-891-9638,2020-02-18,3,Yes
D104140,James Cook,O,+60-13-458-7621,2017-01-09,3,Yes
D104141,Timothy Smith,O,+60-19-848-7509,2023-03-19,2,No
D104142,Ian Lawson DDS,AB,+60-12-897-1671,2009-02-13,4,Yes
D104143,Brooke Smith DVM,O,+60-14-342-9688,2022-02-13,3,Yes
D104144,Jill Huff,O,+60-13-697-4144,2012-07-10,8,Yes
D104145,William Williams,O,+60-15-641-6581,2018-04-14,2,Yes
D104146,Brandon Camacho MD,O,+60-10-603-2467,2020-12-12,3,Yes
D104147,Carol Chavez,O,+60-13-145-7983,2026-04-11,1,No
D104148,Matthew Dunlap,A,+60-14-408-3057,2025-01-18,2,Yes
D104149,Matthew Murray,O,+60-18-234-4179,2022-11-19,12,Yes
D104150,Heather Jones,O,+60-12-693-7873,2022-08-10,3,Yes
D104151,Todd Phillips,A,+60-18-462-6002,2023-01-05,9,Yes
D104152,Steven Humphrey,A,+60-16-373-6112,2015-03-28,9,Yes
D104153,Tamara Robinson,A,+60-10-678-6276,2018-02-09,5,Yes
D104154,Kari Mason,A,+60-15-934-1498,2020-07-24,8,Yes
D104155,Laura Castaneda,B,+60-17-955-5754,2023-02-07,5,No
D104156,Billy Henderson,A,+60-12-078-6772,2016-04-28,7,Yes
D104157,Dawn Blair,A,+60-16-747-2721,2024-12-03,4,Yes
D104158,Javier Garza,O,+60-10-387-4824,2011-02-25,5,No
D104159,Andrew Lamb,O,+60-19-688-1116,2026-07-16,3,Yes
D104160,John Wood,O,+60-18-486-5462,2025-12-23,4,No
D104161,Kathryn Melton,O,+60-17-847-3360,2018-01-31,3,Yes
D104162,Samuel Morrow,AB,+60-16-657-5232,2023-05-26,5,Yes
D104163,Charles Barnett,A,+60-19-970-4209,2025-01-21,7,Yes
D104164,Rose Reilly,O,+60-17-825-3787,2024-03-07,4,Yes
D104165,Mandy Knight,O,+60-19-313-2533,2016-02-21,3,Yes
D104166,Jonathan Nunez,O,+60-17-758-1717,2016-03-19,8,Yes
D104167,Wendy Krueger,O,+60-17-913-8098,2017-11-06,2,Yes
D104168,Isaac Byrd,O,+60-17-437-7839,2010-01-17,7,Yes
D104169,John Ross,O,+60-14-583-4788,2011-01-30,4,Yes
D104170,Dawn Armstrong,A,+60-13-379-4405,2023-07-09,6,No
D104171,Ryan Gonzales,O,+60-18-745-0970,2025-11-24,3,Yes
D104172,Terri Clark,O,+60-17-241-0751,2019-12-30,7,Yes
D104173,Makayla Salazar,A,+60-16-969-5002,2021-10-21,10,Yes
D104174,Eugene Klein,O,+60-15-886-3736,2019-04-12,5,Yes
D104175,Michelle Orozco,A,+60-10-725-6361,2011-04-16,5,No
D104176,Melissa Young,AB,+60-12-012-1464,2014-09-02,4,No
D104177,Stacy Vazquez,A,+60-11-677-8079,2012-09-25,9,Yes
D104178,Barbara Clark,O,+60-11-150-7852,2021-04-25,6,Yes
D104179,Amy Reyes,O,+60-13-389-6152,2013-05-28,8,No
D104180,Mary Pierce,A,+60-13-024-7649,2013-05-16,8,Yes
D104181,Alexander Vasquez,A,+60-18-437-1784,2016-08-20,2,Yes
D104182,Kendra West DVM,O,+60-16-996-5123,2016-04-16,6,Yes
D104183,Sarah Foley,O,+60-16-780-2256,2025-12-07,3,Yes
D104184,Claudia Bishop,B,+60-11-492-4922,2022-03-16,6,Yes
D104185,Joshua Webster,A,+60-12-557-0313,2013-06-27,9,Yes
D104186,Nicholas Schneider,B,+60-19-906-3830,2026-08-27,5,Yes
D104187,Sherry Carlson,O,+60-12-176-0433,2013-09-29,7,Yes
D104188,Stacey Rivas,O,+60-19-126-8277,2024-07-14,4,Yes
D104189,Todd Wilson,O,+60-16-362-7715,2022-04-29,7,Yes
D104190,Joshua Murphy,AB,+60-14-862-8354,2012-02-13,6,Yes
D104191,Cindy Watts,B,+60-10-215-2499,2025-05-03,5,Yes
D104192,Bradley Frost,A,+60-19-937-8957,2013-03-06,5,Yes
D104193,Derrick Hogan,AB,+60-18-393-5703,2019-11-11,6,No
D104194,Susan Mitchell,O,+60-15-286-4905,2022-04-05,7,Yes
D104195,Sharon Hudson,AB,+60-17-475-2626,2010-09-22,5,Yes
D104196,Charles Chapman,A,+60-10-346-8978,2019-01-16,4,Yes
D104197,Lisa Nelson,A,+60-11-007-4621,2026-02-21,3,Yes
D104198,Brianna Smith,O,+60-14-494-0468,2009-10-02,7,Yes
D104199,Shannon Blanchard,A,+60-17-906-3649,2010-02-15,3,Yes
D104200,Paula Shelton,A,+60-18-484-1706,2017-02-22,5,Yes
D104201,Christopher Lewis,A,+60-12-985-6637,2013-09-27,3,Yes
D104202,Dan Griffith,O,+60-13-750-3559,2018-10-31,5,Yes
D104203,Jordan Williams,O,+60-11-970-1392,2016-01-17,5,Yes
D104204,Peter Watson,O,+60-13-615-0775,2008-09-17,5,Yes
D104205,Patrick Vega,A,+60-10-664-3049,2012-12-24,5,Yes
D104206,Lisa Leach,O,+60-18-985-4289,2013-11-17,6,Yes
D104207,Sandra Chapman,A,+60-15-776-9420,2008-12-19,2,No
D104208,Kristen Nelson,AB,+60-13-266-0600,2020-08-19,8,Yes
D104209,Emily Potter,A,+60-10-325-7392,2018-07-04,4,Yes
D104210,Julie Clark,AB,+60-14-714-7637,2010-04-20,4,Yes
D104211,Carmen Fuller,A,+60-10-095-8721,2015-01-06,5,Yes
D104212,Brittany Hernandez,A,+60-14-112-5681,2022-10-01,6,Yes
D104213,Cassandra Calderon,B,+60-11-384-2138,2010-05-05,5,Yes
D104214,Daniel Harrell,AB,+60-16-330-6041,2010-04-01,4,Yes
D104215,Brittney Wilson,O,+60-18-408-2548,2018-11-18,5,No
D104216,Katherine Valenzuela,B,+60-17-563-5236,2015-03-02,4,Yes
D104217,John Jones,A,+60-18-485-7277,2020-10-02,5,Yes
D104218,Austin Boyd,A,+60-14-650-4814,2013-06-28,4,No
D104219,Brendan Brown,B,+60-11-123-9985,2008-02-25,4,Yes
D104220,Cheyenne Gutierrez,B,+60-17-873-0601,2014-01-20,4,Yes
D104221,Amy Reed,B,+60-18-485-7313,2019-06-03,3,Yes
D104222,Rita Becker,B,+60-10-044-4602,2017-02-02,5,Yes
D104223,Michael Reed,O,+60-11-704-6472,2024-10-24,6,Yes
D104224,Kevin Bond,B,+60-10-950-9123,2021-10-22,9,Yes
D104225,Scott Armstrong,O,+60-15-662-1868,2026-06-16,6,Yes
D104226,Vanessa Medina,AB,+60-16-588-2894,2009-11-04,3,Yes
D104227,Marie Kelly,O,+60-15-559-5200,2012-01-25,4,Yes
D104228,Lisa Chung,O,+60-17-056-9405,2020-03-09,6,Yes
D104229,Bruce Burke,O,+60-16-516-7131,2019-01-05,5,Yes
D104230,Melissa Ponce,O,+60-13-239-5752,2017-11-08,5,Yes
D104231,Crystal Miller,O,+60-12-565-5601,2024-07-16,4,Yes
D104232,Marcus Acosta,O,+60-15-593-2533,2013-01-30,4,No
D104233,Louis Weaver,B,+60-15-703-5797,2015-12-21,10,Yes
D104234,Annette Edwards,O,+60-18-315-1504,2024-03-09,4,Yes
D104235,John Lam,O,+60-13-155-3715,2016-11-24,5,Yes
D104236,Tina Mitchell,B,+60-14-410-9650,2020-11-15,4,Yes
D104237,Kaitlyn Smith,A,+60-11-728-7717,2011-03-13,6,No
D104238,Dominique Anderson,AB,+60-10-522-0084,2022-12-28,4,Yes
D104239,Ashley Mendoza,O,+60-14-912-5943,2014-10-31,4,Yes
D104240,Nathaniel Alvarez,O,+60-18-117-0183,2018-10-12,6,Yes
D104241,Kimberly Dunn,O,+60-16-679-8339,2025-03-02,4,Yes
D104242,Sandra Fox,A,+60-14-245-9140,2009-12-14,4,No
D104243,Nicholas Kelley,O,+60-11-525-4349,2024-04-24,3,Yes
D104244,Justin Massey,O,+60-10-937-8193,2018-12-02,4,Yes
D104245,Timothy Collier,O,+60-15-904-8060,2012-06-30,4,Yes
D104246,Emma Owens,A,+60-17-713-7957,2011-03-19,5,Yes
D104247,Paul Johnson,B,+60-15-219-1663,2010-03-22,4,Yes
D104248,William Williams,B,+60-16-190-2748,2015-01-05,5,Yes
D104249,Madeline Mitchell,O,+60-15-152-1913,2026-08-06,3,No
D104250,Christy Henry,O,+60-11-251-4602,2015-08-16,8,Yes
D104251,Sandra Adams,AB,+60-16-046-3031,2013-10-08,6,Yes
D104252,Angela Owens,B,+60-12-267-0058,2012-09-29,6,No
D104253,Jennifer Eaton,A,+60-17-435-9871,2020-10-01,5,Yes
D104254,James Frost,A,+60-14-160-5002,2017-12-05,1,Yes
D104255,Stacy Morris,A,+60-14-879-3630,2015-08-16,4,No
D104256,Benjamin Thomas,O,+60-14-701-0207,2018-07-11,2,No
D104257,Tara Nelson,O,+60-13-198-6686,2013-06-18,3,No
D104258,Sarah Hill,A,+60-15-223-7439,2011-08-14,6,No
D104259,Courtney Rivera,O,+60-13-797-0751,2016-06-05,6,Yes
D104260,Elizabeth Boyer,A,+60-11-904-4347,2019-01-15,2,Yes
D104261,Amy Miles,AB,+60-13-455-5865,2022-03-28,6,Yes
D104262,Katelyn Brown,O,+60-15-664-4450,2017-11-24,5,Yes
D104263,Aaron Jones,B,+60-13-655-9062,2021-08-16,7,Yes
D104264,Joseph Rojas,O,+60-10-887-2671,2026-01-08,4,No
D104265,Katherine Boyd,O,+60-12-877-9345,2023-11-03,6,Yes
D104266,Michelle Hooper,O,+60-19-277-9738,2012-02-06,4,Yes
D104267,Gregory Haney,O,+60-13-256-1236,2020-04-09,3,Yes
D104268,Elizabeth Miller,A,+60-10-131-6043,2026-02-27,4,Yes
D104269,Susan Beltran,A,+60-17-238-4612,2013-02-09,5,No
D104270,Nicholas Reynolds,O,+60-12-904-5213,2023-05-07,6,No
D104271,Mr. Lance Dodson,O,+60-11-828-8701,2017-08-25,6,No
D104272,Wanda Brown,B,+60-12-107-2010,2023-01-03,4,Yes
D104273,Edward Morales,AB,+60-17-790-6072,2018-01-19,3,Yes
D104274,Jessica Garza,B,+60-12-779-6758,2011-01-02,5,Yes
D104275,Samuel Carter,B,+60-19-492-6225,2020-10-20,6,Yes
D104276,William Rhodes,AB,+60-13-335-1234,2024-04-29,6,Yes
D104277,Rachel Perez,AB,+60-18-741-5585,2023-06-22,4,Yes
D104278,Julie Adams,O,+60-19-940-5563,2012-02-20,9,Yes
D104279,Robin Brown,B,+60-16-814-0150,2026-08-26,5,Yes
D104280,Jessica Wilson,AB,+60-18-094-5495,2026-07-06,7,Yes
D104281,Yvette Mathis,O,+60-17-869-8115,2014-12-17,4,Yes
D104282,Cynthia Wright,B,+60-15-690-7286,2017-02-14,4,Yes
D104283,Madison Santana,A,+60-17-001-1215,2018-03-05,10,Yes
D104284,Tracy Hodges,B,+60-13-232-6336,2019-11-26,3,Yes
D104285,Dean Hall,B,+60-19-638-7549,2008-02-28,4,Yes
D104286,Amy Lopez,O,+60-11-543-3426,2019-09-26,4,Yes
D104287,Taylor Wolf,O,+60-17-963-2496,2008-09-05,6,No
D104288,Scott Zamora,O,+60-18-889-7506,2024-03-03,5,Yes
D104289,David Brooks,A,+60-10-989-6675,2020-07-12,5,Yes
D104290,Brian Huffman,A,+60-12-365-7842,2014-01-25,7,Yes
D104291,Jay Gonzalez,B,+60-19-602-6439,2019-10-19,3,Yes
D104292,Rita Carter,B,+60-14-057-6960,2026-03-07,6,Yes
D104293,Connie Lyons,A,+60-10-049-5728,2019-04-26,6,Yes
D104294,Dr. Dylan Brown,O,+60-13-441-2944,2022-12-11,7,Yes
D104295,Amber Randolph,AB,+60-12-076-3617,2011-08-02,4,Yes
D104296,Tyler Moreno,B,+60-11-272-2946,2019-08-18,6,No
D104297,Stephanie Crawford,O,+60-12-833-8649,2017-07-05,4,Yes
D104298,Nicole Garrett,O,+60-18-556-3942,2026-04-14,3,No
D104299,Raymond Miller,B,+60-12-999-2270,2013-06-16,6,Yes
D104300,Luke Bentley,B,+60-17-324-5512,2025-05-08,2,Yes
D104301,Debra Shepherd,O,+60-14-308-2170,2008-05-29,5,Yes
D104302,Kimberly Schmidt,A,+60-18-045-8373,2010-10-27,5,Yes
D104303,Roger Fisher,A,+60-14-090-6770,2023-12-09,2,Yes
D104304,Dr. Tiffany Gibson DVM,B,+60-11-294-5785,2026-08-30,4,Yes
D104305,Shannon Ward,A,+60-18-648-1086,2012-07-01,5,Yes
D104306,Kendra Avila,A,+60-12-911-3759,2025-05-14,11,Yes
D104307,Douglas Wilson,AB,+60-17-697-2473,2009-05-31,3,Yes
D104308,Deborah Gillespie,O,+60-19-776-7892,2024-07-30,1,Yes
D104309,Linda Nelson,A,+60-18-390-7707,2016-01-29,5,Yes
D104310,Jessica Davis,O,+60-17-203-3898,2013-08-24,3,No
D104311,Taylor Ramos,O,+60-17-923-6701,2018-02-28,6,Yes
D104312,Matthew Pittman,O,+60-17-503-4615,2025-07-19,3,Yes
D104313,Mrs. Patricia Mckinney,B,+60-18-454-3831,2018-09-05,7,No
D104314,Walter Kennedy,O,+60-10-043-8520,2019-12-24,4,Yes
D104315,Darren Peterson,O,+60-12-046-7143,2011-07-20,4,Yes
D104316,Brianna Conley,A,+60-19-252-8676,2018-05-21,4,Yes
D104317,Kylie Mccall,A,+60-19-676-1582,2026-05-25,5,No
D104318,Judith Maxwell,O,+60-16-023-8741,2023-09-17,5,Yes
D104319,Anthony Lee,AB,+60-13-173-3681,2022-04-09,6,Yes
D104320,Pamela Zhang,O,+60-12-833-2982,2026-07-01,4,Yes
D104321,Ms. Amy Silva DDS,A,+60-14-064-2033,2018-07-17,3,Yes
D104322,Janet Cooper,O,+60-12-185-4316,2013-11-25,7,No
D104323,Tammy Vargas,O,+60-19-079-5798,2013-10-12,2,Yes
D104324,Ashley Brown,O,+60-19-341-8646,2020-07-13,4,Yes
D104325,Kevin Anderson,B,+60-17-418-3478,2010-03-23,6,Yes
D104326,Nicole Brown,B,+60-13-560-5153,2021-01-21,1,Yes
D104327,Michael Davis,O,+60-15-604-3478,2017-02-20,4,No
D104328,Sophia Thompson,O,+60-15-632-8743,2026-04-22,2,Yes
D104329,Leslie Barron,A,+60-17-934-0694,2011-06-04,3,Yes
D104330,Cheryl Rogers,A,+60-14-647-8828,2026-04-03,2,Yes
D104331,Laura Wyatt,B,+60-10-203-8307,2020-11-02,3,No
D104332,Gregory Diaz,O,+60-17-844-5834,2012-07-14,6,Yes
D104333,Raymond Allen,O,+60-11-691-7320,2024-03-25,9,Yes
D104334,Richard Dennis,A,+60-14-340-7321,2019-10-16,7,Yes
D104335,Christopher Davis,O,+60-16-505-3344,2016-10-03,10,Yes
D104336,Erin Lewis,A,+60-18-610-1153,2012-08-27,5,Yes
D104337,Nancy Atkinson,AB,+60-14-928-1805,2026-01-15,3,No
D104338,David Maldonado,O,+60-11-473-1282,2016-08-16,2,No
D104339,Belinda Jackson,A,+60-18-281-5775,2026-05-31,8,No
D104340,Connie Roberts,O,+60-16-856-8820,2016-06-08,6,No
D104341,Carmen Hubbard,A,+60-12-411-7350,2015-01-23,5,No
D104342,Gary Nichols,B,+60-10-693-9123,2022-10-06,4,Yes
D104343,Ashley Clark,A,+60-14-756-5377,2019-07-05,3,No
D104344,Sally Fox,O,+60-15-983-1491,2011-04-11,4,Yes
D104345,Terry Johnston,O,+60-15-220-1631,2023-05-12,6,Yes
D104346,Tami Adams,A,+60-13-819-8225,2013-08-10,4,Yes
D104347,Monique King,A,+60-14-317-7825,2014-08-21,4,Yes
D104348,Jennifer Henderson,B,+60-18-515-9273,2026-07-28,3,Yes
D104349,James Hughes,A,+60-16-591-0715,2021-05-29,5,Yes
D104350,Nathan Cooper,O,+60-15-223-7467,2010-09-18,9,Yes
D104351,Joseph Lewis,O,+60-13-893-0789,2011-09-05,5,No
D104352,Brooke Alvarez,A,+60-17-022-7015,2021-11-23,8,Yes
D104353,Jaime Wilson,O,+60-11-967-0680,2012-05-16,5,Yes
D104354,Philip Williams,O,+60-18-048-1299,2010-01-21,6,Yes
D104355,Robert Jordan,A,+60-19-579-3426,2021-11-05,5,Yes
D104356,Jessica Reid,O,+60-14-015-6364,2023-08-08,4,Yes
D104357,Edward Martinez,A,+60-16-203-6213,2016-06-14,6,No
D104358,Brenda Parsons DDS,O,+60-14-245-7284,2026-05-03,7,No
D104359,Jessica Mckay,A,+60-17-799-3468,2018-10-29,8,Yes
D104360,Paul Morgan,A,+60-17-871-5847,2022-01-12,4,Yes
D104361,Tracie Roberts,A,+60-19-012-6753,2017-12-26,3,Yes
D104362,Samantha Smith,O,+60-12-977-6170,2023-06-04,4,Yes
D104363,Michael Williams,O,+60-19-202-1596,2014-09-11,7,Yes
D104364,Steven Avery,B,+60-18-021-8920,2014-08-01,7,Yes
D104365,Edwin White,A,+60-15-679-3037,2024-05-17,5,No
D104366,Nathan King,A,+60-16-332-2830,2013-06-02,6,Yes
D104367,Jennifer Stewart,O,+60-18-067-3219,2020-08-08,7,No
D104368,Tyler Cochran,A,+60-10-726-0077,2025-04-20,9,Yes
D104369,Robin Guerra,A,+60-10-947-7074,2017-12-08,9,Yes
D104370,Heather Byrd,AB,+60-18-403-4367,2015-03-13,2,No
D104371,Anna Smith,B,+60-18-633-2518,2009-07-12,4,Yes
D104372,Deborah Valenzuela,A,+60-16-163-6730,2019-04-13,6,Yes
D104373,Jason Davis,O,+60-10-511-6048,2013-03-02,2,No
D104374,Daniel Schroeder,A,+60-18-335-6705,2023-06-18,9,Yes
D104375,Andrew Klein,B,+60-12-260-2034,2017-08-29,3,Yes
D104376,Leonard Harris,A,+60-13-000-2706,2012-07-12,4,Yes
D104377,Julie Adams,A,+60-12-463-2499,2015-09-04,5,Yes
D104378,Mark Morton,B,+60-15-903-0622,2022-04-30,7,Yes
D104379,Dale Cochran,O,+60-15-333-0878,2020-10-09,4,Yes
D104380,Russell Murphy,B,+60-15-773-2638,2014-07-16,7,Yes
D104381,William Evans,A,+60-14-951-0967,2019-11-27,6,No
D104382,Christina Mills,O,+60-15-906-5455,2015-05-08,7,Yes
D104383,Ashley Calhoun,B,+60-15-074-0912,2010-07-04,3,Yes
D104384,Suzanne Small,O,+60-10-582-3226,2012-01-06,10,Yes
D104385,Taylor Berger,B,+60-14-437-1183,2013-12-11,10,Yes
D104386,Laura Harris,O,+60-10-772-3856,2026-01-09,5,No
D104387,Christopher Cook,AB,+60-13-096-6584,2021-06-24,4,No
D104388,Michael Baker,A,+60-17-825-9113,2007-03-08,3,Yes
D104389,Fred Smith,AB,+60-10-713-6030,2012-10-01,5,Yes
D104390,Phillip Vaughn,A,+60-11-598-7389,2011-05-15,4,Yes
D104391,Drew Howell,A,+60-10-166-8806,2020-02-25,4,Yes
D104392,Jacob Wright,O,+60-14-271-3386,2026-07-22,7,Yes
D104393,Melissa Gibson,A,+60-18-473-2155,2025-03-10,5,Yes
D104394,Ronald Zhang,O,+60-10-391-2691,2022-12-09,4,Yes
D104395,Keith Gibbs,B,+60-16-159-2664,2023-03-27,6,Yes
D104396,Ethan King,B,+60-19-291-5480,2016-02-23,6,No
D104397,Shannon Wood,B,+60-15-145-5825,2020-09-15,2,Yes
D104398,Diana Lewis,AB,+60-10-799-0523,2014-06-01,4,Yes
D104399,Monica Moreno,O,+60-14-218-1635,2012-12-19,5,Yes
D104400,Chad Reyes,O,+60-16-346-5766,2020-02-03,4,Yes
D104401,Michael Rodriguez DDS,B,+60-16-154-9832,2009-08-06,7,Yes
D104402,Paul Marshall,O,+60-14-997-7562,2021-08-29,4,Yes
D104403,Brandon Strickland,AB,+60-10-193-5070,2017-01-19,4,Yes
D104404,Steven Dixon,O,+60-18-881-0988,2008-08-07,2,Yes
D104405,Mikayla Johnson,O,+60-16-514-2960,2024-07-28,3,Yes
D104406,Scott Gonzalez,A,+60-18-155-7699,2023-04-16,7,No
D104407,Brian Hinton,A,+60-19-508-2009,2014-04-05,4,Yes
D104408,Andrew Hawkins,O,+60-18-002-4063,2018-02-23,7,Yes
D104409,Mr. Philip Dudley MD,B,+60-15-699-0176,2024-10-06,4,No
D104410,Michael Maldonado,A,+60-16-661-2826,2025-05-05,6,Yes
D104411,Anna Glenn,AB,+60-11-083-4691,2015-05-27,7,No
D104412,Donald Martin,O,+60-13-598-2501,2023-04-27,6,Yes
D104413,Catherine Kemp,B,+60-13-980-4776,2022-02-07,3,Yes
D104414,Kristy Sanders,O,+60-10-343-8539,2019-05-24,5,Yes
D104415,Joshua Powell,AB,+60-13-354-4978,2026-08-09,6,Yes
D104416,Ernest Mcmillan,A,+60-10-895-3706,2015-06-01,4,Yes
D104417,Kaitlyn Flores,O,+60-14-268-9217,2023-09-16,5,Yes
D104418,Ricardo Sanchez,B,+60-14-499-2110,2010-06-30,6,No
D104419,Adrienne Carrillo,A,+60-19-938-5061,2024-12-30,3,Yes
D104420,Lisa Smith,A,+60-13-820-9556,2023-11-03,6,Yes
D104421,Allen Rosario,O,+60-12-918-4476,2021-12-26,4,Yes
D104422,Matthew Harper,A,+60-10-490-6192,2013-07-09,2,Yes
D104423,Kelly Butler,O,+60-18-087-5772,2011-08-17,3,Yes
D104424,Michael Shaw,A,+60-12-209-6807,2020-05-23,9,Yes
D104425,Jon Hoffman,O,+60-15-918-6893,2023-04-23,9,Yes
D104426,Rebecca Fox,B,+60-13-889-0274,2022-12-11,4,Yes
D104427,Kathleen Webb,O,+60-14-099-6896,2026-08-04,4,Yes
D104428,Erin Adams,O,+60-13-263-8486,2016-04-15,4,Yes
D104429,Jacob Keller,A,+60-19-946-5243,2019-04-19,6,Yes
D104430,Keith James,A,+60-15-555-4591,2026-03-18,4,Yes
D104431,Olivia Medina,B,+60-10-747-2280,2013-03-26,4,Yes
D104432,Nicole Hernandez,B,+60-18-475-3313,2008-08-09,6,Yes
D104433,Jessica Valdez,AB,+60-13-608-2108,2015-08-29,4,Yes
D104434,Rebecca Lee,O,+60-18-573-6958,2014-09-22,4,Yes
D104435,Philip Sanchez,B,+60-15-169-7168,2014-12-24,6,Yes
D104436,Joyce Davis,A,+60-15-802-3539,2013-12-25,5,Yes
D104437,Steven Lang,O,+60-12-141-9857,2019-04-26,4,Yes
D104438,Donald Reid,B,+60-14-269-7599,2025-02-28,4,No
D104439,Laura Owens,O,+60-16-397-2519,2026-04-19,2,Yes
D104440,Melanie Robinson,AB,+60-10-183-3669,2012-08-28,6,No
D104441,Ryan Nguyen,A,+60-19-779-2598,2019-03-15,3,Yes
D104442,Patrick Ramos,O,+60-11-869-0142,2019-07-30,7,Yes
D104443,Michael Martin,O,+60-11-614-4549,2024-01-17,6,Yes
D104444,Amy Young,B,+60-10-912-2235,2012-08-20,7,Yes
D104445,Rachel Durham,O,+60-14-825-1298,2018-12-03,5,Yes
D104446,Hannah Sampson,A,+60-17-236-0660,2024-05-24,5,Yes
D104447,Wendy Espinoza,B,+60-10-556-9561,2024-07-24,7,No
D104448,Todd Jordan,B,+60-11-266-9493,2020-01-29,6,Yes
D104449,Morgan Schultz,A,+60-13-287-4564,2026-04-24,3,Yes
D104450,Brenda Benson,A,+60-18-947-8245,2010-10-27,5,Yes
D104451,Daniel Henry,A,+60-11-985-0777,2020-07-18,8,Yes
D104452,Nicole Coleman,O,+60-15-366-6476,2008-11-04,4,Yes
D104453,Michael Adams,O,+60-10-284-2403,2018-03-31,7,No
D104454,Shelley Sims,O,+60-16-557-5912,2025-10-13,5,Yes
D104455,Debra Frazier,A,+60-16-185-2423,2014-11-06,3,Yes
D104456,Eric Burke,AB,+60-17-015-9819,2018-02-15,3,Yes
D104457,Angela Morrison,O,+60-10-972-3667,2019-05-20,7,No
D104458,Linda Bolton,B,+60-16-714-0727,2022-11-06,4,Yes
D104459,James Green,A,+60-18-759-9994,2017-04-02,5,Yes
D104460,Michele Phillips,A,+60-11-674-7224,2020-01-04,5,Yes
D104461,John Graves,O,+60-17-102-9091,2024-05-05,4,No
D104462,Wendy Evans,A,+60-13-679-8538,2017-12-31,6,Yes
D104463,Amanda Herman,A,+60-15-337-4696,2012-05-04,5,Yes
D104464,Laurie Stephens,O,+60-17-120-2721,2025-03-09,4,No
D104465,Jimmy Greer,O,+60-13-458-6312,2009-02-23,3,Yes
D104466,Kristen Sawyer,O,+60-16-261-1332,2017-12-01,7,Yes
D104467,Roberto Le,A,+60-19-470-9859,2021-04-15,6,Yes
D104468,Casey Gordon,O,+60-18-014-8297,2018-07-04,2,No
D104469,Cheryl Leach,B,+60-10-685-2577,2023-09-19,6,Yes
D104470,Joshua Newton,A,+60-15-866-0457,2010-05-26,5,Yes
D104471,Daniel Tyler,O,+60-14-333-6642,2019-08-03,3,Yes
D104472,Bradley Anderson,A,+60-13-524-0123,2016-03-30,4,No
D104473,Carmen Dorsey,A,+60-13-974-2392,2016-12-08,6,Yes
D104474,Christina Wilson,B,+60-11-069-1689,2016-09-09,4,Yes
D104475,Mrs. Lisa Trevino,O,+60-11-087-9943,2019-01-13,3,Yes
D104476,Larry Williams,A,+60-11-895-0071,2014-07-18,2,Yes
D104477,Benjamin Miller,A,+60-11-700-6121,2017-03-07,7,Yes
D104478,Sherry Dorsey,A,+60-17-782-5977,2008-07-04,5,Yes
D104479,Thomas Saunders,A,+60-18-811-5115,2024-02-11,5,No
D104480,Eric Newton,A,+60-16-116-3496,2011-02-12,4,Yes
D104481,Chelsea Mcdonald,A,+60-17-871-8843,2016-09-26,5,Yes
D104482,Jacob Rivera,O,+60-11-928-2608,2022-04-13,4,Yes
D104483,Susan Scott,O,+60-16-902-8337,2016-06-15,8,Yes
D104484,Martha Kim,B,+60-13-583-0898,2008-12-18,3,Yes
D104485,Jonathan Moore,AB,+60-17-021-5034,2014-12-25,5,Yes
D104486,Robert Lynn,AB,+60-17-761-5709,2011-10-22,2,Yes
D104487,Matthew Mccullough,O,+60-10-883-4915,2013-01-06,3,No
D104488,Julia Carroll,B,+60-19-226-0699,2022-10-21,2,Yes
D104489,Jennifer Mills,O,+60-18-444-5654,2021-07-25,3,Yes
D104490,John Harris,O,+60-17-133-2572,2014-08-01,4,Yes
D104491,Mallory Simpson,AB,+60-15-190-8466,2024-12-26,3,Yes
D104492,Robin Carter,A,+60-10-024-9271,2010-03-01,6,No
D104493,Ronnie Farley,O,+60-12-630-2564,2024-04-18,4,Yes
D104494,Ethan Gibson,O,+60-10-047-1296,2016-06-17,6,Yes
D104495,Perry Cantu,A,+60-13-407-4524,2024-08-01,5,Yes
D104496,Laura Gay,O,+60-15-018-5257,2013-09-20,5,Yes
D104497,Sarah Trevino,A,+60-12-725-8138,2013-01-09,6,Yes
D104498,Shannon Warren,A,+60-10-708-1132,2011-12-02,5,No
D104499,Michael King,A,+60-13-403-3374,2011-10-26,4,Yes
D104500,Mr. Shawn Burton,O,+60-10-237-0073,2023-08-13,5,Yes
D104501,James Kelly,A,+60-19-541-9455,2026-08-21,5,Yes
D104502,Joel Maldonado,A,+60-13-737-3782,2008-06-18,6,Yes
D104503,Albert Johnson,O,+60-12-128-9881,2012-03-17,8,Yes
D104504,Brett Taylor,A,+60-17-076-2775,2023-03-30,4,Yes
D104505,Cindy Mcgee,O,+60-16-693-4486,2017-07-22,7,Yes
D104506,Natasha Williams,A,+60-12-746-3436,2012-01-17,3,Yes
D104507,Kathryn Boyle,B,+60-12-910-8894,2017-06-25,5,Yes
D104508,Matthew Lynch,O,+60-13-308-2285,2010-05-26,7,Yes
D104509,Kelly Hubbard,AB,+60-16-374-6130,2009-12-30,5,Yes
D104510,Michelle Haas,O,+60-19-915-1552,2016-03-04,5,Yes
D104511,Kevin Murphy,A,+60-10-409-9092,2010-10-29,4,Yes
D104512,Jessica Frank,O,+60-14-716-4282,2011-06-18,4,Yes
D104513,Corey Jordan,A,+60-17-648-1215,2026-09-02,3,Yes
D104514,James Oneill,A,+60-19-086-4873,2023-11-21,6,Yes
D104515,Brian Moore,O,+60-14-652-3372,2025-10-03,4,Yes
D104516,Nicole Berger,A,+60-12-740-6038,2020-08-27,6,Yes
D104517,Paula Kelly,A,+60-16-611-3899,2025-04-09,5,Yes
D104518,Sophia Ramos,B,+60-13-768-7138,2016-04-13,9,Yes
D104519,Brandy Ryan,B,+60-11-458-0591,2024-06-13,4,Yes
D104520,Robert Massey,A,+60-13-790-3268,2012-05-07,3,Yes
D104521,Melissa Long,A,+60-16-502-1675,2026-06-25,1,Yes
D104522,Anthony Marquez,A,+60-12-104-4181,2010-01-06,7,Yes
D104523,Mr. Anthony Caldwell,O,+60-11-226-2885,2022-05-14,4,Yes
D104524,Vincent Santana,A,+60-18-933-8891,2024-11-11,4,Yes
D104525,Shannon Harrison,A,+60-17-552-7174,2021-02-22,6,Yes
D104526,Craig Hall,A,+60-11-847-4670,2025-07-23,5,No
D104527,Jennifer Hunter,O,+60-12-043-4461,2009-06-14,8,No
D104528,Lisa Payne,O,+60-12-157-0758,2012-11-10,4,Yes
D104529,Denise Young,O,+60-18-210-3570,2022-03-05,3,Yes
D104530,Dr. Paige Diaz DDS,O,+60-13-963-5022,2021-02-24,5,Yes
D104531,Ashley Harvey,A,+60-12-569-6109,2026-04-18,5,Yes
D104532,Ethan Huff,O,+60-10-913-1130,2012-08-31,6,Yes
D104533,Mitchell Joseph,B,+60-17-725-8415,2017-04-24,4,No
D104534,Stephanie Banks,O,+60-15-421-5558,2016-06-04,1,No
D104535,Brenda Johnson,O,+60-17-805-9933,2023-05-05,6,Yes
D104536,Jeffrey Carter,O,+60-16-261-2863,2016-02-11,7,Yes
D104537,Brittany Hester,O,+60-11-175-6907,2025-11-21,7,Yes
D104538,Cheryl Roberts,AB,+60-13-660-8578,2024-06-27,3,No
D104539,Sheila Rivera,AB,+60-19-058-0363,2016-08-27,6,Yes
D104540,Jacob Morris,O,+60-10-965-6533,2013-06-28,4,Yes
D104541,Julia Brown,B,+60-19-323-3420,2022-12-19,8,Yes
D104542,Tyler Alvarez,A,+60-14-731-8586,2016-10-06,4,No
D104543,Stephanie Hogan,A,+60-14-848-6452,2026-06-19,3,Yes
D104544,David Gonzalez,O,+60-15-701-6592,2009-08-11,4,Yes
D104545,Matthew Obrien,B,+60-12-183-5263,2024-08-23,7,No
D104546,Shawn Morrison,O,+60-10-752-5563,2026-06-28,4,Yes
D104547,Jennifer Ballard,AB,+60-15-033-9420,2026-06-04,6,Yes
D104548,Angel Moore,A,+60-16-250-7386,2021-08-02,3,Yes
D104549,Allison Espinoza,O,+60-13-096-8614,2011-11-25,5,Yes
D104550,Alex Snyder,O,+60-14-689-8770,2008-09-16,2,Yes
D104551,Kari Harris,AB,+60-12-245-7305,2019-12-31,6,Yes
D104552,Nicholas Baker,O,+60-11-928-7390,2019-11-30,7,Yes
D104553,Anthony Miller,O,+60-10-414-8815,2019-06-27,4,Yes
D104554,Darren Lopez,A,+60-13-430-6508,2012-08-28,5,No
D104555,Andrew Jackson,AB,+60-15-701-1541,2013-08-13,5,Yes
D104556,Bryan Morris,A,+60-11-306-9636,2008-04-05,4,Yes
D104557,Alexander Davis,AB,+60-13-378-1967,2023-08-17,1,Yes
D104558,Megan Hudson,A,+60-17-579-2569,2016-05-04,7,Yes
D104559,Justin Haynes,B,+60-11-041-9476,2014-11-05,3,No
D104560,Cheryl Pollard,A,+60-16-943-2339,2017-05-23,6,Yes
D104561,Samantha Hart,O,+60-15-658-6666,2009-02-10,6,Yes
D104562,Jocelyn George,AB,+60-18-034-5491,2013-02-24,5,Yes
D104563,Joseph Simmons,O,+60-11-355-6697,2021-10-04,2,No
D104564,Laura Ellis,B,+60-14-577-6676,2016-01-25,4,Yes
D104565,Nancy Hamilton,A,+60-13-439-9709,2013-08-04,3,Yes
D104566,Jacob Kerr,B,+60-15-621-8165,2016-05-30,4,Yes
D104567,Mark Francis,O,+60-13-724-9002,2021-02-11,4,Yes
D104568,Mary Paul,AB,+60-13-424-3674,2014-05-25,2,No
D104569,Samantha Williams,O,+60-12-671-4853,2016-08-15,6,Yes
D104570,Alex Warner,B,+60-14-224-1639,2026-04-06,8,Yes
D104571,Mary Reyes,O,+60-18-923-6620,2014-01-10,5,Yes
D104572,Jonathan Hoffman,O,+60-10-939-6093,2013-04-24,5,Yes
D104573,Julia Riley,AB,+60-17-868-8586,2019-07-24,3,Yes
D104574,Brian Little,A,+60-13-161-6285,2011-12-08,6,Yes
D104575,Sean Petersen,AB,+60-13-980-8570,2016-08-23,7,Yes
D104576,Michael Davis,O,+60-10-079-3324,2024-09-20,8,Yes
D104577,Luke Johnson,B,+60-15-034-0856,2019-09-10,7,Yes
D104578,Chad Burgess,O,+60-14-458-4704,2021-05-11,5,Yes
D104579,Walter Henderson,O,+60-16-086-5340,2026-02-08,4,Yes
D104580,Candace Mcdonald,O,+60-13-098-2636,2022-01-03,4,No
D104581,Vanessa Mckinney,B,+60-15-185-9423,2026-07-29,5,Yes
D104582,Bridget Burton,A,+60-12-622-3966,2026-03-05,6,Yes
D104583,Ashley Wang,AB,+60-11-684-9589,2018-12-13,3,Yes
D104584,Michael Foster,B,+60-15-282-4651,2026-04-07,6,Yes
D104585,Tammy Benitez,B,+60-16-945-6307,2022-09-20,1,Yes
D104586,David Nelson,A,+60-15-573-7365,2013-01-09,6,Yes
D104587,Randy Hernandez,O,+60-12-986-8491,2007-11-21,1,Yes
D104588,Patricia Ritter,B,+60-13-841-6033,2013-06-25,9,Yes
D104589,Scott Henderson,B,+60-12-199-7100,2010-06-13,7,Yes
D104590,Andrew Bell,O,+60-14-734-9949,2024-07-17,4,Yes
D104591,Michelle Sanchez,B,+60-19-030-2431,2013-07-23,8,Yes
D104592,Jeanne Jones MD,A,+60-19-654-2666,2026-04-28,4,Yes
D104593,Sharon Walker,A,+60-14-594-0139,2014-08-02,5,Yes
D104594,Nathan Suarez,O,+60-19-847-6997,2022-04-15,4,Yes
D104595,Brian Carson,B,+60-18-703-9000,2025-03-26,7,Yes
D104596,Amber Schultz,O,+60-14-508-1548,2017-03-29,3,Yes
D104597,David Johnson,A,+60-11-555-9923,2021-10-10,4,Yes
D104598,Derek Forbes,B,+60-12-843-1327,2009-12-29,3,No
D104599,Jackson Green,B,+60-16-217-8759,2008-11-29,4,Yes
D104600,Michael Davis,A,+60-12-589-0268,2023-05-21,2,No
D104601,Edgar Edwards,O,+60-16-526-0819,2025-10-16,3,Yes
D104602,Jennifer Olsen,O,+60-16-794-3750,2015-03-24,11,Yes
D104603,Joshua Black,A,+60-18-400-7112,2022-01-01,6,No
D104604,Michael Rodriguez,A,+60-15-932-9677,2010-07-22,5,No
D104605,Jessica Cunningham,A,+60-12-717-9614,2017-10-15,5,No
D104606,Heidi Goodwin,O,+60-15-947-8259,2021-01-05,9,Yes
D104607,Andres Lewis,A,+60-13-435-9998,2018-10-12,9,Yes
D104608,Kyle Frost,AB,+60-10-874-4248,2019-03-27,2,Yes
D104609,Joshua Williams,O,+60-19-591-0538,2021-11-25,6,Yes
D104610,David Martinez,O,+60-11-005-5965,2026-05-03,4,Yes
D104611,Larry Hess,AB,+60-16-061-1173,2019-11-24,8,No
D104612,Joseph Campbell,B,+60-14-519-4718,2013-08-27,4,Yes
D104613,Adam Taylor,B,+60-17-627-2891,2013-06-11,4,Yes
D104614,Jordan Miller MD,A,+60-18-768-2351,2023-11-04,5,Yes
D104615,Michael Stephens,O,+60-10-162-6177,2017-07-13,4,No
D104616,Taylor Reid,B,+60-13-756-7810,2022-07-10,1,Yes
D104617,Jason Richardson,A,+60-18-977-3242,2026-08-06,6,Yes
D104618,Mrs. Lisa Macdonald DVM,A,+60-18-501-7860,2026-06-30,6,Yes
D104619,Michael Freeman PhD,O,+60-15-705-5401,2024-08-05,5,Yes
D104620,Michelle Serrano,A,+60-11-122-7870,2010-01-23,4,Yes
D104621,Sarah Alexander,B,+60-17-118-9585,2020-06-03,4,Yes
D104622,Pamela Bell,B,+60-11-887-9298,2015-07-30,4,No
D104623,Stacy Whitney,O,+60-10-792-7727,2013-01-04,1,Yes
D104624,Samantha Johnson,O,+60-18-098-2877,2025-04-24,7,Yes
D104625,Kyle Blanchard,A,+60-19-209-8887,2012-05-20,5,Yes
D104626,Regina Ortiz,A,+60-12-313-2609,2014-03-04,5,Yes
D104627,Billy Frey,O,+60-17-240-5854,2016-01-10,4,Yes
D104628,Christopher Dodson,B,+60-13-373-4168,2015-05-11,6,Yes
D104629,Jessica Davies,A,+60-13-027-9950,2009-02-12,7,Yes
D104630,Lauren King,B,+60-13-396-1705,2008-05-22,4,Yes
D104631,Scott Thomas,A,+60-14-732-8065,2025-09-10,4,Yes
D104632,Kimberly Cervantes,O,+60-13-354-0210,2023-05-24,6,Yes
D104633,Julie Stuart,O,+60-11-312-2500,2023-06-16,7,Yes
D104634,Jordan Franco,O,+60-19-512-1109,2018-07-24,9,Yes
D104635,Linda Burns,O,+60-12-329-0045,2020-09-04,6,Yes
D104636,Katie Fields,A,+60-16-345-7561,2014-01-28,6,No
D104637,Jennifer Curry,A,+60-15-914-2100,2015-06-25,7,No
D104638,Jonathan Booker,O,+60-16-829-3944,2014-11-16,5,Yes
D104639,Travis Lee,A,+60-12-568-3240,2010-08-23,5,Yes
D104640,Lisa Brown,B,+60-17-615-3609,2007-08-17,3,Yes
D104641,Mike Villanueva,A,+60-13-153-2515,2025-10-27,4,Yes
D104642,Cassandra Munoz,A,+60-16-066-9047,2010-02-09,5,Yes
D104643,Trevor Huffman,A,+60-10-943-3237,2024-03-19,1,Yes
D104644,Tanya Ferrell,O,+60-14-317-0443,2008-03-10,2,No
D104645,Andrew Adams,O,+60-10-642-0256,2020-04-20,8,No
D104646,Karen Price,B,+60-13-131-9457,2023-08-29,7,Yes
D104647,Jennifer Wilson,O,+60-17-692-5979,2026-05-07,9,Yes
D104648,Wendy Knapp,A,+60-17-603-9640,2019-02-19,4,Yes
D104649,Jacqueline Wilcox,O,+60-12-389-1490,2022-12-02,1,Yes
D104650,Michael Smith,AB,+60-13-462-7353,2017-05-26,4,Yes
D104651,Dwayne Simmons,O,+60-11-376-7158,2022-08-22,6,Yes
D104652,Kaitlyn Adams,B,+60-18-691-2411,2024-09-30,4,Yes
D104653,Rachel Wallace,O,+60-15-846-5410,2026-05-06,3,Yes
D104654,Emma Baker,O,+60-12-618-7983,2016-01-02,3,No
D104655,Craig Holmes,O,+60-15-082-1747,2023-12-13,6,Yes
D104656,Matthew Maldonado,O,+60-12-452-0861,2019-04-20,6,Yes
D104657,Dawn Edwards,A,+60-14-189-0267,2026-01-30,2,No
D104658,Rachel Johnson,O,+60-14-178-4842,2016-08-07,4,Yes
D104659,Geoffrey Baker,A,+60-19-519-1693,2026-05-26,3,Yes
D104660,Paul Robinson,A,+60-18-473-9836,2011-09-11,6,Yes
D104661,Kristin Martin,B,+60-10-601-4753,2019-04-06,3,No
D104662,Jeffrey Nelson,AB,+60-12-568-8087,2025-09-21,7,Yes
D104663,Mark Thomas,A,+60-16-403-1320,2026-05-19,5,Yes
D104664,Stephanie Davis,O,+60-17-455-4020,2020-06-22,4,Yes
D104665,Dominic Jefferson,O,+60-17-915-1385,2026-08-22,5,Yes
D104666,Karen Daniels,O,+60-18-573-3560,2009-01-12,2,No
D104667,Patrick Brown,AB,+60-17-717-8020,2023-09-18,5,Yes
D104668,Denise Bean,A,+60-10-128-8614,2011-12-27,2,No
D104669,Robert Diaz,AB,+60-11-568-6759,2026-03-19,9,Yes
D104670,William Norman,O,+60-16-563-0973,2018-08-18,6,No
D104671,Kenneth Thomas,O,+60-18-251-6845,2012-11-30,6,Yes
D104672,Brenda Weber,O,+60-12-713-2422,2019-11-14,6,Yes
D104673,Linda Murray,A,+60-16-317-0606,2017-11-10,6,Yes
D104674,Jacqueline Bonilla,AB,+60-10-483-1347,2020-10-05,6,Yes
D104675,Melissa West,AB,+60-10-704-8661,2012-07-31,4,Yes
D104676,Susan George,O,+60-17-501-7807,2022-06-26,6,No
D104677,Gina Leach,B,+60-11-130-0492,2026-05-01,3,Yes
D104678,Kenneth Lopez,O,+60-17-518-3893,2019-04-25,2,Yes
D104679,Maureen Griffith,O,+60-11-898-0659,2026-07-11,5,Yes
D104680,Adrian Little,B,+60-10-240-2715,2013-09-28,4,Yes
D104681,Charles Sanford,O,+60-13-461-3332,2026-03-02,3,Yes
D104682,Donald Knapp,O,+60-10-711-5932,2023-04-25,3,No
D104683,Melissa Carroll,B,+60-12-011-3543,2011-05-25,3,Yes
D104684,Emily Webb,A,+60-12-418-3144,2008-06-27,3,Yes
D104685,Jonathan Shepherd,A,+60-12-283-5126,2018-07-08,5,Yes
D104686,Kellie Edwards,B,+60-10-705-7330,2021-01-13,8,Yes
D104687,John Williams,O,+60-10-843-5521,2020-04-26,4,Yes
D104688,Andre Perry,O,+60-17-878-3999,2014-07-29,3,Yes
D104689,Caleb Thomas,B,+60-16-830-3017,2009-10-22,7,Yes
D104690,Tyler Cruz,A,+60-19-858-3675,2010-11-16,9,Yes
D104691,John Pierce,A,+60-12-633-0304,2025-01-08,3,Yes
D104692,Rachel Bailey,O,+60-12-689-8060,2013-08-01,6,Yes
D104693,Denise Mckinney,O,+60-18-468-9512,2015-10-21,8,No
D104694,Haley Johnson,O,+60-15-541-5525,2009-02-27,4,Yes
D104695,David Williams,O,+60-12-008-4805,2024-07-06,2,Yes
D104696,Kristin Doyle,B,+60-16-242-3289,2015-12-19,3,Yes
D104697,Rhonda Robbins,A,+60-10-630-0612,2011-02-03,6,Yes
D104698,Matthew Stephens,B,+60-19-294-2930,2017-11-08,6,Yes
D104699,Leah Adams,A,+60-15-626-2656,2026-03-29,4,No
D104700,Crystal Anthony,O,+60-19-477-4585,2017-02-21,5,Yes
D104701,Donna Giles,O,+60-19-067-9900,2010-10-27,6,Yes
D104702,David Hill,O,+60-15-291-0955,2015-01-04,2,No
D104703,Robert Morgan,O,+60-11-571-7098,2024-02-21,10,Yes
D104704,Philip Martin,O,+60-13-834-0304,2021-10-26,1,No
D104705,Jeremy Vega,O,+60-14-940-8079,2016-10-08,6,No
D104706,Patrick Chambers DDS,A,+60-10-087-0101,2020-03-10,4,Yes
D104707,Sean Zimmerman,A,+60-19-064-6529,2018-01-23,11,Yes
D104708,Samantha Harris,AB,+60-14-141-4386,2017-04-13,6,Yes
D104709,Jennifer Hammond,O,+60-19-831-9770,2008-04-18,5,Yes
D104710,Amanda Brown,B,+60-15-119-9843,2014-07-13,5,Yes
D104711,Tony Martinez,O,+60-11-549-4536,2019-06-01,4,No
D104712,Michael Jones,O,+60-10-719-9468,2024-02-06,3,Yes
D104713,Crystal French,O,+60-19-337-1897,2016-02-11,3,Yes
D104714,Molly Huff,O,+60-17-394-9724,2017-06-20,10,Yes
D104715,Eric Hall,AB,+60-13-736-2208,2019-06-04,7,Yes
D104716,Eric Ford,O,+60-11-612-8162,2008-04-28,4,No
D104717,Kenneth Turner,B,+60-11-888-5575,2022-06-16,4,Yes
D104718,Margaret Hart,A,+60-15-092-0467,2019-03-04,6,No
D104719,Patricia Thomas,A,+60-15-590-6000,2015-03-11,6,Yes
D104720,Sarah Mills,B,+60-17-746-8046,2023-11-25,6,Yes
D104721,Robert Allen,B,+60-15-779-8787,2015-10-24,6,Yes
D104722,Richard Wyatt,O,+60-19-848-0310,2018-08-27,7,No
D104723,Sarah Larson,B,+60-12-589-9456,2023-03-12,7,Yes
D104724,Jonathan Parker,A,+60-18-515-7052,2026-08-01,6,Yes
D104725,Alyssa Moss,B,+60-10-186-0999,2026-06-01,7,Yes
D104726,Teresa Perez,O,+60-14-388-2348,2011-02-03,7,Yes
D104727,Karen Meyers,A,+60-10-146-9252,2010-06-07,2,Yes
D104728,Ruben Houston,O,+60-11-985-6904,2017-11-08,6,Yes
D104729,Emily Dean,A,+60-15-289-7021,2022-09-10,3,No
D104730,Dwayne Black,O,+60-11-133-8801,2023-08-21,9,Yes
D104731,Courtney Davis,A,+60-16-953-7525,2009-08-06,5,Yes
D104732,Jennifer Taylor,O,+60-12-743-0039,2026-07-10,2,Yes
D104733,John Watson,O,+60-14-749-6864,2012-09-06,2,Yes
D104734,Tiffany Gallagher,O,+60-19-149-7758,2026-07-24,4,Yes
D104735,Debbie Davis,A,+60-19-292-9694,2017-01-29,7,Yes
D104736,Diana Sanchez,B,+60-14-447-2425,2013-04-26,5,Yes
D104737,Ashley Middleton,O,+60-11-333-8728,2010-10-14,3,Yes
D104738,Mrs. Lisa Kelley,O,+60-16-683-7397,2016-02-05,3,Yes
D104739,Kristen Johnson,A,+60-17-817-6317,2020-12-10,4,Yes
D104740,Todd Hahn,O,+60-17-305-9732,2024-11-25,7,No
D104741,Austin Lloyd,B,+60-13-707-4612,2019-04-13,6,Yes
D104742,Ruben Robles,O,+60-12-786-6687,2022-02-26,7,Yes
D104743,Edward Ward,A,+60-12-988-7245,2024-09-21,2,Yes
D104744,Michael Parks,A,+60-12-009-5651,2017-07-07,4,No
D104745,Cathy Santiago,B,+60-11-354-1424,2018-06-28,6,No
D104746,Alicia Cunningham MD,O,+60-19-144-5485,2013-02-02,4,Yes
D104747,Joshua Nichols,A,+60-18-337-8184,2014-10-12,8,No
D104748,Yvonne Acosta,O,+60-15-909-3375,2011-05-28,3,Yes
D104749,Anthony Oliver,B,+60-17-728-1747,2018-12-08,8,Yes
D104750,Danielle Blackwell,B,+60-19-607-4192,2008-12-13,7,Yes
D104751,Brian Woods,O,+60-11-204-7611,2019-02-20,6,Yes
D104752,Kaitlin Lane,AB,+60-11-169-9426,2012-02-29,7,Yes
D104753,Henry Branch,A,+60-16-841-5946,2015-05-20,6,Yes
D104754,Ashley Lopez,B,+60-18-878-7600,2016-09-22,2,Yes
D104755,Eric Johnson,A,+60-15-719-1251,2026-05-17,4,Yes
D104756,Jose Morales,B,+60-10-560-1950,2011-08-19,8,Yes
D104757,Laura Thomas,O,+60-18-994-0007,2019-07-20,10,No
D104758,Olivia Ramirez,O,+60-11-772-5765,2025-06-22,3,Yes
D104759,Stephanie Roach,O,+60-12-589-8405,2015-02-27,5,Yes
D104760,Wesley Cunningham,A,+60-18-780-3192,2011-05-10,3,Yes
D104761,Melissa Williams,O,+60-17-094-2893,2024-02-29,4,No
D104762,James Huff,O,+60-16-437-2603,2014-05-01,3,Yes
D104763,James Hall,O,+60-12-431-0483,2009-07-09,4,Yes
D104764,Rhonda Fields,O,+60-19-587-2285,2021-03-20,7,Yes
D104765,Ruben Ball,A,+60-19-704-1931,2010-10-15,7,Yes
D104766,Jason Rose,B,+60-13-852-6073,2021-01-13,7,Yes
D104767,Crystal Smith,A,+60-19-734-8925,2011-05-05,4,No
D104768,Jacob Tucker,O,+60-19-220-2475,2025-04-05,4,Yes
D104769,Brittany Cole,O,+60-17-696-4308,2011-03-18,4,Yes
D104770,Michael Moore,A,+60-12-736-1580,2019-09-26,6,Yes
D104771,Dawn Jones,O,+60-14-191-2737,2009-10-01,6,Yes
D104772,Caitlin Wilson,O,+60-10-593-3712,2022-08-02,6,No
D104773,James Martinez,O,+60-15-817-5843,2015-06-08,4,No
D104774,Blake Acevedo,B,+60-15-235-1203,2022-01-30,4,No
D104775,Laura Mcpherson,B,+60-14-241-7121,2008-08-10,4,No
D104776,James Taylor,A,+60-19-935-6297,2019-06-26,8,Yes
D104777,Sarah Mclean,A,+60-17-120-0807,2021-02-08,9,Yes
D104778,Daniel Howard,B,+60-18-974-6238,2024-05-31,7,Yes
D104779,Cassandra Davis,O,+60-13-047-0481,2010-03-20,3,Yes
D104780,Joshua Henderson,O,+60-17-786-9218,2012-09-05,6,No
D104781,Ethan Williams,A,+60-19-049-4631,2018-03-11,5,Yes
D104782,Brenda Burton,A,+60-14-134-3270,2025-01-11,6,Yes
D104783,Anthony Bryant,A,+60-15-690-2683,2010-04-27,5,Yes
D104784,Kayla Cox,O,+60-13-865-7830,2012-08-24,3,Yes
D104785,Aaron Ramos,O,+60-13-715-9453,2016-03-31,3,Yes
D104786,Gabrielle Jackson DDS,B,+60-18-955-8356,2012-04-23,3,Yes
D104787,William Hill,A,+60-10-301-6152,2011-04-14,6,Yes
D104788,Stacey Santiago,A,+60-17-033-2163,2024-03-27,9,Yes
D104789,Shawn Brown,O,+60-11-409-1267,2015-02-10,4,No
D104790,Angela Dennis,O,+60-17-146-1535,2024-11-03,5,Yes
D104791,Jeremy Taylor,O,+60-19-998-1659,2015-11-23,3,Yes
D104792,Sheri Murphy,O,+60-17-534-1167,2012-03-18,5,Yes
D104793,John Haynes,A,+60-12-234-2289,2026-05-06,7,Yes
D104794,Marissa Palmer,A,+60-11-299-9755,2019-01-14,7,Yes
D104795,Brian Graham,A,+60-19-165-6421,2020-06-06,6,No
D104796,Sharon Johnson,AB,+60-10-008-0219,2024-03-16,3,Yes
D104797,Corey Nicholson,B,+60-14-166-2958,2022-10-02,7,Yes
D104798,Amber Snow,O,+60-16-260-3687,2018-06-06,4,Yes
D104799,Alicia Crosby,A,+60-10-599-1046,2019-09-24,4,No
D104800,Marilyn Ramirez,A,+60-16-798-8398,2022-08-09,5,Yes
D104801,Marcia Vasquez,O,+60-11-349-5474,2008-12-24,5,Yes
D104802,Kelsey Lee,A,+60-17-340-4848,2021-06-10,7,Yes
D104803,Jacob Aguilar,O,+60-12-399-1450,2012-07-10,5,No
D104804,Spencer Walsh,A,+60-11-083-8981,2026-04-25,4,No
D104805,Donald Ford,B,+60-18-948-8844,2023-03-05,5,Yes
D104806,Christopher Obrien,B,+60-15-262-1598,2025-12-25,7,Yes
D104807,Ms. Laura Price MD,O,+60-12-692-5175,2023-11-09,7,Yes
D104808,Jessica Boyd,A,+60-10-350-3984,2015-11-01,5,Yes
D104809,Jennifer Jordan,B,+60-17-379-3765,2016-06-12,5,Yes
D104810,Tanya Cooper,B,+60-19-414-5362,2022-12-08,5,Yes
D104811,Tiffany Davis,O,+60-14-279-0116,2023-01-11,9,No
D104812,Julie Kim,O,+60-11-635-8487,2010-12-13,5,Yes
D104813,Daniel Cameron,O,+60-13-134-3841,2011-05-06,6,Yes
D104814,Jeremy Garrett,O,+60-12-955-6787,2011-10-22,3,No
D104815,Teresa Hunt,A,+60-12-980-6186,2025-12-08,5,Yes
D104816,Megan Walker,A,+60-12-090-3018,2016-07-19,5,Yes
D104817,Patricia Richardson,A,+60-18-915-8335,2013-05-21,6,Yes
D104818,Karen Campbell,AB,+60-10-433-8766,2023-05-10,5,Yes
D104819,Julie Knight,B,+60-15-174-3474,2019-06-03,4,Yes
D104820,Christopher Rich,A,+60-11-163-5126,2023-02-14,4,Yes
D104821,Amy Williams,O,+60-19-635-8880,2012-08-18,4,No
D104822,Nicole Skinner,B,+60-15-527-0708,2018-11-28,5,Yes
D104823,Phillip Robinson,A,+60-12-759-5386,2023-02-07,4,Yes
D104824,Ashley Hopkins,B,+60-11-784-5357,2009-07-29,4,No
D104825,Jeffery Rivera,O,+60-10-093-1593,2012-06-04,2,Yes
D104826,Vanessa Campos,A,+60-10-252-7041,2022-06-21,4,Yes
D104827,Sharon Walton,O,+60-15-635-4665,2025-04-14,8,Yes
D104828,Charles Hughes,B,+60-11-373-3076,2017-01-04,8,Yes
D104829,Donald Smith,B,+60-16-142-1285,2009-10-27,5,Yes
D104830,Jimmy Nichols,A,+60-13-856-1674,2024-09-24,6,Yes
D104831,Joel Smith,B,+60-15-514-8565,2011-01-13,6,No
D104832,James Edwards,A,+60-14-242-3542,2026-04-01,5,Yes
D104833,Cathy Nguyen,B,+60-12-478-6522,2013-05-10,6,Yes
D104834,Chris Sims,AB,+60-13-788-2882,2013-06-25,5,Yes
D104835,Derrick Hall,B,+60-13-298-2761,2025-08-19,4,Yes
D104836,Kevin Hampton,A,+60-10-865-2495,2014-10-14,5,Yes
D104837,Richard Jones,B,+60-19-789-9032,2015-08-15,6,Yes
D104838,Tammy Hunt,B,+60-11-311-0305,2024-02-07,4,Yes
D104839,Dana Marshall,O,+60-16-051-8728,2009-12-25,6,Yes
D104840,Brandon Figueroa,AB,+60-11-542-3661,2017-11-30,5,Yes
D104841,Katie Park,B,+60-14-232-5473,2018-02-10,6,Yes
D104842,Nicole Weiss,O,+60-17-975-3520,2017-10-05,3,No
D104843,Deborah Ross,O,+60-16-468-5442,2007-09-23,2,No
D104844,Mark Sanchez,B,+60-11-132-9759,2015-03-03,3,Yes
D104845,Kelly Roberts,B,+60-15-719-7806,2025-08-31,1,No
D104846,Luis Hurst,AB,+60-19-732-5936,2011-08-19,8,No
D104847,Nicole Dickerson,A,+60-13-045-1291,2012-10-12,3,Yes
D104848,Sheryl Wong,A,+60-10-477-2520,2018-07-13,5,Yes
D104849,Michael Garrison,A,+60-17-925-3320,2020-08-29,8,No
D104850,Victoria Williams,B,+60-17-759-9193,2015-05-17,4,No
D104851,David Johnson,A,+60-10-572-4154,2018-02-12,8,Yes
D104852,Michael Petersen,A,+60-15-391-2051,2011-10-07,7,Yes
D104853,Karen Webster,A,+60-10-185-1825,2025-01-01,6,Yes
D104854,Alyssa Nunez,A,+60-17-984-5131,2024-08-28,8,Yes
D104855,Jennifer Benitez,B,+60-13-010-5034,2016-09-15,3,No
D104856,Mary Ramos,B,+60-17-557-4873,2023-09-17,11,Yes
D104857,Brian Harmon,O,+60-16-773-4370,2008-12-18,5,Yes
D104858,Scott Adams,AB,+60-13-687-6277,2012-12-27,6,Yes
D104859,Daniel Williams,O,+60-17-007-6304,2024-09-16,4,Yes
D104860,David Pollard,O,+60-19-888-6005,2019-09-10,2,Yes
D104861,Charles Hayes,O,+60-12-003-0740,2011-04-06,3,Yes
D104862,Taylor Mcbride,AB,+60-19-715-4722,2012-05-23,5,No
D104863,Patricia Foster,AB,+60-15-004-4119,2025-12-11,10,Yes
D104864,Peter Landry,O,+60-13-427-7859,2009-01-28,4,Yes
D104865,Felicia Dodson,B,+60-15-006-6108,2018-08-11,4,Yes
D104866,Tyler Robertson,AB,+60-15-578-6160,2026-07-29,5,Yes
D104867,Samuel Castro,O,+60-18-016-7460,2010-12-06,7,Yes
D104868,Kendra Jones,B,+60-10-253-4581,2016-05-09,2,Yes
D104869,Ronald Pierce,B,+60-13-733-8958,2012-09-13,3,Yes
D104870,Courtney Hunter,O,+60-16-715-6081,2010-03-01,4,Yes
D104871,Cynthia Martinez,A,+60-15-419-0175,2008-08-25,3,No
D104872,Nicholas Beltran,O,+60-14-350-2879,2014-04-13,4,Yes
D104873,Debra Day,O,+60-16-338-9858,2026-07-10,6,Yes
D104874,Lauren Johnson,O,+60-18-002-0467,2025-12-31,4,Yes
D104875,Robert Nixon,B,+60-19-848-1669,2020-11-08,4,Yes
D104876,Christopher Sloan,B,+60-16-012-1309,2026-08-08,3,Yes
D104877,Debra Lane,AB,+60-18-283-2128,2018-05-05,5,Yes
D104878,Lauren Caldwell,O,+60-12-684-5665,2015-11-16,6,Yes
D104879,Bradley Sanchez,A,+60-16-698-9221,2010-02-13,6,Yes
D104880,Michelle Rios,B,+60-10-570-3912,2019-05-24,3,Yes
D104881,Justin Trujillo,A,+60-16-756-0182,2023-11-23,2,Yes
D104882,Marcia Rowe,O,+60-18-743-9116,2011-10-04,5,Yes
D104883,Alec Alexander,B,+60-18-432-4549,2026-03-01,3,Yes
D104884,Benjamin Welch,O,+60-10-320-7488,2014-12-13,5,Yes
D104885,Micheal Hill,B,+60-14-578-6381,2016-02-22,6,No
D104886,Juan Davis,A,+60-16-503-8223,2015-03-16,5,Yes
D104887,Jeffery Holmes,O,+60-13-601-7593,2018-09-15,9,Yes
D104888,Michael Taylor,O,+60-16-994-9447,2019-06-19,6,Yes
D104889,Mrs. Susan Ryan,A,+60-13-370-6228,2024-10-04,4,No
D104890,Craig Reyes,A,+60-14-419-2249,2011-03-10,3,No
D104891,Donald Martinez,A,+60-11-896-3136,2024-03-15,8,Yes
D104892,Wendy Whitehead,O,+60-17-697-0889,2019-12-04,5,Yes
D104893,William Vargas PhD,A,+60-10-105-0606,2009-12-12,6,Yes
D104894,Stephanie Curtis MD,A,+60-11-127-6931,2018-01-05,8,Yes
D104895,Carol Anderson,A,+60-15-816-4198,2013-06-18,2,Yes
D104896,Robert Charles,O,+60-15-121-4663,2014-09-05,4,Yes
D104897,Andrew Weaver,B,+60-14-447-5197,2008-07-28,4,Yes
D104898,David Mcguire,A,+60-11-803-8702,2022-12-31,6,Yes
D104899,Angela Manning,O,+60-11-803-7299,2023-08-13,3,Yes
D104900,Jennifer Lewis,O,+60-10-713-7855,2023-06-08,7,Yes
D104901,Jennifer Walker,B,+60-14-470-0855,2012-08-01,6,No
D104902,Jeffrey Heath,AB,+60-15-665-2713,2009-06-30,5,Yes
D104903,Thomas Flores Jr.,O,+60-11-129-8498,2016-08-22,7,Yes
D104904,John Carter,B,+60-11-446-7357,2007-08-17,2,Yes
D104905,Linda Mcclure,O,+60-16-001-8917,2009-02-01,5,Yes
D104906,Kara Williams,O,+60-19-127-9003,2019-12-06,7,Yes
D104907,Kristi Hall,O,+60-14-348-3267,2023-06-06,3,Yes
D104908,Brett Sanders,A,+60-15-234-8959,2014-10-02,2,No
D104909,Lisa Cook,O,+60-12-859-1513,2008-10-25,4,Yes
D104910,Cheryl Robinson,O,+60-16-904-2108,2023-02-21,3,Yes
D104911,Meredith Garrett,A,+60-15-785-5503,2024-05-27,5,Yes
D104912,Timothy Galloway,O,+60-13-587-8454,2021-11-30,6,No
D104913,Amy Boyd,B,+60-12-406-1530,2010-01-18,9,Yes
D104914,John Adkins,O,+60-16-210-1485,2010-07-19,8,Yes
D104915,Eric King,O,+60-13-746-9554,2016-01-24,4,Yes
D104916,Christopher Lindsey,A,+60-17-679-2742,2010-07-16,4,Yes
D104917,Robin Mullen,O,+60-13-582-8423,2014-08-11,3,Yes
D104918,Phillip Murray,A,+60-13-809-5470,2022-01-09,4,Yes
D104919,Dr. Jason Dyer,O,+60-11-129-7386,2024-02-05,4,No
D104920,Megan Hudson,O,+60-12-818-2513,2010-07-13,8,Yes
D104921,Joshua Reynolds,O,+60-11-916-0551,2022-05-26,6,Yes
D104922,Michael Villegas,AB,+60-19-084-6025,2016-02-22,4,Yes
D104923,Amanda Macdonald,O,+60-19-605-6462,2025-12-10,5,Yes
D104924,Richard Stevens,O,+60-19-366-2920,2013-07-10,10,No
D104925,Michael Hansen,A,+60-19-914-6849,2019-10-02,5,Yes
D104926,Colleen Gonzalez,AB,+60-15-657-4082,2024-12-12,4,Yes
D104927,Monique Johnson,AB,+60-19-427-3374,2026-04-08,2,Yes
D104928,Beth Turner,O,+60-16-775-6822,2025-07-28,4,Yes
D104929,Roy Young Jr.,AB,+60-11-813-7449,2021-11-24,5,No
D104930,Sergio Moore,O,+60-17-727-8722,2011-11-09,5,Yes
D104931,Mark Hayden,A,+60-11-929-8823,2020-10-06,3,Yes
D104932,Zoe Contreras,B,+60-11-013-1151,2018-03-25,5,Yes
D104933,William Perez,AB,+60-14-597-4543,2008-03-19,4,Yes
D104934,Roger Hall,B,+60-11-512-4820,2018-05-06,4,Yes
D104935,Kristin Cook,B,+60-15-523-0707,2026-07-08,3,Yes
D104936,Nicole Hicks,A,+60-17-170-0961,2009-12-31,6,Yes
D104937,Jason Smith,A,+60-17-913-8012,2014-08-05,7,Yes
D104938,Joshua Rogers,O,+60-19-980-3353,2012-03-09,2,Yes
D104939,Blake Fernandez,O,+60-15-574-0207,2013-04-16,7,No
D104940,Casey Porter,B,+60-13-125-8359,2019-01-02,6,Yes
D104941,Derek Morris,O,+60-17-268-0518,2013-06-24,3,Yes
D104942,Mr. Clinton Andrews,A,+60-12-619-3921,2022-03-04,5,Yes
D104943,Jeffrey Gonzalez,A,+60-16-994-3013,2016-05-15,2,Yes
D104944,Robert Davis MD,O,+60-10-560-4864,2014-10-04,3,Yes
D104945,Andrew Anderson,A,+60-10-316-6107,2010-08-26,3,Yes
D104946,Jennifer Bailey,O,+60-10-362-2167,2022-06-11,4,Yes
D104947,Joseph Brown,B,+60-10-359-1530,2026-08-15,3,Yes
D104948,Andrew Young,O,+60-19-434-3538,2026-06-17,6,Yes
D104949,Eric Mcdowell,O,+60-16-380-4875,2023-10-06,11,Yes
D104950,Angela Powers,B,+60-13-989-3183,2021-11-20,6,Yes
D104951,Paul Anthony,AB,+60-19-454-7729,2016-03-24,6,No
D104952,Connie Allen,A,+60-18-426-6309,2014-04-17,4,Yes
D104953,Sharon Reynolds,A,+60-10-033-1320,2025-06-24,5,Yes
D104954,Brenda Thompson,A,+60-17-115-0452,2026-07-24,9,No
D104955,Max Dominguez,B,+60-16-775-5331,2014-07-08,8,Yes
D104956,Jeff Becker,O,+60-10-023-6554,2012-01-06,5,No
D104957,Sandra Jackson,O,+60-13-580-2639,2011-08-10,3,Yes
D104958,Jenna Sanders,O,+60-10-898-4860,2009-03-15,6,Yes
D104959,Joseph Aguirre,O,+60-12-342-6210,2007-06-02,3,Yes
D104960,Melinda Sims,O,+60-11-725-3087,2026-08-03,4,Yes
D104961,Peter Wright,B,+60-14-451-4299,2020-12-04,6,Yes
D104962,Jacob Smith,O,+60-18-798-9166,2017-03-08,6,Yes
D104963,Maria Peterson,AB,+60-12-276-9653,2026-02-18,6,Yes
D104964,Brianna Silva MD,O,+60-14-311-8168,2025-12-13,5,No
D104965,Martha Powers,B,+60-11-938-8857,2021-10-22,2,Yes
D104966,Michael Waters,AB,+60-19-196-9465,2026-08-10,2,Yes
D104967,Stephanie Schaefer,A,+60-18-378-5110,2021-06-25,6,Yes
D104968,Stephanie Baker,O,+60-15-011-3891,2008-09-22,3,Yes
D104969,Deborah Herrera,A,+60-12-280-4464,2010-06-12,3,Yes
D104970,April Estrada,A,+60-19-589-2646,2009-07-31,6,Yes
D104971,Natalie Rivera,AB,+60-16-622-5289,2013-07-08,5,Yes
D104972,Mrs. Anna Pope,O,+60-16-900-0229,2012-10-22,4,Yes
D104973,Lisa Carpenter,A,+60-11-814-9756,2019-12-29,7,Yes
D104974,Samantha Nunez,O,+60-14-870-4441,2022-07-01,6,Yes
D104975,Diana Scott,AB,+60-14-874-9665,2024-09-30,3,Yes
D104976,Kathy Miller,A,+60-15-326-7755,2012-09-09,4,Yes
D104977,Zachary Johnston,O,+60-16-954-9926,2025-01-28,6,Yes
D104978,Erin Compton,AB,+60-15-281-8678,2019-12-08,8,Yes
D104979,Louis Walters,O,+60-17-263-1041,2012-06-11,5,No
D104980,Brittany Wilson,B,+60-18-518-6229,2025-07-26,3,No
D104981,Danny Miller,O,+60-12-664-9703,2017-01-23,5,No
D104982,Kevin Henderson,O,+60-13-826-7893,2014-03-28,4,No
D104983,Chelsea Miles,O,+60-18-528-9906,2023-06-14,8,Yes
D104984,George Garcia,B,+60-17-164-2544,2017-11-30,2,Yes
D104985,Beverly Sheppard,O,+60-10-669-6570,2020-12-20,3,Yes
D104986,Steven Wright,O,+60-13-143-3108,2014-11-15,5,Yes
D104987,Zachary Cochran,O,+60-18-848-3748,2013-01-14,5,Yes
D104988,Dennis Swanson,A,+60-11-981-2616,2017-10-19,6,Yes
D104989,Kristin Owens,O,+60-14-750-9653,2023-05-09,4,No
D104990,Christopher Brown,B,+60-14-014-0070,2021-01-21,5,Yes
D104991,Megan Richardson,O,+60-12-674-4204,2013-09-08,7,Yes
D104992,Christopher Parker,A,+60-15-510-3503,2022-05-25,8,No
D104993,Amy Rubio,A,+60-17-208-6511,2012-01-16,7,Yes
D104994,Timothy Huff,O,+60-19-123-8336,2010-03-15,8,Yes
D104995,Angela Miller,AB,+60-18-351-2934,2020-02-21,3,Yes
D104996,Darren Brown,B,+60-11-009-0931,2014-02-15,3,Yes
D104997,Paula Goodwin,B,+60-14-219-1205,2008-10-07,3,Yes
D104998,Jonathon Holt,O,+60-10-740-8348,2008-03-20,5,Yes
D104999,Jason Smith,A,+60-11-434-2920,2026-08-18,4,Yes
D105000,Alyssa Anderson,AB,+60-10-225-6738,2013-12-18,5,No
D105001,Christopher Wallace,A,+60-12-704-6780,2014-12-11,3,Yes
D105002,Marie Hoover,O,+60-14-979-3526,2018-01-02,5,No
D105003,Brooke Roberts,O,+60-10-436-2006,2018-11-17,3,No
D105004,Lawrence Hernandez,B,+60-18-921-3119,2008-01-03,3,Yes
D105005,Angela Harper,O,+60-13-040-7660,2012-07-25,4,No
D105006,Teresa Sloan,B,+60-14-551-6121,2017-04-16,7,Yes
D105007,Stephen Strickland,O,+60-12-760-1853,2025-03-08,7,Yes
D105008,Chad Nelson,O,+60-11-147-4507,2023-12-15,3,No
D105009,Michael Crane,O,+60-12-117-5686,2023-03-04,5,Yes
D105010,Ryan Davis,O,+60-14-004-0013,2025-01-22,5,Yes
D105011,Thomas Martin,A,+60-15-393-5400,2019-09-19,7,Yes
D105012,Melvin Armstrong,O,+60-11-067-4495,2011-01-02,4,Yes
D105013,Ashley Fisher,O,+60-18-636-7828,2012-05-06,6,No
D105014,Veronica Newman DDS,O,+60-11-452-4598,2019-10-09,9,Yes
D105015,Daniel Scott,B,+60-16-739-6369,2022-12-24,5,Yes
D105016,Gina Holt,O,+60-11-996-1505,2015-06-23,3,Yes
D105017,Michael Gonzalez,O,+60-17-205-9887,2015-06-13,6,Yes
D105018,Cheryl Cohen,A,+60-12-883-9373,2020-04-03,3,Yes
D105019,Cameron Smith,A,+60-11-354-1121,2023-03-04,7,Yes
D105020,Antonio Conley,O,+60-11-938-2992,2010-07-26,3,Yes
D105021,James Hamilton,O,+60-14-045-3890,2010-05-03,6,Yes
D105022,Patrick Watkins,O,+60-11-301-7684,2017-10-17,7,No
D105023,Christian Lozano,O,+60-15-646-8951,2014-02-04,6,Yes
D105024,Danielle Johnson,O,+60-18-267-5784,2015-04-25,2,Yes
D105025,Tiffany Carter,O,+60-16-174-3640,2022-07-04,6,Yes
D105026,Cheyenne Thompson,B,+60-19-765-6510,2026-04-12,6,Yes
D105027,Dr. Jean Barnett,O,+60-17-728-6870,2008-12-17,1,Yes
D105028,Kelli Reed,O,+60-13-881-8585,2011-05-08,2,Yes
D105029,Megan Jones,AB,+60-10-924-1555,2015-07-20,4,Yes
D105030,Brandi Lewis,B,+60-18-081-4667,2015-11-21,7,Yes
D105031,Richard Mcguire,B,+60-14-260-6974,2023-04-27,4,Yes
D105032,Tonya Hampton,AB,+60-11-755-5823,2009-12-22,6,Yes
D105033,Jessica Waller,O,+60-13-735-5512,2025-06-12,4,Yes
D105034,Michael Perez,B,+60-11-122-5779,2008-07-21,5,Yes
D105035,Tracy Thomas,A,+60-15-457-7803,2026-05-18,5,Yes
D105036,Kirk Butler,B,+60-19-288-1738,2007-11-13,3,Yes
D105037,Amanda Gonzalez,A,+60-11-437-4723,2010-10-02,4,Yes
D105038,Jerry Stewart,O,+60-13-944-8329,2022-03-07,4,Yes
D105039,Jason Escobar,A,+60-19-439-6221,2025-04-22,9,Yes
D105040,Gina Kemp,O,+60-15-718-5966,2021-04-21,2,Yes
D105041,Dawn Chen,B,+60-15-116-8363,2009-03-10,4,Yes
D105042,Michaela Alvarez,AB,+60-16-674-7229,2008-08-03,4,No
D105043,John White,O,+60-15-201-7037,2017-04-03,6,Yes
D105044,Paul White,A,+60-14-276-1882,2021-07-02,8,Yes
D105045,Michelle Strickland,B,+60-13-434-5522,2025-07-23,4,No
D105046,Alicia Stevens,B,+60-13-825-2167,2022-02-25,5,Yes
D105047,Joanne Jimenez,A,+60-10-421-4221,2007-12-24,3,Yes
D105048,Jennifer Chan,O,+60-11-052-1301,2019-08-26,4,Yes
D105049,Kyle Dickerson,O,+60-15-850-9172,2019-10-03,5,No
D105050,Thomas Watson,O,+60-16-117-7472,2023-12-16,4,Yes
D105051,Renee Kaufman,B,+60-12-758-0493,2015-03-16,6,Yes
D105052,Robin Kim,A,+60-17-994-4545,2023-12-19,4,Yes
D105053,Patricia Martinez,A,+60-10-447-4671,2022-04-02,4,No
D105054,James Leon,O,+60-16-867-3777,2010-01-26,6,Yes
D105055,Alison Oneal,B,+60-19-063-2171,2018-07-31,5,Yes
D105056,Mr. David Taylor,O,+60-11-043-8742,2020-03-21,3,Yes
D105057,Erica Summers,O,+60-16-779-3280,2016-01-14,7,Yes
D105058,Daniel Jones,O,+60-12-107-0341,2026-06-02,2,Yes
D105059,Anna Simmons,A,+60-18-482-2082,2012-10-14,5,Yes
D105060,Christopher Miller,O,+60-11-461-6155,2007-10-24,2,No
D105061,David Butler,A,+60-17-270-7583,2010-12-18,4,Yes
D105062,Sandra Sanchez,O,+60-18-596-2969,2020-05-19,6,Yes
D105063,Tamara Brooks,A,+60-15-989-2413,2020-07-14,2,Yes
D105064,Tammie Crane,AB,+60-13-188-9905,2021-01-27,5,Yes
D105065,Shannon Horne,O,+60-10-095-6377,2019-07-23,4,Yes
D105066,Susan Stevens,A,+60-19-771-6878,2022-04-17,5,Yes
D105067,Angela Dixon,A,+60-10-019-2118,2011-07-21,6,Yes
D105068,Kathryn Rivera,O,+60-11-523-5653,2026-07-24,2,No
D105069,Bill James,O,+60-15-916-1228,2025-04-18,8,Yes
D105070,Garrett Carroll,O,+60-13-119-8963,2013-05-16,4,Yes
D105071,Paige Foster,A,+60-16-829-6860,2011-08-20,4,Yes
D105072,Vanessa Parks,O,+60-10-698-0718,2017-09-03,5,Yes
D105073,Sarah Ross,O,+60-13-696-5651,2014-09-03,5,Yes
D105074,Daniel Schultz,O,+60-12-547-5021,2017-10-16,5,Yes
D105075,Robert Simpson,B,+60-15-814-2487,2019-08-28,1,Yes
D105076,Briana Mcknight,A,+60-10-198-4720,2024-05-31,2,Yes
D105077,Whitney Stewart,A,+60-17-927-5872,2014-07-27,7,Yes
D105078,Jason Fuentes,O,+60-12-128-0863,2026-06-25,5,No
D105079,Jacqueline Harrison,A,+60-17-140-7092,2026-02-25,5,Yes
D105080,Alexandria Young,O,+60-17-015-8305,2024-08-19,5,Yes
D105081,Harry Burke,A,+60-16-014-2269,2019-05-01,5,Yes
D105082,Brandon Jackson,O,+60-15-616-6074,2017-08-03,3,Yes
D105083,Gary Mejia,B,+60-17-000-2925,2014-03-22,9,Yes
D105084,Jamie Brown,O,+60-16-254-8293,2011-10-14,5,No
D105085,Scott Holmes,A,+60-10-672-1259,2011-01-15,9,Yes
D105086,Jerry Vaughn,B,+60-18-594-7843,2011-02-04,5,No
D105087,Amy Henry,A,+60-17-203-4945,2021-07-22,5,Yes
D105088,Megan Thompson,A,+60-13-311-2368,2022-03-02,5,Yes
D105089,Mr. David Williams,A,+60-14-044-9796,2026-04-22,1,Yes
D105090,William Edwards,A,+60-16-520-4821,2009-12-27,4,Yes
D105091,Kelly Garcia,O,+60-14-689-8276,2014-12-01,5,Yes
D105092,Kevin Singleton,B,+60-12-569-6228,2018-05-24,5,Yes
D105093,Christopher Roach,B,+60-16-129-7871,2022-07-25,6,No
D105094,Sandra Morse,A,+60-19-989-8104,2017-12-21,6,Yes
D105095,Dennis Pope,A,+60-15-973-0605,2011-11-20,5,Yes
D105096,Kimberly Adams,A,+60-19-504-3205,2019-02-02,3,Yes
D105097,Heather Jones,B,+60-11-181-9039,2021-02-19,4,Yes
D105098,Steven Martin,O,+60-18-756-0490,2016-09-24,2,Yes
D105099,Brian Smith,B,+60-12-210-4053,2009-05-05,2,Yes
D105100,Patricia Oneal,B,+60-16-639-4227,2019-04-18,6,Yes
D105101,Joshua Bennett,O,+60-15-708-5278,2015-07-08,7,Yes
D105102,Brenda Miller,B,+60-14-940-6605,2019-05-24,3,Yes
D105103,Carrie Walker,A,+60-17-914-2650,2011-09-13,7,Yes
D105104,Priscilla Roberts,A,+60-13-737-0268,2018-12-30,7,Yes
D105105,Alexander Cannon,A,+60-18-140-9050,2025-11-22,6,Yes
D105106,Benjamin Lynch,A,+60-11-004-3728,2023-09-28,5,Yes
D105107,Jennifer George,O,+60-16-282-2550,2012-07-02,6,Yes
D105108,Ricky Lewis,O,+60-16-643-5295,2010-11-14,5,Yes
D105109,Mr. Ronald Davidson MD,O,+60-13-502-8355,2023-06-16,6,Yes
D105110,William Hayes,B,+60-10-560-5608,2021-09-04,3,Yes
D105111,Jay Smith,O,+60-17-095-4199,2024-12-14,6,Yes
D105112,Melissa Rojas,O,+60-11-908-2653,2012-10-28,5,Yes
D105113,Andrew Ellis,B,+60-17-454-0399,2007-10-04,3,Yes
D105114,Mrs. Ashley Rodriguez MD,A,+60-14-095-5106,2014-06-28,5,Yes
D105115,Jessica Cook,A,+60-16-837-3864,2019-05-03,7,No
D105116,Regina Walker,AB,+60-11-129-9019,2020-06-07,3,Yes
D105117,Amanda Nguyen,A,+60-12-223-0411,2008-07-16,3,Yes
D105118,Brian Martinez,O,+60-17-841-7314,2020-04-26,3,No
D105119,Christy Ramirez,B,+60-18-811-6544,2014-09-05,7,Yes
D105120,Carolyn Thomas,A,+60-14-518-1996,2024-12-20,6,Yes
D105121,Zachary Terrell,AB,+60-18-151-8831,2014-01-23,7,No
D105122,Bianca Smith,A,+60-18-492-4114,2014-05-19,5,Yes
D105123,Melissa Stewart,O,+60-19-047-6017,2026-05-29,7,Yes
D105124,Sarah Montes,O,+60-16-344-8681,2007-10-31,3,Yes
D105125,Connie Doyle,B,+60-15-154-7341,2018-01-01,2,Yes
D105126,Gerald Lewis,O,+60-17-755-9030,2022-09-07,11,Yes
D105127,Shannon King,O,+60-12-184-9212,2021-01-24,3,Yes
D105128,Sheryl Padilla,A,+60-10-630-5607,2023-08-13,4,No
D105129,Mrs. Heather Merritt,A,+60-17-196-8561,2014-09-27,2,Yes
D105130,Benjamin Valdez,AB,+60-19-700-0120,2009-08-12,7,Yes
D105131,April Alvarado,O,+60-15-933-2605,2013-05-09,6,Yes
D105132,Jacob Flores,B,+60-13-972-2832,2015-12-03,4,Yes
D105133,Sydney Edwards,O,+60-15-316-2624,2015-02-25,4,Yes
D105134,Rebecca Lee,O,+60-16-700-6823,2008-05-30,3,No
D105135,John Crawford,O,+60-15-112-8234,2017-07-02,7,Yes
D105136,Julie Hill,O,+60-17-789-8158,2023-04-19,6,Yes
D105137,Rachel Moore,O,+60-19-253-2045,2023-02-10,7,Yes
D105138,Bobby Rodriguez,O,+60-15-795-6598,2010-12-12,3,No
D105139,Diana Contreras,O,+60-17-319-7012,2014-11-28,3,No
D105140,Sheila Jacobson,B,+60-19-947-6534,2025-05-05,4,Yes
D105141,Amanda Watson,O,+60-17-527-7582,2014-02-03,1,Yes
D105142,Lawrence Miller,O,+60-11-581-8872,2025-11-13,4,No
D105143,Angela Hudson,AB,+60-12-610-7950,2025-04-09,5,Yes
D105144,Dale Brown,O,+60-10-166-8877,2025-09-10,1,Yes
D105145,Ms. Sharon Gray,A,+60-14-452-9205,2025-11-24,6,No
D105146,Natalie Fuller,O,+60-18-257-6517,2011-01-12,5,Yes
D105147,Paul Cole,A,+60-16-155-7088,2013-09-19,5,Yes
D105148,George Villarreal,A,+60-11-734-8221,2022-11-22,3,Yes
D105149,Caroline Weeks,O,+60-19-983-2786,2026-03-14,7,No
D105150,Christina Silva,O,+60-12-115-0202,2014-12-25,3,Yes
D105151,Christina Brooks,AB,+60-17-164-8192,2024-04-08,6,Yes
D105152,Tina Bruce,A,+60-11-620-1067,2011-12-18,3,Yes
D105153,Michelle Hood,O,+60-13-181-7706,2009-12-29,3,No
D105154,Dr. Kelly Hall,O,+60-19-643-4033,2026-06-03,2,Yes
D105155,Susan Cobb MD,O,+60-18-067-9212,2007-12-25,2,Yes
D105156,Sonya Bennett,O,+60-19-983-8151,2017-04-18,7,Yes
D105157,Andrew Flores,O,+60-10-861-4007,2021-10-23,2,No
D105158,Richard White,AB,+60-13-073-8921,2021-02-02,3,Yes
D105159,Kimberly Thomas,O,+60-15-424-1835,2023-09-23,9,Yes
D105160,Lindsay Dean,O,+60-19-489-8080,2011-11-01,1,Yes
D105161,Deanna Kelly,B,+60-17-264-4272,2010-03-20,8,Yes
D105162,Joshua Gregory,B,+60-18-264-9316,2018-09-08,5,Yes
D105163,Miranda Cortez,A,+60-19-734-6118,2021-08-07,5,Yes
D105164,Christine Kim,O,+60-12-736-1911,2020-02-09,6,Yes
D105165,Tim Lewis,O,+60-16-598-5747,2021-09-28,6,Yes
D105166,Zachary Patel,A,+60-12-745-4402,2026-08-09,4,No
D105167,Karen Greene,AB,+60-12-939-5211,2020-06-17,3,Yes
D105168,Destiny Armstrong,O,+60-18-722-8090,2012-01-30,5,Yes
D105169,Sonya Baker,O,+60-12-583-9475,2026-04-24,2,Yes
D105170,Cassandra Bridges,AB,+60-14-279-3156,2007-12-01,4,Yes
D105171,Edward Lopez,O,+60-17-801-0833,2018-10-23,4,Yes
D105172,Kevin Johnson DDS,AB,+60-18-714-3503,2012-03-03,3,No
D105173,Matthew Johnson,A,+60-18-281-8305,2026-07-08,2,Yes
D105174,Kristen Morgan,A,+60-11-318-8227,2022-07-03,2,Yes
D105175,Catherine Fuentes,A,+60-16-955-1155,2023-04-17,3,Yes
D105176,Erin Mccann,O,+60-11-036-6399,2015-07-12,4,No
D105177,Laura Johnson,A,+60-13-943-2002,2014-11-19,5,Yes
D105178,Kari Anderson,A,+60-12-562-6064,2022-07-22,5,No
D105179,Barbara Marsh,A,+60-12-977-4643,2023-10-22,6,Yes
D105180,Julie Robinson,A,+60-15-496-9137,2011-03-01,5,Yes
D105181,Geoffrey Carlson,B,+60-10-273-8948,2013-02-13,6,Yes
D105182,Daniel Saunders,O,+60-18-470-0807,2024-10-07,4,No
D105183,Patrick Odonnell,O,+60-14-832-4273,2026-05-10,6,Yes
D105184,Rachel Underwood,O,+60-15-884-7168,2026-07-08,2,Yes
D105185,James Fields,O,+60-19-367-0928,2009-04-11,4,Yes
D105186,George Ryan,O,+60-16-880-1374,2017-10-17,5,Yes
D105187,Ashley Torres,A,+60-10-620-7392,2022-10-10,8,Yes
D105188,Todd Gonzales,AB,+60-19-192-7397,2015-01-19,5,Yes
D105189,Rebecca Green,B,+60-14-958-9652,2021-06-20,7,No
D105190,Joseph King,O,+60-17-563-5178,2020-05-27,4,Yes
D105191,Michael Brown,A,+60-13-748-2855,2016-02-08,7,Yes
D105192,Rachael Marshall,O,+60-10-782-0897,2025-12-08,4,Yes
D105193,Dalton Burgess,A,+60-16-960-9969,2013-06-06,8,No
D105194,Michele Ramirez,B,+60-18-814-1772,2017-11-09,4,Yes
D105195,Katrina Lewis,B,+60-18-567-8811,2008-06-30,4,Yes
D105196,Sean Ruiz,A,+60-19-278-1284,2018-05-10,2,Yes
D105197,Laura Wilson,O,+60-14-471-5567,2020-07-25,1,Yes
D105198,Amanda Berger,B,+60-15-414-4412,2021-09-19,4,Yes
D105199,Jessica Gutierrez,A,+60-18-085-6820,2020-09-18,3,Yes
D105200,Brandi Alexander,O,+60-10-014-6321,2020-07-02,5,Yes
D105201,Diana Hill,A,+60-17-031-1626,2010-11-27,6,Yes
D105202,Sarah Lewis,AB,+60-17-542-1533,2009-02-26,4,Yes
D105203,Melvin Irwin,B,+60-17-853-2635,2015-04-02,7,Yes
D105204,Walter Morrow,B,+60-11-032-4326,2019-03-24,3,Yes
D105205,April Ward,A,+60-12-624-0973,2011-05-10,6,Yes
D105206,William Hahn,O,+60-13-282-5394,2010-12-07,5,Yes
D105207,Stacey Boyer,O,+60-15-767-4764,2008-06-16,4,Yes
D105208,Anthony White,O,+60-13-295-0977,2019-03-13,4,Yes
D105209,Michael Brady,O,+60-15-617-7607,2010-03-08,4,Yes
D105210,Yolanda Thompson,O,+60-17-621-3588,2016-01-04,4,No
D105211,Kimberly Young,A,+60-14-126-5633,2024-08-12,4,Yes
D105212,Megan Christensen,O,+60-17-728-2275,2013-07-29,2,Yes
D105213,Gloria Wood,O,+60-19-562-3134,2014-09-30,3,Yes
D105214,Andrew Mullins,B,+60-18-567-9752,2025-02-19,11,Yes
D105215,Jesse Horn,O,+60-16-027-4971,2026-03-03,2,Yes
D105216,Russell Hill,A,+60-17-578-3419,2017-03-26,8,Yes
D105217,Michael Ferguson,B,+60-17-257-2097,2023-03-04,7,No
D105218,Cameron Smith,O,+60-14-550-2748,2016-03-29,6,Yes
D105219,Victoria Lopez,A,+60-16-181-6053,2025-09-15,7,Yes
D105220,James Nelson,O,+60-17-204-9370,2026-04-06,1,Yes
D105221,Albert Garcia,O,+60-13-560-9084,2019-11-15,8,Yes
D105222,Philip Boone,A,+60-12-243-7470,2026-06-27,3,Yes
D105223,Bruce Vasquez,O,+60-15-554-8105,2009-05-04,6,No
D105224,Stephanie Peterson,B,+60-19-759-4745,2021-09-30,8,No
D105225,Christopher Young,A,+60-19-786-4974,2010-10-17,11,Yes
D105226,Amanda Scott,B,+60-19-682-2814,2015-06-12,4,Yes
D105227,Thomas Davis,A,+60-14-365-2539,2023-03-29,12,Yes
D105228,Michael Powers,O,+60-16-852-5840,2019-01-13,7,Yes
D105229,Joanne Wells,O,+60-15-468-1667,2025-07-06,5,Yes
D105230,Tiffany Brown,B,+60-13-726-3219,2024-09-21,3,Yes
D105231,Kendra Vance,A,+60-16-716-7837,2022-01-25,3,Yes
D105232,Kathryn Johnson,O,+60-17-453-5866,2012-03-09,8,Yes
D105233,David Sharp,B,+60-14-497-5323,2015-10-21,5,Yes
D105234,Gloria Graham,B,+60-16-442-7704,2020-07-14,5,Yes
D105235,Karen Smith,B,+60-14-392-5567,2007-10-18,3,No
D105236,Carol Peterson,O,+60-18-597-7574,2024-01-06,4,Yes
D105237,John Kelly,O,+60-18-949-3036,2018-08-31,5,No
D105238,Rebecca Miller,O,+60-13-848-0409,2023-11-14,6,Yes
D105239,Elizabeth Edwards,O,+60-14-734-2648,2025-02-08,5,No
D105240,Curtis Klein,O,+60-16-908-7863,2009-08-27,3,Yes
D105241,Blake Paul,O,+60-17-291-6503,2017-11-26,6,No
D105242,John Avila,B,+60-14-015-5571,2012-04-11,4,Yes
D105243,Kim Reeves,O,+60-19-775-5673,2021-10-07,4,Yes
D105244,Mark Griffin,B,+60-14-470-0133,2016-12-17,6,Yes
D105245,Morgan Castro,A,+60-16-808-7355,2022-06-11,7,Yes
D105246,Christopher Burton,A,+60-17-614-1090,2021-10-06,8,Yes
D105247,William Gonzalez,O,+60-13-698-8293,2019-10-24,5,No
D105248,Anthony Coleman,A,+60-11-743-5431,2022-01-20,5,Yes
D105249,Benjamin Burke,B,+60-18-978-7393,2026-06-03,3,Yes
D105250,Brian Medina,O,+60-12-577-6784,2022-04-12,4,Yes
D105251,Troy Haynes,AB,+60-19-494-1823,2025-01-13,7,Yes
D105252,Andrew Byrd,O,+60-19-338-9643,2007-03-10,2,No
D105253,Kathleen Hughes,O,+60-16-049-1407,2024-06-04,4,Yes
D105254,Ricky Cook,A,+60-18-407-1930,2010-01-29,6,Yes
D105255,Ronald Graves,B,+60-17-337-1577,2013-08-27,5,Yes
D105256,Terry Hill Jr.,B,+60-12-864-3565,2021-11-04,7,No
D105257,Jennifer Rice,O,+60-19-111-5755,2013-02-22,2,Yes
D105258,Jaime Conley,B,+60-13-311-2848,2016-12-25,7,No
D105259,Joshua Patel,B,+60-19-171-6208,2024-01-04,7,Yes
D105260,Karen Khan,A,+60-18-843-3053,2017-11-09,6,Yes
D105261,James Werner,A,+60-11-734-3468,2021-02-09,4,Yes
D105262,Jason Figueroa,O,+60-18-260-7405,2010-02-24,3,No
D105263,Raymond Bailey,O,+60-13-563-6253,2012-11-08,7,Yes
D105264,David Fisher,O,+60-17-976-1340,2024-12-16,7,No
D105265,Tiffany Hernandez,O,+60-13-311-0717,2013-02-01,6,Yes
D105266,Darryl Gonzalez,O,+60-10-291-7303,2013-11-03,5,Yes
D105267,Anthony Lutz,B,+60-18-299-0379,2007-12-26,4,Yes
D105268,Joshua Lindsey,O,+60-16-222-8848,2013-04-07,8,Yes
D105269,Brandi Brown,A,+60-18-449-2240,2010-04-30,5,Yes
D105270,Amanda Cooper,AB,+60-10-216-9513,2026-04-16,2,Yes
D105271,Melissa Smith,O,+60-14-684-7761,2021-02-17,9,Yes
D105272,Jean Gibbs,B,+60-18-642-8299,2007-06-06,3,Yes
D105273,Brian Farrell,O,+60-15-719-6621,2019-09-17,9,No
D105274,Miguel Cannon,B,+60-14-834-0082,2008-07-24,5,No
D105275,Julia Owens,B,+60-13-433-7271,2008-08-08,1,No
D105276,Christine Davis,A,+60-15-089-4658,2008-07-20,6,Yes
D105277,Claudia Baldwin,B,+60-12-366-6627,2015-08-28,6,Yes
D105278,Dawn Butler,B,+60-15-643-4478,2020-09-09,7,Yes
D105279,Kathy Green,A,+60-15-135-3363,2025-07-21,3,Yes
D105280,Monica Valencia,O,+60-10-393-4272,2023-08-20,8,Yes
D105281,Calvin Rivera,A,+60-14-367-3137,2025-09-22,8,Yes
D105282,Gregory Pierce,O,+60-16-789-9743,2025-05-14,7,Yes
D105283,John Lopez,A,+60-14-607-6938,2017-10-13,2,Yes
D105284,Michael Mckenzie,A,+60-19-344-9978,2026-04-08,6,Yes
D105285,Mrs. Sara Moore,A,+60-15-375-5854,2009-10-21,5,Yes
D105286,Misty Herrera,O,+60-11-523-5495,2025-08-24,4,Yes
D105287,Crystal Gray,O,+60-14-970-5649,2013-09-11,6,Yes
D105288,Ronald Oconnell,O,+60-13-590-8882,2021-08-09,5,Yes
D105289,Kimberly Lee,A,+60-17-631-0423,2022-07-22,7,Yes
D105290,Jonathan Stewart,A,+60-14-000-7746,2017-05-01,1,Yes
D105291,Sean Cantrell,AB,+60-11-606-8074,2013-11-21,8,Yes
D105292,Sarah Reilly,O,+60-11-990-1792,2022-06-11,5,Yes
D105293,Mrs. Sheri Bennett,O,+60-11-453-3151,2015-11-09,7,Yes
D105294,Alexandra Thomas,AB,+60-11-882-8990,2021-01-09,4,Yes
D105295,William Simmons,A,+60-16-430-0957,2012-03-05,5,Yes
D105296,Alan Sullivan,O,+60-11-036-8545,2011-04-05,3,Yes
D105297,Brian Cowan,O,+60-11-715-0795,2026-08-20,4,Yes
D105298,Dana Goodwin,O,+60-14-813-3052,2021-08-10,8,No
D105299,Walter Reed,O,+60-14-479-6000,2011-01-10,3,Yes
D105300,Jay Simmons,O,+60-10-155-0916,2015-05-21,3,Yes
D105301,Jesse Maldonado,O,+60-13-417-4601,2018-08-14,4,Yes
D105302,Justin Richardson,B,+60-16-409-8137,2016-12-19,4,Yes
D105303,Daniel Frank,O,+60-19-900-8785,2021-12-09,4,No
D105304,Robert Weaver,A,+60-16-868-2323,2008-07-23,4,Yes
D105305,Amanda Williams,B,+60-15-145-9277,2009-08-03,6,Yes
D105306,Jennifer Jackson,O,+60-19-119-6699,2010-07-01,9,Yes
D105307,Patrick Johnson,AB,+60-11-953-8219,2025-03-21,5,No
D105308,Karen Giles,A,+60-19-018-2356,2025-05-24,7,Yes
D105309,Timothy Chapman,AB,+60-18-122-9360,2013-06-15,3,Yes
D105310,Cesar Smith,A,+60-16-134-7936,2023-08-24,5,Yes
D105311,Kenneth Hicks,B,+60-16-277-3513,2025-06-21,5,No
D105312,Corey Roberts,A,+60-19-703-9104,2017-10-08,6,Yes
D105313,Luis Mclean,O,+60-17-217-6192,2018-11-02,4,Yes
D105314,Brian Wilson,A,+60-19-765-0547,2017-04-20,4,No
D105315,Eric Stewart,O,+60-14-315-6472,2025-01-07,3,Yes
D105316,Kevin Smith,O,+60-15-732-1233,2009-06-26,7,Yes
D105317,Michele Duarte,A,+60-14-735-4206,2026-07-29,7,Yes
D105318,James York,A,+60-12-464-7591,2014-03-19,5,Yes
D105319,Christina Horne,B,+60-11-427-9462,2012-10-04,2,Yes
D105320,Charles Bradshaw,B,+60-13-055-6215,2021-10-23,5,Yes
D105321,Martin Willis,AB,+60-16-271-6623,2008-11-24,3,Yes
D105322,Steven Wolfe,A,+60-13-220-7306,2020-03-11,4,No
D105323,Robin Maddox,AB,+60-11-414-6691,2012-11-09,5,Yes
D105324,Rachael Hobbs,O,+60-14-881-1632,2026-07-12,5,Yes
D105325,Nathan Ramirez,O,+60-12-522-6359,2024-07-12,3,No
D105326,Christopher Matthews,O,+60-19-461-4381,2018-12-19,7,Yes
D105327,Jessica Lewis,O,+60-18-593-0239,2013-04-18,5,No
D105328,Tyler Thomas,A,+60-17-386-4350,2009-08-07,8,Yes
D105329,Jacqueline Zamora,O,+60-11-796-4022,2009-06-28,7,Yes
D105330,Lisa Nguyen,O,+60-14-641-1903,2012-01-04,6,No
D105331,Mrs. Carolyn Walker MD,A,+60-19-191-6281,2021-07-27,2,Yes
D105332,Bonnie Contreras,B,+60-15-585-3755,2023-05-20,10,Yes
D105333,Elizabeth Glenn,AB,+60-11-351-8259,2018-09-13,11,Yes
D105334,Heather Robinson,A,+60-18-707-8530,2013-03-20,8,Yes
D105335,Erica Bird,O,+60-16-097-2070,2024-03-31,6,No
D105336,Lawrence Harper,B,+60-19-931-2241,2023-01-18,8,Yes
D105337,Caitlin Griffin,B,+60-17-451-1798,2023-11-24,3,Yes
D105338,Mrs. Christine Padilla,A,+60-18-718-3287,2015-10-03,9,Yes
D105339,Monica Lawrence,B,+60-14-655-2230,2018-04-01,6,Yes
D105340,Norma Smith,A,+60-17-460-8125,2022-09-10,5,Yes
D105341,Anna Allen,O,+60-19-711-2924,2013-08-30,7,Yes
D105342,Lucas Taylor,O,+60-12-058-5632,2015-01-22,2,Yes
D105343,Michele Lopez,B,+60-10-061-0419,2018-10-30,7,No
D105344,Mike Burton,A,+60-18-474-6492,2007-05-18,3,Yes
D105345,Dr. Amber Holmes,A,+60-12-254-7147,2022-03-08,3,Yes
D105346,Tom Howard,AB,+60-17-540-1564,2019-10-15,10,Yes
D105347,Margaret Martin,O,+60-12-937-0804,2013-12-25,4,Yes
D105348,Crystal Hamilton,O,+60-14-273-5888,2008-05-18,5,Yes
D105349,Tamara Jones,A,+60-13-145-4714,2017-03-22,5,Yes
D105350,Stephen Baker,O,+60-19-059-7323,2022-12-28,5,Yes
D105351,Andrew Fields,B,+60-15-918-9784,2026-01-17,5,Yes
D105352,Todd Lopez,A,+60-19-060-6492,2015-02-17,5,Yes
D105353,Kenneth Jenkins,A,+60-17-793-9187,2018-11-29,5,Yes
D105354,Ronald Morris,O,+60-15-048-0973,2023-03-03,8,Yes
D105355,Tyrone Shepherd,B,+60-15-652-8542,2020-12-30,9,Yes
D105356,Samuel Davies,O,+60-10-239-9105,2013-10-31,6,Yes
D105357,David Gardner,O,+60-18-970-4361,2024-05-29,5,No
D105358,Catherine Phelps,B,+60-16-286-4650,2023-12-06,6,Yes
D105359,Justin Hart,O,+60-12-593-2886,2016-07-25,7,Yes
D105360,Mary Johnson,O,+60-10-555-5022,2013-01-06,6,Yes
D105361,Nicholas Cook,O,+60-14-231-7976,2022-05-26,6,Yes
D105362,Renee Shelton MD,O,+60-19-972-9158,2023-05-23,8,No
D105363,Alexis Jones,O,+60-13-122-6501,2016-08-14,7,Yes
D105364,Morgan Compton,B,+60-15-102-7560,2020-12-24,6,Yes
D105365,Karen Cox,O,+60-14-332-5904,2014-06-24,4,Yes
D105366,Nicholas Butler,AB,+60-14-329-1961,2026-06-23,2,Yes
D105367,Courtney Bass,B,+60-13-244-8516,2014-07-17,3,Yes
D105368,Michael Jackson,B,+60-16-708-6655,2010-07-14,4,Yes
D105369,Stephanie Smith,A,+60-18-496-2724,2024-07-04,6,Yes
D105370,Jonathan Fowler,O,+60-19-080-9429,2022-10-06,5,Yes
D105371,Michelle Rodgers,O,+60-11-634-1676,2011-07-07,4,No
D105372,Walter Moran,B,+60-12-205-4677,2014-02-17,1,No
D105373,Patricia Stewart,A,+60-19-036-9153,2018-03-18,4,Yes
D105374,Taylor Black,O,+60-15-294-2610,2025-01-18,3,No
D105375,Kyle Beck,A,+60-14-262-9863,2026-03-27,5,No
D105376,Daniel Goodwin,O,+60-19-867-8876,2013-03-17,3,Yes
D105377,Kayla Rodriguez,O,+60-18-378-2789,2012-08-29,6,No
D105378,John Salas,B,+60-17-871-9087,2024-05-13,7,Yes
D105379,Rachel Reynolds,A,+60-17-500-6359,2015-01-11,6,Yes
D105380,Brian Lee,B,+60-19-149-2927,2025-02-20,6,Yes
D105381,Jason Hogan,O,+60-18-657-2707,2019-05-09,5,Yes
D105382,Johnny Parks,B,+60-14-037-1919,2026-03-22,4,Yes
D105383,Eric Vazquez,O,+60-19-040-8157,2016-11-19,5,Yes
D105384,Matthew Morgan,AB,+60-15-997-3397,2019-01-23,7,Yes
D105385,Nicole Gray,O,+60-18-041-9545,2010-01-23,5,Yes
D105386,Stephanie Perez,O,+60-18-838-4769,2023-03-12,8,Yes
D105387,Valerie Shields,O,+60-11-553-8379,2012-12-08,7,Yes
D105388,Melinda Duarte,O,+60-19-670-8108,2020-08-14,1,Yes
D105389,Lisa Pennington,AB,+60-17-754-3097,2026-08-18,3,No
D105390,Michael Rodriguez,AB,+60-19-033-7586,2013-05-27,4,Yes
D105391,Christina Carlson,O,+60-10-660-1265,2019-04-30,7,Yes
D105392,Paul Grant,AB,+60-14-163-5057,2026-04-02,3,Yes
D105393,Jessica Jennings,O,+60-15-937-3377,2018-04-18,4,Yes
D105394,Matthew Stokes,B,+60-16-465-7822,2026-06-07,9,Yes
D105395,Bradley Anderson,B,+60-11-979-0604,2021-02-09,2,Yes
D105396,Angela Jackson,B,+60-11-985-7470,2017-03-21,3,Yes
D105397,Tracy Young,O,+60-18-541-2304,2019-08-24,4,No
D105398,Olivia Daniel,O,+60-18-456-1045,2026-07-16,3,Yes
D105399,Brandy Turner,O,+60-14-225-5435,2007-06-03,2,No
D105400,Travis Edwards,O,+60-19-198-0695,2020-03-05,7,Yes
D105401,Deborah Lowery,O,+60-14-335-5606,2022-11-04,7,No
D105402,Emma Webb,A,+60-18-248-0454,2024-02-02,6,Yes
D105403,Sara Holt,A,+60-14-126-1317,2012-04-27,6,No
D105404,Joshua Ramsey,A,+60-12-949-0347,2014-02-03,4,Yes
D105405,Teresa Bishop,A,+60-11-848-2305,2014-02-22,6,No
D105406,Becky Wright,O,+60-11-837-8293,2023-08-20,7,Yes
D105407,Stephanie Green,O,+60-17-274-6078,2015-01-15,8,Yes
D105408,Ryan Simmons,A,+60-13-712-1616,2011-02-13,6,Yes
D105409,April Duncan,AB,+60-15-858-5028,2022-04-22,7,Yes
D105410,Gerald Long,O,+60-19-097-1721,2018-10-13,6,Yes
D105411,Michelle Lyons,A,+60-15-179-2837,2022-08-19,2,Yes
D105412,Courtney Herrera,O,+60-18-751-6518,2026-07-24,4,Yes
D105413,Elizabeth Hernandez,O,+60-19-812-2731,2011-07-04,6,No
D105414,Diana Lee,O,+60-12-195-0063,2019-01-15,7,Yes
D105415,Stephanie Wilkins,O,+60-19-593-5793,2024-05-22,4,Yes
D105416,Amanda Garcia,AB,+60-13-626-9557,2017-10-09,4,Yes
D105417,Kelsey Thomas,B,+60-14-500-6279,2014-05-09,7,Yes
D105418,Anthony Johnson,B,+60-19-375-0619,2012-01-07,6,Yes
D105419,Ethan Everett,B,+60-13-871-2633,2019-09-15,5,Yes
D105420,Elizabeth Richards,A,+60-14-751-2932,2010-05-16,5,Yes
D105421,Jeffrey Velez,O,+60-13-911-2786,2010-10-21,4,Yes
D105422,Jessica Thomas,A,+60-16-660-3572,2009-12-23,5,No
D105423,Luis Byrd,A,+60-17-735-0023,2021-08-19,5,Yes
D105424,Michael Moore,B,+60-14-276-8363,2009-09-04,3,Yes
D105425,Jennifer Kemp,O,+60-11-943-2896,2018-02-16,5,No
D105426,Nathan Yates,A,+60-11-184-9681,2020-10-19,7,Yes
D105427,Theresa Potts,O,+60-13-425-6993,2023-11-10,5,Yes
D105428,Kimberly Morris,O,+60-11-172-1290,2007-11-17,1,Yes
D105429,Blake Collins,O,+60-13-700-7298,2013-05-27,3,Yes
D105430,Nichole Johnson,O,+60-19-180-6299,2007-12-24,3,No
D105431,Abigail Collins,A,+60-10-210-3939,2015-12-30,4,Yes
D105432,Tiffany Payne,B,+60-10-412-6908,2019-10-29,6,Yes
D105433,Yvette Lynch,A,+60-17-849-9012,2025-10-22,5,Yes
D105434,Christopher Hernandez,A,+60-11-850-8620,2026-05-30,4,No
D105435,Danielle Ortiz,O,+60-15-916-6859,2020-09-03,7,Yes
D105436,Tami Hudson,O,+60-11-690-7337,2010-02-14,5,Yes
D105437,Katie Velasquez,B,+60-12-125-6947,2011-01-14,9,Yes
D105438,Scott Miller,O,+60-15-536-3730,2007-12-20,3,Yes
D105439,Michele Carter,O,+60-11-489-1991,2012-10-22,4,Yes
D105440,Zachary Frey,B,+60-18-759-4101,2016-03-27,4,No
D105441,Rhonda Harris,O,+60-10-077-7213,2025-05-22,3,Yes
D105442,Mason Fuentes,B,+60-19-135-0643,2015-09-02,4,Yes
D105443,Darren Moss,O,+60-14-258-8676,2026-06-03,6,Yes
D105444,Jerry Simpson,B,+60-15-133-0042,2021-11-17,5,No
D105445,Ashlee Hamilton,O,+60-18-854-7659,2018-11-14,3,Yes
D105446,Henry Johnson,O,+60-11-684-3078,2023-06-13,6,Yes
D105447,Danny Gonzales,B,+60-16-434-5979,2017-12-15,4,Yes
D105448,Charles Fisher,O,+60-18-918-9476,2009-05-02,5,Yes
D105449,Mrs. Bailey Moore,O,+60-17-695-7015,2012-11-30,6,No
D105450,Brent Mckenzie,A,+60-14-533-1179,2014-02-27,4,Yes
D105451,Samantha Simmons,A,+60-14-656-5151,2026-03-31,6,Yes
D105452,Renee Wilson,A,+60-16-271-1099,2011-02-22,3,No
D105453,Lacey Nichols,A,+60-15-148-1807,2021-09-09,5,Yes
D105454,Amy Meyer,A,+60-14-717-0096,2020-12-22,4,Yes
D105455,Sarah Mccormick,O,+60-15-818-7458,2021-12-02,6,Yes
D105456,Morgan James,O,+60-19-257-3222,2008-09-12,5,Yes
D105457,Lindsay Frye,O,+60-13-974-7098,2012-02-05,9,Yes
D105458,Brittany Williams,O,+60-17-248-0255,2022-06-06,6,Yes
D105459,Jordan Shields,A,+60-19-748-6178,2026-09-02,3,Yes
D105460,Vanessa Gomez,B,+60-15-001-7237,2009-08-06,5,Yes
D105461,Micheal Johnson,O,+60-19-243-7433,2013-12-27,3,Yes
D105462,Nancy Wilson,A,+60-15-019-8817,2026-06-24,5,No
D105463,Adam Jones MD,A,+60-11-910-1877,2016-08-06,4,Yes
D105464,Luis Paul,A,+60-17-821-3225,2022-11-22,5,Yes
D105465,Robert Mueller,O,+60-11-985-4786,2011-05-05,5,Yes
D105466,Shelby Green,O,+60-10-184-6615,2022-02-16,1,No
D105467,Allison Mcgrath,A,+60-17-203-8845,2009-11-19,4,Yes
D105468,Cynthia Yoder,AB,+60-12-200-1110,2011-04-18,4,No
D105469,John Hayes,O,+60-18-814-3942,2025-02-09,7,Yes
D105470,Ana Higgins,A,+60-10-057-7835,2012-12-05,9,Yes
D105471,Kyle Romero,B,+60-15-909-5257,2021-12-21,3,Yes
D105472,Crystal Bowen,O,+60-11-667-2310,2020-09-03,4,Yes
D105473,Roy Cooper,B,+60-10-524-4966,2022-11-26,6,Yes
D105474,Mr. William Hartman,B,+60-11-889-4915,2019-11-27,1,Yes
D105475,Alexandria Barton,AB,+60-17-050-1377,2019-09-18,3,Yes
D105476,Susan Roberts,A,+60-15-701-7651,2015-02-15,4,No
D105477,Kelly Martinez,B,+60-13-875-2252,2022-05-30,6,No
D105478,Lauren Fry DVM,AB,+60-13-742-4612,2017-03-11,9,Yes
D105479,Thomas Caldwell,A,+60-16-791-5873,2018-04-12,4,No
D105480,Jon Reed,O,+60-13-422-9191,2022-04-29,7,Yes
D105481,Jessica Harvey,A,+60-12-075-2255,2024-07-19,8,Yes
D105482,Brenda Nash,A,+60-11-667-0686,2021-10-03,4,Yes
D105483,Lori Richardson,O,+60-17-763-4119,2026-04-24,4,Yes
D105484,Brenda Miller,A,+60-14-914-5030,2009-01-18,5,No
D105485,Jason Ward,A,+60-17-012-2325,2026-01-20,8,Yes
D105486,Toni Velazquez,B,+60-10-022-6301,2022-04-30,5,Yes
D105487,Laura Mason,B,+60-17-466-4908,2009-03-30,3,Yes
D105488,Jane Garcia,B,+60-13-712-5920,2026-08-05,2,Yes
D105489,Christopher Nunez,A,+60-12-451-4558,2021-03-23,8,Yes
D105490,Lori Parker,O,+60-12-275-8560,2016-09-17,4,No
D105491,Jessica Alexander,A,+60-19-922-3953,2016-05-19,6,No
D105492,Taylor Jackson,A,+60-19-578-4521,2026-05-07,3,Yes
D105493,Emily Trujillo,B,+60-17-023-1490,2019-04-02,6,Yes
D105494,Lisa Young,O,+60-15-082-7210,2024-07-28,5,No
D105495,Christina Turner,A,+60-16-296-5282,2019-12-12,3,Yes
D105496,Judith Lindsey,O,+60-17-139-9854,2026-06-14,2,Yes
D105497,James Jimenez,A,+60-13-219-1614,2026-02-17,6,Yes
D105498,Jeffrey Ashley,O,+60-12-404-4766,2024-01-08,7,Yes
D105499,Mary Parker,AB,+60-11-538-3056,2019-01-21,7,Yes
D105500,Emily Mitchell,O,+60-13-886-2405,2019-03-31,6,No
D105501,David Ortiz,A,+60-16-950-2228,2023-09-11,6,Yes
D105502,Patrick Rosales,A,+60-15-207-3171,2013-08-07,4,Yes
D105503,Sabrina Walker,O,+60-11-814-8138,2023-04-09,6,Yes
D105504,Rachel Lucas,A,+60-12-063-2129,2009-11-29,4,Yes
D105505,Brett Graves,A,+60-17-286-8096,2011-10-08,8,No
D105506,Kevin Rivera,O,+60-16-650-7505,2008-06-07,5,Yes
D105507,Jill Carter,O,+60-18-980-1999,2022-06-19,3,Yes
D105508,David Carr,A,+60-11-209-0694,2010-03-11,5,Yes
D105509,Kerry Smith,B,+60-10-065-1427,2020-10-16,6,Yes
D105510,Haley Butler,B,+60-18-609-1691,2013-07-18,4,Yes
D105511,Michael Singh,O,+60-19-371-0301,2015-03-21,4,Yes
D105512,Alexis Gibson,B,+60-13-807-0954,2019-01-16,3,Yes
D105513,Brittany Parker,A,+60-17-743-0790,2018-03-07,4,No
D105514,Jessica Snyder,O,+60-16-362-9736,2026-08-02,3,Yes
D105515,Ronald Reed,O,+60-13-575-6336,2017-08-18,5,Yes
D105516,Julie Hamilton,O,+60-16-071-0613,2017-08-07,6,Yes
D105517,Jose Powell,B,+60-16-888-1224,2013-06-25,6,Yes
D105518,Kenneth Scott,A,+60-19-855-6696,2017-07-01,7,Yes
D105519,Melissa Cardenas,A,+60-14-362-1188,2017-02-22,4,Yes
D105520,Monica Blackburn,B,+60-17-098-9486,2022-08-13,7,Yes
D105521,Hannah Olson,O,+60-17-645-1230,2024-08-28,3,Yes
D105522,Tanner Mann,O,+60-12-594-7106,2010-10-08,5,Yes
D105523,Nicole Hunt,O,+60-17-998-1133,2014-04-06,6,Yes
D105524,Rachel Proctor,AB,+60-15-376-4152,2018-02-20,7,Yes
D105525,Adam Horne,O,+60-13-995-4519,2020-03-14,6,Yes
D105526,Dakota Smith,A,+60-17-399-1856,2014-12-15,3,No
D105527,Lauren Rodriguez,B,+60-11-141-6596,2017-07-15,4,Yes
D105528,Melissa Gonzalez,A,+60-10-231-1044,2010-10-13,4,No
D105529,Erin Hardin,B,+60-15-278-6412,2023-12-16,6,Yes
D105530,Jennifer Lewis,AB,+60-12-313-8293,2013-12-05,4,Yes
D105531,Jeffrey Salas,B,+60-13-363-2305,2022-12-13,3,Yes
D105532,Christopher Young,B,+60-16-243-4909,2011-11-14,5,Yes
D105533,David Fletcher,A,+60-12-387-7215,2020-08-11,6,No
D105534,Erica Rodriguez,O,+60-14-309-6430,2019-10-18,4,No
D105535,Holly Haas,AB,+60-19-511-5996,2011-05-03,6,Yes
D105536,Robert Gibson,O,+60-15-077-9224,2024-04-21,4,Yes
D105537,Patrick Summers,O,+60-19-082-7782,2017-03-31,7,Yes
D105538,John Lee,O,+60-18-296-1210,2019-11-03,3,Yes
D105539,Maria Williams,O,+60-19-107-6153,2016-10-09,3,Yes
D105540,Robert Barber,O,+60-19-001-9875,2016-12-18,7,Yes
D105541,Tina Green,AB,+60-14-641-4359,2013-10-28,7,Yes
D105542,Justin Barton,A,+60-17-208-0150,2023-03-20,8,Yes
D105543,Angela Jenkins,A,+60-11-323-3416,2025-11-01,5,Yes
D105544,Grant King,O,+60-13-153-3510,2021-12-03,5,Yes
D105545,Kevin Walters,O,+60-16-173-3519,2018-01-24,1,Yes
D105546,Jenny Preston,O,+60-16-221-9515,2025-02-18,3,No
D105547,Stephanie Ferguson,A,+60-19-629-0021,2009-03-14,6,No
D105548,Lisa Allen,O,+60-13-567-3988,2024-01-28,3,Yes
D105549,Jeremy Jimenez,O,+60-15-973-6212,2018-08-28,6,Yes
D105550,Timothy Miles,B,+60-10-489-2260,2008-11-15,3,Yes
D105551,Melanie Bell,A,+60-15-839-4470,2013-02-02,3,Yes
D105552,Karen Perez,O,+60-15-290-6842,2012-09-07,4,No
D105553,Laura Vega,O,+60-16-558-6017,2010-03-01,5,No
D105554,Sophia Walker,O,+60-16-782-5041,2023-05-16,7,Yes
D105555,Annette Kelly,O,+60-13-070-7110,2024-05-15,4,Yes
D105556,Angelica Barnes,O,+60-15-855-3542,2011-10-25,1,No
D105557,Carrie Richardson,B,+60-12-122-6785,2009-05-25,5,Yes
D105558,Andrea Hernandez,O,+60-19-245-2139,2026-05-06,6,Yes
D105559,Kenneth Fields,B,+60-17-638-9924,2025-11-18,3,Yes
D105560,Crystal Gardner,O,+60-16-388-7364,2016-01-17,6,Yes
D105561,Holly Johnson,B,+60-16-514-0783,2026-04-15,3,Yes
D105562,Ann Miller,O,+60-18-493-9444,2019-06-01,2,Yes
D105563,Darlene Dixon,O,+60-17-042-4159,2019-11-06,4,Yes
D105564,Lisa Wang,O,+60-15-293-9481,2011-09-30,7,No
D105565,Andrew Rogers,O,+60-13-132-2508,2011-05-26,6,Yes
D105566,Trevor Martin,O,+60-18-526-7698,2024-01-19,7,Yes
D105567,Amy Soto,A,+60-10-346-1366,2009-02-01,4,Yes
D105568,Mrs. Michelle Rogers,A,+60-16-118-2371,2009-12-16,4,No
D105569,Jeffrey Lucas,A,+60-13-291-1212,2009-12-30,3,Yes
D105570,Teresa Middleton,O,+60-15-049-2269,2024-07-20,6,Yes
D105571,Darryl Ochoa,AB,+60-16-523-9988,2010-10-27,10,No
D105572,Katie Owens,B,+60-10-638-7501,2013-10-02,7,No
D105573,Jamie Wilkins,O,+60-17-905-6767,2018-05-08,4,Yes
D105574,Caitlin Moore,A,+60-11-705-3235,2010-03-14,4,Yes
D105575,Matthew Potts,B,+60-13-265-2342,2015-09-21,5,Yes
D105576,Daniel Gibson,A,+60-10-463-8002,2024-10-17,5,No
D105577,Joel Adkins,A,+60-18-377-0503,2022-03-09,3,Yes
D105578,Courtney Cox,B,+60-19-175-0828,2024-05-13,6,Yes
D105579,Robin Morris,AB,+60-10-039-2508,2015-10-26,2,Yes
D105580,Ryan Hester,A,+60-15-024-4451,2026-07-09,5,Yes
D105581,Michele Sweeney,B,+60-19-430-9059,2013-12-31,3,Yes
D105582,Martha Barnes,A,+60-13-282-6625,2023-03-12,3,No
D105583,Cody Harmon,B,+60-13-949-6427,2016-09-28,6,Yes
D105584,Joseph West,O,+60-11-584-7235,2021-09-24,6,Yes
D105585,Ronald Lee,B,+60-11-993-3852,2014-10-24,8,No
D105586,Zachary Villegas,A,+60-19-840-2505,2013-09-27,7,Yes
D105587,Terri Reeves,AB,+60-14-790-4660,2015-06-19,7,Yes
D105588,Sarah Frazier,A,+60-13-339-5898,2026-06-11,2,No
D105589,Amy Weeks,O,+60-16-321-6336,2021-09-10,3,Yes
D105590,Jacqueline Patel,O,+60-19-489-5053,2011-03-06,2,Yes
D105591,William Mitchell,A,+60-15-499-5913,2023-08-31,7,Yes
D105592,Jesse Hicks,AB,+60-19-187-7888,2024-01-17,6,Yes
D105593,Mark Lee,B,+60-11-639-5886,2023-01-14,1,No
D105594,Lisa White,O,+60-19-381-5524,2020-12-23,5,Yes
D105595,Kristin Anderson,O,+60-12-552-1393,2012-01-20,1,Yes
D105596,Aaron Austin,O,+60-16-291-8819,2010-10-09,10,Yes
D105597,Amy Thomas,O,+60-15-083-9129,2014-06-19,8,No
D105598,Karen Simpson,O,+60-19-960-7047,2018-07-22,8,Yes
D105599,Michael Franklin,O,+60-18-627-2218,2025-10-08,3,Yes
D105600,Kayla Murillo,B,+60-18-024-8157,2010-09-03,3,Yes
D105601,Melissa Lam,B,+60-14-584-2693,2023-05-15,2,Yes
D105602,Lee Blair,AB,+60-11-131-6338,2008-07-23,4,Yes
D105603,Amy Dorsey,B,+60-12-714-7017,2013-01-02,3,Yes
D105604,Carrie Wilson,O,+60-14-942-6981,2018-04-26,6,No
D105605,Erik Levy,B,+60-14-524-9993,2021-08-04,4,Yes
D105606,Tina Miller,O,+60-11-616-6144,2011-08-14,8,Yes
D105607,Laurie Perez,B,+60-11-338-0405,2017-01-05,3,Yes
D105608,Emily Jones,AB,+60-16-066-6974,2009-08-26,3,No
D105609,Earl Carlson,O,+60-17-510-2162,2019-06-02,5,No
D105610,Carla Barnett,O,+60-11-788-9627,2016-03-05,5,Yes
D105611,Betty Hall,B,+60-13-363-2586,2013-10-25,6,Yes
D105612,Elizabeth Willis,O,+60-10-196-5296,2022-08-04,7,Yes
D105613,Eric Robinson,B,+60-15-698-3768,2013-12-12,4,Yes
D105614,Emily Fox,A,+60-15-232-5263,2019-04-17,5,Yes
D105615,Raymond Weeks,A,+60-10-984-7411,2023-09-27,2,Yes
D105616,Tony Atkinson,O,+60-15-383-0365,2008-09-01,6,Yes
D105617,Lauren Thompson,A,+60-18-293-2119,2017-10-29,7,Yes
D105618,Robert Pitts,O,+60-16-342-1172,2012-07-16,4,No
D105619,Anthony Reed,B,+60-16-360-9834,2021-11-17,7,Yes
D105620,Darrell Rodriguez,A,+60-10-491-1241,2016-10-01,5,Yes
D105621,Nicole Coleman,A,+60-16-031-2510,2024-05-28,2,Yes
D105622,Sydney Hall,AB,+60-13-891-7502,2013-05-10,9,Yes
D105623,Jack Carlson,O,+60-10-995-8091,2018-11-05,5,Yes
D105624,Cory Wade,AB,+60-12-535-5147,2013-05-11,6,No
D105625,Tom Nguyen,AB,+60-11-432-5741,2021-06-01,3,Yes
D105626,Paul Anderson,B,+60-12-835-9228,2025-04-18,4,Yes
D105627,Jonathan Maldonado,A,+60-19-059-4778,2024-06-03,4,Yes
D105628,Kelsey Lewis,A,+60-14-268-1871,2020-02-02,5,Yes
D105629,Timothy Barker,AB,+60-15-241-7567,2022-01-24,6,Yes
D105630,Andrew Taylor,B,+60-16-751-1576,2011-11-05,5,Yes
D105631,Joshua Erickson,B,+60-13-910-7859,2011-08-27,7,Yes
D105632,Marissa Baldwin,A,+60-12-927-7731,2025-04-07,2,Yes
D105633,Javier Bennett,O,+60-17-458-8709,2010-10-04,7,Yes
D105634,William Murphy,O,+60-17-635-7812,2018-06-25,8,Yes
D105635,Kathryn Stanton,A,+60-18-208-7270,2018-11-13,7,Yes
D105636,Edward Perry,O,+60-19-344-4491,2014-08-18,4,No
D105637,Richard Skinner,A,+60-14-444-4424,2013-04-02,5,Yes
D105638,Debra Bailey,O,+60-17-510-3469,2018-07-25,2,Yes
D105639,Michael Allen,A,+60-14-476-5720,2011-03-10,4,Yes
D105640,Roger Fisher,O,+60-11-703-5507,2023-04-07,1,No
D105641,Paula Miller,A,+60-10-725-5475,2020-12-27,5,Yes
D105642,Patricia Hanna,AB,+60-15-051-0098,2021-01-22,6,No
D105643,Leah Brock,O,+60-18-797-3246,2017-04-05,7,Yes
D105644,Richard White,A,+60-10-557-6535,2020-01-14,4,Yes
D105645,Amanda Thompson,O,+60-13-831-4076,2021-04-07,10,Yes
D105646,Sandra Gomez,O,+60-19-329-3130,2018-05-17,4,Yes
D105647,Paula Green,O,+60-16-256-5918,2016-06-16,3,Yes
D105648,Bradley Clements,B,+60-12-819-9606,2026-05-16,4,Yes
D105649,Robert Ray,A,+60-13-371-1042,2025-01-01,5,Yes
D105650,Vickie Diaz,A,+60-15-054-4459,2013-01-01,2,No
D105651,Ryan Gibson,O,+60-17-557-6659,2010-12-24,4,Yes
D105652,Jim Davis,O,+60-16-057-3154,2017-12-06,2,Yes
D105653,Justin Salas,O,+60-14-924-4639,2015-11-14,3,Yes
D105654,Jacob Freeman,A,+60-17-114-8660,2017-02-08,2,Yes
D105655,David Estrada,O,+60-13-356-4675,2014-07-26,5,Yes
D105656,Kyle Pratt,O,+60-13-806-8788,2011-12-02,6,Yes
D105657,Jose Edwards,A,+60-16-533-7918,2023-12-06,7,Yes
D105658,Jessica Long,O,+60-16-711-1589,2016-04-17,5,Yes
D105659,Kelly Smith,A,+60-12-012-0776,2011-04-24,10,Yes
D105660,Sherri Rodriguez,A,+60-18-060-0308,2013-10-30,3,Yes
D105661,Justin Strickland,O,+60-13-917-9481,2026-03-04,2,Yes
D105662,Stephanie Galloway,O,+60-10-744-0111,2017-03-13,6,Yes
D105663,Phyllis Johns,B,+60-12-516-1582,2021-07-28,5,Yes
D105664,Matthew Meyer,A,+60-12-345-1113,2008-06-03,3,Yes
D105665,Amy Sanford,B,+60-12-537-1348,2010-10-15,5,Yes
D105666,Rodney Barnes,AB,+60-13-533-1498,2020-03-20,2,Yes
D105667,Rodney Gonzalez,AB,+60-17-569-1529,2016-06-25,6,Yes
D105668,Catherine Huffman,O,+60-12-793-2783,2024-05-07,2,Yes
D105669,Chad Peterson,O,+60-17-820-6078,2012-05-28,9,Yes
D105670,James Marquez,O,+60-15-675-8127,2018-11-19,6,Yes
D105671,Sharon Cook,B,+60-18-542-2494,2022-02-07,3,Yes
D105672,Michelle Morrow,B,+60-15-267-0216,2010-10-19,10,Yes
D105673,Karen Brown,B,+60-17-383-6714,2026-01-22,6,Yes
D105674,Margaret Grimes,A,+60-13-923-2445,2021-09-11,4,No
D105675,Marcus Quinn,O,+60-19-657-2497,2015-11-20,3,Yes
D105676,Francisco Harris,B,+60-17-232-9435,2024-04-05,4,Yes
D105677,Victoria Thompson,O,+60-11-867-2115,2011-03-10,1,Yes
D105678,Shirley Martinez,A,+60-12-382-8229,2014-01-19,6,Yes
D105679,Meghan Owens,O,+60-10-706-7730,2007-12-31,3,No
D105680,Derrick Brewer,O,+60-16-751-3498,2016-12-20,4,Yes
D105681,James Fuentes,O,+60-15-782-2110,2018-05-11,9,Yes
D105682,Leah Gould,O,+60-13-139-7323,2019-08-30,4,No
D105683,Joanna Mullins,B,+60-16-279-3436,2010-10-05,6,Yes
D105684,Melanie Rodriguez,A,+60-15-051-6308,2019-05-21,8,No
D105685,Mark Kennedy,A,+60-11-950-7246,2011-06-02,4,Yes
D105686,Douglas Pearson,O,+60-18-032-9174,2013-09-21,4,Yes
D105687,Joshua Logan,B,+60-19-994-1949,2013-04-05,5,Yes
D105688,Tracy Avila,O,+60-11-164-4853,2018-11-03,6,No
D105689,Jenna Brooks,O,+60-14-165-5714,2022-03-07,1,Yes
D105690,Kelly French,O,+60-14-706-2334,2015-12-08,6,No
D105691,Zachary Jones,A,+60-17-112-3732,2018-11-20,8,No
D105692,William Murray Jr.,O,+60-12-700-4693,2020-11-14,7,No
D105693,Ashley Gallagher,O,+60-14-575-1853,2015-04-05,7,Yes
D105694,Kimberly Guerrero,A,+60-13-564-7885,2013-10-30,5,Yes
D105695,Lisa Johnson,A,+60-14-396-3174,2016-03-28,4,Yes
D105696,Stephanie Rogers,B,+60-12-641-2335,2010-07-09,5,No
D105697,Tyler Smith,AB,+60-13-826-5006,2009-05-13,9,No
D105698,Dawn Blackburn,O,+60-18-258-3254,2024-03-01,8,Yes
D105699,Jonathan Fitzpatrick,O,+60-14-387-6662,2015-09-11,7,No
D105700,Curtis Lowe,O,+60-19-239-6994,2024-07-09,7,Yes
D105701,Donna Walters,A,+60-17-130-3896,2021-03-21,8,Yes
D105702,Anthony Conway,A,+60-10-627-6096,2019-04-16,6,Yes
D105703,Lisa Townsend,B,+60-19-550-4292,2008-09-03,3,Yes
D105704,Kathy Green,B,+60-15-942-5507,2010-08-25,3,Yes
D105705,Jesse Hart,A,+60-10-281-6660,2008-07-30,3,Yes
D105706,Steven Nelson,O,+60-13-336-3922,2009-08-11,6,Yes
D105707,Steven Miller,O,+60-19-348-4870,2012-01-08,5,Yes
D105708,Michael Ellis,O,+60-19-369-5783,2026-07-15,6,Yes
D105709,Jonathan Allen,O,+60-14-499-1483,2022-06-29,5,No
D105710,Anthony Bishop,A,+60-16-018-0362,2011-06-20,4,Yes
D105711,Nicholas Bush,O,+60-19-974-6840,2021-04-19,5,No
D105712,Mr. Joseph Good,O,+60-17-728-8923,2026-04-22,2,Yes
D105713,Catherine Perez,A,+60-13-031-0005,2022-06-23,4,Yes
D105714,Caleb Smith,B,+60-11-919-7462,2021-01-18,5,Yes
D105715,Carlos Black,B,+60-16-800-6071,2024-04-29,3,Yes
D105716,Gary Ortiz,O,+60-17-046-8751,2007-09-27,3,Yes
D105717,Abigail Spencer,B,+60-16-407-5411,2016-06-18,5,Yes
D105718,Allen Ross,O,+60-16-483-6309,2010-08-09,4,Yes
D105719,Steven Hughes,B,+60-14-761-0868,2015-08-13,4,Yes
D105720,Joseph Hartman,O,+60-14-247-2424,2017-05-31,4,Yes
D105721,Daniel Thomas,O,+60-10-606-7795,2018-11-29,5,Yes
D105722,Kimberly Chang,O,+60-16-797-2427,2023-02-28,4,Yes
D105723,William Lewis,A,+60-15-105-1336,2017-09-26,2,Yes
D105724,Jasmine Miller,B,+60-13-107-0844,2026-07-12,5,Yes
D105725,Brad Edwards,O,+60-12-228-6484,2016-01-03,5,Yes
D105726,Taylor Mclaughlin,A,+60-19-605-1108,2023-02-03,4,No
D105727,Justin Riley,A,+60-18-556-7783,2025-10-27,7,Yes
D105728,Donald Horn,A,+60-19-981-2449,2020-07-30,8,No
D105729,Yolanda Davidson,O,+60-17-592-5721,2010-05-05,3,Yes
D105730,Darren Clements,O,+60-11-361-7565,2019-08-03,8,No
D105731,Phyllis Sandoval,O,+60-17-797-9670,2023-08-18,7,Yes
D105732,Kathy Hoffman,O,+60-12-239-4158,2020-02-23,3,Yes
D105733,Anna Glenn,O,+60-11-075-0156,2026-08-13,5,No
D105734,Edward Hines,O,+60-17-875-8117,2012-09-10,11,Yes
D105735,Lindsay Alexander,O,+60-18-220-9283,2008-04-12,3,Yes
D105736,Michelle Hall,B,+60-12-294-2735,2022-07-13,7,Yes
D105737,Sheila Poole,B,+60-11-676-3022,2010-05-04,6,Yes
D105738,James Wade,AB,+60-19-165-7005,2026-05-01,5,Yes
D105739,Scott Travis,O,+60-17-514-3869,2016-11-11,5,Yes
D105740,Kyle Warren,A,+60-14-840-2914,2022-03-01,6,Yes
D105741,Corey Lloyd,O,+60-12-853-0559,2024-04-11,4,No
D105742,Curtis Cross,A,+60-11-359-6837,2024-06-08,3,Yes
D105743,Daniel Beck,O,+60-14-890-1057,2014-07-26,4,Yes
D105744,Robert Avila,AB,+60-11-073-7834,2009-10-09,6,Yes
D105745,Jessica Park,A,+60-16-274-6129,2022-07-10,3,No
D105746,Timothy Walsh,A,+60-14-447-6348,2019-03-20,4,No
D105747,Eric Vasquez,A,+60-11-520-6195,2020-04-12,3,No
D105748,John Rogers,B,+60-11-518-0423,2026-02-14,3,No
D105749,Donald Morales,A,+60-18-240-9879,2018-10-12,2,Yes
D105750,Jeremy Bell,B,+60-16-125-7360,2026-02-20,3,No
D105751,Samantha Logan,A,+60-17-362-4792,2021-03-25,5,Yes
D105752,Deborah Brown,O,+60-18-517-5539,2024-01-18,6,No
D105753,Christopher Thomas,O,+60-16-202-2983,2024-07-09,4,Yes
D105754,Erik Martin,AB,+60-12-514-7057,2015-06-03,4,Yes
D105755,Haley Jones,A,+60-17-923-4923,2015-11-02,3,Yes
D105756,Debbie Campbell,O,+60-14-243-4269,2024-12-30,5,Yes
D105757,Andrew Moore,A,+60-14-677-3182,2022-12-05,5,Yes
D105758,David Murphy,O,+60-17-377-1859,2026-04-21,5,Yes
D105759,April Rose,A,+60-13-018-3553,2010-01-18,4,No
D105760,William Davis,O,+60-16-819-8780,2020-02-26,6,No
D105761,Christina Johnson,O,+60-11-261-2481,2026-04-09,1,Yes
D105762,Robert Cooper,AB,+60-12-779-1483,2026-07-26,4,No
D105763,Michael Sandoval,A,+60-18-271-4494,2025-03-19,4,Yes
D105764,Wendy Kennedy,O,+60-19-505-2267,2019-05-26,4,Yes
D105765,Brian Prince,O,+60-11-912-0739,2023-06-12,4,No
D105766,Phillip Henry,O,+60-12-061-1794,2020-07-22,6,Yes
D105767,Charles Davis,A,+60-13-394-5062,2023-12-28,13,Yes
D105768,Amber King,A,+60-10-430-0533,2017-04-10,4,Yes
D105769,Michelle Ho,O,+60-11-912-5998,2015-02-26,10,Yes
D105770,Sara Jones,A,+60-19-306-3221,2010-08-30,6,Yes
D105771,Amanda Fuller,O,+60-17-306-3419,2020-02-27,3,Yes
D105772,Nathan Hall,B,+60-12-181-0952,2014-04-09,7,Yes
D105773,Stephanie Pham,A,+60-12-043-3102,2017-09-10,4,No
D105774,Rodney Whitney,A,+60-17-685-9893,2019-11-06,9,Yes
D105775,Chase Ochoa,A,+60-18-005-2600,2012-11-17,4,Yes
D105776,Kimberly Adkins,B,+60-18-355-7319,2011-06-17,2,Yes
D105777,Meghan Meadows,O,+60-17-608-7695,2019-05-23,3,Yes
D105778,Michelle Schneider,O,+60-13-273-1173,2011-05-18,6,No
D105779,Melissa Jenkins,O,+60-19-476-5161,2013-05-01,4,No
D105780,Aaron Simmons,O,+60-14-778-2660,2023-04-21,7,Yes
D105781,James Thompson,AB,+60-19-848-1675,2011-10-21,6,No
D105782,Kimberly Schmidt,A,+60-17-320-4711,2020-07-03,6,No
D105783,Robert Hansen,A,+60-17-591-9070,2022-08-29,4,Yes
D105784,Joshua Wise,O,+60-18-627-5203,2026-04-24,6,Yes
D105785,Shane Butler,A,+60-17-297-5973,2021-03-18,5,Yes
D105786,Sandra Berg,B,+60-11-260-4545,2008-07-16,5,Yes
D105787,Lindsey Tucker,O,+60-12-318-2868,2011-01-01,2,Yes
D105788,Jessica Bell,A,+60-12-189-1092,2013-08-25,5,Yes
D105789,Thomas Sullivan,O,+60-18-320-3731,2008-02-07,3,Yes
D105790,Travis Mckenzie,A,+60-10-912-3068,2026-04-17,5,No
D105791,Jessica Shaw,AB,+60-15-310-2432,2014-05-25,8,Yes
D105792,John Bartlett,A,+60-17-074-4874,2026-08-25,5,Yes
D105793,Michael Clay,A,+60-16-738-7620,2013-05-20,7,Yes
D105794,Crystal Garcia,AB,+60-17-794-8931,2009-12-10,6,Yes
D105795,Joshua Hudson,B,+60-10-264-2469,2018-10-24,5,Yes
D105796,Desiree Richardson,A,+60-16-441-4335,2010-01-22,4,Yes
D105797,Justin Gomez,AB,+60-16-493-6103,2023-04-06,4,Yes
D105798,Devin Martinez,O,+60-12-504-3922,2017-02-01,3,Yes
D105799,Matthew Davis MD,O,+60-10-015-8970,2014-11-06,7,Yes
D105800,Susan Jones,A,+60-10-485-4964,2008-08-02,3,Yes
D105801,Javier Jimenez,O,+60-16-044-4972,2012-09-15,4,Yes
D105802,Colin Gonzalez,A,+60-13-951-8695,2015-03-13,8,Yes
D105803,Brooke Huang,AB,+60-11-854-7134,2026-07-01,5,Yes
D105804,Andrew Mathews,B,+60-18-664-1282,2026-08-14,5,Yes
D105805,Katie Moore,B,+60-18-141-2195,2017-03-31,6,Yes
D105806,Luis Davis,AB,+60-12-476-4351,2008-08-29,5,No
D105807,Deanna Cruz,A,+60-16-616-5805,2021-12-27,8,Yes
D105808,Debra Garcia,B,+60-14-023-5952,2021-10-04,3,No
D105809,Jacob Lee,O,+60-17-714-7345,2020-08-27,5,Yes
D105810,Carmen Edwards,O,+60-10-250-8013,2017-02-01,4,Yes
D105811,Kristopher Hanson,A,+60-12-849-4080,2016-07-14,4,Yes
D105812,Maria Mclean,O,+60-12-365-3980,2022-01-22,2,Yes
D105813,Lisa Baldwin,AB,+60-15-392-6015,2011-06-02,4,Yes
D105814,Kristopher Sims,O,+60-13-225-8700,2023-11-02,2,Yes
D105815,Anthony Johnston,A,+60-18-275-8560,2012-08-26,6,Yes
D105816,Penny Phillips,AB,+60-11-428-4720,2018-01-29,3,No
D105817,Brett Mccarthy,O,+60-18-110-2699,2008-01-30,4,Yes
D105818,Tammy Nichols,O,+60-13-811-7526,2009-06-17,4,No
D105819,James Houston,O,+60-11-073-5861,2022-01-21,5,Yes
D105820,Rodney Smith,O,+60-18-838-9293,2011-03-14,5,Yes
D105821,Renee Williams,O,+60-11-804-4746,2018-01-31,8,Yes
D105822,Suzanne Williams,O,+60-13-370-7954,2017-03-22,3,Yes
D105823,Dr. Tyler Bentley,B,+60-10-916-4422,2016-07-19,5,Yes
D105824,Kristen Stewart,B,+60-10-356-0250,2020-07-01,5,Yes
D105825,Richard Price,A,+60-15-097-6721,2008-12-17,3,Yes
D105826,Angela Gonzalez MD,O,+60-10-574-4474,2012-07-31,8,Yes
D105827,Matthew Hahn,AB,+60-10-845-4354,2012-04-25,5,Yes
D105828,Taylor Thomas,O,+60-11-294-0106,2017-04-29,7,Yes
D105829,Cole Williams,A,+60-10-319-2669,2018-11-05,4,Yes
D105830,Kevin Clark,O,+60-17-463-5544,2011-04-11,6,Yes
D105831,Steve Wilson,A,+60-17-183-8800,2018-07-01,5,Yes
D105832,Thomas Dunn,O,+60-14-541-7859,2011-06-19,7,Yes
D105833,Adam Patterson DDS,A,+60-13-778-6758,2021-06-04,6,No
D105834,Douglas Miller,O,+60-17-587-4744,2019-03-05,6,Yes
D105835,Andre Arnold,B,+60-12-401-7757,2025-11-20,8,Yes
D105836,Michael Hart,AB,+60-19-365-2445,2008-12-20,3,No
D105837,Angela Adams,O,+60-15-138-7652,2016-05-17,3,Yes
D105838,James Estrada,O,+60-18-696-8687,2025-02-21,6,Yes
D105839,Hannah Sanchez,O,+60-15-801-8945,2016-06-19,9,Yes
D105840,Barbara Estes,O,+60-15-637-8463,2025-10-13,5,No
D105841,Dr. Victoria Rivas,O,+60-13-161-7177,2016-11-28,7,No
D105842,Mitchell Murray,O,+60-13-499-9625,2012-07-30,3,Yes
D105843,John Combs,A,+60-16-908-8734,2013-01-12,5,Yes
D105844,Theresa Hernandez,A,+60-16-089-8994,2017-09-25,2,Yes
D105845,Jay Marquez MD,O,+60-15-921-4073,2022-12-10,4,No
D105846,Valerie Soto,A,+60-12-133-1416,2023-06-29,3,Yes
D105847,Tanya Day,B,+60-16-339-9586,2017-01-28,9,No
D105848,Kevin Nguyen,A,+60-19-923-9472,2012-02-23,6,Yes
D105849,Alexander Bowers,A,+60-19-641-8618,2023-12-11,9,Yes
D105850,Amber Carr,A,+60-10-376-6835,2019-02-24,5,Yes
D105851,Richard Sanchez,A,+60-17-419-9791,2023-11-06,6,Yes
D105852,Alexis Riley,B,+60-15-202-9051,2017-10-24,4,Yes
D105853,Daniel George,B,+60-13-006-6126,2018-08-04,1,Yes
D105854,Jonathan Fitzpatrick,O,+60-15-470-1750,2020-03-11,3,Yes
D105855,Shane Smith,B,+60-13-075-0700,2008-12-04,4,Yes
D105856,Kim Cameron,O,+60-11-683-9151,2018-08-26,2,No
D105857,Keith Johnson,A,+60-17-914-9761,2023-04-03,5,Yes
D105858,Paul Bryant,O,+60-13-271-6405,2023-03-17,8,Yes
D105859,Joseph Foley,AB,+60-10-083-5522,2009-12-21,5,Yes
D105860,Kyle Villegas,O,+60-10-326-7994,2021-03-02,6,Yes
D105861,Jorge Rhodes,A,+60-13-107-4524,2017-07-27,6,Yes
D105862,William Clayton,O,+60-15-189-1534,2021-12-25,5,Yes
D105863,Jill Jackson,A,+60-10-033-8604,2016-10-20,5,No
D105864,John Crawford,O,+60-19-245-2576,2024-09-01,3,Yes
D105865,Thomas Morales,A,+60-11-213-3909,2024-12-26,7,Yes
D105866,Carolyn Robinson,A,+60-17-916-3331,2023-07-23,5,Yes
D105867,Michael Patterson,O,+60-12-510-3866,2022-07-21,2,Yes
D105868,Lisa Gomez,O,+60-16-697-4568,2014-05-27,5,No
D105869,Ariana Young,A,+60-12-808-6075,2016-01-15,7,No
D105870,Antonio French,AB,+60-10-402-0642,2014-06-03,8,Yes
D105871,Leslie Ball,O,+60-14-920-2998,2024-06-15,6,No
D105872,Regina Lopez,O,+60-14-755-9231,2015-07-06,9,Yes
D105873,Edward Crawford,O,+60-16-176-7936,2017-11-19,5,Yes
D105874,Richard Ward,O,+60-19-312-4853,2010-09-08,2,Yes
D105875,Robert Shaw,O,+60-15-764-7580,2025-12-18,5,Yes
D105876,Jacob Alvarez,O,+60-15-350-8286,2010-12-15,9,Yes
D105877,Tiffany Lee,A,+60-10-602-7002,2018-11-17,3,No
D105878,James Contreras,O,+60-19-129-4388,2025-08-23,5,Yes
D105879,Sarah Joyce,O,+60-13-517-4597,2025-01-20,7,Yes
D105880,Michael Ruiz,A,+60-10-034-2401,2017-02-17,4,Yes
D105881,Monique Lloyd,O,+60-10-443-0418,2016-06-26,5,No
D105882,James Nash,A,+60-15-639-0062,2015-02-26,7,No
D105883,Jennifer Pham,A,+60-12-714-1490,2019-01-11,6,Yes
D105884,Douglas Rodriguez,AB,+60-15-559-3683,2012-01-31,5,Yes
D105885,Marissa Velez,A,+60-16-685-1073,2008-01-23,4,Yes
D105886,Alexandra Rivera,O,+60-19-487-7603,2024-04-22,9,No
D105887,Eric Joyce,B,+60-10-429-9380,2024-12-08,3,Yes
D105888,Todd Phillips,B,+60-13-839-1031,2015-07-11,10,Yes
D105889,Richard Boyd,B,+60-16-086-6139,2022-08-03,3,Yes
D105890,Jessica Bean,O,+60-18-176-5188,2022-01-15,8,Yes
D105891,Frank Jackson,B,+60-17-320-7044,2017-01-15,4,Yes
D105892,Ashley Daniel,O,+60-19-867-2775,2020-09-29,3,Yes
D105893,Tracey Cortez,A,+60-12-295-9021,2020-01-30,4,Yes
D105894,Robert Sherman,A,+60-13-685-0081,2017-08-28,4,Yes
D105895,Mark Nelson,AB,+60-13-001-5323,2011-02-28,5,Yes
D105896,Lindsay Cunningham,AB,+60-12-152-3760,2014-01-11,6,Yes
D105897,Debra Ferguson,O,+60-10-923-4363,2013-07-27,2,Yes
D105898,Jordan Brooks,O,+60-17-304-0058,2013-02-24,7,Yes
D105899,Roger Rodriguez,B,+60-15-117-0208,2021-09-18,11,Yes
D105900,Troy Scott,O,+60-10-447-2972,2015-06-16,6,Yes
D105901,Donald Mendez,A,+60-13-808-3189,2012-02-11,9,Yes
D105902,Micheal Holloway,A,+60-14-871-9657,2017-09-01,4,No
D105903,Elizabeth Hughes,AB,+60-14-916-9029,2018-04-03,5,Yes
D105904,Mrs. Stacie Wilson,AB,+60-19-383-9051,2021-05-22,3,Yes
D105905,John Garrett,B,+60-10-844-9114,2011-12-17,6,Yes
D105906,Deborah Erickson DVM,A,+60-15-423-3773,2013-12-19,4,Yes
D105907,Cynthia Pierce,O,+60-17-910-0798,2020-08-04,6,No
D105908,Michele Palmer,B,+60-16-186-3217,2024-07-11,10,Yes
D105909,Corey Adams Jr.,A,+60-12-914-9361,2023-07-10,4,No
D105910,James Maynard,A,+60-12-475-1745,2022-02-25,5,Yes
D105911,William Clements,O,+60-13-461-1739,2018-02-15,10,Yes
D105912,Shannon Oneal,O,+60-11-876-0403,2009-05-13,6,Yes
D105913,Terry Wise,A,+60-18-026-5999,2023-06-27,2,Yes
D105914,Steven Tyler,A,+60-12-191-7366,2026-06-27,1,Yes
D105915,Donald Todd,A,+60-15-570-5292,2012-10-24,5,No
D105916,Michael Nelson,A,+60-10-536-5804,2009-08-25,6,Yes
D105917,Joseph Jackson,O,+60-10-890-7083,2011-08-06,5,No
D105918,Blake Hurst,B,+60-15-513-8721,2010-11-25,4,No
D105919,Emily Webb,B,+60-16-036-4541,2008-04-28,4,No
D105920,Ryan Medina,B,+60-16-455-0644,2012-07-13,6,Yes
D105921,Amy Ball,O,+60-17-454-5394,2018-03-12,5,Yes
D105922,Rachel Clayton,O,+60-17-322-5356,2012-06-24,7,No
D105923,Michelle Mitchell,O,+60-19-157-1522,2019-04-25,4,Yes
D105924,Grant Baker,O,+60-18-464-4291,2011-12-08,9,Yes
D105925,Gregory Huffman,B,+60-12-821-8088,2013-02-23,4,Yes
D105926,Steven Lozano,A,+60-17-004-4520,2017-12-10,4,Yes
D105927,Jon Wheeler,A,+60-11-665-4379,2016-02-11,5,Yes
D105928,Pamela Shaw,O,+60-12-354-0540,2009-10-06,5,Yes
D105929,Thomas Small,A,+60-10-936-5430,2015-09-03,4,Yes
D105930,William Myers,A,+60-19-893-3935,2026-01-15,5,Yes
D105931,Jamie Clark,O,+60-12-925-2788,2023-09-11,7,Yes
D105932,Roger Watson,O,+60-19-691-2811,2014-07-02,3,Yes
D105933,Bryan Smith,A,+60-13-485-8421,2021-01-23,6,No
D105934,Jessica Gonzalez,O,+60-16-760-7399,2019-03-21,3,No
D105935,Dr. Lisa Johnson,O,+60-10-122-0921,2024-08-01,4,No
D105936,Mike Duffy,B,+60-19-015-2785,2014-06-23,5,No
D105937,Mckenzie Davis,B,+60-18-758-6535,2015-04-03,4,Yes
D105938,Zachary Smith,O,+60-15-992-5579,2024-02-13,2,Yes
D105939,Kristen Haynes,A,+60-14-674-7914,2017-08-02,4,No
D105940,Stephanie Flynn,B,+60-19-031-7305,2018-11-02,6,Yes
D105941,Peter Floyd,A,+60-17-906-5585,2025-11-11,5,No
D105942,Cindy Banks,AB,+60-10-683-1313,2013-12-08,5,Yes
D105943,Amber Haynes,A,+60-13-430-9217,2014-04-22,4,Yes
D105944,Latoya Wyatt,O,+60-18-314-2851,2026-07-26,8,Yes
D105945,Rebecca Parker,A,+60-14-159-0887,2026-04-07,4,Yes
D105946,Rhonda Cook,O,+60-18-527-9213,2026-03-16,3,No
D105947,Angela Harris,A,+60-19-556-7012,2021-02-14,4,No
D105948,Diana White,B,+60-14-948-4751,2026-03-12,5,Yes
D105949,Denise White,O,+60-19-677-5732,2023-02-12,4,Yes
D105950,Steven Copeland,O,+60-10-577-5738,2018-11-04,4,Yes
D105951,Michael Harrison,O,+60-13-584-4514,2022-01-03,9,No
D105952,Gregory Perry,A,+60-17-497-5406,2012-05-28,6,Yes
D105953,Katie Kaufman,A,+60-13-470-3687,2016-03-24,5,Yes
D105954,Thomas Burton,O,+60-14-454-8447,2019-06-20,7,Yes
D105955,Jeffrey Rodriguez,A,+60-18-799-3525,2016-01-27,10,Yes
D105956,Elizabeth Dunn,O,+60-18-599-2313,2013-08-20,4,Yes
D105957,Larry Knox,A,+60-11-372-1319,2022-08-07,7,Yes
D105958,Kenneth Hall,A,+60-19-684-0113,2016-11-18,6,Yes
D105959,Paul Jackson,A,+60-12-987-4642,2013-07-10,7,Yes
D105960,Mark Mcmillan,O,+60-10-908-8362,2023-02-28,4,Yes
D105961,Jesse Vasquez,A,+60-11-466-6451,2020-04-03,9,No
D105962,Lisa Gilbert,AB,+60-16-179-1934,2012-11-08,5,Yes
D105963,Nicolas Fox,O,+60-11-345-9793,2011-07-08,5,No
D105964,Christian Manning,A,+60-14-051-1268,2025-05-20,3,Yes
D105965,Eric Ho,A,+60-18-293-8649,2024-08-22,3,No
D105966,Laura Turner,A,+60-12-294-2887,2017-03-21,3,No
D105967,Jessica Cole,A,+60-14-210-6133,2016-03-04,3,Yes
D105968,Ronald Horne,O,+60-14-967-2412,2011-06-28,5,Yes
D105969,Karen Powell,B,+60-10-333-8970,2011-01-05,3,No
D105970,Rebecca Owens,AB,+60-10-391-1090,2018-09-16,5,Yes
D105971,Jessica Jones,A,+60-13-640-7167,2026-06-19,3,No
D105972,Jacqueline Ortega,O,+60-19-661-9578,2015-05-29,4,Yes
D105973,Jose Velasquez,A,+60-19-206-8153,2011-05-25,5,Yes
D105974,Leah Washington,O,+60-16-233-5672,2024-04-18,5,No
D105975,Ruth Johnson,O,+60-10-906-4791,2024-02-24,4,Yes
D105976,Laura Walker,A,+60-13-176-2491,2022-12-19,5,Yes
D105977,Ryan Watts,A,+60-17-592-2744,2023-12-09,5,Yes
D105978,Jennifer Blackwell,AB,+60-15-956-1445,2011-06-05,5,No
D105979,Barbara Martinez,B,+60-17-179-4542,2015-08-29,6,Yes
D105980,Eugene Lucero,O,+60-10-391-1873,2006-09-10,1,Yes
D105981,Kurt Campbell,O,+60-18-067-5599,2011-03-27,4,Yes
D105982,Brian Simmons,A,+60-16-389-3159,2017-01-25,5,Yes
D105983,Linda Gray,A,+60-16-374-1256,2011-05-17,3,Yes
D105984,Anne Smith,O,+60-17-922-1317,2016-02-09,9,No
D105985,Nicholas Taylor,A,+60-17-168-1148,2022-07-22,2,Yes
D105986,Zachary Johnson,A,+60-15-343-8345,2013-06-06,6,Yes
D105987,Lisa White,AB,+60-13-355-0655,2022-10-29,6,Yes
D105988,Benjamin Howard,A,+60-19-411-2240,2026-04-25,4,No
D105989,Christina Olson,O,+60-12-714-1841,2026-04-11,4,Yes
D105990,Christopher Eaton,O,+60-15-017-8167,2019-06-09,6,Yes
D105991,Brent Frazier,O,+60-12-178-5258,2020-05-30,4,Yes
D105992,Angela Chapman,O,+60-19-535-6776,2012-09-01,7,Yes
D105993,Erica Dennis,O,+60-19-268-7884,2020-02-06,5,Yes
D105994,Danielle Perez,O,+60-12-649-1274,2012-11-02,4,Yes
D105995,Bradley Barnes,O,+60-10-578-1339,2015-08-07,4,Yes
D105996,Dr. Julie Robinson,O,+60-10-800-7278,2011-01-17,2,No
D105997,Bryan Smith,B,+60-18-154-5847,2026-02-10,9,Yes
D105998,Sharon Obrien,O,+60-14-343-7591,2012-01-05,3,Yes
D105999,Melissa Vasquez,A,+60-19-156-8379,2015-07-12,6,Yes
D106000,Debra Wilson,A,+60-15-998-1376,2026-06-03,3,Yes
D106001,Jon Moore,A,+60-17-624-0669,2015-06-04,8,Yes
D106002,Travis King,B,+60-12-351-5283,2019-02-15,5,Yes
D106003,Walter Barker,A,+60-18-064-4163,2014-06-09,4,Yes
D106004,Lee Hoffman,O,+60-17-448-4099,2009-04-03,4,Yes
D106005,Derrick Gray,O,+60-15-990-6091,2010-01-16,6,Yes
D106006,Shelly Brown,A,+60-15-063-0424,2022-09-25,5,Yes
D106007,Derrick Fry,O,+60-18-656-5080,2008-12-27,5,No
D106008,Patrick Dunn,A,+60-15-023-6943,2011-05-23,6,Yes
D106009,Gina Spencer,B,+60-19-780-1156,2021-07-17,6,No
D106010,Dakota White,A,+60-17-131-4302,2008-10-25,3,Yes
D106011,Samantha Weiss,A,+60-19-608-1029,2026-05-05,3,Yes
D106012,David Jensen,A,+60-19-095-6646,2026-03-14,7,No
D106013,Andrea Smith,B,+60-17-421-8862,2014-02-16,7,Yes
D106014,Janet Rivas,A,+60-11-813-6495,2023-06-05,9,Yes
D106015,Brandon Gonzalez,O,+60-11-000-7350,2009-03-17,7,Yes
D106016,Theresa Coleman,A,+60-14-867-5328,2008-06-14,5,Yes
D106017,Jacob Taylor,O,+60-17-836-6357,2013-09-12,1,No
D106018,Kendra Davis,B,+60-17-307-2282,2021-06-15,4,Yes
D106019,Spencer Wallace,AB,+60-17-752-7483,2026-02-19,6,Yes
D106020,Michael Jenkins,O,+60-15-548-5316,2014-02-17,2,Yes
D106021,Robin Rodriguez,A,+60-18-773-3494,2025-02-13,6,Yes
D106022,Tammy Santana,A,+60-14-924-7404,2021-12-29,5,Yes
D106023,William Torres,B,+60-18-548-6967,2011-12-31,9,Yes
D106024,Tracy Mitchell,A,+60-10-809-4314,2021-02-21,6,Yes
D106025,Gerald Schwartz,O,+60-16-477-9756,2022-06-21,4,Yes
D106026,Steven Hammond,A,+60-11-005-9115,2023-09-04,3,No
D106027,Katie Smith,AB,+60-17-003-5630,2023-08-24,4,Yes
D106028,Jennifer Anderson,A,+60-15-956-7693,2013-09-25,3,Yes
D106029,Vincent Lowery,A,+60-19-875-0567,2008-09-23,4,Yes
D106030,Luis Berry,A,+60-19-596-2417,2021-01-11,8,Yes
D106031,Robert Chavez,O,+60-17-828-3838,2014-10-02,7,Yes
D106032,Darin Flores,AB,+60-11-919-1469,2024-08-12,3,Yes
D106033,Jesse Young,B,+60-11-757-8972,2022-02-15,4,Yes
D106034,Karen Green,A,+60-17-810-5029,2025-09-12,2,No
D106035,Joe Ramirez,AB,+60-15-725-7600,2014-02-16,4,Yes
D106036,Joanna Chen,B,+60-12-849-6313,2011-05-12,7,Yes
D106037,Anthony Mendez,O,+60-16-220-2341,2009-08-02,3,Yes
D106038,Whitney Dixon,B,+60-12-279-6671,2013-07-05,2,Yes
D106039,Christopher Douglas,A,+60-18-552-7862,2021-06-01,7,Yes
D106040,Brian Jenkins,O,+60-14-058-2607,2007-12-09,2,Yes
D106041,Stacy Burns,O,+60-19-158-2379,2019-11-30,7,No
D106042,Jennifer Burgess,A,+60-10-980-9536,2025-05-07,4,No
D106043,Nichole Manning,O,+60-10-026-3093,2025-08-03,3,Yes
D106044,Rebecca Padilla,O,+60-11-761-7950,2022-01-01,5,Yes
D106045,Katherine Moore,O,+60-15-104-9153,2021-07-04,4,Yes
D106046,Cynthia David,O,+60-17-987-7779,2018-02-21,3,Yes
D106047,Gregory Thompson,O,+60-15-908-1215,2012-05-16,7,Yes
D106048,Nicholas Taylor,O,+60-18-505-7013,2026-05-11,2,Yes
D106049,Martha Wright,A,+60-14-345-1570,2010-12-23,6,Yes
D106050,Joshua White,O,+60-15-802-0387,2021-01-15,4,Yes
D106051,Monica Hill,A,+60-10-357-9294,2022-10-13,3,Yes
D106052,Steven Jones,O,+60-18-616-9716,2019-06-30,3,Yes
D106053,Joseph Fernandez,AB,+60-17-046-2372,2014-12-06,5,Yes
D106054,Valerie Haley,O,+60-12-255-9318,2020-03-10,8,Yes
D106055,Zachary Maxwell,A,+60-19-371-7326,2021-02-22,4,Yes
D106056,James Chase,O,+60-17-681-4460,2012-10-28,4,No
D106057,Robert Nguyen,B,+60-13-023-5383,2008-03-28,4,No
D106058,Karen Palmer,A,+60-17-628-7514,2015-12-14,10,Yes
D106059,Brooke Taylor,A,+60-13-500-6698,2026-07-26,3,Yes
D106060,Mike Smith,B,+60-18-662-8452,2008-08-26,6,Yes
D106061,Alexander Rosales,A,+60-17-955-5794,2025-10-11,5,Yes
D106062,Katrina Schroeder,O,+60-17-502-3187,2015-09-02,10,Yes
D106063,Christopher Watts,B,+60-14-258-6565,2024-09-20,5,Yes
D106064,Jessica Johnson,O,+60-12-832-0468,2009-05-02,3,Yes
D106065,Randy Oliver,A,+60-13-440-3276,2026-04-22,1,Yes
D106066,David Ortiz,O,+60-17-102-1601,2023-04-09,3,No
D106067,Shaun Lyons,O,+60-10-300-7722,2020-09-10,4,Yes
D106068,Tara Griffith,O,+60-16-795-9676,2009-10-22,7,Yes
D106069,Donna Ramos DDS,A,+60-10-237-9974,2014-10-24,1,No
D106070,John Mcbride,O,+60-11-494-8702,2020-12-23,4,Yes
D106071,Catherine Hanson,AB,+60-11-562-2311,2026-05-07,8,No
D106072,Angela Wilson,B,+60-13-152-1679,2011-02-01,5,Yes
D106073,Anne Hobbs,B,+60-12-097-3622,2017-11-15,5,Yes
D106074,Marcus Mccormick,O,+60-11-028-4376,2025-05-21,3,Yes
D106075,Crystal Johnson,O,+60-11-687-8515,2025-12-20,5,No
D106076,Christian Ray,O,+60-11-776-1092,2018-10-04,6,Yes
D106077,Nicole Gibson,O,+60-19-057-8641,2021-07-07,5,No
D106078,Chad Browning,A,+60-12-688-1960,2010-08-25,6,Yes
D106079,Joy Kline,B,+60-19-911-8178,2012-04-06,4,Yes
D106080,Stacy Rowe,O,+60-10-970-3521,2013-07-28,7,No
D106081,Sarah Guzman,O,+60-15-072-2946,2009-05-13,5,No
D106082,James Cole,O,+60-19-389-8356,2020-12-28,6,Yes
D106083,Jill Cox,B,+60-14-658-4606,2015-04-01,5,Yes
D106084,Kevin Johnston,A,+60-18-487-2662,2009-08-08,6,Yes
D106085,Pamela Zimmerman,O,+60-16-022-1274,2025-10-23,3,Yes
D106086,Sandra Fields,O,+60-14-813-3069,2018-12-15,9,Yes
D106087,Destiny Hunt,O,+60-19-093-7234,2017-04-26,5,Yes
D106088,Melissa Montoya,AB,+60-17-187-7967,2011-04-26,8,Yes
D106089,Christopher Thomas,A,+60-14-213-6802,2014-06-16,3,Yes
D106090,Pamela Horton DVM,B,+60-17-062-0562,2021-04-15,6,Yes
D106091,Richard Hall,O,+60-14-760-6122,2024-04-30,4,Yes
D106092,Patricia Jordan,O,+60-17-427-5703,2011-11-16,7,No
D106093,Albert Stewart,B,+60-15-852-9585,2020-05-27,7,Yes
D106094,Melissa Mills,O,+60-17-230-3527,2026-02-06,6,Yes
D106095,Manuel Hall,B,+60-14-699-9981,2021-02-25,4,No
D106096,Charlotte Morgan,AB,+60-15-378-3713,2011-04-26,6,Yes
D106097,Tina Mills,O,+60-13-310-8749,2026-05-24,1,Yes
D106098,Elizabeth Barber,O,+60-18-140-2181,2023-02-15,4,Yes
D106099,James Johnson,A,+60-14-432-0175,2020-04-30,8,Yes
D106100,Sherry Mitchell,O,+60-19-581-0700,2025-09-28,7,No
D106101,Amanda Ross DVM,O,+60-19-556-5551,2025-07-05,3,Yes
D106102,Crystal Larson,O,+60-13-270-1482,2026-07-02,6,Yes
D106103,Tanya Martinez,B,+60-11-688-1336,2015-07-18,7,Yes
D106104,Gabrielle Lee,B,+60-10-157-6184,2019-05-19,7,Yes
D106105,Christopher Little,O,+60-12-947-5624,2024-05-31,7,Yes
D106106,Steven Walker,O,+60-10-364-6843,2026-04-18,3,Yes
D106107,Carol Fox,O,+60-13-746-3387,2026-07-08,3,Yes
D106108,Bradley White,B,+60-10-046-8892,2019-05-11,7,No
D106109,Anna Curtis,B,+60-18-995-4656,2015-10-21,7,Yes
D106110,Melissa Kim,O,+60-11-356-2987,2020-08-21,3,Yes
D106111,Wanda Wagner,AB,+60-12-231-3141,2024-05-12,5,Yes
D106112,Stephen Morris,B,+60-14-942-0830,2010-02-12,4,Yes
D106113,Brandon Simmons,B,+60-13-682-6173,2012-10-27,8,Yes
D106114,Heather Mack,A,+60-13-499-2362,2017-12-04,5,Yes
D106115,George Nunez,O,+60-17-527-4272,2013-02-12,7,No
D106116,Amanda Wilson,B,+60-19-578-3905,2013-09-20,4,No
D106117,Juan Evans,B,+60-15-465-4916,2022-02-27,4,Yes
D106118,Ryan Smith,O,+60-12-109-2978,2026-08-23,4,Yes
D106119,Stacy Stewart,AB,+60-14-402-5923,2008-05-12,4,Yes
D106120,Michelle Hunter,AB,+60-17-644-3230,2026-01-30,5,Yes
D106121,Christopher Smith,A,+60-16-591-6607,2008-10-25,6,Yes
D106122,Janet Sparks,O,+60-16-141-9384,2016-11-13,3,Yes
D106123,Stephen Thompson,O,+60-15-427-0447,2017-03-19,4,Yes
D106124,Katelyn Yates,B,+60-12-885-3218,2014-10-01,3,Yes
D106125,Stephanie Meadows,O,+60-13-246-0175,2026-02-14,2,Yes
D106126,Ryan Daniel,AB,+60-11-957-1652,2010-09-11,6,Yes
D106127,Stuart Williams,A,+60-15-599-9467,2020-03-06,1,Yes
D106128,Tina Martinez,A,+60-12-218-3607,2023-05-19,5,No
D106129,Brandy Clayton,O,+60-18-789-0651,2022-04-21,11,No
D106130,Meredith Thomas,B,+60-19-694-0937,2014-12-02,4,Yes
D106131,Diane Orr,O,+60-15-002-2969,2010-03-16,7,Yes
D106132,Erin Watts,O,+60-17-573-3675,2008-01-04,2,Yes
D106133,Jason Morgan,A,+60-16-265-9382,2021-10-18,3,Yes
D106134,Bianca Johnson,B,+60-13-810-4821,2013-12-13,3,Yes
D106135,Jessica Becker,A,+60-11-514-8247,2026-08-01,3,Yes
D106136,George Richardson,O,+60-18-078-0266,2025-11-14,7,Yes
D106137,Barbara Harrison,O,+60-14-108-1393,2013-09-29,3,Yes
D106138,Janet Rogers,B,+60-13-240-9348,2019-08-24,6,No
D106139,Ronald Norton,O,+60-17-674-6935,2015-03-06,7,Yes
D106140,Brittany Moore,A,+60-14-317-2692,2021-04-12,5,Yes
D106141,David Short,O,+60-16-945-8278,2026-02-22,3,Yes
D106142,Andrew Wilson,B,+60-16-930-0747,2017-05-23,6,Yes
D106143,Katie Fernandez,O,+60-16-929-6287,2011-10-10,8,Yes
D106144,Susan Jefferson,AB,+60-16-039-0328,2013-10-04,3,No
D106145,Heather Boyle,AB,+60-18-177-4533,2008-02-08,1,No
D106146,Teresa Brady,O,+60-11-761-7647,2016-04-01,6,Yes
D106147,Nichole Johnson,O,+60-19-345-7320,2022-02-27,5,Yes
D106148,Jonathan Dawson,A,+60-13-725-4379,2020-08-19,5,Yes
D106149,Michael Parsons,O,+60-11-543-2639,2015-02-15,3,Yes
D106150,Ryan Chen,A,+60-13-848-0460,2010-05-19,2,Yes
D106151,Angela Figueroa,O,+60-16-372-6121,2010-12-01,7,Yes
D106152,Zachary Howe,O,+60-17-450-5078,2015-08-01,8,Yes
D106153,Wendy Proctor,O,+60-16-512-3003,2009-06-15,2,Yes
D106154,Melissa Munoz,O,+60-14-234-9138,2025-04-07,3,Yes
D106155,Christopher Andrews,B,+60-13-828-2625,2018-03-02,4,No
D106156,Michael Gomez,A,+60-15-863-1978,2008-09-08,7,Yes
D106157,Kimberly Patterson,A,+60-16-309-5216,2013-05-08,4,Yes
D106158,Amber Wilkerson,A,+60-17-325-1128,2019-02-02,4,Yes
D106159,Gregory Richardson,O,+60-15-088-0836,2017-11-21,4,Yes
D106160,Sandra Robinson,O,+60-11-819-1763,2015-01-24,4,No
D106161,Paul Mayo,O,+60-18-920-9665,2013-06-12,3,Yes
D106162,William Rodriguez,O,+60-17-498-1382,2026-05-06,2,Yes
D106163,Christopher Anderson,B,+60-17-320-0007,2020-09-26,4,Yes
D106164,Travis Smith,O,+60-17-689-7365,2008-08-19,2,Yes
D106165,Jeremy Perkins,AB,+60-12-779-4490,2026-01-02,3,Yes
D106166,Kayla Lowery,O,+60-18-145-5061,2021-05-27,4,Yes
D106167,Dennis Cannon,O,+60-11-689-2076,2018-07-21,3,Yes
D106168,Caleb Nielsen,A,+60-13-555-9816,2015-03-31,4,No
D106169,Ian Morris,O,+60-18-157-4542,2012-11-26,5,Yes
D106170,Cynthia Bailey,A,+60-19-935-0441,2024-09-26,9,Yes
D106171,Michaela Bates,O,+60-12-154-0513,2007-12-19,4,Yes
D106172,Kristin Joseph,B,+60-17-002-6192,2021-11-16,6,Yes
D106173,Erika Mendez,O,+60-15-810-6633,2026-06-01,6,Yes
D106174,Amanda Martinez,O,+60-11-037-7552,2008-10-24,4,Yes
D106175,Mary Hale,AB,+60-16-203-4495,2025-12-19,8,Yes
D106176,Tanya Martinez,O,+60-10-200-3367,2020-06-20,2,No
D106177,Christine Lawson,B,+60-12-197-2507,2010-10-20,4,No
D106178,Veronica Woods,O,+60-15-205-7283,2019-11-05,4,Yes
D106179,Matthew Mercado,O,+60-15-609-4029,2014-03-13,1,Yes
D106180,Cameron Nelson,A,+60-14-435-8367,2017-03-04,6,Yes
D106181,Alyssa Williams,O,+60-11-559-9437,2009-08-30,4,Yes
D106182,Wanda Ferrell,O,+60-10-190-4173,2012-11-01,8,Yes
D106183,Blake Barnes,O,+60-19-689-5711,2009-12-04,4,Yes
D106184,Lisa Hoover,O,+60-18-577-5476,2008-09-28,7,Yes
D106185,Valerie Morrison,O,+60-17-155-7443,2017-05-29,6,No
D106186,Megan Lopez,AB,+60-15-827-8534,2022-07-29,5,Yes
D106187,Carrie Solis,O,+60-11-849-1160,2026-04-12,4,Yes
D106188,Robert Khan,O,+60-17-757-1235,2018-02-08,5,Yes
D106189,Stephanie Wallace DVM,B,+60-11-956-7937,2014-03-30,7,Yes
D106190,Jamie Banks,A,+60-19-995-6623,2021-04-19,10,No
D106191,Barry Barnes,O,+60-19-303-0447,2022-05-30,6,Yes
D106192,Charles Hayden,O,+60-13-729-1972,2023-08-28,7,Yes
D106193,Gary Farley,O,+60-17-723-7606,2026-04-21,2,Yes
D106194,William Cooper,AB,+60-17-749-0276,2026-06-16,4,Yes
D106195,Timothy Daniel,O,+60-12-632-8738,2025-06-30,5,No
D106196,Monique Hill,O,+60-12-369-6315,2025-09-17,9,No
D106197,Melanie Norton,O,+60-17-919-4182,2026-02-20,4,Yes
D106198,David Roth,A,+60-17-703-6355,2011-09-02,2,No
D106199,Christina Blackwell,B,+60-13-080-9026,2008-09-04,3,Yes
D106200,Megan Rivera,A,+60-18-947-7923,2023-12-24,8,No
D106201,Brandon Thompson,O,+60-19-904-8527,2025-12-27,6,Yes
D106202,Jeffrey Mercer,O,+60-13-517-2424,2017-12-17,7,Yes
D106203,Antonio Summers,O,+60-11-828-0257,2026-09-02,10,No
D106204,Veronica Villanueva,B,+60-17-810-5428,2026-04-23,4,Yes
D106205,Michael Mason,AB,+60-16-536-7588,2012-11-11,4,No
D106206,Teresa Kennedy,O,+60-18-121-2880,2018-12-25,8,Yes
D106207,Andrea White,A,+60-12-306-5887,2019-03-18,7,Yes
D106208,Kenneth Hernandez,A,+60-17-854-1322,2014-10-01,8,Yes
D106209,Stephanie Murphy,AB,+60-14-589-4017,2022-02-12,3,Yes
D106210,Charles Reed,O,+60-15-611-0354,2019-05-06,6,Yes
D106211,Dr. Michael Moore,AB,+60-14-514-7992,2025-02-19,6,Yes
D106212,Jeffery Mason,B,+60-10-471-5073,2026-08-20,5,No
D106213,Angel Berry,B,+60-19-717-1635,2022-01-02,3,Yes
D106214,Anna Miller,O,+60-18-644-1324,2016-12-20,3,Yes
D106215,Julie Hodge,A,+60-11-003-4381,2023-12-07,2,Yes
D106216,Brian Hayes,O,+60-19-843-5446,2023-05-07,6,Yes
D106217,Heather Ingram,O,+60-11-389-5798,2011-12-02,6,No
D106218,Timothy Anderson,O,+60-18-082-8245,2016-09-16,3,Yes
D106219,Scott Arnold,B,+60-14-500-9272,2019-02-27,5,No
D106220,Lori Lee,O,+60-17-712-7749,2024-12-11,3,Yes
D106221,Kelsey Reeves,O,+60-17-165-3778,2012-12-24,2,Yes
D106222,Brianna Hartman,B,+60-10-777-6635,2020-10-07,9,Yes
D106223,Lisa Schmidt,O,+60-13-451-5602,2023-01-07,7,Yes
D106224,Kristen Wells,AB,+60-13-491-0970,2019-06-05,6,Yes
D106225,Kayla Wood,A,+60-17-827-9033,2010-12-10,3,No
D106226,Elizabeth Murphy,A,+60-15-362-6658,2013-06-04,3,Yes
D106227,Veronica Barry,O,+60-16-707-2178,2018-06-26,3,Yes
D106228,Brittany Davis,O,+60-17-552-1555,2023-08-28,6,No
D106229,Pamela Fletcher,O,+60-11-669-5939,2010-03-14,8,Yes
D106230,Joseph Morgan,O,+60-11-154-9763,2012-09-09,4,Yes
D106231,Lawrence Walker,O,+60-15-456-4665,2019-08-22,3,No
D106232,Frank Rangel,B,+60-11-314-1996,2016-11-15,5,Yes
D106233,Heather Hardin,A,+60-11-225-4913,2019-03-02,4,No
D106234,Victoria Bradshaw,A,+60-16-651-7912,2018-06-28,7,No
D106235,Jennifer Benitez,B,+60-15-094-1557,2011-05-22,3,No
D106236,Paul Sherman,O,+60-10-813-4185,2020-04-02,4,Yes
D106237,Kimberly Gibbs,B,+60-15-673-1706,2019-03-02,8,Yes
D106238,Jeffrey Gilmore,A,+60-11-310-8039,2008-08-31,4,Yes
D106239,Elizabeth Dyer,B,+60-13-910-8424,2011-10-26,4,Yes
D106240,Jason Rush,O,+60-14-179-2968,2019-08-15,4,No
D106241,Jerry Robinson,O,+60-19-722-0433,2014-03-19,4,Yes
D106242,Alyssa Parsons,B,+60-16-531-3558,2022-09-25,5,Yes
D106243,Ricky Kelly,A,+60-17-615-7214,2026-07-29,5,Yes
D106244,Lynn Griffin,A,+60-11-371-7786,2012-12-01,5,Yes
D106245,Abigail Jones,A,+60-16-115-2531,2023-07-24,3,Yes
D106246,Kayla Edwards,O,+60-12-143-5468,2017-07-17,2,Yes
D106247,Todd Hogan,A,+60-12-408-5282,2011-09-01,11,No
D106248,Benjamin Cross,O,+60-10-293-2869,2024-11-20,8,Yes
D106249,Laura Ruiz,B,+60-18-754-2082,2014-02-23,4,Yes
D106250,Laura Garcia,O,+60-11-930-7704,2017-08-06,2,Yes
D106251,Billy Wallace,A,+60-10-189-7934,2015-06-24,2,Yes
D106252,Lisa Brown,O,+60-11-900-6989,2015-04-15,5,Yes
D106253,Ashley Lynch,B,+60-13-884-9024,2026-06-05,4,Yes
D106254,Melissa Bender,O,+60-14-717-6462,2023-01-28,10,Yes
D106255,Michael Smith,O,+60-12-988-0033,2015-02-07,3,No
D106256,Isaiah Booth,O,+60-11-882-4568,2009-12-09,5,Yes
D106257,Gregory Clark,A,+60-13-456-8098,2014-03-02,6,Yes
D106258,Nicholas Scott,B,+60-14-062-5439,2024-05-30,5,Yes
D106259,Brett Jensen,O,+60-14-672-4952,2020-04-26,5,No
D106260,Lisa Marshall,B,+60-14-852-7637,2018-05-25,6,Yes
D106261,Rickey Farrell,O,+60-15-008-4815,2023-11-25,7,No
D106262,John Allen,O,+60-18-117-0150,2008-11-03,6,Yes
D106263,Rhonda Hayes,A,+60-17-220-7252,2013-08-26,3,Yes
D106264,Alicia Hahn,A,+60-16-235-9391,2010-10-21,6,Yes
D106265,Beverly Decker,A,+60-19-727-6871,2025-09-21,6,Yes
D106266,Chelsea Smith,A,+60-17-031-6719,2026-04-01,6,No
D106267,Matthew Gonzalez,B,+60-11-720-2352,2016-09-23,4,No
D106268,Michael Jenkins,O,+60-14-060-5856,2019-10-28,5,Yes
D106269,Michael Melendez,B,+60-15-718-2121,2013-11-13,6,Yes
D106270,Shannon Hernandez,A,+60-13-966-2867,2011-04-26,4,No
D106271,Willie Miller,AB,+60-14-681-3553,2012-01-14,5,No
D106272,Mindy Williams,O,+60-19-328-9640,2021-08-03,8,Yes
D106273,Martin Murray,A,+60-15-518-5336,2013-08-09,4,Yes
D106274,Randy Pruitt,B,+60-17-059-8224,2018-06-09,3,Yes
D106275,Jennifer Trujillo,A,+60-15-548-2897,2020-05-24,3,Yes
D106276,Shaun Alvarez,A,+60-12-707-1487,2020-05-20,2,Yes
D106277,Christine Castro,A,+60-13-158-6488,2012-03-16,6,Yes
D106278,Derek Johnson,AB,+60-17-801-7079,2022-06-03,7,Yes
D106279,Jeremy Cooper,AB,+60-15-836-7528,2025-10-26,2,Yes
D106280,Brian Friedman,A,+60-15-972-3928,2026-08-23,3,Yes
D106281,Courtney Wilkerson,O,+60-18-705-6480,2018-03-04,4,Yes
D106282,Randy Cunningham,A,+60-13-099-0583,2026-08-09,3,Yes
D106283,Erica King,B,+60-18-961-1489,2016-02-26,3,Yes
D106284,James Curtis,A,+60-10-995-9711,2017-11-28,5,Yes
D106285,Tara Farmer,A,+60-13-152-9530,2018-07-20,7,Yes
D106286,Kristin Werner,B,+60-19-225-5849,2023-06-25,5,No
D106287,Joseph Lee,B,+60-10-594-5949,2021-08-15,3,No
D106288,Taylor Turner,A,+60-10-827-7666,2016-09-29,5,No
D106289,Cindy Durham,O,+60-11-479-2763,2026-02-16,9,Yes
D106290,Jesus Gregory,AB,+60-19-422-9376,2026-06-03,6,Yes
D106291,Tracy Hunt,O,+60-13-588-8593,2015-11-11,5,No
D106292,Jonathan Williams,B,+60-12-112-7618,2021-12-03,3,Yes
D106293,Gabrielle Rogers,AB,+60-13-897-8819,2021-08-24,6,Yes
D106294,Brent Sparks,A,+60-16-195-7675,2026-07-18,6,Yes
D106295,Brenda Hansen,B,+60-13-505-1520,2015-05-03,5,No
D106296,Nathan Gomez,AB,+60-18-825-7804,2023-01-17,7,Yes
D106297,Katherine Brewer,A,+60-13-357-0075,2021-11-09,8,Yes
D106298,Logan Green,A,+60-18-320-6260,2019-01-02,5,Yes
D106299,Anna Maddox,AB,+60-13-458-3233,2016-10-11,4,No
D106300,Melissa Thomas,O,+60-15-057-5974,2010-05-07,6,Yes
D106301,Nicholas Allen,O,+60-18-413-3901,2013-06-05,11,Yes
D106302,Cody Smith,O,+60-12-332-0292,2026-05-02,2,Yes
D106303,Aaron Wheeler,A,+60-10-738-0469,2010-08-01,6,Yes
D106304,Alexa Morris,A,+60-19-075-4290,2011-10-24,2,No
D106305,Richard Allen,O,+60-14-921-7344,2012-01-12,4,Yes
D106306,Nathaniel James,O,+60-10-670-0041,2023-05-05,4,No
D106307,Megan Riley,O,+60-12-833-2033,2012-05-19,4,Yes
D106308,Tricia Krause,O,+60-15-051-3241,2010-12-18,6,Yes
D106309,Angela Smith,A,+60-11-271-8527,2026-03-21,3,Yes
D106310,Kimberly Rodriguez,A,+60-17-320-9127,2021-02-11,7,No
D106311,Trevor Sanchez,AB,+60-19-444-3320,2019-09-15,5,Yes
D106312,Samuel Franklin,A,+60-13-287-7122,2025-05-02,2,Yes
D106313,Steven Garcia,O,+60-10-815-0890,2011-09-07,5,Yes
D106314,Joseph Marshall,O,+60-16-703-1274,2008-10-14,4,Yes
D106315,Benjamin Jordan,A,+60-19-365-5077,2022-05-19,2,Yes
D106316,Lisa Stout,O,+60-14-016-0016,2023-10-28,3,Yes
D106317,Kim Buchanan,B,+60-16-680-0580,2020-12-20,8,Yes
D106318,Nicole Nunez,B,+60-17-160-7559,2026-07-25,4,Yes
D106319,Virginia Crawford DDS,O,+60-17-764-4039,2014-07-13,6,Yes
D106320,Nathan Good,O,+60-17-640-8924,2014-05-08,4,Yes
D106321,Ann Jones,O,+60-17-491-4870,2009-01-29,5,Yes
D106322,Joseph Smith,AB,+60-18-121-8400,2009-06-03,3,Yes
D106323,David Nichols,O,+60-11-560-0359,2025-06-03,6,Yes
D106324,Stephen Martinez,O,+60-18-311-9540,2021-11-01,9,Yes
D106325,Stephanie Harris,O,+60-17-725-0781,2014-07-26,7,No
D106326,Sara Hurst,B,+60-17-335-7906,2013-10-29,7,Yes
D106327,Jimmy Smith,B,+60-14-003-9522,2015-03-09,6,Yes
D106328,Michael Rodriguez,O,+60-16-502-8202,2021-12-10,4,Yes
D106329,Christopher Mayer,O,+60-14-359-8671,2009-04-18,4,Yes
D106330,Anne Fisher,O,+60-17-646-8126,2018-11-18,6,Yes
D106331,Jessica Brown,O,+60-16-869-4654,2016-11-09,4,No
D106332,Tonya Bright,O,+60-17-888-2292,2026-03-16,2,Yes
D106333,Amy Glass,A,+60-17-866-9015,2008-03-21,3,Yes
D106334,Vanessa Compton,AB,+60-15-889-8810,2020-12-16,4,No
D106335,Gina Webster,B,+60-15-886-5510,2009-11-12,9,Yes
D106336,Christina Cook,A,+60-18-794-7653,2014-07-21,5,Yes
D106337,Zoe Baker,B,+60-10-231-1983,2016-01-18,4,No
D106338,Ann Herrera,B,+60-10-172-0511,2014-07-16,9,Yes
D106339,Roy Meadows,B,+60-12-796-4116,2010-09-14,6,No
D106340,Megan Finley,A,+60-18-159-1837,2011-01-13,2,Yes
D106341,Charles York,O,+60-10-482-5655,2009-11-06,6,Yes
D106342,Vanessa Garcia,O,+60-17-919-3079,2009-03-13,3,Yes
D106343,Derrick Ho,AB,+60-15-448-3019,2007-09-01,3,Yes
D106344,Cindy Johnson,O,+60-11-089-8793,2023-12-19,4,Yes
D106345,Nicholas Martinez,A,+60-19-688-6461,2009-08-31,5,Yes
D106346,Christopher Tucker,O,+60-19-204-8886,2026-08-03,4,Yes
D106347,Robert Davis,O,+60-19-526-6551,2011-01-13,7,Yes
D106348,Jennifer James,B,+60-15-556-7553,2010-12-22,7,Yes
D106349,Jessica Price,A,+60-12-981-1663,2020-07-22,4,Yes
D106350,Michael Allen,A,+60-12-559-0603,2023-08-31,6,Yes
D106351,Albert Mcconnell,A,+60-10-218-6619,2021-12-31,7,No
D106352,Shannon Watson,AB,+60-10-386-1955,2022-05-18,5,No
D106353,Daniel Griffin,O,+60-11-545-9824,2023-07-30,3,Yes
D106354,Cameron Lee,A,+60-18-229-5985,2016-05-17,7,Yes
D106355,Adam Harris,O,+60-14-497-6488,2010-01-05,2,No
D106356,Andrew Anderson,B,+60-12-851-1406,2017-10-12,4,Yes
D106357,Jonathan Garza,B,+60-16-743-0378,2013-12-12,10,Yes
D106358,Kevin Mcmahon,B,+60-15-383-5154,2015-09-08,4,Yes
D106359,Catherine Soto,O,+60-18-056-4744,2025-05-15,4,Yes
D106360,Kevin Lopez,A,+60-15-971-2332,2022-10-16,3,Yes
D106361,Donald Lambert,O,+60-18-506-3196,2019-07-18,3,No
D106362,Kathryn Wright,B,+60-11-621-0117,2016-05-03,9,Yes
D106363,Thomas Watson,O,+60-16-045-6613,2020-02-05,5,Yes
D106364,Victoria Foster,O,+60-12-512-7390,2012-05-23,4,Yes
D106365,Rhonda Barnes,O,+60-12-146-7511,2014-01-17,5,Yes
D106366,Karen Downs,O,+60-15-562-9009,2010-05-20,7,No
D106367,Emily Hodge,A,+60-12-406-0375,2026-07-20,4,Yes
D106368,Roy Adams,A,+60-15-228-9726,2015-03-20,8,Yes
D106369,Sarah Eaton,B,+60-18-516-4309,2012-12-18,5,No
D106370,Scott Miller,B,+60-17-710-8902,2025-10-09,5,Yes
D106371,William Silva,A,+60-10-528-5595,2025-07-10,3,Yes
D106372,Jason Burton,AB,+60-12-636-3482,2017-09-14,4,Yes
D106373,Carlos Walters,O,+60-18-953-2812,2008-05-07,1,Yes
D106374,Henry Duncan,A,+60-18-985-3757,2017-09-06,5,Yes
D106375,Sheila Patrick,B,+60-10-628-2052,2019-05-19,4,Yes
D106376,Melissa Travis,A,+60-17-140-1244,2024-06-17,6,Yes
D106377,Miss Elizabeth Johnson PhD,B,+60-15-894-1094,2018-09-09,4,Yes
D106378,Emily Mckee,O,+60-15-549-4417,2021-08-16,2,Yes
D106379,Maria Bauer,A,+60-12-204-8659,2012-02-24,7,Yes
D106380,Natasha Rhodes,A,+60-17-424-3350,2019-10-02,8,Yes
D106381,Dustin Henderson,A,+60-16-376-5303,2026-03-15,4,No
D106382,Jacob Jones,AB,+60-13-803-0991,2024-05-09,4,Yes
D106383,Renee James,B,+60-19-873-5221,2025-02-21,6,No
D106384,Jeffrey Martin,O,+60-19-453-6310,2013-05-01,4,No
D106385,John Mathis,O,+60-14-741-4045,2018-05-18,6,Yes
D106386,Anthony Floyd,A,+60-14-804-2476,2018-12-19,3,Yes
D106387,Sonya Conrad,O,+60-19-881-1215,2026-08-24,5,Yes
D106388,Tammy Williams,AB,+60-15-545-1073,2017-07-27,5,Yes
D106389,Jennifer Garrett,O,+60-11-130-3257,2012-09-20,5,Yes
D106390,Tyrone Wade,O,+60-18-904-8713,2009-02-01,3,Yes
D106391,Veronica Perez,A,+60-19-535-8622,2024-01-09,7,No
D106392,Alexander Bridges,B,+60-17-717-4365,2015-05-04,5,Yes
D106393,Laura Davis,O,+60-13-139-3392,2018-03-25,6,No
D106394,Samantha Bennett,B,+60-11-338-2788,2024-04-17,6,Yes
D106395,Joseph Pearson,O,+60-15-116-4602,2026-07-26,3,Yes
D106396,Robin Green,O,+60-19-210-9798,2025-07-26,4,No
D106397,Allison Johnson,O,+60-13-013-0770,2012-10-26,4,Yes
D106398,Hunter Nixon,A,+60-16-383-3761,2024-10-27,6,No
D106399,Pamela Kelley MD,B,+60-17-650-3541,2024-03-13,8,Yes
D106400,Linda Paul,A,+60-19-783-4752,2010-08-31,7,Yes
D106401,Michelle Lewis,B,+60-10-151-3942,2021-07-08,5,No
D106402,Stephanie Carter,O,+60-13-454-3129,2013-09-14,4,Yes
D106403,Alyssa Walls,O,+60-16-434-3406,2019-07-28,7,Yes
D106404,Sean Holt,O,+60-17-138-0692,2011-11-23,3,Yes
D106405,Sarah Sanchez,A,+60-18-780-8313,2016-03-30,4,Yes
D106406,Gerald Davis,O,+60-16-499-1493,2011-04-19,6,Yes
D106407,Brian Robertson,B,+60-15-277-6468,2026-08-24,3,Yes
D106408,Joseph Hill,B,+60-17-753-4061,2014-03-29,5,No
D106409,Matthew Morton DDS,O,+60-16-352-0814,2017-10-31,6,No
D106410,Timothy Rivera,A,+60-13-031-2292,2023-04-05,3,No
D106411,Erica Goodwin,O,+60-12-523-4979,2020-06-19,7,Yes
D106412,Tammy Smith,O,+60-13-501-2719,2026-08-29,5,Yes
D106413,Robert Barker,B,+60-13-594-3709,2022-06-03,9,Yes
D106414,Sara Frederick,AB,+60-16-540-4727,2011-08-03,6,No
D106415,Robert Burton,O,+60-15-312-1361,2012-04-16,4,Yes
D106416,Michael Valdez,O,+60-10-732-7718,2024-08-04,3,Yes
D106417,Kimberly Armstrong,AB,+60-10-713-6073,2012-07-24,5,Yes
D106418,Joshua Sutton,O,+60-17-252-8848,2016-09-02,1,Yes
D106419,Brittany Robertson,B,+60-13-187-7230,2016-07-23,7,No
D106420,Marvin Kelley,B,+60-19-406-8345,2007-10-31,4,Yes
D106421,Courtney Warren,A,+60-19-036-6350,2008-11-02,3,No
D106422,Shawn Trevino,O,+60-10-248-4280,2018-05-28,6,Yes
D106423,Cameron Greene,O,+60-12-481-1138,2016-07-04,7,Yes
D106424,Kimberly Johns,A,+60-11-973-1482,2018-11-10,8,No
D106425,David Davis,B,+60-15-876-9399,2020-02-01,6,Yes
D106426,Michelle Hernandez,A,+60-14-028-8244,2008-03-29,4,Yes
D106427,Jody Luna,AB,+60-11-640-2825,2026-06-06,4,Yes
D106428,Tracy Morris,B,+60-16-030-2686,2017-06-24,7,Yes
D106429,Joshua Pittman,O,+60-15-980-0580,2011-05-18,7,Yes
D106430,Heather Smith,B,+60-14-997-5120,2023-01-11,9,Yes
D106431,Trevor Dennis,O,+60-17-238-6490,2015-10-25,2,No
D106432,Joseph Rivera,O,+60-18-555-5114,2023-01-28,4,Yes
D106433,Holly Robinson,A,+60-15-146-4122,2024-09-29,5,Yes
D106434,Robert Brown,A,+60-12-650-1526,2010-02-23,5,Yes
D106435,Veronica Molina,O,+60-19-651-5707,2013-09-11,4,Yes
D106436,Mr. Spencer Cervantes,B,+60-13-104-4417,2025-10-23,3,Yes
D106437,William Richardson,A,+60-16-740-0656,2026-04-06,4,Yes
D106438,Ryan Cooper,AB,+60-17-146-4567,2022-03-09,5,Yes
D106439,Timothy Ramirez,A,+60-12-110-9740,2026-07-07,8,Yes
D106440,Donald Poole,A,+60-11-503-5058,2011-05-12,10,Yes
D106441,Eric Morris,B,+60-11-143-5570,2026-03-17,5,No
D106442,Aaron Aguilar,O,+60-12-035-8716,2018-08-02,5,Yes
D106443,Lauren Freeman,B,+60-17-354-2752,2016-06-20,7,Yes
D106444,Jordan Peters,B,+60-12-828-7979,2009-02-18,4,Yes
D106445,Michelle Gardner,A,+60-11-176-0939,2023-06-28,3,No
D106446,Maria Romero,B,+60-15-959-6017,2026-07-14,6,Yes
D106447,Anthony Boyd,A,+60-14-532-2594,2025-04-16,5,Yes
D106448,Megan Williams,B,+60-19-197-7599,2019-07-24,7,Yes
D106449,Alexandra Baker,A,+60-12-090-1137,2012-04-27,5,Yes
D106450,Renee Larsen,A,+60-17-650-0587,2011-05-19,5,Yes
D106451,Jack Brown,A,+60-17-681-4436,2009-03-17,5,No
D106452,Herbert Wheeler,O,+60-19-487-5043,2022-09-20,7,Yes
D106453,Joan Thornton,B,+60-10-722-5576,2012-04-29,7,Yes
D106454,John Fuller,O,+60-12-409-0802,2010-03-31,4,Yes
D106455,Robin Leblanc,O,+60-16-796-4385,2017-07-27,10,Yes
D106456,Diane Clark,A,+60-14-336-4626,2012-05-09,5,Yes
D106457,Laura Roberts,O,+60-12-797-5389,2018-04-29,6,Yes
D106458,Christina Harris,O,+60-14-801-7378,2019-06-19,5,No
D106459,Kathryn Webster,O,+60-10-365-0184,2023-12-16,6,Yes
D106460,Crystal Erickson,B,+60-18-354-4380,2016-08-10,6,Yes
D106461,Morgan Hahn,B,+60-10-243-8019,2022-03-12,5,Yes
D106462,Stephanie Grimes,O,+60-18-943-2215,2014-03-13,4,Yes
D106463,Jennifer Cunningham,O,+60-12-791-0032,2022-07-06,4,Yes
D106464,Julie Bass,O,+60-10-295-2462,2024-10-21,8,Yes
D106465,Catherine Smith,O,+60-17-486-8810,2014-02-01,6,No
D106466,Gary Bryant,O,+60-16-879-4512,2016-01-07,5,Yes
D106467,Kristopher Allen,B,+60-15-131-7286,2022-02-07,9,Yes
D106468,Kimberly Griffin,B,+60-18-956-5364,2026-08-18,7,No
D106469,Nicholas Garrett,O,+60-16-108-3789,2013-11-21,5,Yes
D106470,Jose Dixon,O,+60-14-703-9146,2008-06-05,5,No
D106471,Dylan Jackson,A,+60-11-214-1191,2007-09-01,3,Yes
D106472,Gloria Ochoa,O,+60-12-030-6266,2016-02-12,5,Yes
D106473,John Lee,AB,+60-15-958-9666,2009-06-21,2,Yes
D106474,Sherri Smith,AB,+60-10-150-2945,2013-12-28,3,Yes
D106475,Sharon Hansen,O,+60-16-158-4586,2024-08-27,8,Yes
D106476,Michael Duran,O,+60-11-059-5212,2026-04-26,2,Yes
D106477,Tracy Little,A,+60-19-360-2884,2008-11-29,6,Yes
D106478,Juan Harris,O,+60-16-087-4948,2013-03-07,5,Yes
D106479,Candice Stone,A,+60-13-996-9381,2022-07-31,4,No
D106480,Casey Anderson,O,+60-11-081-7760,2017-09-16,5,Yes
D106481,Catherine Floyd,AB,+60-16-372-2418,2013-05-11,5,Yes
D106482,Lindsay Davis,O,+60-11-844-9951,2017-09-01,3,Yes
D106483,Jennifer Jackson,O,+60-13-753-7632,2009-03-31,4,Yes
D106484,Lance Underwood,O,+60-10-539-0718,2016-12-13,3,No
D106485,Thomas Bailey,B,+60-18-730-7942,2020-12-20,5,Yes
D106486,Hayden Scott,AB,+60-17-712-9987,2014-12-05,4,Yes
D106487,Kelly Moore,B,+60-17-441-1012,2013-02-13,8,No
D106488,Joe Boyd,A,+60-19-664-3161,2018-06-01,5,Yes
D106489,Mark Hunt,O,+60-12-221-1829,2020-05-25,8,Yes
D106490,Miguel Maldonado,B,+60-15-546-2910,2022-05-14,9,Yes
D106491,Shawn Beasley DDS,B,+60-17-042-7468,2021-11-25,4,Yes
D106492,Mark Carpenter,A,+60-12-683-0888,2014-03-19,5,Yes
D106493,Billy Smith,A,+60-18-722-8896,2025-04-16,4,Yes
D106494,Kelly Torres,O,+60-11-596-1085,2009-03-03,4,Yes
D106495,Shirley Johnson,A,+60-11-193-6630,2012-01-17,5,Yes
D106496,Brian Hoover,O,+60-11-773-2440,2026-05-21,5,Yes
D106497,Zachary Thomas,O,+60-16-443-5231,2017-07-02,4,Yes
D106498,Bradley Leonard,B,+60-13-220-7497,2022-12-30,5,Yes
D106499,Samantha Peters,A,+60-12-506-4421,2017-07-30,7,No
D106500,Renee Cross,A,+60-13-807-7090,2013-05-06,3,Yes
D106501,Brittney Lee,O,+60-11-481-5664,2018-12-08,8,Yes
D106502,Michael Smith,O,+60-14-532-9097,2012-12-29,3,Yes
D106503,Alfred Cook,A,+60-16-580-8235,2024-07-04,5,No
D106504,Amanda Johnson,A,+60-18-521-2845,2026-08-31,2,Yes
D106505,Sandra Malone,O,+60-11-841-8282,2022-11-01,8,Yes
D106506,Carmen Johnson,A,+60-11-816-1122,2008-05-06,5,Yes
D106507,Tiffany Flores,A,+60-12-249-3697,2014-04-14,7,Yes
D106508,Tracy Hughes,O,+60-13-861-3131,2014-10-22,3,Yes
D106509,Anna Payne,AB,+60-17-008-2422,2017-06-04,2,Yes
D106510,Stephanie Thomas,A,+60-19-759-1456,2026-02-26,3,Yes
D106511,Brent Hogan,A,+60-10-976-1501,2016-03-25,4,Yes
D106512,Susan Maxwell,O,+60-14-907-3003,2011-09-16,4,Yes
D106513,Eddie Mills,A,+60-18-447-8162,2009-08-04,4,No
D106514,Elizabeth Little,A,+60-19-492-2886,2021-12-01,6,No
D106515,Andrew Lawson,O,+60-16-357-9953,2015-07-19,6,No
D106516,Emily Jackson,O,+60-17-998-6855,2017-05-17,3,Yes
D106517,Peter Andrews,A,+60-10-385-7697,2026-07-05,5,No
D106518,Brenda Martinez,A,+60-19-003-4423,2019-11-04,4,No
D106519,Jill Jones,A,+60-18-004-5986,2015-03-03,4,Yes
D106520,Timothy Brown,O,+60-16-636-1441,2012-10-18,3,No
D106521,Lisa Marquez,A,+60-15-060-6350,2017-07-01,4,No
D106522,Wendy Santiago,O,+60-11-240-3523,2016-01-27,5,Yes
D106523,Kathryn Rose,A,+60-15-636-7260,2014-11-11,8,Yes
D106524,Nicholas Cox,AB,+60-19-048-4413,2016-09-13,6,No
D106525,Alfred Rich,A,+60-16-700-5026,2014-01-01,4,Yes
D106526,Joe Byrd,O,+60-18-730-9284,2025-12-12,5,Yes
D106527,Katherine Johnson,O,+60-19-301-4496,2014-11-30,2,Yes
D106528,Robert Allen,O,+60-12-164-7451,2018-02-01,5,No
D106529,Martin Charles,O,+60-19-785-0262,2016-02-29,10,Yes
D106530,Patricia Lozano,A,+60-15-614-3569,2015-09-08,4,Yes
D106531,Bridget Mitchell DDS,O,+60-15-560-7014,2009-10-05,5,Yes
D106532,Mark White,B,+60-14-688-5182,2016-03-19,4,Yes
D106533,Joann Taylor,A,+60-11-458-1582,2010-12-22,3,Yes
D106534,Jamie Grant,O,+60-11-894-9315,2019-11-05,6,No
D106535,Andrea Lewis,AB,+60-19-133-5034,2017-04-14,4,Yes
D106536,Harold Bush,O,+60-17-090-6526,2026-04-25,8,No
D106537,Jimmy Fisher,B,+60-11-845-6947,2021-06-29,2,No
D106538,Kathryn Patrick,O,+60-10-590-1149,2020-05-11,4,Yes
D106539,Greg Lewis,O,+60-19-062-0267,2019-05-26,3,Yes
D106540,Jason Blair,A,+60-16-562-6375,2025-07-31,6,No
D106541,Megan Farmer,AB,+60-15-133-9899,2023-03-14,4,No
D106542,Kevin Robbins,O,+60-10-573-2108,2015-10-25,5,Yes
D106543,Emily Robinson,A,+60-14-642-4131,2020-02-15,9,No
D106544,Jim Alexander,A,+60-14-403-8778,2026-06-02,3,No
D106545,Brandon Austin,O,+60-18-395-2331,2012-04-20,4,No
D106546,George Greene,B,+60-17-290-4637,2023-02-14,7,Yes
D106547,Sonya Castaneda,O,+60-11-542-0386,2019-08-01,6,Yes
D106548,Michael Oconnor,A,+60-16-662-1881,2022-06-19,3,Yes
D106549,Phyllis Hart,O,+60-19-027-6280,2025-11-01,4,Yes
D106550,Paula Jones,B,+60-15-487-4896,2026-03-18,6,Yes
D106551,Lee Moreno Jr.,O,+60-18-682-6328,2026-08-15,8,Yes
D106552,Jesse Reed,O,+60-19-825-5001,2020-06-03,3,Yes
D106553,Darlene Cole,B,+60-18-023-3446,2010-07-26,6,No
D106554,Brooke Williams,O,+60-19-521-2088,2024-12-20,7,Yes
D106555,Victor Roberson,O,+60-17-571-1898,2020-07-21,5,Yes
D106556,Trevor Hines,A,+60-14-142-3548,2007-11-19,3,Yes
D106557,Shelby Kidd,O,+60-12-096-0128,2024-05-14,4,Yes
D106558,Vanessa Brown,A,+60-11-077-1609,2021-09-26,4,Yes
D106559,Christian Morris,O,+60-13-599-4018,2009-05-05,5,No
D106560,Daniel Kent,A,+60-16-700-2951,2016-06-10,3,Yes
D106561,Kaitlyn Tucker,O,+60-15-298-9952,2022-04-28,2,Yes
D106562,William Hines,O,+60-16-267-7078,2022-01-20,4,Yes
D106563,Renee Miller,O,+60-15-922-0931,2019-09-25,6,Yes
D106564,David Parker,A,+60-10-830-1936,2010-07-14,9,No
D106565,Matthew Vaughan,B,+60-18-444-0894,2025-08-20,3,Yes
D106566,Jenna Hernandez,B,+60-10-613-7485,2017-08-26,7,No
D106567,Candace Roberson MD,A,+60-10-500-8562,2014-05-13,4,Yes
D106568,Brittany Williams,B,+60-15-989-0587,2025-01-06,5,Yes
D106569,Bryan Fisher,A,+60-19-537-0686,2013-06-25,3,Yes
D106570,Mark Huang,A,+60-16-403-4935,2010-06-13,3,Yes
D106571,Brooke Rodriguez,B,+60-16-676-9470,2014-03-11,4,Yes
D106572,Pamela Reyes,B,+60-13-551-0923,2015-02-18,4,No
D106573,Michelle Howard,AB,+60-12-198-9263,2009-07-02,3,Yes
D106574,Anthony Carter,B,+60-15-800-2548,2012-11-15,6,Yes
D106575,Patrick Johnson,O,+60-12-195-6462,2023-08-23,6,Yes
D106576,Shelly Carrillo,A,+60-13-476-4842,2026-05-10,5,No
D106577,Heather Buck,O,+60-15-347-8668,2007-10-30,2,Yes
D106578,Justin Stanley,A,+60-16-853-8250,2015-01-14,4,Yes
D106579,Courtney Evans,B,+60-16-575-6080,2019-02-10,6,Yes
D106580,Karen Martin,A,+60-19-640-9294,2012-06-23,6,Yes
D106581,Timothy Palmer III,O,+60-17-172-4322,2016-02-22,9,Yes
D106582,Kenneth Orozco,O,+60-19-041-9606,2014-06-18,2,Yes
D106583,Robert Hudson,O,+60-10-018-3276,2018-12-20,3,Yes
D106584,Richard Johns,O,+60-17-127-5638,2024-06-11,7,No
D106585,Michelle Avery,AB,+60-13-796-6197,2014-05-05,4,Yes
D106586,Michael Nunez,B,+60-17-802-7879,2021-03-06,7,Yes
D106587,Martin Small,O,+60-14-591-0726,2013-07-03,6,Yes
D106588,Kristin Carlson,O,+60-14-409-4350,2012-08-09,5,Yes
D106589,James Morris,O,+60-16-305-1841,2022-03-20,8,No
D106590,Mark Harmon,O,+60-17-004-1680,2018-01-30,3,Yes
D106591,Lauren Douglas MD,O,+60-11-378-7448,2010-04-30,7,Yes
D106592,Mr. Brian Howell,A,+60-13-127-1802,2015-11-21,5,Yes
D106593,Julie Wyatt,O,+60-14-999-8129,2024-05-31,5,Yes
D106594,Gloria Foster,A,+60-11-062-8510,2022-04-08,6,No
D106595,Jeremy Brown,O,+60-18-782-1356,2026-05-06,9,Yes
D106596,Desiree Kirk,O,+60-12-907-2872,2017-02-18,5,No
D106597,Joseph Weaver,O,+60-12-716-2530,2012-06-11,5,Yes
D106598,Barbara Heath,B,+60-10-607-4651,2010-01-16,4,Yes
D106599,Bradley Morris,O,+60-10-555-2956,2024-12-17,8,Yes
D106600,Cindy Kerr,B,+60-18-104-0191,2014-12-07,1,Yes
D106601,Daniel Mcgee,O,+60-18-079-2035,2015-11-09,5,No
D106602,Mr. Joseph Nelson II,AB,+60-19-836-8498,2016-03-02,2,Yes
D106603,Ashley Kelly,A,+60-18-557-7872,2018-12-22,8,Yes
D106604,Donald Johnson,A,+60-17-340-1160,2019-02-04,6,Yes
D106605,Michael Johnson,O,+60-15-847-6144,2017-03-23,2,Yes
D106606,Briana Williams,O,+60-16-590-4081,2013-10-06,5,No
D106607,James Keller,O,+60-17-748-9082,2019-09-22,6,Yes
D106608,Timothy Myers,AB,+60-12-119-7787,2009-11-10,8,Yes
D106609,Marilyn Brooks,A,+60-14-395-9140,2021-04-30,3,Yes
D106610,Alex Keller,A,+60-11-505-4454,2020-08-04,5,Yes
D106611,Jeffrey Taylor,B,+60-14-163-4679,2023-07-16,9,Yes
D106612,Lance Potter,A,+60-11-791-3970,2024-01-13,4,No
D106613,Beverly Underwood,O,+60-11-334-3147,2022-07-16,2,Yes
D106614,Christopher Clark,O,+60-13-761-9190,2025-11-17,5,Yes
D106615,Sherri Alexander,O,+60-13-178-0497,2026-05-23,4,Yes
D106616,Jasmine Pham,A,+60-10-752-9425,2026-08-19,6,Yes
D106617,Steven Miller,O,+60-19-625-4305,2017-07-30,6,Yes
D106618,Shannon Jenkins,A,+60-13-517-4050,2012-09-13,6,Yes
D106619,Tony Ramos,A,+60-15-995-8990,2022-08-05,9,Yes
D106620,Victor Santiago,O,+60-11-331-4786,2020-12-15,7,No
D106621,Mary Flores,B,+60-17-072-3832,2015-07-07,3,Yes
D106622,Travis Ortega,A,+60-15-832-6541,2019-01-02,6,No
D106623,Luis Mathews,A,+60-18-983-7121,2018-01-24,5,Yes
D106624,Amanda Goodman,O,+60-11-566-8026,2013-06-17,2,No
D106625,George Buchanan,O,+60-11-632-7962,2015-10-21,10,Yes
D106626,Richard Garcia,A,+60-14-666-1703,2012-04-17,5,Yes
D106627,Jennifer Cameron,O,+60-14-274-4989,2021-12-06,5,Yes
D106628,Taylor Phelps,O,+60-12-708-0943,2022-08-17,9,Yes
D106629,Theresa Alexander,A,+60-19-398-0674,2022-02-07,6,Yes
D106630,Julie Houston,B,+60-16-926-2571,2012-02-26,3,Yes
D106631,Cathy Torres,O,+60-15-056-6629,2022-11-01,3,No
D106632,Victor Nunez,B,+60-13-907-7605,2020-07-17,5,No
D106633,Richard Chavez,B,+60-16-586-6010,2019-12-04,6,No
D106634,Crystal Jacobs MD,O,+60-18-642-5653,2008-05-22,4,Yes
D106635,Stacey Patterson,B,+60-11-320-0745,2018-12-03,10,No
D106636,Randy Richard,O,+60-19-737-1105,2018-10-06,7,No
D106637,Paula Macdonald,B,+60-14-870-1075,2023-04-11,6,Yes
D106638,Mrs. Lauren Mitchell,AB,+60-16-229-6565,2016-02-06,5,No
D106639,Kelly Long,O,+60-10-144-1931,2018-09-29,3,Yes
D106640,Jacqueline Kim,O,+60-11-203-8887,2026-06-28,4,Yes
D106641,Jeffrey Blackburn,B,+60-18-560-7470,2023-10-06,3,Yes
D106642,Angela Rivera,A,+60-19-194-1181,2025-05-06,2,Yes
D106643,Karen Cain,B,+60-18-900-8458,2018-08-19,7,No
D106644,Dale Jackson,O,+60-10-682-2930,2017-02-26,4,No
D106645,Laura Smith,AB,+60-11-448-5785,2016-07-28,8,Yes
D106646,Theresa Powell,A,+60-14-416-5703,2015-07-07,4,No
D106647,Natalie Brock,B,+60-15-516-6573,2015-09-18,4,No
D106648,Christine Holland,O,+60-19-065-3386,2013-07-01,7,Yes
D106649,Shawn Dunn,O,+60-17-964-7231,2019-12-04,5,Yes
D106650,Nicholas Thompson,B,+60-19-997-8474,2008-02-27,4,Yes
D106651,Rhonda Guzman,AB,+60-15-412-4641,2018-12-25,8,No
D106652,William Dominguez,A,+60-15-695-3238,2012-01-22,7,Yes
D106653,Roger Castaneda,A,+60-13-528-5993,2013-07-25,6,No
D106654,Meredith Garcia,A,+60-11-069-1356,2025-08-04,1,Yes
D106655,Nicholas Sanchez,A,+60-10-458-0080,2022-11-18,4,Yes
D106656,Charles Diaz,O,+60-15-953-1778,2015-06-18,5,Yes
D106657,Kevin Scott,O,+60-18-381-2480,2015-07-28,7,Yes
D106658,Patrick Franklin,A,+60-18-322-7564,2026-03-08,10,No
D106659,Michael Holt,AB,+60-12-955-0696,2023-11-06,5,Yes
D106660,Paula Smith,B,+60-14-474-9723,2019-11-28,4,Yes
D106661,Seth Roberts,B,+60-17-712-6982,2011-05-23,5,Yes
D106662,Stephen Williams,O,+60-18-547-0390,2023-09-16,2,No
D106663,Timothy Maldonado,AB,+60-13-627-5677,2021-04-09,4,No
D106664,David Jackson,A,+60-16-171-2103,2023-06-23,5,No
D106665,Shaun Daniels,A,+60-14-220-2495,2019-12-30,4,Yes
D106666,David Bell,B,+60-14-381-9572,2024-12-25,5,Yes
D106667,John Frederick,B,+60-13-863-7397,2020-12-20,6,No
D106668,Rachel Jones,B,+60-18-516-5031,2016-04-21,6,No
D106669,Eric Merritt,O,+60-12-861-1586,2009-06-26,3,Yes
D106670,Mary Riggs,B,+60-12-965-5144,2011-05-26,6,No
D106671,Clinton Little,AB,+60-10-840-6979,2021-09-07,8,Yes
D106672,Sheila Moreno,A,+60-12-522-3473,2017-10-22,7,Yes
D106673,Regina Mcgee,A,+60-17-460-6957,2017-05-08,4,Yes
D106674,Austin Bush,O,+60-14-490-5131,2016-12-18,7,No
D106675,Sara Carson,B,+60-12-290-9710,2022-07-13,3,Yes
D106676,Regina Rangel,B,+60-11-420-9030,2022-10-01,8,Yes
D106677,Carlos Wilson,A,+60-10-268-5521,2025-10-29,5,Yes
D106678,Matthew Austin,B,+60-13-044-8724,2012-12-14,5,Yes
D106679,Marc Martinez,A,+60-17-853-0181,2018-07-03,3,Yes
D106680,Brandi Wilson,B,+60-16-689-9599,2025-02-24,7,No
D106681,Toni Le,O,+60-11-659-1836,2014-06-28,4,Yes
D106682,Adam Rubio,A,+60-13-096-6763,2009-02-15,6,Yes
D106683,Deborah Ingram,A,+60-14-550-8162,2022-11-28,4,Yes
D106684,Rebecca Cuevas,A,+60-13-002-3375,2012-11-21,4,Yes
D106685,Amanda Cox,O,+60-18-149-1948,2022-12-04,5,Yes
D106686,Jessica Cooke,AB,+60-17-166-7299,2020-03-26,3,Yes
D106687,Jeremy Anderson,O,+60-16-222-3212,2024-01-14,9,No
D106688,Kenneth Clark,B,+60-16-236-7885,2026-01-24,4,Yes
D106689,Jasmine Torres,A,+60-14-083-6058,2019-06-03,7,Yes
D106690,Phillip Harris,AB,+60-14-560-5577,2015-05-16,7,Yes
D106691,Kevin Davis,A,+60-19-445-0817,2016-08-07,3,Yes
D106692,James Anthony,O,+60-19-136-2133,2026-04-14,8,No
D106693,Donald Brandt,A,+60-14-136-5179,2020-06-20,6,Yes
D106694,Rachel Norman,B,+60-14-423-9043,2013-12-09,8,Yes
D106695,Jessica Smith,AB,+60-14-177-1266,2017-10-02,4,Yes
D106696,Alexander Barry,O,+60-11-731-8821,2008-06-25,2,Yes
D106697,Amy Thompson,O,+60-18-061-3751,2026-08-29,2,Yes
D106698,Derek Williams,B,+60-16-538-1663,2026-06-12,2,Yes
D106699,James Taylor,AB,+60-13-829-9613,2012-10-08,8,Yes
D106700,Jennifer Johnson,AB,+60-11-765-8644,2012-09-30,4,Yes
D106701,Shawna Fernandez,B,+60-17-621-5140,2025-04-23,5,No
D106702,Jasmine Wilson,O,+60-12-656-0238,2024-12-12,2,Yes
D106703,Philip Waller,A,+60-12-755-5497,2014-03-21,8,Yes
D106704,Jeffery Noble,AB,+60-11-486-5770,2015-06-30,6,Yes
D106705,Tammy Rosales,B,+60-17-730-0805,2015-05-30,6,Yes
D106706,Matthew Martinez,A,+60-19-578-8550,2026-03-31,4,Yes
D106707,James Nichols,A,+60-17-825-7963,2012-02-27,5,Yes
D106708,Sarah Gallagher,B,+60-17-218-5588,2009-08-20,6,Yes
D106709,Karina Daniels,O,+60-14-439-6428,2017-04-05,2,No
D106710,Lisa Gutierrez PhD,A,+60-14-795-3181,2021-04-25,4,No
D106711,Troy Burns,O,+60-16-037-7595,2022-12-04,6,Yes
D106712,Hunter Schaefer,B,+60-11-161-6795,2024-07-23,1,Yes
D106713,Nicole Munoz,O,+60-16-038-5589,2024-02-18,8,Yes
D106714,Christina Pearson,A,+60-19-273-5163,2023-07-28,4,Yes
D106715,Perry Dominguez,O,+60-14-325-1578,2007-02-19,1,No
D106716,Jessica Carlson,A,+60-16-415-3011,2012-08-16,3,No
D106717,Amanda Santana,O,+60-17-215-8559,2015-06-11,9,No
D106718,Lisa Dean,A,+60-18-097-2259,2009-12-11,5,Yes
D106719,Gloria Contreras,A,+60-18-490-1375,2013-07-21,4,Yes
D106720,Madeline Hubbard,A,+60-19-730-8528,2019-05-04,7,Yes
D106721,Robert Harris,O,+60-19-324-9165,2012-08-16,8,Yes
D106722,David Hickman,O,+60-13-356-7691,2021-10-11,4,Yes
D106723,Michael Hernandez,A,+60-15-729-3259,2017-09-09,3,No
D106724,Kayla Williamson,O,+60-11-093-0444,2012-03-14,3,Yes
D106725,Tina Sampson,O,+60-17-646-2600,2018-04-27,5,Yes
D106726,Terri Wolfe DDS,O,+60-13-215-6377,2017-09-21,6,Yes
D106727,Charles Howe,A,+60-19-763-6675,2024-03-08,4,No
D106728,Kathryn Weaver,O,+60-17-737-8660,2013-09-23,5,No
D106729,Dale Simpson,A,+60-12-425-2189,2019-08-17,4,No
D106730,Justin Cooley,B,+60-13-181-3015,2010-04-05,5,Yes
D106731,Dorothy Smith,O,+60-17-923-6035,2013-10-31,3,Yes
D106732,Benjamin Smith,O,+60-15-910-6352,2021-11-07,7,No
D106733,Anna Mcguire,O,+60-17-787-3002,2021-08-22,3,Yes
D106734,Charles Grant,O,+60-18-274-9446,2022-07-23,5,Yes
D106735,Jason Nunez,A,+60-11-847-1523,2011-01-15,3,Yes
D106736,Thomas Donovan,AB,+60-13-410-9472,2009-03-21,5,Yes
D106737,Carolyn Schroeder,A,+60-16-225-2967,2013-08-11,2,Yes
D106738,Leonard Yoder,B,+60-18-519-2352,2017-05-14,8,No
D106739,James Livingston,O,+60-15-952-2235,2023-03-04,7,No
D106740,Mr. Joshua Williams,A,+60-17-213-2761,2020-07-30,5,Yes
D106741,Alexandria Lewis,AB,+60-14-077-8030,2019-05-25,6,Yes
D106742,Kaitlin Leonard,O,+60-18-787-4713,2008-10-05,3,Yes
D106743,Jordan Clayton,B,+60-17-792-7621,2017-03-12,6,Yes
D106744,Nathan Edwards,O,+60-12-562-6544,2025-09-29,2,Yes
D106745,John Craig,O,+60-13-026-8690,2014-05-03,2,No
D106746,Madeline Taylor,A,+60-17-263-8778,2022-07-29,7,No
D106747,Mark Mejia,O,+60-18-731-9075,2013-11-23,5,No
D106748,Mathew Nguyen,B,+60-15-756-3775,2010-01-02,3,No
D106749,Shannon Ware,A,+60-17-793-0415,2021-03-13,5,Yes
D106750,Tina Davis,O,+60-13-456-2763,2020-09-15,3,No
D106751,Jessica Marshall,O,+60-19-600-1487,2018-12-19,4,Yes
D106752,Emily Henderson,O,+60-13-839-5132,2023-07-05,5,No
D106753,Shannon Rogers,O,+60-16-840-4473,2020-04-18,5,No
D106754,Andrew Hess,O,+60-11-278-0460,2026-02-18,1,Yes
D106755,Mary Johnson,A,+60-16-172-1515,2025-07-04,3,Yes
D106756,Lindsey Ryan,A,+60-14-588-2676,2022-10-29,2,Yes
D106757,Cindy Walsh,O,+60-11-460-5353,2023-06-12,3,Yes
D106758,Julie Williams,O,+60-11-342-5282,2009-06-10,4,Yes
D106759,David Wilson PhD,B,+60-16-909-1685,2011-11-12,3,Yes
D106760,Jacqueline Nguyen,A,+60-18-320-5771,2022-02-27,8,No
D106761,Kevin Mosley,A,+60-19-185-9593,2019-01-02,5,Yes
D106762,Andrew Rodriguez,O,+60-17-547-5844,2008-10-15,3,No
D106763,Maurice Dillon,A,+60-17-917-5420,2012-07-14,9,Yes
D106764,Brett Rocha,B,+60-19-793-0827,2026-05-16,4,Yes
D106765,Shawn Christensen,A,+60-15-527-0265,2015-10-25,8,Yes
D106766,Casey Wheeler,O,+60-11-373-5060,2026-02-06,3,Yes
D106767,Kristi Ramirez,AB,+60-13-321-6363,2017-03-31,3,Yes
D106768,David Rojas,A,+60-16-997-9475,2022-07-03,4,Yes
D106769,James Hughes,A,+60-12-330-8834,2017-12-25,4,Yes
D106770,Keith Leonard,O,+60-14-239-5764,2011-02-12,1,Yes
D106771,Kristine Robinson,A,+60-13-252-8655,2010-11-23,3,Yes
D106772,Angela Ramirez,O,+60-12-211-5268,2026-07-30,3,Yes
D106773,Stacy Walker,O,+60-15-801-2148,2010-10-04,7,Yes
D106774,Jonathan Alvarez,B,+60-13-728-7406,2021-08-03,5,Yes
D106775,Dawn Benson,O,+60-11-312-3299,2020-10-20,9,Yes
D106776,Lisa Sutton,A,+60-18-758-0661,2011-09-15,6,Yes
D106777,Anthony Hernandez,AB,+60-17-750-4746,2010-10-23,5,Yes
D106778,Debbie Keller,AB,+60-12-341-5011,2016-04-23,1,Yes
D106779,Tommy Lucas,B,+60-16-730-4296,2021-12-26,4,Yes
D106780,Beth Carey,A,+60-17-957-0725,2011-06-17,5,Yes
D106781,Anthony Robertson,O,+60-15-668-6503,2026-06-03,6,No
D106782,Lee White,O,+60-10-349-0504,2019-03-12,5,Yes
D106783,Michael Thompson,B,+60-11-089-2209,2012-07-26,3,Yes
D106784,Maria Brown,A,+60-15-868-2022,2008-08-30,5,Yes
D106785,Joseph Taylor,B,+60-12-144-3264,2026-05-01,5,Yes
D106786,Karen Bartlett,O,+60-10-851-1986,2010-01-13,3,No
D106787,Ryan Kemp,B,+60-10-761-4751,2018-06-24,5,Yes
D106788,Megan Williams,B,+60-12-691-5897,2012-12-27,3,Yes
D106789,John Lindsey,O,+60-11-648-1818,2011-10-01,7,No
D106790,Douglas Anthony,O,+60-16-734-6804,2026-02-21,2,Yes
D106791,Amber Grant,O,+60-19-499-3945,2023-08-13,2,Yes
D106792,Edward Curtis,O,+60-19-191-2332,2013-07-13,4,Yes
D106793,Jeffrey Romero,O,+60-19-698-0228,2023-06-23,4,Yes
D106794,Lisa Webb,A,+60-19-772-9062,2021-09-21,5,Yes
D106795,Linda Wright,AB,+60-18-346-2444,2018-06-22,6,Yes
D106796,Joshua Wilson,A,+60-10-192-6065,2019-12-12,8,Yes
D106797,William Greer,O,+60-13-217-9758,2024-11-15,4,Yes
D106798,Wayne Henderson,A,+60-17-788-2245,2014-06-25,8,Yes
D106799,Jeffery York,B,+60-12-787-1763,2013-01-08,5,Yes
D106800,Patricia Smith,O,+60-12-454-4760,2013-09-06,6,No
D106801,Sara Morris,O,+60-17-401-8346,2024-07-28,10,Yes
D106802,Steven Hunter,O,+60-14-443-5939,2026-06-29,3,Yes
D106803,Michelle Smith,A,+60-18-381-2245,2026-04-17,4,Yes
D106804,Charles Fuentes MD,O,+60-18-887-8347,2026-05-14,7,Yes
D106805,Christopher May,B,+60-17-645-6760,2025-01-04,5,Yes
D106806,Alison Moore,A,+60-10-937-5231,2020-09-23,5,Yes
D106807,Claudia Roberts,O,+60-13-573-2393,2011-11-15,5,No
D106808,Richard Harris,O,+60-12-436-8961,2025-12-24,6,Yes
D106809,Wesley Kennedy,O,+60-14-208-8025,2016-06-14,3,Yes
D106810,Edwin Morton,O,+60-19-625-4451,2009-04-16,5,Yes
D106811,Karen Hunter,B,+60-19-578-8208,2022-07-10,5,Yes
D106812,Julie Gilbert,A,+60-10-931-5186,2023-05-17,4,Yes
D106813,Luis Hopkins,O,+60-10-261-9009,2025-07-08,8,Yes
D106814,Natasha Clark,B,+60-14-804-5130,2011-11-06,8,Yes
D106815,Darlene Stout,O,+60-14-562-8761,2026-08-29,5,Yes
D106816,Curtis Mills,AB,+60-18-916-7027,2012-04-13,2,Yes
D106817,Donald Yang,O,+60-17-166-5996,2017-03-02,7,Yes
D106818,Lauren Lozano,O,+60-17-766-8036,2021-08-12,4,Yes
D106819,Natalie Castillo,A,+60-15-910-5768,2025-12-14,3,Yes
D106820,Sharon Walton,AB,+60-16-635-8724,2024-06-08,3,Yes
D106821,Stephanie Barnes,O,+60-15-241-5882,2018-04-22,3,Yes
D106822,Mr. Glenn Carpenter,O,+60-11-384-1446,2012-09-24,6,Yes
D106823,Angela Garcia,B,+60-12-864-0139,2010-06-10,3,Yes
D106824,Melanie Stevens,O,+60-11-691-7958,2019-08-27,4,Yes
D106825,Tiffany Whitney,O,+60-13-945-7634,2018-08-02,6,Yes
D106826,Peter Woods,O,+60-19-249-1909,2012-03-02,8,Yes
D106827,Marissa Hernandez,O,+60-10-831-4895,2021-09-07,9,Yes
D106828,Ashley White,O,+60-11-843-2893,2025-05-03,5,No
D106829,Matthew Price,O,+60-14-582-3963,2011-12-15,7,Yes
D106830,Victoria Price,B,+60-13-083-7298,2017-02-01,4,Yes
D106831,Roger Campbell,AB,+60-13-459-6206,2019-02-16,5,Yes
D106832,Sarah Miranda,O,+60-10-689-8841,2008-09-24,3,No
D106833,Mark Wallace,A,+60-18-535-3838,2017-05-12,3,Yes
D106834,Joshua Hudson,B,+60-18-779-3746,2010-04-20,3,Yes
D106835,Amanda Keller,AB,+60-11-146-7603,2012-04-22,4,Yes
D106836,Nicholas Schneider,A,+60-15-709-2091,2024-02-06,2,No
D106837,Joseph Thornton,B,+60-11-720-2340,2026-06-29,4,Yes
D106838,Gregory Campbell,AB,+60-12-224-4604,2018-12-13,6,Yes
D106839,David Mclean,A,+60-17-539-6093,2023-08-21,7,Yes
D106840,Michelle Haynes,A,+60-17-661-7581,2016-02-20,6,Yes
D106841,Melissa Olsen,A,+60-15-250-4424,2026-07-10,4,Yes
D106842,Daniel Harrison,O,+60-11-792-6384,2019-09-30,4,No
D106843,Max Green,A,+60-16-624-2707,2009-08-06,2,No
D106844,Alex Barrera,A,+60-15-138-5544,2015-09-30,2,Yes
D106845,Kevin Richard,O,+60-12-068-2301,2010-03-22,6,Yes
D106846,Charles Watson,O,+60-19-807-4599,2016-01-07,3,Yes
D106847,Angela Martinez,A,+60-14-878-5877,2007-07-07,2,No
D106848,Jeremy Schmidt,O,+60-10-307-3850,2015-05-05,4,No
D106849,Charles Jones,B,+60-18-568-1352,2023-12-12,3,No
D106850,Roger Montes,O,+60-17-600-8569,2018-01-21,5,Yes
D106851,Calvin Snyder,AB,+60-10-924-9079,2008-09-12,6,Yes
D106852,Taylor Wilkinson,AB,+60-13-221-8935,2017-11-20,5,Yes
D106853,Courtney Mendoza,B,+60-18-072-3286,2017-10-22,6,Yes
D106854,Tammy Rodriguez,O,+60-12-439-7115,2025-11-20,6,Yes
D106855,Brian Carroll PhD,B,+60-16-016-4654,2022-07-19,8,Yes
D106856,Ashley Miller,O,+60-19-163-3304,2021-12-31,7,Yes
D106857,Margaret Hendricks,O,+60-12-341-7554,2023-08-10,8,Yes
D106858,Ronald Johnson,A,+60-11-593-4059,2011-06-23,6,No
D106859,Spencer Long,O,+60-19-511-4048,2010-09-15,4,Yes
D106860,Brandon King,B,+60-11-699-8644,2021-08-09,6,Yes
D106861,Jessica Gonzalez,B,+60-11-010-0921,2025-01-30,2,Yes
D106862,Ashley Hill,AB,+60-12-779-2183,2017-10-31,1,Yes
D106863,Kaitlyn Miller,O,+60-12-379-6456,2021-09-02,7,No
D106864,Jonathan Ferguson,A,+60-19-509-1043,2024-01-13,4,No
D106865,Lee Knight,B,+60-17-936-5697,2016-12-14,4,No
D106866,Christina Kelley,B,+60-16-860-4275,2023-09-02,4,Yes
D106867,Mr. Jose Stephens,A,+60-11-844-8148,2023-08-03,4,Yes
D106868,Kayla Oneal,O,+60-12-055-0176,2018-06-21,7,Yes
D106869,Paul Gonzalez,B,+60-16-680-9774,2013-08-04,5,Yes
D106870,Lindsay Bailey,A,+60-19-989-4320,2025-02-11,5,Yes
D106871,Candice Smith,O,+60-14-017-8464,2016-08-14,3,No
D106872,Mr. Richard Hobbs,A,+60-16-560-1182,2024-11-18,5,No
D106873,Brandon Davis,O,+60-14-784-0098,2026-05-08,5,Yes
D106874,Tracy Mitchell,B,+60-15-526-5315,2017-04-15,4,Yes
D106875,John Davis,O,+60-14-732-6962,2008-06-17,3,Yes
D106876,Robert Decker,A,+60-10-157-4502,2017-05-29,2,No
D106877,Tracy Dalton,O,+60-11-564-2230,2016-07-20,5,Yes
D106878,Taylor Washington,A,+60-14-672-2492,2015-01-17,1,Yes
D106879,John Callahan,O,+60-10-042-9070,2026-01-13,6,No
D106880,Kara Lozano,O,+60-12-206-1724,2025-11-03,4,Yes
D106881,Diane Bailey,A,+60-17-036-8841,2014-03-06,3,Yes
D106882,Kirsten Mccormick MD,A,+60-16-053-2030,2022-03-20,11,No
D106883,Emily Espinoza,O,+60-12-074-9213,2015-03-29,7,No
D106884,Benjamin Williams,A,+60-16-870-8055,2023-04-01,4,No
D106885,Mrs. Jacqueline Aguilar,AB,+60-12-186-4438,2020-06-05,5,No
D106886,Jessica Murray,O,+60-18-939-2375,2010-02-07,7,Yes
D106887,Renee Holmes,A,+60-17-178-8721,2011-01-19,4,Yes
D106888,Mary Holmes,O,+60-10-951-9516,2022-08-13,2,Yes
D106889,John Cherry,O,+60-10-353-4763,2012-07-07,3,Yes
D106890,Tanya Gross,O,+60-12-921-2342,2016-01-28,3,Yes
D106891,Brian Clark,O,+60-12-326-5485,2008-04-28,3,Yes
D106892,Eric Horne,O,+60-18-288-5674,2025-06-11,2,Yes
D106893,Cheryl Boyd,AB,+60-10-058-6311,2026-03-05,3,Yes
D106894,Daniel Guerra,O,+60-19-497-9753,2019-12-12,5,No
D106895,Christina Fleming,O,+60-19-660-2853,2014-11-08,6,Yes
D106896,Charles Cervantes,O,+60-13-392-5781,2014-11-23,4,No
D106897,Keith Gallegos,O,+60-19-912-3878,2017-12-30,6,Yes
D106898,Elizabeth Sanchez,AB,+60-10-317-9960,2024-06-12,5,Yes
D106899,Richard Graves,A,+60-11-801-2995,2012-03-05,4,Yes
D106900,Richard Hill,O,+60-13-494-3745,2026-07-10,5,No
D106901,Mary Hampton,O,+60-15-271-3983,2010-01-17,6,Yes
D106902,Angel Andrade,O,+60-11-357-3264,2022-01-04,4,Yes
D106903,Cheryl Knox,B,+60-11-291-6884,2009-04-21,2,Yes
D106904,Corey Ramsey,O,+60-11-190-3205,2011-11-08,4,No
D106905,Gregory Black,B,+60-13-965-4985,2008-11-08,4,Yes
D106906,Julie Hogan,A,+60-15-964-4192,2009-04-21,7,Yes
D106907,Michael Rodriguez,A,+60-13-732-9348,2016-03-18,5,No
D106908,Benjamin Rogers,A,+60-16-182-8148,2015-03-05,8,Yes
D106909,Michael Hodges,AB,+60-16-465-2216,2012-03-11,6,No
D106910,Sheena Davis,O,+60-11-026-6955,2024-03-27,5,No
D106911,David Taylor,O,+60-12-724-1218,2015-06-27,5,Yes
D106912,Sara Murillo,A,+60-17-465-3033,2022-10-16,5,Yes
D106913,Anthony Thompson,O,+60-13-464-1196,2026-07-25,7,Yes
D106914,Carla Cox,B,+60-14-007-8267,2015-04-29,3,Yes
D106915,Amber Page,B,+60-18-040-0398,2026-09-01,4,No
D106916,Michelle Black,AB,+60-13-419-3646,2020-08-31,2,Yes
D106917,Kristy Bradshaw,O,+60-10-157-0493,2026-01-15,2,No
D106918,Lisa Thompson,A,+60-11-668-8198,2015-05-23,5,Yes
D106919,Mrs. Meredith Ellis PhD,B,+60-14-850-7475,2015-11-11,6,No
D106920,Jennifer Davidson,B,+60-15-382-5487,2012-04-21,1,Yes
D106921,Dawn Haynes,AB,+60-12-027-8537,2020-08-29,5,Yes
D106922,Kenneth Salazar,O,+60-18-476-5669,2012-09-10,3,Yes
D106923,Terri Calderon,AB,+60-17-169-6702,2021-07-17,5,Yes
D106924,Andrea Holland,A,+60-13-734-1714,2020-06-10,2,Yes
D106925,James Jones,B,+60-13-462-2822,2014-03-11,4,Yes
D106926,Wendy Ortega,O,+60-10-357-0345,2019-12-08,8,Yes
D106927,Theodore Velez,A,+60-18-571-1606,2025-07-22,5,Yes
D106928,Wendy Fisher,A,+60-17-707-9001,2014-11-24,5,Yes
D106929,Laura Watson,A,+60-12-136-0103,2019-09-16,5,Yes
D106930,Jose Oneill,B,+60-11-980-3615,2010-02-24,5,Yes
D106931,Brian White,B,+60-16-050-8435,2024-12-31,2,Yes
D106932,Tammy Becker,O,+60-15-000-8817,2007-08-12,4,Yes
D106933,Kelly West,O,+60-16-471-8056,2023-05-18,4,Yes
D106934,Eric Lowery,A,+60-17-698-7906,2026-04-21,7,No
D106935,Carl Burns,B,+60-12-541-5071,2014-06-18,3,Yes
D106936,Alice Webb,A,+60-14-095-3167,2021-09-21,5,Yes
D106937,Robert Nelson,B,+60-18-686-8154,2014-05-17,4,Yes
D106938,Donna Phillips,A,+60-10-339-7390,2026-05-21,7,Yes
D106939,Lorraine Williams,A,+60-15-932-4453,2008-02-09,4,Yes
D106940,Maureen Arnold,O,+60-11-129-2095,2026-06-13,3,Yes
D106941,Pamela Williams,O,+60-14-095-4716,2012-05-07,5,No
D106942,Margaret Anderson,O,+60-10-906-2184,2025-03-17,5,Yes
D106943,Anthony Simpson,O,+60-14-534-9690,2023-02-08,4,Yes
D106944,Jessica Bradley,O,+60-10-512-6401,2013-05-21,2,No
D106945,Justin Navarro,B,+60-13-129-8295,2026-05-11,2,Yes
D106946,Martha Dunn,O,+60-14-320-4575,2022-09-07,3,No
D106947,Daniel Arnold,O,+60-12-845-8456,2017-07-07,2,No
D106948,Richard Mcdonald,B,+60-12-384-9889,2025-10-02,6,No
D106949,Mark Chavez,B,+60-19-909-2152,2026-06-21,6,No
D106950,Michael Lindsey,O,+60-11-579-7316,2024-12-06,3,Yes
D106951,Carrie Shannon,A,+60-13-709-7355,2026-07-23,6,Yes
D106952,Jordan Williams,B,+60-10-438-0208,2025-11-13,4,Yes
D106953,Vanessa Gomez,O,+60-12-834-4466,2016-05-12,3,Yes
D106954,Phillip Spencer,A,+60-14-318-1784,2012-01-17,4,Yes
D106955,Edward Hunt,A,+60-12-600-0731,2009-09-28,6,Yes
D106956,Nicole Franklin,B,+60-17-895-9077,2025-07-23,7,Yes
D106957,Michelle Martinez,A,+60-12-377-9903,2023-04-29,5,Yes
D106958,Thomas Kim,O,+60-13-732-4276,2021-09-28,3,Yes
D106959,Veronica Thomas,O,+60-17-804-0194,2013-12-27,4,Yes
D106960,Hannah Hall,O,+60-12-480-6033,2009-05-02,4,Yes
D106961,Donald Baird,O,+60-11-348-6870,2014-02-21,3,No
D106962,Maurice Thomas,A,+60-17-716-2542,2009-05-17,5,Yes
D106963,Joshua Coffey,O,+60-17-619-3100,2024-11-26,6,No
D106964,Ryan Henderson,O,+60-13-199-2341,2008-08-24,6,No
D106965,Jimmy Goodwin,O,+60-13-132-3992,2015-04-11,8,Yes
D106966,Meghan Abbott,A,+60-12-513-7673,2023-07-17,7,Yes
D106967,Karen Dixon,O,+60-11-146-9622,2012-09-09,2,Yes
D106968,Jerry Gonzalez,A,+60-11-114-1260,2021-08-18,9,Yes
D106969,Lisa Williamson,O,+60-10-503-9006,2010-12-07,8,No
D106970,Glenda Sanchez,O,+60-12-119-1481,2010-01-23,4,Yes
D106971,Joseph Ruiz,O,+60-11-880-7092,2011-02-21,7,Yes
D106972,Melissa Johnson,AB,+60-16-653-3742,2016-07-26,2,Yes
D106973,Jessica Warren,A,+60-16-637-1371,2011-08-24,3,Yes
D106974,Bobby Moore,O,+60-16-580-3716,2012-01-19,5,Yes
D106975,Chad Patterson,O,+60-15-075-6941,2012-06-01,3,Yes
D106976,Deborah White,B,+60-18-331-7927,2025-08-21,4,Yes
D106977,Amber Hahn,O,+60-16-678-8975,2021-02-27,5,Yes
D106978,Jacqueline Wright,A,+60-13-933-5367,2021-10-23,4,Yes
D106979,James Vega,O,+60-17-540-4734,2022-01-05,2,Yes
D106980,Chad Fry,A,+60-16-847-2471,2013-12-23,6,Yes
D106981,Patricia Morris,O,+60-12-390-0009,2006-07-30,2,Yes
D106982,Erik Stevens,O,+60-19-483-4504,2020-05-11,2,Yes
D106983,Mary Chase,O,+60-11-231-1219,2016-07-10,2,Yes
D106984,Mrs. Vicki Burton,O,+60-16-904-1006,2016-07-04,7,Yes
D106985,Jessica Meyer,O,+60-11-509-9033,2008-12-26,5,No
D106986,Angela Perez,B,+60-17-060-8078,2014-01-25,2,Yes
D106987,Sharon Luna,A,+60-11-919-5026,2021-08-05,7,Yes
D106988,Jeffrey Hale,A,+60-19-931-2022,2015-12-19,4,Yes
D106989,Shelley Jenkins,A,+60-19-454-6877,2024-07-17,4,Yes
D106990,Juan Harmon,B,+60-16-510-5334,2026-08-06,3,Yes
D106991,Whitney Mcdonald,A,+60-15-120-1805,2020-11-01,6,Yes
D106992,Christy Vasquez,O,+60-19-893-2562,2026-07-05,3,No
D106993,Natasha Bates,B,+60-10-227-1081,2020-09-15,6,No
D106994,Shaun Rodriguez,O,+60-14-565-5136,2021-09-28,6,Yes
D106995,John Luna,O,+60-18-553-5491,2022-09-04,3,Yes
D106996,John Green,O,+60-13-218-1515,2026-02-02,2,No
D106997,Charles Wilson,O,+60-17-253-3171,2008-08-14,3,Yes
D106998,Amanda Tate,A,+60-18-172-8576,2016-07-26,3,Yes
D106999,Gerald Cobb,O,+60-11-980-8781,2008-08-06,3,Yes
D107000,Michelle Webster,O,+60-12-467-8256,2020-03-24,9,No
D107001,Leah Morrow,AB,+60-13-333-9154,2024-10-11,6,Yes
D107002,Jill Horn,O,+60-15-090-6448,2014-10-04,5,Yes
D107003,Jason Pearson,A,+60-13-085-0630,2013-05-10,6,Yes
D107004,Allison Wheeler,O,+60-17-136-7166,2013-12-29,4,Yes
D107005,Larry Newman,O,+60-17-264-7798,2010-01-30,7,Yes
D107006,Ralph Robinson,AB,+60-18-976-5823,2016-05-18,4,Yes
D107007,Rita Davis,A,+60-18-234-2075,2021-09-30,4,Yes
D107008,Wanda Williams,O,+60-14-445-1210,2010-01-19,2,No
D107009,Richard Waters,B,+60-13-286-8129,2021-07-22,3,Yes
D107010,Jeffrey Santana,AB,+60-19-185-0782,2013-03-15,4,Yes
D107011,Daniel Armstrong,A,+60-15-324-5989,2021-11-20,4,No
D107012,Sydney Winters,O,+60-15-163-9454,2016-04-06,4,Yes
D107013,Mark Moreno,B,+60-10-850-7977,2018-01-21,9,Yes
D107014,Jerry Fisher,B,+60-10-739-2730,2023-07-28,6,Yes
D107015,James Anderson,O,+60-17-959-0889,2018-12-06,6,Yes
D107016,Lisa Ruiz,A,+60-17-883-9515,2014-10-10,4,Yes
D107017,Thomas Mcbride,A,+60-15-498-0378,2013-03-15,9,Yes
D107018,Alicia Carter,B,+60-10-828-6131,2014-04-21,3,Yes
D107019,Matthew Moore,O,+60-17-109-5189,2021-02-02,5,Yes
D107020,Sheila Lawrence,A,+60-17-044-3561,2017-04-14,4,No
D107021,Evelyn Dominguez,O,+60-10-573-8704,2016-06-06,4,Yes
D107022,Brenda White,AB,+60-12-635-3968,2013-09-03,5,No
D107023,Bryan Fisher,O,+60-12-454-5380,2025-05-17,4,Yes
D107024,Christopher Miller,O,+60-14-249-5389,2016-04-24,2,No
D107025,Dustin Fox,B,+60-11-135-4912,2026-05-11,6,Yes
D107026,Troy Savage,A,+60-17-843-3467,2023-10-15,5,No
D107027,Steven Caldwell,A,+60-12-909-0189,2016-09-30,10,Yes
D107028,Kayla Stokes,A,+60-14-616-4882,2022-12-17,7,Yes
D107029,Andrea Trevino,O,+60-19-808-0392,2025-02-01,2,Yes
D107030,Tammy Estrada,AB,+60-12-908-5190,2011-09-03,6,Yes
D107031,Michael Franklin,B,+60-19-765-6128,2018-08-05,2,Yes
D107032,Mr. Nathan Greer,O,+60-14-412-5235,2016-09-09,2,Yes
D107033,Matthew Hayes,O,+60-12-811-8691,2011-10-29,3,Yes
D107034,Henry Harmon,AB,+60-14-143-2211,2019-04-09,4,Yes
D107035,Joseph Allen,AB,+60-13-382-5493,2020-01-03,5,Yes
D107036,Amy Benson,O,+60-15-537-6326,2010-08-27,5,No
D107037,Kevin Ward,O,+60-11-664-4505,2025-11-18,4,Yes
D107038,Daniel Mosley,B,+60-11-903-0044,2013-11-14,6,Yes
D107039,Bob Anderson,O,+60-12-692-7657,2026-04-29,7,No
D107040,Angel Merritt,A,+60-17-606-9699,2023-12-24,7,Yes
D107041,Amanda Yu,O,+60-13-671-5511,2015-11-23,7,Yes
D107042,Sonia Pratt,O,+60-12-699-6826,2026-01-18,4,Yes
D107043,Frank Gardner,O,+60-12-806-3087,2020-06-09,7,No
D107044,Michelle Rodriguez,O,+60-14-392-4705,2008-09-18,2,Yes
D107045,Mrs. April Davis MD,O,+60-12-276-4442,2026-03-01,5,Yes
D107046,Terri Krause,A,+60-19-929-9373,2023-04-01,4,Yes
D107047,Jason Wood,B,+60-17-395-6130,2021-08-06,7,Yes
D107048,Geoffrey Wheeler,O,+60-17-186-4825,2009-09-11,2,Yes
D107049,Mrs. Taylor Young,AB,+60-11-714-1982,2012-11-08,4,Yes
D107050,Michelle Evans,O,+60-19-986-5708,2013-12-22,4,Yes
D107051,Anita Bailey,O,+60-12-784-8042,2018-05-10,7,No
D107052,Kevin Horn,B,+60-15-250-5087,2022-03-09,1,Yes
D107053,Adam Parker,A,+60-10-902-5514,2008-08-24,4,No
D107054,Michelle Williams,B,+60-18-142-7944,2015-01-03,3,Yes
D107055,Vanessa Smith,B,+60-15-387-2033,2013-04-06,6,No
D107056,Joan Robertson,A,+60-11-406-0856,2017-08-09,4,Yes
D107057,James Beard,O,+60-16-844-5253,2014-12-16,2,No
D107058,Theresa Garcia,B,+60-10-177-7465,2013-05-07,3,Yes
D107059,Lori Ellison,O,+60-14-833-5188,2023-08-27,5,Yes
D107060,Lisa Vargas,O,+60-16-314-7098,2019-06-14,4,Yes
D107061,Blake Curtis,B,+60-14-356-2541,2022-04-27,3,Yes
D107062,Angela Washington,A,+60-12-738-7144,2013-05-11,2,Yes
D107063,Patricia Austin,B,+60-19-220-3835,2011-12-14,7,Yes
D107064,Meghan Patton,B,+60-12-979-2431,2026-05-08,4,No
D107065,Stephanie Walker,B,+60-18-916-5592,2011-08-31,2,Yes
D107066,Paul Smith,AB,+60-17-835-2925,2021-08-03,3,Yes
D107067,Joshua Williams,O,+60-13-767-0031,2019-01-06,6,Yes
D107068,Cheryl Burns,A,+60-16-607-6613,2010-01-27,3,Yes
D107069,Paul Lynch,O,+60-18-259-8783,2026-04-01,4,Yes
D107070,Howard Sherman,AB,+60-10-872-4338,2016-11-08,2,No
D107071,Emily Wolfe,A,+60-19-098-2773,2017-03-05,3,Yes
D107072,Michael Kelly,A,+60-17-111-6572,2010-01-20,9,Yes
D107073,Andrea Anderson,AB,+60-11-494-4835,2010-05-12,3,Yes
D107074,Elizabeth Bailey,O,+60-19-515-7114,2009-08-03,5,Yes
D107075,Stephanie Richards,A,+60-16-727-8713,2013-02-15,3,No
D107076,Jose Singh,O,+60-13-747-4227,2022-10-18,5,Yes
D107077,Benjamin Adams,B,+60-10-023-6341,2010-02-07,6,Yes
D107078,Evelyn Ward,O,+60-15-527-2389,2024-09-24,6,Yes
D107079,Tammy Combs,B,+60-11-761-4951,2021-05-13,5,Yes
D107080,Abigail Stevens,O,+60-19-352-0900,2012-08-07,6,Yes
D107081,Robert Stewart,A,+60-13-458-9692,2021-06-13,6,Yes
D107082,Jessica Hunter,O,+60-12-334-7891,2014-03-20,7,Yes
D107083,Rachel Lewis,AB,+60-10-474-9994,2024-01-18,5,Yes
D107084,Shawn Rivera,O,+60-16-144-5390,2015-09-22,3,Yes
D107085,Bryan Watkins,B,+60-15-546-8484,2014-12-29,4,No
D107086,Laura Tucker,O,+60-10-843-5553,2022-07-25,6,Yes
D107087,Casey Kelley,O,+60-17-343-2105,2017-07-20,5,Yes
D107088,David Collier,B,+60-14-355-2984,2024-11-03,4,Yes
D107089,Mrs. Leslie Gray DDS,O,+60-14-928-8104,2022-04-06,6,Yes
D107090,Melissa Simpson,O,+60-14-888-2791,2024-01-12,3,No
D107091,Joseph Franklin,A,+60-13-698-7034,2011-09-06,5,Yes
D107092,Abigail Caldwell,A,+60-15-001-1395,2021-02-10,6,Yes
D107093,Mitchell Vazquez,O,+60-17-183-6118,2012-04-03,2,Yes
D107094,Bradley Lynn,B,+60-18-729-7264,2018-09-12,4,Yes
D107095,Susan Williams,B,+60-18-713-9383,2021-01-31,6,Yes
D107096,Jocelyn Rivera,B,+60-18-323-8805,2018-06-05,5,Yes
D107097,Jacqueline Green,O,+60-11-577-9037,2025-04-03,4,No
D107098,Cody Wiggins,B,+60-15-499-0176,2025-06-15,10,Yes
D107099,Ashley Garcia PhD,A,+60-14-167-1993,2026-02-06,4,Yes
D107100,Theresa Livingston,O,+60-16-813-8289,2022-12-27,4,Yes
D107101,Felicia Sanford,O,+60-15-674-8568,2024-11-28,3,Yes
D107102,Charles Bates MD,AB,+60-12-512-3008,2022-05-08,4,Yes
D107103,Jeffrey Blackburn,O,+60-15-024-2432,2015-07-12,8,Yes
D107104,Amy Small,O,+60-17-985-4548,2021-06-29,5,No
D107105,Matthew Coleman,A,+60-18-122-7880,2010-06-07,4,Yes
D107106,Austin Logan,O,+60-18-387-6913,2020-10-12,6,Yes
D107107,Connie Velasquez,O,+60-13-023-6703,2011-06-11,2,Yes
D107108,Jill Gutierrez,A,+60-16-145-7668,2015-05-22,4,No
D107109,Justin Russell,B,+60-16-256-7621,2023-11-03,3,Yes
D107110,James Chavez MD,A,+60-19-987-9837,2017-10-14,7,Yes
D107111,Terry Perry,B,+60-11-645-2848,2010-08-04,3,No
D107112,Brandon Smith,A,+60-10-499-8486,2021-02-16,4,No
D107113,Heather Adams,O,+60-15-113-1748,2024-09-26,4,Yes
D107114,Adrienne Camacho,O,+60-11-255-5009,2017-02-10,6,Yes
D107115,Tanya Reed,O,+60-10-624-3473,2019-08-27,8,Yes
D107116,William Stephens,O,+60-17-806-5116,2010-09-21,6,Yes
D107117,Amy Maldonado,A,+60-10-983-5815,2020-04-30,3,Yes
D107118,Carmen Orozco,A,+60-11-024-5323,2016-10-16,2,Yes
D107119,William Thomas,A,+60-12-263-3481,2023-03-29,2,Yes
D107120,Tommy Lopez,B,+60-14-180-1560,2020-07-09,6,No
D107121,Renee Hicks,O,+60-19-860-2356,2023-06-23,4,No
D107122,Regina Carrillo,A,+60-13-666-7055,2012-05-30,7,Yes
D107123,Jessica Brown,O,+60-17-977-5166,2025-10-13,7,No
D107124,Chad Crosby,B,+60-19-982-0355,2008-02-22,5,Yes
D107125,Jason Klein,A,+60-18-098-9206,2018-08-17,6,Yes
D107126,Sean Dean,B,+60-13-301-3114,2009-09-29,6,Yes
D107127,Brent Kennedy,A,+60-17-675-9683,2021-03-22,6,Yes
D107128,Candice Johnson,A,+60-16-262-5866,2010-12-20,2,Yes
D107129,Megan Montgomery,O,+60-11-652-2953,2008-08-28,2,Yes
D107130,Wayne Ballard,A,+60-14-445-4137,2022-04-06,4,Yes
D107131,Bailey Sanders,O,+60-14-072-5162,2008-10-16,6,Yes
D107132,Thomas Graves,A,+60-10-476-9770,2013-05-16,6,Yes
D107133,Susan Simmons,A,+60-12-990-0524,2026-03-11,3,Yes
D107134,Paul Reyes,O,+60-12-456-6088,2022-07-07,1,Yes
D107135,Meredith Kennedy,O,+60-17-536-0925,2023-12-25,2,No
D107136,Theresa Lee,O,+60-16-059-4318,2021-05-11,10,Yes
D107137,Christopher Roberts,O,+60-13-040-9218,2016-06-27,5,Yes
D107138,Mary Orr,A,+60-12-767-7568,2013-10-09,2,No
D107139,Lisa Valenzuela,B,+60-13-150-6533,2021-09-06,3,Yes
D107140,Sierra Evans,AB,+60-19-852-4209,2022-12-29,4,Yes
D107141,Kayla Hays,A,+60-18-382-5393,2014-06-12,4,Yes
D107142,Jose Chapman,AB,+60-14-957-6913,2015-07-07,4,Yes
D107143,Edwin Roman,O,+60-14-741-5670,2008-07-24,4,Yes
D107144,Jerome Gardner,B,+60-15-824-2594,2008-06-20,5,Yes
D107145,Brenda Carr,O,+60-13-453-1171,2019-10-05,5,Yes
D107146,Elizabeth Morales,O,+60-11-305-0421,2012-08-06,4,Yes
D107147,Dr. Rebecca Holland,A,+60-15-349-7283,2020-10-14,6,Yes
D107148,Gary Lewis,A,+60-14-981-2271,2014-06-12,3,Yes
D107149,Shannon Jones,A,+60-13-657-6219,2018-08-26,4,Yes
D107150,Lisa Kelly,O,+60-13-868-6037,2012-11-20,7,Yes
D107151,Joel Turner,A,+60-11-157-4743,2012-09-28,9,No
D107152,Randy Williams,A,+60-11-975-4558,2026-06-20,3,Yes
D107153,Kenneth Johnson,AB,+60-12-573-0044,2011-07-21,2,Yes
D107154,Mary Gilbert,O,+60-17-535-0370,2014-05-19,5,Yes
D107155,Bradley Mcgee,A,+60-13-563-4928,2022-10-04,6,Yes
D107156,Kathleen Morgan,A,+60-12-905-9634,2011-04-27,4,Yes
D107157,Lance Manning MD,O,+60-13-223-5088,2025-12-20,7,Yes
D107158,Jeffrey Williams,AB,+60-16-441-0225,2011-04-24,6,Yes
D107159,Karen Long,A,+60-19-629-9996,2025-08-17,3,Yes
D107160,Theodore Singleton,A,+60-10-224-9047,2009-01-11,2,Yes
D107161,Erin Hall,O,+60-10-375-3572,2021-03-10,6,Yes
D107162,Danielle Hickman,B,+60-10-702-0406,2009-02-12,3,Yes
D107163,Paul Davis,AB,+60-19-456-9298,2013-03-07,7,Yes
D107164,Holly Miller,O,+60-14-046-8694,2009-11-09,4,No
D107165,Alexis Atkinson,A,+60-13-459-7848,2025-02-11,6,No
D107166,Andrea Johnson,O,+60-17-909-0727,2019-08-31,5,No
D107167,Jillian Hayes,A,+60-11-619-5663,2018-02-10,6,Yes
D107168,David Simpson,A,+60-18-978-4398,2024-10-12,6,No
D107169,Lawrence Castaneda,O,+60-12-226-6283,2010-04-22,4,Yes
D107170,Mary Clark,A,+60-12-876-5180,2012-05-07,5,Yes
D107171,Duane Trujillo,AB,+60-10-349-4812,2020-07-06,3,No
D107172,Jessica Perry,A,+60-18-249-4401,2016-04-26,4,Yes
D107173,Bonnie Snyder,O,+60-16-912-0097,2024-11-13,1,Yes
D107174,Alan Miller,O,+60-18-884-2517,2018-11-26,5,Yes
D107175,Kevin Allison,O,+60-19-003-0836,2017-05-03,4,Yes
D107176,Stephanie Goodman,O,+60-14-622-5298,2017-12-19,1,Yes
D107177,Steven Coleman,O,+60-11-234-9784,2013-03-08,5,Yes
D107178,Amanda Miller,O,+60-17-244-5145,2020-11-03,5,Yes
D107179,James Howell,A,+60-14-752-5083,2017-10-28,5,Yes
D107180,Samantha Blevins,O,+60-14-983-0029,2021-12-21,7,Yes
D107181,Seth Ross,O,+60-19-576-4398,2023-09-14,3,Yes
D107182,Elizabeth Smith,A,+60-19-923-6828,2019-03-09,7,Yes
D107183,Patrick Little,A,+60-17-748-0596,2022-11-29,4,Yes
D107184,Steven Santos,O,+60-10-627-6710,2026-07-18,6,Yes
D107185,William Marshall,O,+60-13-266-1245,2024-04-04,9,Yes
D107186,Cheryl Franco,O,+60-14-555-9402,2013-08-06,4,No
D107187,Cory Sanders,A,+60-11-016-4375,2017-02-06,5,Yes
D107188,Teresa Lowe,B,+60-18-860-3207,2026-06-29,5,Yes
D107189,Mary Smith,O,+60-16-201-6705,2017-11-19,11,No
D107190,Chelsea Johnson,O,+60-17-316-4216,2026-04-12,3,No
D107191,Melissa Parker,O,+60-18-538-8682,2019-04-28,6,Yes
D107192,Stanley Sandoval,O,+60-15-977-6205,2020-10-17,6,Yes
D107193,Alejandro Johnson,AB,+60-14-482-6902,2017-12-13,5,Yes
D107194,Robert Garrison,B,+60-10-336-9704,2013-12-10,7,Yes
D107195,William Jones,O,+60-10-103-1984,2025-10-02,4,Yes
D107196,Hannah Lucas,B,+60-11-603-4646,2008-05-02,1,Yes
D107197,Mr. Justin Williams,AB,+60-15-084-5208,2023-04-09,3,No
D107198,Mr. Tony Thornton,A,+60-15-907-7745,2025-11-27,5,Yes
D107199,Stephanie Torres,A,+60-19-473-2850,2026-04-06,3,Yes
D107200,Lisa Hansen,B,+60-13-019-3416,2008-10-12,4,No
D107201,Christopher Rosario,B,+60-16-031-7382,2017-08-27,2,Yes
D107202,Rodney Smith,AB,+60-14-232-3551,2010-03-12,5,Yes
D107203,Matthew Montoya,A,+60-12-379-6146,2010-05-24,3,Yes
D107204,Lisa Hancock,AB,+60-11-147-4863,2009-05-11,4,Yes
D107205,Paula Thomas,O,+60-13-520-8583,2011-05-05,5,Yes
D107206,Ryan Bush,B,+60-13-682-4034,2018-11-13,6,No
D107207,Brandon Gomez,AB,+60-13-814-9500,2018-04-30,5,No
D107208,Matthew Shaw,B,+60-12-373-4757,2010-12-11,2,Yes
D107209,Cameron Kirk,A,+60-16-435-7013,2014-10-29,7,No
D107210,Lisa Smith,O,+60-12-177-1371,2014-02-01,6,Yes
D107211,Kelly Hardy,A,+60-10-168-2479,2014-02-18,6,No
D107212,Benjamin Lucas,A,+60-18-138-8077,2026-05-26,4,No
D107213,Michele Stone,O,+60-11-855-6860,2010-01-19,7,Yes
D107214,Elizabeth Thompson,A,+60-18-527-9247,2024-05-28,5,Yes
D107215,Stacey Wyatt,A,+60-14-645-2419,2026-03-15,2,Yes
D107216,Jessica Johnson,B,+60-17-287-7812,2009-05-30,6,No
D107217,Michael Chavez,B,+60-11-756-7719,2008-10-15,3,No
D107218,Kenneth Holmes,O,+60-16-327-8820,2008-06-01,4,Yes
D107219,Gregory Rasmussen,A,+60-17-670-9141,2013-02-18,7,Yes
D107220,Holly Pena,AB,+60-10-844-4298,2016-02-16,9,Yes
D107221,Jacob Lopez,A,+60-17-125-5021,2012-07-05,3,No
D107222,Gerald Peck,A,+60-12-807-2272,2023-05-30,7,Yes
D107223,Laura Smith,O,+60-11-636-3787,2020-11-10,8,Yes
D107224,Kelly Sparks,O,+60-13-804-0867,2016-03-26,6,No
D107225,Christine Smith DDS,A,+60-11-884-5775,2014-09-05,4,Yes
D107226,Gina Acosta,A,+60-19-844-6789,2026-07-11,4,Yes
D107227,Anna Wade,A,+60-14-455-7799,2017-06-04,5,Yes
D107228,Nicole Carter,A,+60-11-450-2988,2015-04-22,7,Yes
D107229,David Johnson,O,+60-14-066-0322,2019-06-29,8,Yes
D107230,Cynthia Pierce,O,+60-12-889-0171,2013-04-07,5,No
D107231,Tammy Jenkins,A,+60-14-029-4937,2024-03-06,7,Yes
D107232,Brandy Lee,O,+60-16-979-4701,2023-04-09,6,Yes
D107233,Jamie Sellers,A,+60-16-583-8870,2026-02-02,3,Yes
D107234,Erin Meyer,B,+60-17-276-0887,2021-09-14,5,Yes
D107235,Richard Jensen,A,+60-17-193-6138,2012-08-13,6,Yes
D107236,Suzanne Zhang,A,+60-10-048-8616,2014-08-27,8,Yes
D107237,George Stephens,B,+60-19-907-2803,2018-03-26,3,Yes
D107238,Alan Thompson,O,+60-14-948-5055,2010-03-04,7,Yes
D107239,Hayley Clark,A,+60-18-265-9764,2018-03-31,6,No
D107240,Michael Miller,B,+60-19-738-3345,2024-07-06,4,Yes
D107241,Susan Hall,O,+60-19-358-3628,2010-10-06,4,Yes
D107242,Terry Cunningham,O,+60-17-566-1081,2011-07-11,6,Yes
D107243,Sydney Patel,A,+60-18-623-8793,2015-04-14,6,Yes
D107244,Travis Thomas MD,O,+60-13-327-3690,2014-05-19,4,No
D107245,Karen Bartlett,A,+60-16-988-6454,2019-07-21,3,No
D107246,Steven Miller,A,+60-10-489-9455,2024-03-09,3,Yes
D107247,James Villegas,AB,+60-17-043-2788,2020-06-07,2,Yes
D107248,David Miller,AB,+60-12-247-6870,2020-05-01,3,No
D107249,Amanda Owens,O,+60-11-205-7672,2016-05-17,2,Yes
D107250,Edward Mathews,A,+60-11-198-5078,2026-06-01,5,No
D107251,Natalie Smith,O,+60-16-911-4385,2022-12-23,2,Yes
D107252,Natalie Ware,A,+60-10-851-5333,2020-04-30,7,Yes
D107253,Tracey Terrell,O,+60-19-413-5547,2016-04-27,5,Yes
D107254,Barbara Miller,A,+60-18-682-1888,2019-04-18,5,Yes
D107255,Mark Phillips,B,+60-19-896-1824,2011-06-20,2,Yes
D107256,Anna Lewis,O,+60-15-569-1884,2018-03-06,2,No
D107257,Katherine Rivas,AB,+60-12-255-9993,2026-03-17,1,Yes
D107258,Justin Mitchell,A,+60-14-683-5779,2024-05-28,4,Yes
D107259,Kristine Love,O,+60-12-629-0640,2015-11-21,5,Yes
D107260,Matthew Mcdaniel,O,+60-14-445-5901,2021-07-27,9,Yes
D107261,Levi Brown,O,+60-11-734-3916,2025-09-08,4,No
D107262,Michael Calhoun,O,+60-18-753-9304,2013-07-30,6,Yes
D107263,Jeremy Gamble,B,+60-18-214-5765,2025-05-09,7,Yes
D107264,Dwayne Soto,O,+60-16-903-9779,2012-10-09,7,Yes
D107265,Toni Hoover,O,+60-16-956-8962,2017-07-04,4,No
D107266,Samantha Coleman,A,+60-14-822-2547,2026-05-08,3,No
D107267,Beth Williams,B,+60-18-791-2521,2016-05-04,1,Yes
D107268,Andrew Hernandez,O,+60-12-900-8555,2009-10-26,5,Yes
D107269,Jessica Johnson,A,+60-13-158-7326,2023-07-20,5,Yes
D107270,Kendra Clay,A,+60-10-272-3457,2022-08-11,2,Yes
D107271,Angela Archer,B,+60-19-016-5699,2026-06-07,4,Yes
D107272,Patricia Leonard,A,+60-13-980-3486,2025-12-23,4,Yes
D107273,Anthony Sanders,O,+60-17-060-4602,2010-01-24,4,No
D107274,Terry Wright,B,+60-11-846-5661,2019-09-27,6,Yes
D107275,Nancy Smith,O,+60-14-694-7532,2017-03-04,6,No
D107276,Jonathan Lambert,A,+60-10-019-1364,2009-03-16,4,Yes
D107277,Valerie Cabrera,A,+60-12-260-4912,2012-08-31,8,Yes
D107278,Susan Smith,O,+60-19-326-1806,2008-09-01,3,Yes
D107279,Cody Henderson,B,+60-11-445-7595,2015-06-10,2,Yes
D107280,Robin Byrd,O,+60-12-052-3635,2021-05-13,3,Yes
D107281,Dr. Kathleen Edwards,B,+60-17-512-5226,2017-06-07,9,Yes
D107282,Steven Briggs,O,+60-14-166-8723,2009-07-20,2,Yes
D107283,Margaret Boyd,O,+60-19-949-3775,2009-10-03,4,Yes
D107284,Kevin Meyers,O,+60-13-238-4501,2019-11-19,6,Yes
D107285,James Miller,A,+60-17-046-3607,2021-03-18,7,Yes
D107286,Jose Caldwell,O,+60-11-820-9060,2013-08-16,5,Yes
D107287,Mrs. Meghan Hernandez,O,+60-18-730-9907,2023-11-11,5,No
D107288,Drew Jennings,B,+60-11-808-8261,2022-05-09,4,No
D107289,William Bradford,B,+60-17-945-6537,2018-12-10,3,Yes
D107290,Jasmine Morrison,O,+60-19-197-0804,2022-11-19,2,Yes
D107291,Joseph Roberts,A,+60-19-688-7542,2023-02-15,8,Yes
D107292,Edward Lynch,O,+60-14-097-3787,2026-06-02,9,Yes
D107293,Michael Young,B,+60-16-423-8761,2025-06-15,5,No
D107294,Ashley Patel,B,+60-10-913-5683,2019-08-14,5,Yes
D107295,Brendan Mckinney,B,+60-19-712-9731,2009-02-02,1,Yes
D107296,Mrs. Hannah Mitchell,O,+60-14-011-8066,2026-05-11,3,Yes
D107297,Dr. Ana Moore DVM,A,+60-18-082-0226,2021-07-31,3,No
D107298,Alicia Ramos,A,+60-19-822-7111,2026-07-06,5,Yes
D107299,Noah Reed,O,+60-17-329-0381,2025-03-29,4,Yes
D107300,Elizabeth Carrillo,A,+60-18-768-8711,2015-03-26,6,Yes
D107301,Shannon Burns,O,+60-19-557-5236,2013-05-31,4,Yes
D107302,Laurie Dyer,O,+60-16-949-9980,2026-06-26,4,No
D107303,Maria Harris,O,+60-13-516-7020,2021-11-29,4,No
D107304,John Diaz,A,+60-11-274-2135,2017-02-19,5,Yes
D107305,Ronald Johnson,B,+60-12-315-5413,2006-12-11,2,Yes
D107306,Michael Smith,B,+60-15-437-7257,2016-03-20,8,Yes
D107307,Meagan Browning,A,+60-17-468-3274,2025-10-17,3,Yes
D107308,Ronald Warren,A,+60-13-907-5290,2016-01-24,8,Yes
D107309,Shelby Stanley,B,+60-10-830-7341,2011-05-04,5,Yes
D107310,Darrell Mcdonald,A,+60-19-626-6316,2011-02-20,4,Yes
D107311,Michael Floyd,A,+60-17-529-4534,2016-05-06,3,Yes
D107312,Ryan Watson,O,+60-19-703-1086,2026-06-10,1,Yes
D107313,Monique Smith,A,+60-16-068-2602,2009-05-24,3,Yes
D107314,Kevin York,B,+60-10-263-9001,2022-09-03,4,Yes
D107315,Crystal Petty,B,+60-12-404-5972,2026-01-26,6,Yes
D107316,Chase Thompson,A,+60-17-544-3323,2009-12-22,8,Yes
D107317,Adam Williams,B,+60-13-200-5582,2019-05-03,7,Yes
D107318,Travis Ramsey,A,+60-14-158-4789,2009-08-01,7,Yes
D107319,Miranda Brown,B,+60-12-887-7333,2015-11-12,3,Yes
D107320,Eric Smith,A,+60-15-422-7881,2013-01-04,2,No
D107321,Jon Swanson,A,+60-13-857-6457,2011-11-22,4,Yes
D107322,Erica Berger,O,+60-19-210-8230,2019-08-31,2,Yes
D107323,Stephen Kim,O,+60-16-963-6582,2019-06-09,5,No
D107324,Mrs. Courtney Martin DDS,O,+60-12-546-7975,2025-07-11,4,Yes
D107325,Dr. Jacob Gray,A,+60-18-013-6094,2012-02-01,6,Yes
D107326,Andrew Brown,O,+60-13-917-4649,2010-12-01,6,Yes
D107327,Colleen Perez,B,+60-12-290-6821,2024-09-27,3,Yes
D107328,Gail Barnes,A,+60-16-693-0160,2023-06-19,4,Yes
D107329,Rachel Shannon,A,+60-18-423-0572,2011-07-23,6,Yes
D107330,Lindsay Dodson,A,+60-12-978-9273,2012-08-23,8,Yes
D107331,Carlos Moore,AB,+60-10-770-9143,2026-08-23,7,No
D107332,Amanda Johnson,O,+60-19-431-4598,2023-07-04,5,Yes
D107333,Emma White,O,+60-15-574-1101,2022-03-28,4,Yes
D107334,Robert Carey,O,+60-19-922-7425,2019-04-18,7,Yes
D107335,Mr. Daniel Spence,O,+60-18-376-7000,2021-07-15,7,Yes
D107336,Shelly Lowe,A,+60-16-030-1908,2018-12-03,3,Yes
D107337,Darrell Smith,O,+60-14-690-7752,2022-03-08,7,Yes
D107338,Angela Cannon,A,+60-15-281-0169,2019-07-10,3,Yes
D107339,Logan Harris,O,+60-10-534-4316,2023-08-04,6,Yes
D107340,John Hodge,O,+60-19-812-8277,2024-09-07,5,Yes
D107341,Rhonda Chaney,A,+60-17-386-1856,2024-02-04,6,Yes
D107342,Cristina Frank MD,O,+60-15-840-6663,2025-03-09,6,Yes
D107343,Christina Butler,A,+60-12-410-8695,2022-10-01,7,Yes
D107344,Clarence Schultz,O,+60-16-187-4972,2012-11-25,5,Yes
D107345,Elizabeth Bean,A,+60-19-830-1221,2010-12-15,7,Yes
D107346,Lisa Nelson,O,+60-15-185-4830,2011-07-03,2,No
D107347,Tiffany Johnston,A,+60-11-700-7456,2013-06-12,10,Yes
D107348,Margaret Mills,O,+60-19-115-9978,2020-07-08,3,No
D107349,Joseph Walton,B,+60-12-972-1070,2011-07-01,4,Yes
D107350,Robert Walters,A,+60-19-847-8377,2007-05-01,3,Yes
D107351,Michelle Williams,A,+60-12-906-5510,2026-03-19,5,Yes
D107352,Traci Erickson,O,+60-16-621-0303,2015-01-09,1,No
D107353,Mitchell Sanchez,A,+60-13-931-6435,2024-10-13,3,Yes
D107354,Shawn Neal,O,+60-17-967-3573,2017-07-22,5,Yes
D107355,Megan Baker,B,+60-12-455-7840,2015-07-07,8,No
D107356,John Clark,A,+60-14-992-9258,2007-10-24,3,No
D107357,Jose Green,B,+60-16-006-9772,2025-03-03,9,Yes
D107358,Sabrina Bennett,A,+60-18-512-7090,2012-08-26,6,No
D107359,Blake Mccarthy,O,+60-13-974-5722,2015-02-11,4,Yes
D107360,Dana Higgins,O,+60-12-497-0522,2023-11-30,5,Yes
D107361,Timothy Walker,B,+60-12-269-6140,2026-05-28,3,Yes
D107362,Anita Herman,A,+60-16-449-9421,2014-07-20,2,Yes
D107363,John Campbell,O,+60-14-275-6125,2018-03-15,2,Yes
D107364,Heather Martinez,O,+60-14-594-7727,2026-08-21,6,Yes
D107365,Ronnie Salazar,O,+60-18-962-9427,2026-04-29,5,Yes
D107366,Lisa Lee,O,+60-18-640-5172,2009-08-19,4,No
D107367,Carlos Butler,O,+60-10-614-7387,2010-03-01,6,Yes
D107368,Michael Smith,O,+60-18-257-6638,2024-10-26,4,Yes
D107369,David Turner,A,+60-18-401-2607,2011-02-19,4,Yes
D107370,Edward Yates,O,+60-15-099-5399,2018-01-28,2,Yes
D107371,Dennis Parker,O,+60-14-335-0919,2025-04-26,5,Yes
D107372,Mark Patrick,O,+60-19-292-5131,2016-01-12,2,No
D107373,Todd Richards,A,+60-12-491-4634,2019-09-17,12,Yes
D107374,Nicole Hickman,B,+60-17-768-5506,2008-09-25,5,Yes
D107375,Matthew Carter,O,+60-13-105-0959,2013-06-06,6,Yes
D107376,John Benson,O,+60-14-354-9043,2019-05-22,7,No
D107377,Steve Richardson,O,+60-15-286-7489,2022-09-28,7,Yes
D107378,Evelyn Dixon,AB,+60-13-920-3881,2009-09-18,6,Yes
D107379,Andrea Taylor,A,+60-19-793-0714,2020-04-18,6,Yes
D107380,Daniel Leblanc,B,+60-14-058-3832,2025-07-01,4,Yes
D107381,Cassandra Davis,O,+60-15-582-2555,2025-10-04,4,Yes
D107382,Amanda James,O,+60-15-839-1051,2008-07-24,3,Yes
D107383,Alexis Johnson,O,+60-17-854-2650,2023-04-14,9,No
D107384,Victor Leblanc,B,+60-12-062-5358,2012-08-28,6,Yes
D107385,Megan Gibson,O,+60-11-079-6869,2010-03-12,4,Yes
D107386,Tonya Doyle,A,+60-14-071-7443,2024-04-10,3,Yes
D107387,Derrick Cole,O,+60-18-313-8034,2026-02-18,5,Yes
D107388,Kayla Gross,AB,+60-13-554-6706,2022-12-03,4,Yes
D107389,Stephen Anthony,B,+60-16-451-2561,2022-08-02,3,No
D107390,Jason Guerrero,A,+60-14-225-8647,2012-05-02,5,Yes
D107391,William Alexander,A,+60-17-293-7724,2014-07-26,4,Yes
D107392,Collin Logan,B,+60-15-179-2213,2026-08-07,3,Yes
D107393,Heather Ray,AB,+60-16-178-9509,2010-08-20,6,Yes
D107394,John Lopez,A,+60-13-227-6879,2012-03-06,8,Yes
D107395,Nancy Nash,A,+60-14-245-9521,2026-07-26,7,Yes
D107396,Luis Lam,O,+60-16-945-4157,2020-11-13,8,Yes
D107397,Jennifer Rogers,O,+60-15-430-0222,2008-08-11,1,Yes
D107398,Jessica Hernandez,O,+60-18-999-7366,2009-03-15,4,Yes
D107399,April Cook,A,+60-13-661-7170,2012-07-01,3,Yes
D107400,Mary Wolfe,O,+60-15-129-0555,2017-07-18,7,Yes
D107401,Derrick Torres,B,+60-12-403-9458,2020-06-09,5,Yes
D107402,Jeffrey Mckinney,O,+60-19-785-8543,2023-03-31,5,Yes
D107403,Gene Cunningham,O,+60-16-301-4600,2023-03-29,5,Yes
D107404,Scott Carroll,B,+60-19-485-3752,2025-05-02,4,Yes
D107405,Nancy Nichols,B,+60-14-176-7276,2022-04-02,5,Yes
D107406,Samantha Adams,O,+60-14-242-5179,2016-07-06,3,Yes
D107407,James Smith,A,+60-19-935-2802,2017-01-05,6,Yes
D107408,Patrick Holden,B,+60-15-717-4149,2026-02-19,2,Yes
D107409,Raymond Case,O,+60-17-835-9293,2015-12-24,3,No
D107410,Julian Lopez,O,+60-13-760-7644,2023-05-28,5,No
D107411,Scott Butler,A,+60-19-408-8160,2020-07-18,3,No
D107412,Renee Roberson,A,+60-13-589-7550,2015-07-15,8,No
D107413,Shawn Rogers,A,+60-12-889-5160,2020-12-23,5,Yes
D107414,Makayla Washington,O,+60-16-693-7384,2019-04-28,7,Yes
D107415,Daniel Schultz,O,+60-11-895-6745,2017-06-09,5,Yes
D107416,Margaret Thompson,A,+60-16-129-8480,2023-07-22,5,Yes
D107417,Erin Johnson,AB,+60-12-232-5811,2025-10-07,7,Yes
D107418,Elizabeth Mcconnell,B,+60-13-797-6135,2025-03-01,4,No
D107419,Donna Cannon,A,+60-13-519-5479,2026-05-08,6,No
D107420,William Sexton,A,+60-18-327-7059,2014-10-16,5,Yes
D107421,Adam Mcconnell,A,+60-15-060-0261,2026-03-13,3,Yes
D107422,Roger Martinez,B,+60-13-805-9261,2009-09-17,8,No
D107423,Stacey Lewis,O,+60-19-451-3805,2026-04-09,8,Yes
D107424,Timothy Harris,A,+60-13-924-9224,2021-10-01,4,Yes
D107425,Marcus Schmitt,A,+60-14-004-2166,2014-04-02,4,Yes
D107426,Nicholas Holmes,A,+60-17-523-8049,2015-07-17,7,Yes
D107427,Kimberly Johnson MD,A,+60-17-038-0433,2023-10-18,3,Yes
D107428,Travis Cochran,O,+60-10-484-0005,2012-02-29,5,Yes
D107429,Patrick Valenzuela,B,+60-15-691-9561,2012-09-14,7,Yes
D107430,Raymond Green,A,+60-14-658-0078,2010-10-12,2,No
D107431,James Smith,A,+60-13-577-9156,2008-05-02,3,Yes
D107432,Yvonne Robertson,A,+60-18-962-6365,2023-12-05,5,Yes
D107433,Robert Park,O,+60-19-222-7396,2023-10-13,1,No
D107434,Monique Ward,O,+60-12-557-0776,2011-04-17,3,Yes
D107435,Ebony West,O,+60-10-907-7438,2007-06-24,2,Yes
D107436,Ashley Thompson,B,+60-17-846-9069,2021-03-07,4,Yes
D107437,Jordan Arnold,A,+60-12-895-2554,2015-04-19,5,Yes
D107438,Michael Watkins,O,+60-15-946-6878,2015-05-17,5,Yes
D107439,Alexandria Herrera,A,+60-14-496-0605,2020-02-28,2,No
D107440,Theresa Baxter,A,+60-13-911-8576,2010-02-14,6,Yes
D107441,Matthew Smith,O,+60-16-085-1917,2009-05-10,2,Yes
D107442,Anthony Hickman,A,+60-16-747-6726,2012-07-19,5,No
D107443,Vicki Howell,AB,+60-14-494-1267,2015-04-18,3,Yes
D107444,Randy Atkins,A,+60-18-616-3892,2018-09-16,9,Yes
D107445,Troy Brown,O,+60-16-346-3201,2015-06-06,5,No
D107446,Jennifer Rush,O,+60-11-800-3118,2026-03-25,4,Yes
D107447,Deborah Zuniga,B,+60-19-586-3438,2019-02-24,6,No
D107448,Theresa Taylor,A,+60-19-262-8057,2021-09-29,6,Yes
D107449,Kyle Cruz,A,+60-14-736-8616,2026-06-30,4,No
D107450,Brenda Donovan,O,+60-14-758-0895,2008-12-10,6,Yes
D107451,Brandon Lewis,B,+60-10-607-4816,2013-04-16,4,Yes
D107452,Melanie Miles,O,+60-18-318-1458,2009-06-29,7,No
D107453,Robert Lam,B,+60-12-525-6609,2015-12-24,5,Yes
D107454,Dennis Klein,B,+60-16-272-1295,2020-04-26,7,Yes
D107455,Linda Miller,A,+60-10-661-0904,2021-11-08,5,Yes
D107456,Bruce Carrillo,AB,+60-13-654-8829,2021-10-22,5,Yes
D107457,Christina Rivers,O,+60-12-209-5998,2019-11-23,7,Yes
D107458,Eric Jackson,O,+60-17-894-5257,2022-10-16,3,Yes
D107459,Robert Pearson MD,O,+60-18-587-3902,2020-10-09,6,Yes
D107460,Audrey Chapman,A,+60-11-958-1483,2008-01-19,4,Yes
D107461,Levi Clark,O,+60-17-634-4422,2010-04-18,3,Yes
D107462,Lauren Fisher,A,+60-18-297-7625,2018-05-18,8,Yes
D107463,William Austin,O,+60-18-922-1694,2017-05-26,5,Yes
D107464,Ryan Austin,A,+60-10-130-9345,2020-07-08,2,Yes
D107465,Bobby Long,A,+60-17-458-2756,2021-12-30,6,Yes
D107466,Raymond Jefferson,A,+60-17-810-4544,2022-05-24,5,Yes
D107467,Diane Davila,O,+60-12-545-7677,2020-11-15,5,Yes
D107468,Cathy Young,A,+60-12-895-6083,2012-04-09,5,Yes
D107469,Jeanette Anthony,A,+60-10-999-5934,2018-02-01,2,Yes
D107470,Adam Cook,A,+60-10-008-6762,2020-11-13,7,Yes
D107471,Miss Ashley West MD,B,+60-14-631-8676,2009-07-20,7,Yes
D107472,Gina Anderson,A,+60-18-566-6681,2018-06-13,8,Yes
D107473,Jeremy Watts,B,+60-14-734-9197,2023-05-03,3,Yes
D107474,Gary Hernandez,O,+60-12-052-3104,2010-07-30,6,Yes
D107475,Kevin Chambers,O,+60-12-807-9567,2013-03-16,4,Yes
D107476,Melvin Howell,A,+60-13-383-2665,2020-06-15,2,No
D107477,Christine Schaefer,O,+60-12-731-6770,2022-08-12,6,Yes
D107478,Ryan Myers,A,+60-15-682-8256,2015-11-30,5,Yes
D107479,Gregory Wagner,O,+60-17-554-0537,2015-07-08,5,Yes
D107480,Natalie Mckinney,B,+60-12-917-0679,2010-04-14,3,Yes
D107481,Laura Chavez,B,+60-16-631-0674,2008-07-27,6,Yes
D107482,Matthew Williams,O,+60-17-446-1508,2008-07-10,3,Yes
D107483,Kelly Reyes,AB,+60-19-077-6391,2016-08-10,5,Yes
D107484,Stephen Ellis,A,+60-13-017-2925,2009-02-16,3,Yes
D107485,Chelsea Moreno,AB,+60-11-521-6889,2015-07-20,2,No
D107486,Shannon Brown,O,+60-17-100-0091,2025-03-11,4,Yes
D107487,Jennifer Smith,O,+60-14-686-8829,2012-04-18,7,Yes
D107488,Heather Smith,O,+60-12-188-9926,2017-02-06,3,Yes
D107489,Gary Benjamin,O,+60-13-690-2675,2019-08-01,3,Yes
D107490,Sharon Delgado,O,+60-12-285-7408,2021-02-24,12,No
D107491,Philip Thomas,O,+60-12-390-2915,2026-03-30,3,Yes
D107492,Robin Garcia,AB,+60-19-204-5548,2010-01-05,3,No
D107493,Gary Summers,O,+60-12-501-9739,2018-01-19,3,Yes
D107494,Michele Lynch,A,+60-19-656-4035,2021-10-09,9,No
D107495,Stephen Salazar,B,+60-10-247-8294,2009-07-23,6,No
D107496,Melissa Morrow,O,+60-17-210-9213,2008-03-23,4,Yes
D107497,Taylor Chang,B,+60-13-966-1657,2010-08-09,5,Yes
D107498,Patrick Alvarado,O,+60-16-796-1574,2010-05-02,6,Yes
D107499,Jasmine Vazquez,AB,+60-12-406-8683,2008-01-20,4,No
D107500,Donald Marquez,O,+60-10-153-6672,2011-01-18,7,No
D107501,Corey Pena,O,+60-14-229-3593,2026-06-17,2,Yes
D107502,William Jones,AB,+60-15-704-6051,2026-06-10,3,Yes
D107503,Jonathan Ward,O,+60-11-624-3985,2025-01-15,4,No
D107504,Terri Berry,A,+60-19-666-3009,2024-03-20,3,Yes
D107505,John Perez,B,+60-16-985-8772,2017-03-22,6,Yes
D107506,Mary Zimmerman,O,+60-14-303-0479,2026-03-01,6,Yes
D107507,Grant Caldwell,A,+60-11-067-5961,2025-06-06,5,No
D107508,Amy Johnson,A,+60-15-440-6556,2021-10-20,6,Yes
D107509,Mrs. Jasmin Lewis,B,+60-19-679-4198,2013-08-18,2,Yes
D107510,Lindsey Williams,O,+60-15-122-1367,2026-05-26,3,Yes
D107511,Maria Miller,A,+60-11-129-8464,2008-03-02,2,Yes
D107512,Taylor Carter,A,+60-13-592-6254,2020-11-19,8,Yes
D107513,Brett Nelson,B,+60-19-856-7556,2026-08-30,7,Yes
D107514,Kurt Campbell,B,+60-10-046-0542,2021-09-09,4,Yes
D107515,Michael Sullivan,B,+60-11-254-6876,2021-12-12,2,Yes
D107516,Robert Clarke,B,+60-11-142-0782,2020-05-06,4,Yes
D107517,Andrea Cox,A,+60-14-248-0557,2013-07-08,5,Yes
D107518,Kelly Rivera,B,+60-16-463-6137,2023-05-25,2,Yes
D107519,Daniel Smith,B,+60-12-977-0486,2021-08-06,5,Yes
D107520,Eric Odom,O,+60-11-274-6198,2022-09-26,6,Yes
D107521,Valerie Santana,O,+60-12-046-7328,2011-01-01,6,Yes
D107522,Rita Maddox,O,+60-19-460-7745,2022-02-28,5,Yes
D107523,Renee Austin,O,+60-17-250-8910,2012-01-13,6,Yes
D107524,Ruth Hunt,A,+60-18-992-7918,2026-08-21,5,Yes
D107525,Bryan Vaughn,O,+60-15-031-2066,2014-08-29,3,Yes
D107526,Rachel Fox,B,+60-15-627-4666,2013-08-15,5,No
D107527,Megan Murphy,A,+60-16-442-1019,2024-02-11,3,Yes
D107528,Annette Lane,O,+60-10-420-9785,2025-11-06,5,Yes
D107529,Elizabeth Walter,B,+60-12-243-0871,2026-08-16,3,No
D107530,Michael Hayes,O,+60-12-757-4397,2010-08-23,7,Yes
D107531,Cheryl Long,O,+60-14-157-6019,2015-08-11,5,Yes
D107532,Laura Goodwin,O,+60-15-692-4087,2025-03-10,2,Yes
D107533,Anthony Valdez,O,+60-13-857-9106,2020-06-20,5,Yes
D107534,Charles Baker,A,+60-16-550-9802,2015-02-01,7,Yes
D107535,Carl Horton,B,+60-17-439-6477,2010-06-09,5,Yes
D107536,Lori Gutierrez,AB,+60-12-253-4748,2024-07-12,6,Yes
D107537,Felicia Murray,B,+60-19-721-0111,2008-03-05,6,No
D107538,Mike Watts,O,+60-16-084-4792,2012-03-19,9,Yes
D107539,Laura King,A,+60-17-750-1837,2020-10-24,4,Yes
D107540,Kevin Baker,A,+60-12-705-3049,2010-06-15,4,Yes
D107541,Christopher Lane,A,+60-16-351-4043,2013-10-09,7,No
D107542,Gavin Coleman,O,+60-13-604-9814,2015-06-25,3,Yes
D107543,Paula Morrison,B,+60-10-099-9609,2015-02-17,5,Yes
D107544,Janet Crawford,A,+60-13-212-1440,2018-06-15,8,No
D107545,Lance Page,AB,+60-11-189-2124,2017-06-22,6,Yes
D107546,Robert Sanchez,O,+60-17-762-8794,2009-07-01,6,Yes
D107547,Joel Andrews,O,+60-15-420-9581,2020-04-18,4,Yes
D107548,Sandy Santiago,A,+60-19-166-5387,2018-12-24,4,Yes
D107549,Lori Johnson,B,+60-16-099-1979,2020-02-21,12,Yes
D107550,Kylie Kelly,A,+60-17-593-1670,2021-05-25,9,Yes
D107551,Valerie Moore,B,+60-13-281-8054,2010-09-03,6,Yes
D107552,Michael Schmitt,O,+60-10-755-2355,2008-04-09,4,Yes
D107553,Shannon Mercer MD,B,+60-18-094-1795,2014-12-21,4,Yes
D107554,Christopher Williams,B,+60-13-282-8077,2009-02-14,3,Yes
D107555,Michelle Diaz,O,+60-11-200-5719,2015-11-27,6,Yes
D107556,Mr. Darren Callahan,B,+60-16-685-5487,2023-02-04,12,Yes
D107557,Sarah Schmidt,O,+60-19-621-3686,2012-10-19,6,Yes
D107558,Aaron Owen,O,+60-16-810-6476,2007-04-09,2,Yes
D107559,Linda Rojas,A,+60-10-900-7511,2014-02-08,6,Yes
D107560,Melissa Flowers,B,+60-11-550-3569,2019-01-12,7,No
D107561,Marissa Hill,O,+60-19-157-7916,2023-02-12,6,Yes
D107562,Jacqueline Wilson,A,+60-14-773-7569,2024-06-03,6,Yes
D107563,Kirk Patterson,A,+60-14-544-9613,2023-03-21,2,Yes
D107564,David Mccullough,O,+60-13-204-7657,2020-03-26,8,No
D107565,Ashley Tapia,O,+60-15-044-7189,2016-05-02,8,Yes
D107566,Tyler Dominguez,B,+60-18-363-8963,2009-07-24,1,Yes
D107567,Joshua Smith,O,+60-11-974-9241,2019-05-02,5,Yes
D107568,Jon Mcdaniel,O,+60-19-013-5389,2018-07-17,4,Yes
D107569,Michael Walker,O,+60-19-199-0177,2007-03-17,2,No
D107570,Kenneth Fischer,O,+60-14-498-2064,2022-03-01,3,Yes
D107571,Kimberly Dennis,A,+60-14-821-7521,2010-02-10,6,No
D107572,Nicole Hamilton,O,+60-12-013-7910,2024-12-28,5,No
D107573,Ana Mccann,A,+60-18-581-7075,2024-07-21,7,No
D107574,Cody Meyer,B,+60-11-772-1041,2022-09-21,3,Yes
D107575,William Ramirez,AB,+60-11-123-2175,2011-01-08,6,Yes
D107576,Sarah Jones,O,+60-11-741-9924,2023-12-05,4,Yes
D107577,Sandra Ellison,A,+60-10-707-6739,2015-05-17,7,Yes
D107578,Leonard Miller,O,+60-15-035-4617,2026-06-14,5,Yes
D107579,Robin Johnson,O,+60-14-363-3799,2018-05-24,7,Yes
D107580,Robin Cochran,A,+60-15-516-7860,2019-08-19,4,Yes
D107581,Rodney Daniel,O,+60-19-902-0024,2008-09-28,4,Yes
D107582,Barbara Carter,O,+60-15-667-0740,2014-07-16,7,Yes
D107583,Travis Richards,B,+60-11-110-2004,2024-07-07,4,Yes
D107584,David Butler,B,+60-17-138-2331,2020-12-16,7,Yes
D107585,Destiny Young,O,+60-18-350-1272,2025-07-12,8,No
D107586,Bobby Cannon,O,+60-16-615-6111,2013-08-30,7,Yes
D107587,Daniel Wilson,A,+60-14-635-3772,2020-09-07,6,Yes
D107588,Angel Lang,A,+60-14-018-2606,2023-08-18,7,Yes
D107589,Tanya Scott,O,+60-11-448-5217,2013-09-18,6,Yes
D107590,Rachel Hughes,O,+60-11-219-3136,2021-10-01,3,Yes
D107591,Bob Williams,B,+60-14-075-6828,2024-01-14,3,No
D107592,John Stewart,AB,+60-12-888-7184,2026-04-05,4,Yes
D107593,Christopher Bailey,A,+60-19-820-5258,2016-02-06,4,Yes
D107594,Jeffrey Elliott,A,+60-15-945-4876,2024-01-09,4,Yes
D107595,Amy Marshall,O,+60-16-959-2729,2024-04-24,6,Yes
D107596,Julie Johnson,B,+60-14-630-3926,2023-01-26,5,No
D107597,Francisco Allen,O,+60-15-359-5456,2026-08-15,2,Yes
D107598,Charles Johnson,A,+60-19-406-8786,2020-12-16,4,Yes
D107599,Daniel Arias,B,+60-10-331-9398,2017-10-16,4,Yes
D107600,Erin Adams,O,+60-12-453-1498,2024-07-22,5,Yes
D107601,Jeremy Larson,O,+60-19-130-9282,2026-05-07,2,Yes
D107602,Lee Hall,B,+60-11-778-9252,2019-11-13,2,No
D107603,Barry Morales,B,+60-10-994-0585,2012-06-06,5,Yes
D107604,Richard Walker,A,+60-14-718-1223,2013-12-22,7,Yes
D107605,William French,B,+60-19-684-7634,2016-06-11,9,Yes
D107606,Jamie French,B,+60-14-062-1421,2024-03-21,6,No
D107607,Robert Adams,B,+60-15-761-1524,2023-10-15,5,Yes
D107608,Michael Phillips,A,+60-16-001-6948,2021-01-20,1,Yes
D107609,Dennis Walsh,B,+60-14-562-3503,2016-11-24,4,Yes
D107610,Jennifer Flores,O,+60-13-550-4281,2026-05-14,3,Yes
D107611,Regina Wilson,A,+60-19-171-1633,2010-12-29,4,Yes
D107612,Barbara Mayer,O,+60-10-605-8576,2021-03-25,4,Yes
D107613,Christopher Calhoun,AB,+60-15-659-1022,2018-06-30,3,Yes
D107614,Stephanie Rodriguez,B,+60-12-878-8225,2011-01-13,8,No
D107615,Melissa Moore,B,+60-17-034-3269,2022-01-29,5,No
D107616,Chelsea Lloyd,A,+60-17-003-1433,2010-11-30,4,Yes
D107617,Jordan Brown,A,+60-11-515-4354,2021-02-14,3,No
D107618,Eric Wood,A,+60-10-439-2201,2008-07-13,2,No
D107619,Angela Williams,B,+60-11-326-3638,2021-08-09,8,Yes
D107620,Mary Pittman,B,+60-15-677-0905,2021-09-08,6,Yes
D107621,Kara Allen,B,+60-11-824-7202,2026-03-26,1,Yes
D107622,Fred Davies,O,+60-12-953-9759,2013-03-02,5,Yes
D107623,Reginald Robinson,A,+60-14-085-2119,2017-06-15,4,Yes
D107624,Kevin Bell,A,+60-15-684-8245,2013-01-25,4,Yes
D107625,Betty Mcdowell,A,+60-19-082-9896,2015-03-06,2,Yes
D107626,Thomas Schroeder,A,+60-18-066-1550,2022-08-11,2,No
D107627,Raymond Jones,B,+60-19-320-8953,2025-08-31,5,Yes
D107628,Jennifer Palmer,O,+60-15-482-1882,2008-07-15,2,Yes
D107629,Terrance Gardner,O,+60-15-829-3196,2022-06-11,5,Yes
D107630,Lori Kline,O,+60-15-869-6525,2020-04-11,7,Yes
D107631,Jennifer Ramirez,O,+60-16-902-3630,2014-12-06,7,Yes
D107632,Janet Perez,A,+60-14-899-4362,2016-07-26,7,Yes
D107633,Barry Young,O,+60-19-452-6123,2017-05-10,3,Yes
D107634,Jacob Fitzpatrick,A,+60-18-759-0680,2012-01-29,6,Yes
D107635,Christopher Cook,B,+60-10-421-1128,2012-04-02,5,Yes
D107636,Nicole King,AB,+60-11-211-3980,2023-07-31,3,Yes
D107637,Robert Garcia,O,+60-15-886-4654,2007-10-24,2,Yes
D107638,Courtney Jackson,AB,+60-16-078-3218,2019-06-02,2,Yes
D107639,Hannah Hudson,O,+60-12-940-0071,2026-05-11,5,Yes
D107640,Kenneth Becker,O,+60-11-483-0787,2015-09-17,5,Yes
D107641,Samantha Harrison,O,+60-18-809-0298,2021-01-17,5,Yes
D107642,Beverly Baker,A,+60-16-911-9905,2025-01-14,6,Yes
D107643,Alicia Smith,A,+60-11-251-6419,2008-01-21,3,Yes
D107644,Kenneth Hancock,B,+60-13-080-0799,2012-02-29,7,Yes
D107645,Stacie Moore,O,+60-13-133-8322,2013-06-18,6,Yes
D107646,Lucas Holloway,O,+60-16-006-3980,2014-01-13,3,Yes
D107647,Gregory Ellison,B,+60-15-496-6969,2008-07-09,2,Yes
D107648,Thomas Richards,B,+60-11-432-5865,2014-12-02,6,Yes
D107649,Diana Figueroa,B,+60-19-292-0262,2007-03-19,2,No
D107650,Andrew Brooks DDS,O,+60-19-970-9259,2009-03-26,5,Yes
D107651,Michael Robinson,A,+60-15-331-9758,2011-10-12,7,Yes
D107652,James Robbins,A,+60-16-377-3764,2015-09-07,4,Yes
D107653,Dr. Melinda Miranda MD,O,+60-10-743-5387,2010-12-11,5,Yes
D107654,Stephen Haynes,A,+60-13-685-3968,2023-12-11,6,Yes
D107655,Rachel Navarro,O,+60-19-432-0983,2015-03-08,5,No
D107656,Kara Yang,B,+60-17-074-4357,2024-10-26,2,Yes
D107657,Brandon Warren,O,+60-17-736-1527,2015-01-02,3,Yes
D107658,Brianna Padilla,A,+60-14-412-2938,2022-09-07,4,No
D107659,Lori Burns,A,+60-18-743-6945,2010-10-12,6,Yes
D107660,Emily Boyd,O,+60-17-752-9771,2011-05-14,5,Yes
D107661,Joseph Moore,A,+60-16-469-5926,2018-03-29,7,Yes
D107662,Ashley Rivera,A,+60-17-523-1403,2016-07-05,5,Yes
D107663,Steven Ward,O,+60-10-413-4742,2026-06-23,6,Yes
D107664,Kathleen Johnson,O,+60-15-158-8443,2021-09-07,6,No
D107665,Rebecca Bradford,A,+60-19-553-7083,2021-10-05,6,Yes
D107666,John Smith,A,+60-12-513-3640,2008-05-07,5,No
D107667,Tony Murray,O,+60-12-186-4363,2013-12-27,2,No
D107668,Megan Carson,O,+60-12-689-7429,2009-10-31,5,Yes
D107669,Julie Robinson,B,+60-13-954-0016,2024-05-05,5,Yes
D107670,Robyn Osborne,O,+60-11-794-0161,2026-06-28,3,Yes
D107671,John Owens,B,+60-16-518-4685,2012-08-14,6,Yes
D107672,Elizabeth Smith,O,+60-10-981-1307,2017-01-07,2,No
D107673,Matthew Simmons,B,+60-12-080-9247,2020-05-24,6,Yes
D107674,Christopher Richards,AB,+60-17-121-0144,2024-04-07,5,Yes
D107675,Derrick Hobbs,A,+60-10-474-2089,2019-03-03,1,Yes
D107676,Matthew Turner,O,+60-16-999-4397,2016-02-21,5,Yes
D107677,Alicia Clark,O,+60-16-110-6834,2014-08-28,6,Yes
D107678,Nancy Miller,B,+60-18-761-1640,2011-09-23,6,No
D107679,Jesse Porter,A,+60-11-765-8281,2025-04-19,9,Yes
D107680,Jessica Anderson,O,+60-17-085-9506,2013-10-07,4,Yes
D107681,John Dalton,B,+60-10-068-1032,2026-08-29,8,Yes
D107682,Joyce Rowland MD,AB,+60-18-707-6916,2010-05-29,5,Yes
D107683,Ryan Fernandez,B,+60-18-279-6769,2012-07-02,4,Yes
D107684,David Ramsey,B,+60-16-873-0199,2016-09-04,10,Yes
D107685,Michael Taylor,A,+60-18-638-7833,2010-08-13,6,Yes
D107686,Benjamin Rice,B,+60-11-601-6078,2023-11-28,5,Yes
D107687,Gregory Jennings,O,+60-18-618-1858,2012-07-26,3,Yes
D107688,Adrian Moore,O,+60-19-365-6503,2024-08-20,3,Yes
D107689,Barry Tran,O,+60-16-567-8507,2024-12-03,5,Yes
D107690,Maria White,O,+60-12-175-1764,2019-08-18,6,Yes
D107691,Adrian Carlson,O,+60-17-688-1519,2020-09-18,9,Yes
D107692,Christine Beltran,A,+60-18-549-9505,2011-10-24,4,Yes
D107693,Willie Miller,O,+60-14-980-2653,2012-03-27,7,Yes
D107694,Daniel Brewer,O,+60-16-272-9222,2024-02-11,5,No
D107695,Susan Simmons,B,+60-10-242-9357,2021-06-09,4,No
D107696,Deborah Brandt,O,+60-13-152-0455,2017-09-07,4,Yes
D107697,Roy Ruiz,AB,+60-12-651-4693,2020-08-01,9,Yes
D107698,Tammy Berry,O,+60-19-244-0527,2007-12-23,4,Yes
D107699,Adam Soto,O,+60-17-372-0721,2024-08-25,8,Yes
D107700,Jessica Garner,O,+60-15-844-2220,2011-11-27,5,Yes
D107701,Kayla Richardson,O,+60-10-249-1901,2026-03-01,4,No
D107702,Brenda Mcgrath,A,+60-17-778-7664,2011-07-20,6,Yes
D107703,Chad Castillo,AB,+60-10-885-3553,2020-07-18,3,Yes
D107704,John Evans,A,+60-12-268-3176,2026-07-11,2,Yes
D107705,Adrian Bautista,O,+60-18-007-6824,2024-08-07,6,Yes
D107706,Tammy Rodriguez,O,+60-12-091-9864,2024-03-09,7,Yes
D107707,Emily Carney,O,+60-13-435-3474,2014-09-26,5,Yes
D107708,Deborah Davila,O,+60-15-769-8225,2023-10-25,8,Yes
D107709,Jamie Valdez,B,+60-10-745-0297,2026-08-16,5,Yes
D107710,Rachel Cole,O,+60-13-031-2204,2017-12-25,4,No
D107711,Nancy Brown,B,+60-17-987-4401,2024-08-18,5,Yes
D107712,Tina Hernandez,O,+60-17-948-0929,2023-05-27,4,Yes
D107713,Wanda Mitchell,O,+60-14-881-8871,2022-03-18,7,No
D107714,Jenny Turner,A,+60-15-240-6543,2016-12-22,2,No
D107715,Kristen Collier,O,+60-18-345-0052,2024-12-19,7,Yes
D107716,Kathleen Dennis,A,+60-18-112-4800,2008-08-05,3,Yes
D107717,Lisa Mueller,O,+60-18-047-6622,2020-01-27,7,Yes
D107718,Pamela Stein,A,+60-17-209-7622,2013-05-29,8,Yes
D107719,Anna Turner,A,+60-13-007-5883,2020-08-05,5,Yes
D107720,Samantha Hudson,O,+60-15-755-7731,2011-10-20,9,Yes
D107721,Brian Powell,A,+60-19-571-3326,2020-04-30,5,Yes
D107722,Austin Garcia,B,+60-15-247-7887,2021-05-01,6,Yes
D107723,Samuel Hart,A,+60-19-835-4975,2023-09-26,2,Yes
D107724,William Sullivan,O,+60-13-809-2714,2021-04-22,3,No
D107725,Kristina Jones,O,+60-17-465-7342,2025-01-14,10,Yes
D107726,Joseph Bowers,B,+60-12-813-2602,2018-10-11,5,Yes
D107727,Alyssa Haynes,O,+60-18-823-2314,2017-04-05,4,No
D107728,Autumn Kaiser MD,A,+60-10-936-5991,2017-07-20,6,No
D107729,Tanner Harris,O,+60-13-777-3513,2022-08-10,5,Yes
D107730,Jordan Adams,O,+60-19-491-6248,2026-08-18,6,Yes
D107731,Vicki Shelton,A,+60-16-843-2910,2025-01-14,6,Yes
D107732,Lorraine Diaz,A,+60-16-270-9532,2026-01-29,3,Yes
D107733,Kari Lyons,B,+60-12-981-3118,2010-10-24,9,Yes
D107734,Karen Lewis,O,+60-11-923-2427,2010-07-21,6,No
D107735,Monique Rush,O,+60-12-748-5007,2008-02-23,4,Yes
D107736,Maurice Schroeder,O,+60-13-217-1214,2015-03-28,3,Yes
D107737,Christina Martin,B,+60-15-833-9380,2016-02-28,5,Yes
D107738,Christopher Little,B,+60-12-541-2745,2023-09-05,5,Yes
D107739,Christopher Beasley,O,+60-19-438-0441,2014-07-05,5,No
D107740,Vanessa Soto,B,+60-10-263-1585,2019-07-20,6,No
D107741,Amy Ryan,O,+60-10-364-3602,2011-01-17,4,Yes
D107742,Nancy Holmes,AB,+60-10-295-2317,2024-09-17,5,Yes
D107743,Jacob Griffith,A,+60-12-955-4117,2018-03-26,9,Yes
D107744,William White,B,+60-18-870-8749,2019-07-08,3,Yes
D107745,Kathryn Jones,A,+60-13-090-2495,2011-04-15,4,No
D107746,Crystal Harris,O,+60-11-305-4167,2014-08-02,2,Yes
D107747,Alan Caldwell,O,+60-15-123-4968,2011-04-27,4,Yes
D107748,Alexander King,O,+60-14-116-9330,2021-01-28,7,Yes
D107749,Zachary Sandoval,B,+60-18-833-0917,2025-04-12,3,Yes
D107750,Warren Harris,A,+60-10-415-3005,2015-10-22,5,Yes
D107751,Keith Wade,B,+60-16-403-5206,2020-05-02,5,Yes
D107752,Edward Wilson,A,+60-19-638-6849,2022-02-09,5,Yes
D107753,Heather Pena,O,+60-11-014-0808,2009-04-06,6,No
D107754,Tonya Erickson,O,+60-15-549-3460,2012-04-12,5,Yes
D107755,Andrew Brewer,B,+60-13-476-2280,2026-03-18,6,Yes
D107756,Joshua Smith,AB,+60-12-723-8427,2013-07-26,4,Yes
D107757,Ashley Davis,A,+60-16-963-8919,2018-10-26,6,Yes
D107758,Michael Chandler,O,+60-12-574-5100,2026-03-23,2,Yes
D107759,Jennifer Miller,A,+60-15-430-5179,2010-11-07,2,Yes
D107760,Mitchell Lester,B,+60-11-242-6545,2018-08-11,5,Yes
D107761,Emily Huerta,B,+60-15-613-3240,2009-07-13,5,Yes
D107762,Beverly Brown,O,+60-10-953-0973,2013-03-03,6,Yes
D107763,Lindsey Morrow,A,+60-18-890-8624,2008-10-21,5,No
D107764,Miguel West,AB,+60-17-482-9002,2021-07-23,9,Yes
D107765,Jenna Sanchez,O,+60-11-748-7744,2021-02-10,7,Yes
D107766,Destiny Rodriguez,O,+60-10-797-1011,2011-07-06,6,Yes
D107767,Patricia Martin,B,+60-15-769-3860,2014-05-01,3,No
D107768,Christopher Cameron,B,+60-11-140-9555,2019-12-28,5,Yes
D107769,Tina Murray,A,+60-12-984-7797,2023-10-29,5,Yes
D107770,Robert Tran,A,+60-15-887-8278,2017-10-15,6,Yes
D107771,Lee Ortega,O,+60-16-329-9328,2014-05-09,7,Yes
D107772,Michelle Coleman,B,+60-11-301-2373,2018-03-26,3,No
D107773,Jerome Houston,A,+60-11-387-1812,2020-05-28,5,Yes
D107774,Wayne Brown,A,+60-15-840-6376,2025-08-01,4,Yes
D107775,Ralph Powell,A,+60-15-693-0302,2011-10-17,5,Yes
D107776,Ellen Long,A,+60-10-320-8981,2016-07-11,6,Yes
D107777,Chad Olsen,AB,+60-13-661-6604,2018-03-27,6,Yes
D107778,Thomas Montes,B,+60-10-366-1475,2025-05-20,4,Yes
D107779,Renee Young,B,+60-10-647-1386,2010-12-11,5,No
D107780,Sheila White,O,+60-14-159-4366,2026-08-15,3,No
D107781,Michael Hughes,A,+60-12-606-1401,2016-09-17,4,Yes
D107782,Desiree Wong,O,+60-11-352-6121,2015-06-08,5,No
D107783,Tyler Taylor,A,+60-17-922-8122,2011-06-17,8,Yes
D107784,Thomas Johnson,O,+60-14-437-7497,2014-08-07,7,No
D107785,Jordan Moran,O,+60-19-311-0989,2024-08-29,10,Yes
D107786,Lisa Willis,A,+60-12-179-3087,2008-07-23,4,Yes
D107787,Julie Wong,A,+60-19-372-2867,2017-10-03,5,Yes
D107788,Edward Navarro,A,+60-18-948-2294,2016-09-27,5,No
D107789,Eddie Espinoza,B,+60-10-184-3081,2023-02-08,5,No
D107790,Danielle Washington,AB,+60-16-095-7663,2024-09-12,4,Yes
D107791,Benjamin Arnold,O,+60-16-959-9086,2017-04-10,6,No
D107792,Alyssa Allen,B,+60-14-662-3479,2015-07-07,4,Yes
D107793,Crystal Webb,A,+60-14-584-7257,2017-12-20,6,Yes
D107794,Brad Smith,B,+60-13-924-7472,2010-04-07,4,No
D107795,Kevin Howell,AB,+60-10-838-0983,2026-01-27,2,Yes
D107796,Danny Benitez,O,+60-12-953-3612,2024-02-05,3,No
D107797,Michael Roberts,B,+60-18-229-6497,2019-06-25,5,Yes
D107798,Paul Rodriguez,A,+60-14-872-5573,2020-08-29,2,Yes
D107799,Dakota Willis,O,+60-14-175-9522,2013-05-01,2,Yes
D107800,Michael Schmidt,B,+60-13-264-9626,2020-09-09,7,Yes
D107801,Madison Roberts,O,+60-11-745-4793,2008-06-03,5,Yes
D107802,Bradley Moore,B,+60-11-060-0711,2013-08-07,8,No
D107803,Joseph Brown,A,+60-14-388-3046,2010-12-26,7,Yes
D107804,Craig Banks,O,+60-17-276-1741,2026-07-04,4,Yes
D107805,John Johnson,O,+60-10-155-6637,2019-10-11,3,Yes
D107806,Christopher Williams,O,+60-19-496-4631,2024-09-06,7,Yes
D107807,Robert Oconnell,O,+60-14-691-2063,2022-07-05,5,Yes
D107808,Matthew Lewis,A,+60-13-317-4891,2025-03-02,7,Yes
D107809,Jeremiah Frazier,O,+60-11-610-3429,2010-10-22,6,No
D107810,Andrew Johnson,A,+60-16-632-3717,2013-08-22,8,Yes
D107811,Nathaniel Pennington,B,+60-18-790-2873,2012-06-28,5,No
D107812,Scott Knox MD,O,+60-15-560-9958,2015-02-27,2,Yes
D107813,Thomas Avila,B,+60-11-572-7621,2019-04-17,4,Yes
D107814,Carolyn White,B,+60-12-487-4259,2018-01-07,4,Yes
D107815,Kimberly Newman,O,+60-12-680-7477,2023-08-27,6,Yes
D107816,Tina Moore,A,+60-10-939-4341,2015-10-09,6,No
D107817,William Taylor,O,+60-18-629-5915,2014-01-10,4,Yes
D107818,Sheryl Edwards,B,+60-11-443-4267,2021-05-18,5,Yes
D107819,Stephanie Humphrey,A,+60-17-463-0476,2007-12-21,2,Yes
D107820,John Jordan,O,+60-13-954-0222,2014-05-17,7,Yes
D107821,Nicholas Lester,A,+60-13-431-8845,2026-01-12,5,Yes
D107822,Jesse Johnson,O,+60-14-982-9347,2013-10-21,6,Yes
D107823,James Rubio,A,+60-14-675-8234,2014-06-01,4,Yes
D107824,Justin Adams,B,+60-14-467-2644,2017-08-22,8,Yes
D107825,Gabriel Martinez,A,+60-15-443-8118,2017-01-05,3,Yes
D107826,Joshua Williams,A,+60-12-042-8243,2022-10-22,3,Yes
D107827,Mark Hoffman,O,+60-17-390-6279,2026-04-14,4,Yes
D107828,Robert Johnson,A,+60-18-483-9830,2024-02-07,8,Yes
D107829,Renee Kim,A,+60-12-223-9190,2024-07-16,5,Yes
D107830,Samantha Velazquez,O,+60-19-891-6435,2016-04-03,4,Yes
D107831,Elizabeth Young,O,+60-19-348-7831,2011-06-23,4,No
D107832,Kathryn Smith,B,+60-17-112-7426,2026-07-06,6,Yes
D107833,Catherine Bell,A,+60-18-095-6411,2017-05-15,4,No
D107834,Jennifer Jefferson,A,+60-14-773-3607,2026-05-16,4,Yes
D107835,Autumn Johnson,A,+60-11-055-5726,2026-02-10,7,Yes
D107836,Brandon Shah,O,+60-17-988-6750,2018-06-15,6,Yes
D107837,Frank Johnson,A,+60-10-154-3796,2019-09-07,6,Yes
D107838,Shannon Shaffer,A,+60-14-188-5218,2016-02-03,4,No
D107839,Robert Gilbert,O,+60-18-813-3863,2026-06-27,5,Yes
D107840,Nicole Ellis,O,+60-19-721-1926,2026-08-08,3,No
D107841,Scott Smith,A,+60-10-279-7140,2016-08-15,3,No
D107842,Manuel Simmons,O,+60-14-526-6792,2015-04-28,8,No
D107843,Kristen Gonzales,A,+60-18-409-9187,2018-07-05,4,No
D107844,April Vazquez,A,+60-12-166-1768,2013-01-28,8,Yes
D107845,Christine Cooke,A,+60-18-884-4926,2012-07-15,3,Yes
D107846,Paula Allison,A,+60-14-937-9004,2023-04-14,5,Yes
D107847,Natalie Pena,O,+60-15-208-6418,2020-07-15,4,Yes
D107848,Jonathan Faulkner DVM,A,+60-16-500-3923,2016-11-16,4,Yes
D107849,Ernest Bernard,A,+60-16-115-1170,2016-09-26,3,Yes
D107850,Justin Clark,O,+60-15-920-3689,2025-07-24,3,Yes
D107851,Steven Carr,O,+60-15-357-1407,2024-09-22,5,Yes
D107852,Leslie Wiley,A,+60-10-770-7162,2023-10-09,4,No
D107853,Elizabeth Love,O,+60-13-051-7066,2026-04-11,6,Yes
D107854,Kathy King,B,+60-14-237-0154,2025-10-20,8,No
D107855,Victor West,B,+60-17-687-0854,2022-04-26,3,No
D107856,Patricia Bradley,B,+60-16-649-1004,2022-04-15,2,Yes
D107857,Todd Martin,O,+60-15-067-8731,2019-06-20,4,No
D107858,Roberto Tucker,A,+60-16-209-9244,2014-08-06,6,Yes
D107859,Brian Ochoa,A,+60-11-337-3221,2013-03-24,6,Yes
D107860,Cynthia Sullivan,B,+60-13-299-5207,2010-10-30,5,Yes
D107861,Erika Salazar,A,+60-11-377-4687,2015-08-15,3,Yes
D107862,Jasmine Moreno,O,+60-13-576-3144,2012-02-18,3,Yes
D107863,Erica Ortega,O,+60-10-090-0079,2013-11-07,5,Yes
D107864,Jane Bullock,O,+60-19-858-6059,2012-01-11,6,Yes
D107865,Tammy Garner,AB,+60-19-538-9094,2020-10-07,5,Yes
D107866,Mallory Fernandez,O,+60-17-233-5041,2022-02-28,7,Yes
D107867,Patricia Freeman,O,+60-17-078-6356,2026-07-05,6,Yes
D107868,Christopher Nash,O,+60-17-565-8568,2021-07-18,4,Yes
D107869,Samuel Ayala,O,+60-13-759-3702,2015-11-07,4,Yes
D107870,Daniel Alvarez,A,+60-19-078-1263,2019-12-08,4,Yes
D107871,Anthony Carter,O,+60-18-471-5788,2010-07-28,6,Yes
D107872,Ryan Spencer,A,+60-13-311-9916,2015-08-22,3,Yes
D107873,Mrs. Sally Blankenship,A,+60-18-556-2040,2018-10-11,3,Yes
D107874,Richard Holt,O,+60-12-910-0110,2022-08-21,6,Yes
D107875,Tonya Lopez,O,+60-17-564-2881,2019-01-17,5,Yes
D107876,Tyler Watson,A,+60-17-749-0386,2016-10-07,4,Yes
D107877,Melissa Wright,B,+60-15-577-1977,2014-07-22,7,No
D107878,Jennifer Delacruz,O,+60-14-058-6581,2022-03-06,5,Yes
D107879,Sean Adams,O,+60-17-559-9020,2015-08-01,5,Yes
D107880,Patty Martin,B,+60-14-313-9198,2019-07-28,6,No
D107881,Jake Thompson,O,+60-16-886-8160,2008-10-26,5,Yes
D107882,Danielle Miller,A,+60-13-912-0848,2023-09-22,4,Yes
D107883,Gabriel Bowers,A,+60-19-576-0175,2021-02-05,4,Yes
D107884,Melanie Richards,B,+60-12-933-9679,2021-10-21,5,Yes
D107885,Jacqueline Williams,AB,+60-12-595-6978,2022-10-09,3,Yes
D107886,Jennifer Barnes,O,+60-17-927-8696,2009-10-01,3,Yes
D107887,Bradley Williams,O,+60-14-461-6532,2022-09-15,5,Yes
D107888,Steven Mcknight,B,+60-11-551-6582,2026-08-11,2,Yes
D107889,Alexander Garrison,O,+60-10-277-0566,2019-07-20,7,Yes
D107890,Travis Walters,A,+60-14-308-2077,2024-04-28,10,No
D107891,Steven Koch,A,+60-16-199-5197,2025-08-05,4,Yes
D107892,Michael Middleton,AB,+60-15-636-6019,2008-08-15,3,Yes
D107893,Derek Thompson,A,+60-18-779-6723,2023-02-11,9,Yes
D107894,Raymond Hood,O,+60-14-106-3799,2017-02-19,4,Yes
D107895,Kimberly Barry,AB,+60-13-669-5054,2017-07-02,7,Yes
D107896,Brandon Smith,A,+60-13-470-1126,2010-02-10,8,No
D107897,Alice Jordan,AB,+60-14-896-0836,2022-06-13,6,Yes
D107898,Jennifer Wilson,B,+60-13-879-2158,2010-03-25,5,Yes
D107899,James Shaw,O,+60-10-925-0823,2015-04-28,4,Yes
D107900,Jennifer Smith,A,+60-15-820-4919,2021-06-04,4,Yes
D107901,Adrienne Munoz,B,+60-10-923-1743,2020-08-24,6,Yes
D107902,Lawrence Lee,O,+60-13-011-8039,2020-07-07,7,Yes
D107903,Donald Austin,A,+60-11-277-2019,2009-02-26,5,Yes
D107904,Cathy Jimenez,O,+60-13-450-1450,2025-06-06,4,Yes
D107905,Cynthia King,B,+60-12-563-8270,2017-03-06,5,Yes
D107906,Lynn James,O,+60-14-283-2473,2026-03-19,5,Yes
D107907,Ann Gill,A,+60-14-897-7031,2020-09-15,2,Yes
D107908,Dr. Michael Everett,O,+60-13-239-8840,2010-12-28,8,Yes
D107909,Crystal Morgan,B,+60-14-209-8162,2010-08-20,8,No
D107910,Breanna Wilson,O,+60-17-946-0404,2015-09-20,2,Yes
D107911,Christine Watts,A,+60-10-709-5709,2013-12-19,3,Yes
D107912,Jessica Johnson,O,+60-16-367-5710,2022-10-06,3,No
D107913,Leonard Rodriguez,B,+60-12-061-8128,2021-07-24,3,Yes
D107914,Adrian Baker,AB,+60-10-220-5951,2009-07-31,7,Yes
D107915,Kevin Hart,O,+60-10-588-2178,2022-09-27,4,Yes
D107916,Mary Mejia,A,+60-16-095-9280,2013-08-25,6,Yes
D107917,Jessica Peters,A,+60-15-056-3134,2024-12-17,6,Yes
D107918,Kyle Jackson MD,B,+60-13-167-2646,2011-06-11,5,Yes
D107919,Peter Copeland,B,+60-16-314-0958,2010-06-10,2,Yes
D107920,Aaron Hernandez,O,+60-16-000-1405,2015-09-26,4,Yes
D107921,Jacqueline Nash,A,+60-17-274-9561,2020-04-06,5,Yes
D107922,Amy Taylor,O,+60-16-887-3167,2021-04-09,3,Yes
D107923,Adam Reese,O,+60-10-531-7733,2024-10-11,7,Yes
D107924,Tracy Campbell,O,+60-11-746-6222,2022-12-31,8,No
D107925,David Kelly,O,+60-12-555-0652,2007-12-14,3,Yes
D107926,Christine Wheeler,O,+60-17-268-7935,2008-11-19,4,Yes
D107927,Adam Rich,A,+60-11-628-3928,2019-05-19,5,No
D107928,Daniel Perry,B,+60-18-620-7107,2026-01-15,5,Yes
D107929,Aaron Campbell,O,+60-12-924-5011,2026-02-19,4,Yes
D107930,Jennifer Smith,A,+60-15-608-9735,2014-04-15,5,Yes
D107931,Dr. Lisa Jenkins PhD,O,+60-16-613-6173,2026-07-09,3,Yes
D107932,Samantha Smith,O,+60-14-238-8540,2009-09-25,6,Yes
D107933,Nathan Glover,O,+60-17-486-6933,2017-01-14,2,No
D107934,Destiny Thomas,A,+60-19-459-2607,2026-06-06,3,Yes
D107935,Jennifer Davidson,AB,+60-19-876-9593,2011-07-30,6,Yes
D107936,Steven Pham,O,+60-19-945-4591,2008-06-13,3,Yes
D107937,Brittany Reed,AB,+60-15-844-9551,2011-11-08,7,Yes
D107938,Kathryn Chang,A,+60-19-159-6097,2011-05-09,2,Yes
D107939,Cole Hensley,O,+60-15-753-1028,2016-09-24,6,Yes
D107940,Spencer Jones,O,+60-13-543-5137,2025-06-23,2,Yes
D107941,Taylor Mason,AB,+60-12-790-3711,2011-12-25,4,Yes
D107942,Brandon Bates,B,+60-15-650-8626,2007-09-20,4,Yes
D107943,Jennifer French,A,+60-17-025-2825,2019-11-10,7,No
D107944,Shannon Jones,AB,+60-17-477-2561,2024-08-29,5,Yes
D107945,Jesse Williams,A,+60-14-753-3679,2010-03-09,6,Yes
D107946,Andrea Wang,O,+60-16-676-8841,2024-02-04,5,Yes
D107947,Shannon Allen,A,+60-10-886-4686,2026-03-14,6,Yes
D107948,John Price,B,+60-13-053-3171,2018-10-21,4,Yes
D107949,Kari Zavala,O,+60-11-552-3658,2010-02-04,7,No
D107950,Brian Jones,O,+60-14-672-4407,2017-08-23,10,Yes
D107951,Chad Howell,AB,+60-14-938-8982,2015-10-19,5,Yes
D107952,Lori Hopkins,O,+60-15-162-6126,2026-03-22,4,Yes
D107953,Jonathan Maynard,O,+60-12-060-5472,2016-09-02,4,Yes
D107954,Jason Hill,A,+60-10-756-6933,2010-06-12,3,Yes
D107955,Sara Smith,A,+60-11-469-8792,2017-12-19,6,Yes
D107956,Kristin Gonzalez,O,+60-19-043-6456,2011-10-10,6,Yes
D107957,Daniel Mills,B,+60-19-944-8359,2017-11-06,6,Yes
D107958,Corey Brady,O,+60-13-867-2279,2010-04-25,6,Yes
D107959,Brooke Sims,B,+60-14-022-5099,2021-11-01,7,Yes
D107960,Jo Miranda,A,+60-10-094-9490,2016-10-22,4,No
D107961,Lindsey Pearson,A,+60-11-059-0713,2020-07-15,9,Yes
D107962,Brian Reid,O,+60-17-011-3120,2012-08-13,4,Yes
D107963,Carlos Rodriguez,O,+60-18-910-6552,2008-06-19,4,No
D107964,Heather Lowe,O,+60-10-485-8389,2026-03-23,3,Yes
D107965,Karen White,A,+60-16-590-6041,2025-05-24,8,Yes
D107966,William Smith,O,+60-11-693-2063,2026-05-19,3,No
D107967,Brittany Ray,O,+60-15-045-8425,2020-07-04,4,No
D107968,Jennifer Perez,AB,+60-17-359-0306,2007-04-12,2,Yes
D107969,John Gates,O,+60-12-496-6799,2017-01-30,4,Yes
D107970,Brian Dixon,O,+60-11-256-5684,2025-09-13,7,Yes
D107971,Lindsey Cole,A,+60-18-249-8563,2016-11-22,8,Yes
D107972,Clifford Snow,O,+60-14-002-8488,2025-03-26,2,Yes
D107973,Andrew Byrd,AB,+60-18-931-0655,2013-07-08,10,Yes
D107974,John Johnson,A,+60-18-605-5994,2008-07-13,2,Yes
D107975,Henry Bailey,B,+60-12-248-0507,2009-08-01,8,Yes
D107976,Wendy Price,B,+60-12-183-7873,2021-12-19,7,Yes
D107977,Kevin Watkins,O,+60-19-458-1596,2012-03-23,5,Yes
D107978,Taylor Love,A,+60-12-757-0881,2024-02-01,4,Yes
D107979,Rachael Strickland,O,+60-11-868-1255,2025-08-04,5,Yes
D107980,Teresa Tyler,O,+60-13-789-8894,2022-09-11,6,Yes
D107981,Desiree Stokes,O,+60-18-228-7503,2019-04-02,5,Yes
D107982,Samantha Moon,B,+60-19-302-8743,2019-01-22,2,Yes
D107983,Joseph Morton,B,+60-16-354-7576,2021-10-22,5,Yes
D107984,Samantha Sparks,O,+60-12-036-5946,2023-11-09,3,Yes
D107985,Jay Thompson,A,+60-16-214-1061,2019-10-13,7,Yes
D107986,Laura Williams,B,+60-12-921-1905,2022-06-27,6,Yes
D107987,Robert Espinoza,O,+60-19-688-0430,2010-10-17,5,Yes
D107988,Jason Brown,A,+60-16-992-9743,2022-06-22,6,Yes
D107989,Jacob Gonzales,O,+60-14-172-6468,2023-12-15,3,No
D107990,Rachel Brown,A,+60-12-039-6227,2026-03-26,4,Yes
D107991,Shawn Bentley,O,+60-16-052-9343,2022-11-04,5,No
D107992,Carlos Campbell,A,+60-18-200-3425,2014-03-17,5,Yes
D107993,Lorraine Howard,B,+60-15-617-5259,2012-05-08,3,No
D107994,Billy Murray,O,+60-17-090-9049,2019-02-03,4,Yes
D107995,Traci Chavez,A,+60-14-989-6559,2026-05-20,6,Yes
D107996,Jennifer Floyd,B,+60-10-040-8713,2024-06-27,5,Yes
D107997,Kevin Nguyen,O,+60-11-995-7686,2015-02-20,10,Yes
D107998,Brooke Olson,O,+60-16-813-9170,2019-09-25,4,Yes
D107999,Ronald Williams,B,+60-17-577-1886,2021-11-20,5,Yes
